DATE,HourlyDryBulbTemperature,HourlyDewPointTemperature,HourlyStationPressure,HourlyWindSpeed,HourlyPrecipitation
2017-01-01T00:53:00,60,53,30.15,0,0.00
2017-01-01T01:00:00,60,53,30.12,0,NA
2017-01-01T01:53:00,61,55,30.15,0,0.00
2017-01-01T02:53:00,60,53,30.14,0,0.00
2017-01-01T03:53:00,61,55,30.13,5,0.00
2017-01-01T04:00:00,61,55,30.10,5,NA
2017-01-01T04:53:00,61,56,30.12,0,0.00
2017-01-01T05:53:00,62,56,30.12,3,0.00
2017-01-01T06:53:00,63,57,30.14,3,0.00
2017-01-01T07:00:00,63,57,30.11,3,NA
2017-01-01T07:53:00,64,58,30.15,3,0.00
2017-01-01T08:53:00,67,59,30.16,8,0.00
2017-01-01T09:53:00,71,61,30.18,9,0.00
2017-01-01T10:00:00,71,61,30.15,9,NA
2017-01-01T10:53:00,74,62,30.18,11,0.00
2017-01-01T11:53:00,77,64,30.18,8,0.00
2017-01-01T12:53:00,80,63,30.14,13,0.00
2017-01-01T13:00:00,80,63,30.11,13,NA
2017-01-01T13:53:00,80,64,30.11,8,0.00
2017-01-01T14:53:00,79,64,30.11,7,0.00
2017-01-01T15:53:00,79,64,30.11,6,0.00
2017-01-01T16:00:00,79,64,30.08,6,NA
2017-01-01T16:53:00,77,65,30.11,5,0.00
2017-01-01T17:53:00,72,64,30.13,5,0.00
2017-01-01T18:53:00,73,64,30.14,0,0.00
2017-01-01T19:00:00,73,64,30.11,0,NA
2017-01-01T19:53:00,72,65,30.14,6,0.00
2017-01-01T20:53:00,72,66,30.15,5,0.00
2017-01-01T21:53:00,72,65,30.17,6,0.00
2017-01-01T22:00:00,72,65,30.14,6,NA
2017-01-01T22:53:00,71,65,30.18,3,0.00
2017-01-01T23:53:00,71,65,30.17,3,0.00
2017-01-02T00:53:00,70,65,30.16,5,0.00
2017-01-02T01:00:00,70,65,30.13,5,NA
2017-01-02T01:53:00,70,65,30.17,6,0.00
2017-01-02T02:53:00,69,65,30.16,3,0.00
2017-01-02T03:53:00,69,65,30.15,6,0.00
2017-01-02T04:00:00,69,65,30.12,6,NA
2017-01-02T04:53:00,69,66,30.16,5,0.00
2017-01-02T05:53:00,69,66,30.15,6,0.00
2017-01-02T06:53:00,69,66,30.16,6,0.00
2017-01-02T07:00:00,69,66,30.13,6,NA
2017-01-02T07:53:00,69,67,30.17,6,0.00
2017-01-02T08:53:00,72,68,30.18,6,0.00
2017-01-02T09:22:00,74,69,30.20,7,NA
2017-01-02T09:53:00,75,69,30.20,8,0.00
2017-01-02T10:00:00,75,69,30.17,8,NA
2017-01-02T10:53:00,78,70,30.18,9,0.00
2017-01-02T11:53:00,80,69,30.16,8,0.00
2017-01-02T12:53:00,83,69,30.11,8,0.00
2017-01-02T13:00:00,83,69,30.08,8,NA
2017-01-02T13:53:00,82,69,30.07,9,0.00
2017-01-02T14:53:00,83,69,30.07,8,0.00
2017-01-02T15:53:00,81,68,30.07,9,0.00
2017-01-02T16:00:00,81,68,30.04,9,NA
2017-01-02T16:53:00,79,68,30.06,11,0.00
2017-01-02T17:53:00,75,68,30.06,9,0.00
2017-01-02T18:53:00,74,68,30.06,8,0.00
2017-01-02T19:00:00,74,68,30.03,8,NA
2017-01-02T19:53:00,73,69,30.07,6,0.00
2017-01-02T20:53:00,72,68,30.08,6,0.00
2017-01-02T21:53:00,72,69,30.08,5,0.00
2017-01-02T22:00:00,72,69,30.05,5,NA
2017-01-02T22:53:00,72,69,30.09,0,0.00
2017-01-02T23:53:00,72,68,30.08,6,0.00
2017-01-03T00:53:00,71,68,30.05,6,0.00
2017-01-03T01:00:00,71,68,30.02,6,NA
2017-01-03T01:53:00,71,68,30.05,3,0.00
2017-01-03T02:53:00,71,69,30.02,6,0.00
2017-01-03T03:53:00,71,69,30.01,7,0.00
2017-01-03T04:00:00,71,69,29.98,7,NA
2017-01-03T04:53:00,71,69,30.01,7,0.00
2017-01-03T05:10:00,71,69,30.00,6,NA
2017-01-03T05:46:00,71,69,30.02,6,NA
2017-01-03T05:53:00,71,69,30.02,7,0.00
2017-01-03T06:51:00,72,70,30.02,7,NA
2017-01-03T06:53:00,71,69,30.02,7,0.00
2017-01-03T07:00:00,71,69,29.99,7,NA
2017-01-03T07:53:00,71,70,30.02,7,0.00
2017-01-03T07:59:00,71,70,30.02,8,NA
2017-01-03T08:27:00,72,70,30.03,7,NA
2017-01-03T08:53:00,72,71,30.04,8,0.00
2017-01-03T09:53:00,72,71,30.04,6,0.00
2017-01-03T10:00:00,72,71,30.01,6,NA
2017-01-03T10:26:00,73,71,30.04,10,NA
2017-01-03T10:35:00,73,71,30.04,10,NA
2017-01-03T10:45:00,75,72,30.05,13,NA
2017-01-03T10:53:00,75,71,30.04,11,0.00
2017-01-03T11:05:00,75,71,30.04,10,NA
2017-01-03T11:28:00,76,71,30.03,13,NA
2017-01-03T11:53:00,77,71,30.02,11,0.00
2017-01-03T12:53:00,77,71,29.98,11,0.00
2017-01-03T13:00:00,77,71,29.95,11,NA
2017-01-03T13:53:00,78,71,29.96,9,0.00
2017-01-03T14:53:00,79,72,29.94,8,0.00
2017-01-03T15:53:00,78,72,29.94,7,0.00
2017-01-03T16:00:00,78,72,29.91,7,NA
2017-01-03T16:25:00,77,72,29.94,9,NA
2017-01-03T16:53:00,75,71,29.94,10,0.00
2017-01-03T17:14:00,74,71,29.95,11,NA
2017-01-03T17:53:00,74,71,29.95,7,0.00
2017-01-03T18:32:00,75,72,29.95,6,NA
2017-01-03T18:45:00,74,71,29.95,7,NA
2017-01-03T18:53:00,74,72,29.94,7,0.00
2017-01-03T19:00:00,74,72,29.91,7,NA
2017-01-03T19:31:00,73,71,29.94,7,NA
2017-01-03T19:53:00,72,71,29.94,9,0.00
2017-01-03T20:30:00,73,72,29.94,7,NA
2017-01-03T20:53:00,73,71,29.94,8,0.00
2017-01-03T21:15:00,72,71,29.94,9,NA
2017-01-03T21:53:00,72,70,29.93,10,0.00
2017-01-03T22:00:00,72,70,29.90,10,NA
2017-01-03T22:02:00,72,70,29.93,10,NA
2017-01-03T22:34:00,72,70,29.93,10,NA
2017-01-03T22:53:00,72,70,29.93,8,0.00
2017-01-03T23:06:00,72,70,29.92,6,NA
2017-01-03T23:53:00,73,71,29.91,6,0.02
2017-01-04T00:53:00,73,71,29.90,9,0.02
2017-01-04T01:00:00,73,71,29.87,9,NA
2017-01-04T01:47:00,72,70,29.89,6,T
2017-01-04T01:51:00,72,70,29.89,5,NA
2017-01-04T01:53:00,72,69,29.90,5,0.00
2017-01-04T02:42:00,71,69,29.88,6,NA
2017-01-04T02:53:00,71,69,29.89,6,0.00
2017-01-04T03:53:00,71,69,29.88,6,0.00
2017-01-04T04:00:00,71,69,29.85,6,NA
2017-01-04T04:17:00,71,70,29.89,5,NA
2017-01-04T04:53:00,71,70,29.88,3,T
2017-01-04T05:51:00,70,70,29.88,3,NA
2017-01-04T05:53:00,70,69,29.88,5,0.00
2017-01-04T06:53:00,70,69,29.89,5,0.00
2017-01-04T07:00:00,70,69,29.86,5,NA
2017-01-04T07:53:00,71,69,29.89,5,0.00
2017-01-04T08:07:00,71,70,29.89,10,NA
2017-01-04T08:16:00,70,68,29.90,13,NA
2017-01-04T08:25:00,68,66,29.90,13,NA
2017-01-04T08:35:00,68,65,29.90,10,NA
2017-01-04T08:51:00,70,66,29.90,9,NA
2017-01-04T08:53:00,69,66,29.90,9,0.00
2017-01-04T09:13:00,68,65,29.91,10,NA
2017-01-04T09:29:00,69,62,29.92,10,NA
2017-01-04T09:36:00,69,61,29.92,9,NA
2017-01-04T09:53:00,69,62,29.92,9,0.00
2017-01-04T10:00:00,69,62,29.89,9,NA
2017-01-04T10:10:00,69,61,29.92,8,NA
2017-01-04T10:39:00,71,60,29.93,10,NA
2017-01-04T10:53:00,71,61,29.93,9,0.00
2017-01-04T11:08:00,73,61,29.93,6,NA
2017-01-04T11:53:00,74,60,29.91,11,0.00
2017-01-04T12:53:00,75,58,29.88,13,0.00
2017-01-04T13:00:00,75,58,29.85,13,NA
2017-01-04T13:53:00,74,57,29.87,13,0.00
2017-01-04T14:53:00,75,56,29.86,13,0.00
2017-01-04T15:53:00,72,55,29.85,11,0.00
2017-01-04T16:00:00,72,55,29.82,11,NA
2017-01-04T16:53:00,71,52,29.86,7,0.00
2017-01-04T17:53:00,68,53,29.88,7,0.00
2017-01-04T18:53:00,66,55,29.89,5,0.00
2017-01-04T19:00:00,66,55,29.86,5,NA
2017-01-04T19:53:00,65,56,29.90,0,0.00
2017-01-04T20:53:00,63,56,29.90,0,0.00
2017-01-04T21:53:00,62,57,29.91,0,0.00
2017-01-04T22:00:00,62,57,29.88,0,NA
2017-01-04T22:53:00,63,58,29.91,0,0.00
2017-01-04T23:53:00,62,58,29.92,3,0.00
2017-01-05T00:53:00,63,58,29.89,0,0.00
2017-01-05T01:00:00,63,58,29.86,0,NA
2017-01-05T01:53:00,62,58,29.90,0,0.00
2017-01-05T02:53:00,64,59,29.91,0,0.00
2017-01-05T03:29:00,64,59,29.91,0,NA
2017-01-05T03:53:00,64,58,29.91,5,0.00
2017-01-05T04:00:00,64,58,29.88,5,NA
2017-01-05T04:10:00,63,58,29.91,5,NA
2017-01-05T04:43:00,63,58,29.90,6,NA
2017-01-05T04:53:00,63,58,29.90,6,0.00
2017-01-05T05:51:00,63,55,29.91,5,NA
2017-01-05T05:53:00,63,56,29.91,5,0.00
2017-01-05T06:53:00,62,55,29.92,5,0.00
2017-01-05T07:00:00,62,55,29.89,5,NA
2017-01-05T07:53:00,63,55,29.94,0,0.00
2017-01-05T08:53:00,65,56,29.96,0,0.00
2017-01-05T09:00:00,65,56,29.96,3,NA
2017-01-05T09:53:00,68,56,29.98,0,0.00
2017-01-05T10:53:00,69,58,29.97,6,0.00
2017-01-05T11:13:00,69,58,29.97,6,NA
2017-01-05T11:53:00,70,58,29.95,5,0.00
2017-01-05T12:53:00,70,59,29.92,3,0.00
2017-01-05T13:00:00,70,59,29.89,3,NA
2017-01-05T13:53:00,72,59,29.90,5,0.00
2017-01-05T14:53:00,73,60,29.90,5,0.00
2017-01-05T15:53:00,73,59,29.90,7,0.00
2017-01-05T16:00:00,73,59,29.87,7,NA
2017-01-05T16:53:00,72,58,29.90,7,0.00
2017-01-05T17:53:00,69,58,29.91,5,0.00
2017-01-05T18:53:00,67,58,29.92,3,0.00
2017-01-05T19:00:00,67,58,29.89,3,NA
2017-01-05T19:53:00,66,59,29.94,5,0.00
2017-01-05T20:53:00,64,59,29.96,5,0.00
2017-01-05T21:53:00,63,59,29.98,3,0.00
2017-01-05T22:00:00,63,59,29.95,3,NA
2017-01-05T22:53:00,63,58,29.97,0,0.00
2017-01-05T23:53:00,61,57,29.97,0,0.00
2017-01-06T00:53:00,62,58,29.96,3,0.00
2017-01-06T01:00:00,62,58,29.93,3,NA
2017-01-06T01:53:00,61,57,29.96,0,0.00
2017-01-06T02:53:00,60,57,29.96,0,0.00
2017-01-06T03:53:00,60,57,29.96,0,0.00
2017-01-06T04:00:00,60,57,29.93,0,NA
2017-01-06T04:53:00,59,56,29.96,0,0.00
2017-01-06T05:53:00,60,56,29.96,0,0.00
2017-01-06T06:53:00,59,56,29.97,5,0.00
2017-01-06T07:00:00,59,56,29.94,5,NA
2017-01-06T07:53:00,60,57,29.99,0,0.00
2017-01-06T08:53:00,63,60,30.00,7,T
2017-01-06T09:53:00,68,60,30.02,3,T
2017-01-06T10:00:00,68,60,29.99,3,NA
2017-01-06T10:53:00,71,63,30.02,8,0.00
2017-01-06T11:53:00,74,62,30.00,9,0.00
2017-01-06T12:53:00,76,62,29.97,9,0.00
2017-01-06T13:00:00,76,62,29.94,9,NA
2017-01-06T13:53:00,78,63,29.94,9,0.00
2017-01-06T14:53:00,77,63,29.93,9,0.00
2017-01-06T15:53:00,75,62,29.93,6,0.00
2017-01-06T16:00:00,75,62,29.90,6,NA
2017-01-06T16:53:00,75,61,29.93,5,0.00
2017-01-06T17:53:00,74,61,29.92,6,0.00
2017-01-06T18:53:00,73,62,29.93,7,0.00
2017-01-06T19:00:00,73,62,29.90,7,NA
2017-01-06T19:53:00,74,61,29.95,7,T
2017-01-06T20:53:00,71,65,29.94,7,0.01
2017-01-06T21:41:00,71,67,29.96,3,T
2017-01-06T21:53:00,71,67,29.96,3,T
2017-01-06T22:00:00,71,67,29.93,3,NA
2017-01-06T22:25:00,71,68,29.97,3,T
2017-01-06T22:51:00,72,68,29.97,5,NA
2017-01-06T22:53:00,71,68,29.97,5,0.00
2017-01-06T23:21:00,71,68,29.95,3,NA
2017-01-06T23:53:00,71,68,29.93,6,0.01
2017-01-07T00:27:00,71,69,29.92,6,0.01
2017-01-07T00:53:00,72,69,29.92,8,0.01
2017-01-07T01:00:00,72,69,29.89,8,NA
2017-01-07T01:37:00,72,70,29.92,8,NA
2017-01-07T01:53:00,72,70,29.92,11,0.00
2017-01-07T02:51:00,73,70,29.91,14,NA
2017-01-07T02:53:00,73,70,29.91,14,0.00
2017-01-07T03:00:00,73,70,29.90,15,NA
2017-01-07T03:08:00,73,70,29.90,16,NA
2017-01-07T03:34:00,73,71,29.91,15,0.01
2017-01-07T03:51:00,73,70,29.90,14,NA
2017-01-07T03:53:00,73,70,29.90,14,0.01
2017-01-07T04:00:00,73,70,29.87,14,NA
2017-01-07T04:53:00,72,65,29.90,15,0.05
2017-01-07T05:53:00,73,68,29.89,13,0.00
2017-01-07T06:16:00,74,69,29.90,13,NA
2017-01-07T06:31:00,74,70,29.90,16,NA
2017-01-07T06:53:00,74,70,29.91,17,0.00
2017-01-07T07:00:00,74,70,29.88,17,NA
2017-01-07T07:12:00,70,67,29.94,13,0.05
2017-01-07T07:14:00,69,67,29.94,13,0.07
2017-01-07T07:23:00,70,66,29.96,13,0.07
2017-01-07T07:51:00,68,64,29.97,13,0.07
2017-01-07T07:53:00,68,64,29.97,11,0.07
2017-01-07T08:12:00,67,63,29.99,14,T
2017-01-07T08:46:00,65,62,30.02,15,T
2017-01-07T08:53:00,65,61,30.02,15,T
2017-01-07T09:33:00,61,58,30.06,14,T
2017-01-07T09:53:00,61,58,30.06,14,T
2017-01-07T10:00:00,61,58,30.03,14,NA
2017-01-07T10:53:00,59,56,30.11,14,0.02
2017-01-07T11:17:00,57,55,30.10,15,T
2017-01-07T11:53:00,56,53,30.12,13,0.01
2017-01-07T12:53:00,54,51,30.10,15,T
2017-01-07T13:00:00,54,51,30.07,15,NA
2017-01-07T13:17:00,54,50,30.10,18,NA
2017-01-07T13:53:00,54,49,30.11,17,0.00
2017-01-07T14:02:00,54,49,30.11,15,NA
2017-01-07T14:53:00,55,48,30.13,15,0.00
2017-01-07T15:51:00,55,45,30.14,17,NA
2017-01-07T15:53:00,56,45,30.14,20,0.00
2017-01-07T16:00:00,56,45,30.11,20,NA
2017-01-07T16:53:00,54,43,30.17,14,0.00
2017-01-07T17:53:00,52,40,30.21,11,0.00
2017-01-07T18:53:00,49,37,30.26,14,0.00
2017-01-07T19:00:00,49,37,30.23,14,NA
2017-01-07T19:53:00,46,37,30.31,14,0.00
2017-01-07T20:53:00,44,34,30.35,15,0.00
2017-01-07T21:53:00,42,32,30.38,14,0.00
2017-01-07T22:00:00,42,32,30.35,14,NA
2017-01-07T22:53:00,41,32,30.41,13,0.00
2017-01-07T23:51:00,39,32,30.42,13,NA
2017-01-07T23:53:00,41,32,30.42,9,0.00
2017-01-08T00:53:00,40,31,30.43,13,0.00
2017-01-08T01:00:00,40,31,30.40,13,NA
2017-01-08T01:53:00,40,31,30.44,11,0.00
2017-01-08T02:53:00,40,30,30.44,9,0.00
2017-01-08T03:34:00,39,26,30.46,11,NA
2017-01-08T03:53:00,38,27,30.47,13,0.00
2017-01-08T04:00:00,38,27,30.44,13,NA
2017-01-08T04:53:00,37,27,30.48,14,0.00
2017-01-08T05:53:00,35,29,30.51,11,0.00
2017-01-08T06:53:00,35,28,30.54,9,0.00
2017-01-08T07:00:00,35,28,30.51,9,NA
2017-01-08T07:53:00,35,27,30.55,8,0.00
2017-01-08T08:53:00,39,26,30.57,9,0.00
2017-01-08T09:53:00,42,27,30.59,13,0.00
2017-01-08T10:00:00,42,27,30.56,13,NA
2017-01-08T10:53:00,46,28,30.59,10,0.00
2017-01-08T11:53:00,48,26,30.56,10,0.00
2017-01-08T12:53:00,50,25,30.54,7,0.00
2017-01-08T13:00:00,50,25,30.51,7,NA
2017-01-08T13:53:00,51,25,30.50,9,0.00
2017-01-08T14:53:00,53,24,30.50,13,0.00
2017-01-08T15:53:00,53,26,30.50,9,0.00
2017-01-08T16:00:00,53,26,30.47,9,NA
2017-01-08T16:53:00,53,28,30.50,10,0.00
2017-01-08T17:53:00,50,32,30.54,8,0.00
2017-01-08T18:53:00,49,33,30.56,7,0.00
2017-01-08T19:00:00,49,33,30.53,7,NA
2017-01-08T19:53:00,47,32,30.58,11,0.00
2017-01-08T20:53:00,45,32,30.58,8,0.00
2017-01-08T21:53:00,44,32,30.59,9,0.00
2017-01-08T22:00:00,44,32,30.56,9,NA
2017-01-08T22:53:00,43,31,30.59,9,0.00
2017-01-08T23:53:00,42,31,30.57,14,0.00
2017-01-09T00:53:00,41,31,30.56,14,0.00
2017-01-09T01:00:00,41,31,30.53,14,NA
2017-01-09T01:53:00,41,30,30.54,10,0.00
2017-01-09T02:53:00,41,30,30.54,11,0.00
2017-01-09T03:53:00,41,30,30.54,9,0.00
2017-01-09T04:00:00,41,30,30.51,9,NA
2017-01-09T04:53:00,41,30,30.54,9,0.00
2017-01-09T05:53:00,41,30,30.54,9,0.00
2017-01-09T06:53:00,41,31,30.56,8,0.00
2017-01-09T07:00:00,41,31,30.53,8,NA
2017-01-09T07:53:00,43,32,30.57,8,0.00
2017-01-09T08:53:00,48,35,30.59,9,0.00
2017-01-09T09:53:00,53,39,30.60,10,0.00
2017-01-09T10:00:00,53,39,30.57,10,NA
2017-01-09T10:53:00,58,42,30.59,10,0.00
2017-01-09T11:53:00,61,43,30.56,8,0.00
2017-01-09T12:53:00,65,44,30.52,6,0.00
2017-01-09T13:00:00,65,44,30.49,6,NA
2017-01-09T13:53:00,65,42,30.49,5,0.00
2017-01-09T14:53:00,65,40,30.47,3,0.00
2017-01-09T15:53:00,67,38,30.46,3,0.00
2017-01-09T16:00:00,67,38,30.43,3,NA
2017-01-09T16:53:00,66,38,30.46,6,0.00
2017-01-09T17:53:00,63,39,30.46,6,0.00
2017-01-09T18:53:00,60,40,30.48,5,0.00
2017-01-09T19:00:00,60,40,30.45,5,NA
2017-01-09T19:53:00,59,41,30.50,7,0.00
2017-01-09T20:53:00,57,41,30.51,7,0.00
2017-01-09T21:53:00,56,44,30.51,7,0.00
2017-01-09T22:00:00,56,44,30.48,7,NA
2017-01-09T22:53:00,54,45,30.50,7,0.00
2017-01-09T23:53:00,52,46,30.50,7,0.00
2017-01-10T00:53:00,52,46,30.48,8,0.00
2017-01-10T01:00:00,52,46,30.45,8,NA
2017-01-10T01:53:00,51,46,30.47,8,0.00
2017-01-10T02:53:00,50,46,30.45,8,0.00
2017-01-10T03:53:00,50,46,30.43,6,0.00
2017-01-10T04:00:00,50,46,30.40,6,NA
2017-01-10T04:53:00,50,46,30.42,7,0.00
2017-01-10T05:53:00,50,46,30.42,8,0.00
2017-01-10T06:53:00,50,46,30.42,6,0.00
2017-01-10T07:00:00,50,46,30.39,6,NA
2017-01-10T07:53:00,51,46,30.44,6,0.00
2017-01-10T08:53:00,54,48,30.46,8,0.00
2017-01-10T09:53:00,62,48,30.47,9,0.00
2017-01-10T10:00:00,62,48,30.44,9,NA
2017-01-10T10:53:00,68,46,30.46,7,0.00
2017-01-10T11:53:00,71,46,30.43,9,0.00
2017-01-10T12:53:00,73,46,30.38,11,0.00
2017-01-10T13:00:00,73,46,30.35,11,NA
2017-01-10T13:53:00,71,49,30.36,14,0.00
2017-01-10T14:53:00,71,50,30.35,11,0.00
2017-01-10T15:53:00,69,51,30.35,8,0.00
2017-01-10T16:00:00,69,51,30.32,8,NA
2017-01-10T16:53:00,69,52,30.35,3,0.00
2017-01-10T17:53:00,68,53,30.36,6,0.00
2017-01-10T18:53:00,67,53,30.35,3,0.00
2017-01-10T19:00:00,67,53,30.32,3,NA
2017-01-10T19:53:00,65,54,30.36,5,0.00
2017-01-10T20:53:00,64,55,30.36,5,0.00
2017-01-10T21:53:00,63,55,30.37,3,0.00
2017-01-10T22:00:00,63,55,30.34,3,NA
2017-01-10T22:53:00,61,55,30.38,3,0.00
2017-01-10T23:53:00,60,54,30.39,3,0.00
2017-01-11T00:53:00,60,54,30.38,3,0.00
2017-01-11T01:00:00,60,54,30.35,3,NA
2017-01-11T01:53:00,58,54,30.36,5,0.00
2017-01-11T02:53:00,57,53,30.35,3,0.00
2017-01-11T03:53:00,57,54,30.34,0,0.00
2017-01-11T04:00:00,57,54,30.31,0,NA
2017-01-11T04:53:00,58,54,30.31,5,0.00
2017-01-11T05:53:00,59,54,30.32,6,0.00
2017-01-11T06:53:00,57,54,30.34,5,0.00
2017-01-11T07:00:00,57,54,30.31,5,NA
2017-01-11T07:53:00,57,54,30.35,5,0.00
2017-01-11T08:53:00,60,55,30.36,3,0.00
2017-01-11T09:53:00,67,56,30.38,6,0.00
2017-01-11T10:00:00,67,56,30.35,6,NA
2017-01-11T10:53:00,71,55,30.37,6,0.00
2017-01-11T11:53:00,73,55,30.34,8,0.00
2017-01-11T12:53:00,75,54,30.31,6,0.00
2017-01-11T13:00:00,75,54,30.28,6,NA
2017-01-11T13:53:00,75,52,30.29,6,0.00
2017-01-11T14:53:00,76,52,30.28,3,0.00
2017-01-11T15:53:00,76,52,30.27,3,0.00
2017-01-11T16:00:00,76,52,30.24,3,NA
2017-01-11T16:53:00,75,53,30.27,5,0.00
2017-01-11T17:53:00,73,52,30.27,3,0.00
2017-01-11T18:53:00,71,52,30.28,3,0.00
2017-01-11T19:00:00,71,52,30.25,3,NA
2017-01-11T19:53:00,71,53,30.29,6,0.00
2017-01-11T20:53:00,70,54,30.30,6,0.00
2017-01-11T21:53:00,69,55,30.31,6,0.00
2017-01-11T22:00:00,69,55,30.28,6,NA
2017-01-11T22:53:00,67,56,30.31,5,0.00
2017-01-11T23:53:00,65,56,30.31,3,0.00
2017-01-12T00:53:00,64,56,30.30,0,0.00
2017-01-12T01:00:00,64,56,30.27,0,NA
2017-01-12T01:53:00,61,56,30.30,3,0.00
2017-01-12T02:53:00,60,56,30.30,3,0.00
2017-01-12T03:53:00,59,55,30.30,3,0.00
2017-01-12T04:00:00,59,55,30.27,3,NA
2017-01-12T04:53:00,60,55,30.29,3,0.00
2017-01-12T05:53:00,59,55,30.30,3,0.00
2017-01-12T06:53:00,59,55,30.31,3,0.00
2017-01-12T07:00:00,59,55,30.28,3,NA
2017-01-12T07:53:00,60,56,30.32,0,0.00
2017-01-12T08:53:00,67,58,30.34,3,0.00
2017-01-12T09:53:00,71,56,30.36,5,0.00
2017-01-12T10:00:00,71,56,30.33,5,NA
2017-01-12T10:53:00,74,57,30.37,9,0.00
2017-01-12T11:53:00,77,56,30.35,6,0.00
2017-01-12T12:53:00,79,55,30.33,3,0.00
2017-01-12T13:00:00,79,55,30.30,3,NA
2017-01-12T13:53:00,80,54,30.30,9,0.00
2017-01-12T14:53:00,82,55,30.29,7,0.00
2017-01-12T15:53:00,81,53,30.29,7,0.00
2017-01-12T16:00:00,81,53,30.26,7,NA
2017-01-12T16:53:00,80,54,30.29,5,0.00
2017-01-12T17:53:00,77,56,30.29,3,0.00
2017-01-12T18:53:00,75,56,30.31,0,0.00
2017-01-12T19:00:00,75,56,30.28,0,NA
2017-01-12T19:53:00,73,59,30.33,6,0.00
2017-01-12T20:53:00,72,61,30.34,6,0.00
2017-01-12T21:53:00,70,62,30.35,5,0.00
2017-01-12T22:00:00,70,62,30.32,5,NA
2017-01-12T22:53:00,69,62,30.35,5,0.00
2017-01-12T23:53:00,69,62,30.35,6,0.00
2017-01-13T00:53:00,69,62,30.35,3,0.00
2017-01-13T01:00:00,69,62,30.32,3,NA
2017-01-13T01:53:00,67,62,30.35,6,0.00
2017-01-13T02:53:00,66,62,30.35,5,0.00
2017-01-13T03:53:00,65,62,30.36,3,0.00
2017-01-13T04:00:00,65,62,30.33,3,NA
2017-01-13T04:53:00,65,61,30.36,0,0.00
2017-01-13T05:53:00,64,61,30.36,5,0.00
2017-01-13T06:53:00,64,61,30.37,5,0.00
2017-01-13T07:00:00,64,61,30.34,5,NA
2017-01-13T07:53:00,65,61,30.39,6,0.00
2017-01-13T08:53:00,68,62,30.41,6,0.00
2017-01-13T09:53:00,73,63,30.43,5,0.00
2017-01-13T10:00:00,73,63,30.40,5,NA
2017-01-13T10:53:00,75,63,30.44,7,0.00
2017-01-13T11:53:00,76,63,30.41,3,0.00
2017-01-13T12:53:00,76,63,30.39,11,0.00
2017-01-13T13:00:00,76,63,30.36,11,NA
2017-01-13T13:53:00,76,62,30.37,7,0.00
2017-01-13T14:53:00,76,63,30.36,7,T
2017-01-13T15:53:00,77,62,30.36,7,T
2017-01-13T16:00:00,77,62,30.33,7,NA
2017-01-13T16:53:00,77,62,30.36,3,0.00
2017-01-13T17:53:00,74,64,30.38,7,0.00
2017-01-13T18:53:00,71,65,30.40,8,0.00
2017-01-13T19:00:00,71,65,30.37,8,NA
2017-01-13T19:53:00,70,65,30.41,5,0.00
2017-01-13T20:24:00,70,65,30.42,5,NA
2017-01-13T20:47:00,70,64,30.42,5,NA
2017-01-13T20:53:00,70,65,30.42,6,0.00
2017-01-13T21:15:00,69,65,30.42,8,NA
2017-01-13T21:53:00,69,65,30.42,7,0.00
2017-01-13T22:00:00,69,65,30.39,7,NA
2017-01-13T22:53:00,69,65,30.42,6,0.00
2017-01-13T23:53:00,69,64,30.41,6,0.00
2017-01-14T00:53:00,68,64,30.40,7,0.00
2017-01-14T01:00:00,68,64,30.37,7,NA
2017-01-14T01:53:00,68,64,30.39,6,0.00
2017-01-14T02:53:00,67,64,30.38,5,0.00
2017-01-14T03:35:00,66,63,30.37,5,NA
2017-01-14T03:49:00,66,63,30.38,6,NA
2017-01-14T03:53:00,66,63,30.37,6,0.00
2017-01-14T04:00:00,66,63,30.34,6,NA
2017-01-14T04:53:00,65,63,30.37,6,0.00
2017-01-14T05:53:00,65,63,30.37,7,0.00
2017-01-14T06:53:00,65,63,30.38,7,0.00
2017-01-14T07:00:00,65,63,30.35,7,NA
2017-01-14T07:12:00,65,63,30.39,5,NA
2017-01-14T07:53:00,65,62,30.40,5,0.00
2017-01-14T08:47:00,66,63,30.41,6,NA
2017-01-14T08:53:00,67,62,30.41,6,0.00
2017-01-14T09:53:00,71,62,30.42,3,0.00
2017-01-14T10:00:00,71,62,30.39,3,NA
2017-01-14T10:53:00,75,62,30.41,5,0.00
2017-01-14T11:53:00,78,60,30.39,6,0.00
2017-01-14T12:53:00,77,59,30.35,8,0.00
2017-01-14T13:00:00,77,59,30.32,8,NA
2017-01-14T13:53:00,78,58,30.32,8,0.00
2017-01-14T14:53:00,79,56,30.31,10,0.00
2017-01-14T15:53:00,79,58,30.30,7,0.00
2017-01-14T16:00:00,79,58,30.27,7,NA
2017-01-14T16:53:00,76,58,30.29,7,0.00
2017-01-14T17:53:00,76,59,30.29,5,0.00
2017-01-14T18:53:00,73,60,30.31,5,0.00
2017-01-14T19:00:00,73,60,30.28,5,NA
2017-01-14T19:53:00,72,60,30.33,6,0.00
2017-01-14T20:53:00,70,60,30.34,5,0.00
2017-01-14T21:53:00,69,60,30.34,0,0.00
2017-01-14T22:00:00,69,60,30.31,0,NA
2017-01-14T22:53:00,67,60,30.34,5,0.00
2017-01-14T23:53:00,66,60,30.32,0,0.00
2017-01-15T00:53:00,65,59,30.30,0,0.00
2017-01-15T01:00:00,65,59,30.27,0,NA
2017-01-15T01:53:00,65,59,30.29,5,0.00
2017-01-15T02:53:00,64,59,30.29,3,0.00
2017-01-15T03:53:00,64,59,30.28,3,0.00
2017-01-15T04:00:00,64,59,30.25,3,NA
2017-01-15T04:53:00,63,60,30.28,3,0.00
2017-01-15T05:53:00,65,61,30.28,0,0.00
2017-01-15T06:53:00,65,61,30.28,5,0.00
2017-01-15T07:00:00,65,61,30.25,5,NA
2017-01-15T07:53:00,65,61,30.29,7,0.00
2017-01-15T08:53:00,67,62,30.30,3,0.00
2017-01-15T09:53:00,73,61,30.31,0,0.00
2017-01-15T10:00:00,73,61,30.28,0,NA
2017-01-15T10:53:00,74,60,30.31,5,0.00
2017-01-15T11:53:00,77,59,30.28,5,0.00
2017-01-15T12:53:00,77,58,30.24,5,0.00
2017-01-15T13:00:00,77,58,30.21,5,NA
2017-01-15T13:53:00,78,55,30.21,3,0.00
2017-01-15T14:53:00,78,57,30.20,3,0.00
2017-01-15T15:53:00,77,57,30.20,0,0.00
2017-01-15T16:00:00,77,57,30.17,0,NA
2017-01-15T16:53:00,77,56,30.20,6,0.00
2017-01-15T17:53:00,76,56,30.20,5,0.00
2017-01-15T18:53:00,74,56,30.21,3,0.00
2017-01-15T19:00:00,74,56,30.18,3,NA
2017-01-15T19:53:00,74,57,30.22,3,0.00
2017-01-15T20:53:00,71,58,30.23,7,0.00
2017-01-15T21:53:00,70,58,30.24,0,0.00
2017-01-15T22:00:00,70,58,30.21,0,NA
2017-01-15T22:53:00,71,57,30.23,6,0.00
2017-01-15T23:53:00,71,57,30.22,7,0.00
2017-01-16T00:53:00,71,57,30.22,5,0.00
2017-01-16T01:00:00,71,57,30.19,5,NA
2017-01-16T01:53:00,70,57,30.21,5,0.00
2017-01-16T02:53:00,68,57,30.21,5,0.00
2017-01-16T03:53:00,67,57,30.20,5,0.00
2017-01-16T04:00:00,67,57,30.17,5,NA
2017-01-16T04:53:00,66,58,30.19,5,0.00
2017-01-16T05:53:00,66,58,30.21,3,0.00
2017-01-16T06:53:00,65,58,30.23,0,0.00
2017-01-16T07:00:00,65,58,30.20,0,NA
2017-01-16T07:53:00,65,58,30.23,6,0.00
2017-01-16T08:53:00,68,59,30.25,6,0.00
2017-01-16T09:53:00,72,59,30.29,8,0.00
2017-01-16T10:00:00,72,59,30.26,8,NA
2017-01-16T10:53:00,74,59,30.29,9,0.00
2017-01-16T11:53:00,75,59,30.28,9,0.00
2017-01-16T12:53:00,77,58,30.24,5,0.00
2017-01-16T13:00:00,77,58,30.21,5,NA
2017-01-16T13:53:00,78,58,30.22,8,0.00
2017-01-16T14:53:00,79,58,30.21,0,0.00
2017-01-16T15:53:00,80,58,30.20,8,0.00
2017-01-16T16:00:00,80,58,30.17,8,NA
2017-01-16T16:53:00,80,58,30.20,5,0.00
2017-01-16T17:53:00,77,58,30.20,3,0.00
2017-01-16T18:53:00,75,57,30.21,3,0.00
2017-01-16T19:00:00,75,57,30.18,3,NA
2017-01-16T19:53:00,74,58,30.22,5,0.00
2017-01-16T20:53:00,74,57,30.22,5,0.00
2017-01-16T21:53:00,73,58,30.23,9,0.00
2017-01-16T22:00:00,73,58,30.20,9,NA
2017-01-16T22:53:00,71,59,30.24,8,0.00
2017-01-16T23:53:00,70,59,30.23,8,0.00
2017-01-17T00:53:00,70,59,30.22,6,0.00
2017-01-17T01:00:00,70,59,30.19,6,NA
2017-01-17T01:53:00,69,60,30.22,5,0.00
2017-01-17T02:53:00,68,60,30.21,5,0.00
2017-01-17T03:53:00,67,60,30.21,3,0.00
2017-01-17T04:00:00,67,60,30.18,3,NA
2017-01-17T04:53:00,67,60,30.20,3,0.00
2017-01-17T05:53:00,67,60,30.21,0,0.00
2017-01-17T06:53:00,65,60,30.22,0,0.00
2017-01-17T07:00:00,65,60,30.19,0,NA
2017-01-17T07:53:00,64,59,30.23,0,0.00
2017-01-17T08:53:00,70,62,30.24,0,0.00
2017-01-17T09:53:00,73,63,30.26,6,0.00
2017-01-17T10:00:00,73,63,30.23,6,NA
2017-01-17T10:53:00,76,63,30.25,10,0.00
2017-01-17T11:53:00,77,62,30.23,8,0.00
2017-01-17T12:53:00,77,63,30.20,7,0.00
2017-01-17T13:00:00,77,63,30.17,7,NA
2017-01-17T13:53:00,77,61,30.19,6,0.00
2017-01-17T14:53:00,79,60,30.18,5,0.00
2017-01-17T15:53:00,80,59,30.18,5,0.00
2017-01-17T16:00:00,80,59,30.15,5,NA
2017-01-17T16:53:00,78,61,30.18,5,0.00
2017-01-17T17:53:00,75,62,30.19,6,0.00
2017-01-17T18:53:00,73,61,30.19,5,0.00
2017-01-17T19:00:00,73,61,30.16,5,NA
2017-01-17T19:53:00,71,61,30.22,3,0.00
2017-01-17T20:53:00,69,61,30.23,3,0.00
2017-01-17T21:53:00,69,61,30.24,3,0.00
2017-01-17T22:00:00,69,61,30.21,3,NA
2017-01-17T22:53:00,69,61,30.23,0,0.00
2017-01-17T23:53:00,68,61,30.22,3,0.00
2017-01-18T00:53:00,67,61,30.20,5,0.00
2017-01-18T01:00:00,67,61,30.17,5,NA
2017-01-18T01:53:00,66,61,30.19,0,0.00
2017-01-18T02:53:00,66,61,30.17,3,0.00
2017-01-18T03:53:00,63,60,30.17,0,0.00
2017-01-18T04:53:00,63,60,30.16,0,0.00
2017-01-18T05:53:00,62,59,30.16,3,0.00
2017-01-18T06:53:00,63,60,30.18,0,0.00
2017-01-18T07:00:00,63,60,30.15,0,NA
2017-01-18T07:53:00,64,61,30.18,0,0.00
2017-01-18T08:53:00,68,62,30.20,0,0.00
2017-01-18T09:53:00,73,62,30.21,3,0.00
2017-01-18T10:00:00,73,62,30.18,3,NA
2017-01-18T10:53:00,75,60,30.21,6,0.00
2017-01-18T11:53:00,75,62,30.19,5,0.00
2017-01-18T12:53:00,78,62,30.15,5,0.00
2017-01-18T13:00:00,78,62,30.12,5,NA
2017-01-18T13:53:00,77,61,30.14,6,0.00
2017-01-18T14:53:00,78,61,30.12,6,0.00
2017-01-18T15:53:00,76,61,30.11,8,0.00
2017-01-18T16:00:00,76,61,30.08,8,NA
2017-01-18T16:53:00,75,61,30.11,7,0.00
2017-01-18T17:53:00,73,61,30.12,6,0.00
2017-01-18T18:53:00,71,63,30.13,5,0.00
2017-01-18T19:00:00,71,63,30.10,5,NA
2017-01-18T19:53:00,69,63,30.14,3,0.00
2017-01-18T20:53:00,68,63,30.12,3,0.00
2017-01-18T21:53:00,68,63,30.13,0,0.00
2017-01-18T22:00:00,68,63,30.10,0,NA
2017-01-18T22:53:00,68,64,30.12,0,0.00
2017-01-18T23:53:00,65,62,30.10,0,0.00
2017-01-19T00:53:00,64,61,30.09,0,0.00
2017-01-19T01:00:00,64,61,30.06,0,NA
2017-01-19T01:53:00,65,62,30.09,0,0.00
2017-01-19T02:53:00,63,61,30.08,0,0.00
2017-01-19T03:53:00,62,59,30.06,0,0.00
2017-01-19T04:00:00,62,59,30.03,0,NA
2017-01-19T04:53:00,61,58,30.05,0,0.00
2017-01-19T05:53:00,61,59,30.06,0,0.00
2017-01-19T06:53:00,62,59,30.06,0,0.00
2017-01-19T07:00:00,62,59,30.03,0,NA
2017-01-19T07:53:00,65,61,30.07,0,0.00
2017-01-19T08:35:00,65,64,30.08,6,NA
2017-01-19T08:38:00,65,64,30.08,6,NA
2017-01-19T08:42:00,65,64,30.08,6,NA
2017-01-19T08:44:00,65,64,30.08,6,NA
2017-01-19T08:53:00,65,65,30.08,5,0.00
2017-01-19T09:04:00,66,65,30.08,5,NA
2017-01-19T09:28:00,66,65,30.09,5,NA
2017-01-19T09:53:00,69,63,30.09,6,0.00
2017-01-19T10:00:00,69,63,30.06,6,NA
2017-01-19T10:53:00,73,63,30.09,6,0.00
2017-01-19T11:53:00,76,61,30.06,5,0.00
2017-01-19T12:53:00,76,59,30.03,8,0.00
2017-01-19T13:00:00,76,59,30.00,8,NA
2017-01-19T13:53:00,78,60,30.00,7,0.00
2017-01-19T14:53:00,77,59,29.98,9,0.00
2017-01-19T15:53:00,77,61,29.98,7,0.00
2017-01-19T16:00:00,77,61,29.95,7,NA
2017-01-19T16:53:00,74,62,29.98,9,0.00
2017-01-19T17:53:00,72,62,29.98,9,0.00
2017-01-19T18:53:00,70,63,29.98,7,0.00
2017-01-19T19:00:00,70,63,29.95,7,NA
2017-01-19T19:53:00,69,63,29.98,8,0.00
2017-01-19T20:53:00,69,63,29.97,6,0.00
2017-01-19T21:53:00,68,63,29.98,5,0.00
2017-01-19T22:00:00,68,63,29.95,5,NA
2017-01-19T22:53:00,68,63,29.98,6,0.00
2017-01-19T23:53:00,68,63,29.97,6,0.00
2017-01-20T00:53:00,68,63,29.97,5,0.00
2017-01-20T01:00:00,68,63,29.94,5,NA
2017-01-20T01:53:00,68,63,29.96,6,0.00
2017-01-20T02:53:00,68,64,29.96,0,0.00
2017-01-20T03:53:00,68,63,29.96,3,0.00
2017-01-20T04:00:00,68,63,29.93,3,NA
2017-01-20T04:53:00,68,65,29.95,6,0.00
2017-01-20T05:53:00,67,64,29.96,3,0.00
2017-01-20T06:53:00,66,63,29.97,0,0.00
2017-01-20T07:00:00,66,63,29.94,0,NA
2017-01-20T07:53:00,67,63,29.98,3,0.00
2017-01-20T08:53:00,69,63,29.99,7,0.00
2017-01-20T09:53:00,73,63,30.01,9,0.00
2017-01-20T10:00:00,73,63,29.98,9,NA
2017-01-20T10:53:00,72,62,30.01,9,0.00
2017-01-20T11:53:00,74,62,29.99,7,0.00
2017-01-20T12:53:00,78,62,29.96,10,0.00
2017-01-20T13:00:00,78,62,29.93,10,NA
2017-01-20T13:53:00,77,62,29.94,10,0.00
2017-01-20T14:53:00,77,64,29.92,11,0.00
2017-01-20T15:53:00,76,63,29.93,11,0.00
2017-01-20T16:00:00,76,63,29.90,11,NA
2017-01-20T16:53:00,76,64,29.93,9,0.00
2017-01-20T17:53:00,73,65,29.94,9,0.00
2017-01-20T18:53:00,72,66,29.95,6,0.00
2017-01-20T19:00:00,72,66,29.92,6,NA
2017-01-20T19:53:00,71,66,29.96,6,0.00
2017-01-20T20:53:00,70,66,29.97,5,0.00
2017-01-20T21:53:00,70,65,29.98,6,0.00
2017-01-20T22:00:00,70,65,29.95,6,NA
2017-01-20T22:53:00,70,66,29.98,3,0.00
2017-01-20T23:53:00,69,66,29.98,5,0.00
2017-01-21T00:53:00,69,66,29.97,3,0.00
2017-01-21T01:00:00,69,66,29.94,3,NA
2017-01-21T01:53:00,69,66,29.96,5,0.00
2017-01-21T02:53:00,68,66,29.96,5,0.00
2017-01-21T03:53:00,68,66,29.94,3,0.00
2017-01-21T04:00:00,68,66,29.91,3,NA
2017-01-21T04:53:00,68,66,29.92,5,0.00
2017-01-21T05:53:00,68,65,29.92,5,0.00
2017-01-21T06:53:00,68,65,29.92,6,0.00
2017-01-21T07:00:00,68,65,29.89,6,NA
2017-01-21T07:53:00,68,64,29.93,5,0.00
2017-01-21T08:53:00,70,64,29.94,7,0.00
2017-01-21T09:53:00,75,61,29.95,13,0.00
2017-01-21T10:00:00,75,61,29.92,13,NA
2017-01-21T10:53:00,77,64,29.95,13,0.00
2017-01-21T11:53:00,78,65,29.93,13,0.00
2017-01-21T12:53:00,79,65,29.89,17,0.00
2017-01-21T13:00:00,79,65,29.86,17,NA
2017-01-21T13:53:00,78,66,29.85,15,0.00
2017-01-21T14:53:00,78,65,29.82,17,0.00
2017-01-21T15:53:00,76,66,29.82,16,0.00
2017-01-21T16:00:00,76,66,29.79,16,NA
2017-01-21T16:53:00,75,65,29.81,14,0.00
2017-01-21T17:53:00,73,66,29.82,14,0.00
2017-01-21T18:53:00,72,65,29.82,15,0.00
2017-01-21T19:00:00,72,65,29.79,15,NA
2017-01-21T19:53:00,73,63,29.82,7,0.00
2017-01-21T20:53:00,72,63,29.82,7,0.00
2017-01-21T21:53:00,71,65,29.81,6,0.00
2017-01-21T22:00:00,71,65,29.78,6,NA
2017-01-21T22:53:00,71,65,29.80,7,0.00
2017-01-21T23:53:00,70,65,29.79,5,0.00
2017-01-22T00:51:00,70,64,29.78,6,NA
2017-01-22T00:53:00,70,65,29.78,5,0.00
2017-01-22T01:00:00,70,65,29.75,5,NA
2017-01-22T01:41:00,70,65,29.78,5,NA
2017-01-22T01:53:00,70,65,29.78,6,0.00
2017-01-22T02:26:00,70,66,29.77,5,NA
2017-01-22T02:53:00,71,66,29.76,7,0.00
2017-01-22T03:51:00,73,68,29.74,11,NA
2017-01-22T03:53:00,73,68,29.74,11,0.00
2017-01-22T04:00:00,73,68,29.71,11,NA
2017-01-22T04:53:00,73,69,29.72,10,0.00
2017-01-22T05:53:00,74,70,29.71,15,0.00
2017-01-22T06:38:00,74,70,29.71,17,NA
2017-01-22T06:53:00,74,71,29.70,15,0.00
2017-01-22T07:00:00,74,71,29.67,15,NA
2017-01-22T07:23:00,74,71,29.70,13,NA
2017-01-22T07:31:00,74,70,29.70,15,NA
2017-01-22T07:53:00,74,70,29.70,14,0.00
2017-01-22T08:46:00,75,71,29.71,10,NA
2017-01-22T08:53:00,75,70,29.71,10,0.00
2017-01-22T09:45:00,75,70,29.72,13,NA
2017-01-22T09:53:00,75,70,29.72,13,0.00
2017-01-22T10:00:00,75,70,29.69,13,NA
2017-01-22T10:53:00,79,71,29.69,20,0.00
2017-01-22T11:53:00,79,71,29.68,22,0.00
2017-01-22T12:53:00,81,71,29.63,22,0.00
2017-01-22T13:00:00,81,71,29.60,22,NA
2017-01-22T13:51:00,79,72,29.61,21,NA
2017-01-22T13:53:00,78,71,29.61,20,0.00
2017-01-22T14:53:00,78,71,29.59,18,0.00
2017-01-22T15:53:00,77,71,29.56,23,0.00
2017-01-22T16:00:00,77,71,29.53,23,NA
2017-01-22T16:53:00,76,71,29.53,22,0.00
2017-01-22T17:53:00,75,71,29.51,24,0.00
2017-01-22T18:42:00,75,71,29.50,22,0.02
2017-01-22T18:53:00,75,70,29.50,24,0.02
2017-01-22T19:00:00,75,70,29.47,24,NA
2017-01-22T19:42:00,76,71,29.49,28,NA
2017-01-22T19:50:00,75,72,29.49,24,NA
2017-01-22T19:53:00,76,71,29.49,25,T
2017-01-22T20:05:00,68,66,29.52,21,0.18
2017-01-22T20:27:00,69,66,29.52,16,0.30
2017-01-22T20:53:00,70,66,29.53,14,0.30
2017-01-22T21:01:00,70,67,29.53,13,NA
2017-01-22T21:53:00,70,65,29.53,9,0.00
2017-01-22T22:00:00,70,65,29.50,9,NA
2017-01-22T22:53:00,69,64,29.53,8,0.00
2017-01-22T23:53:00,70,61,29.52,16,0.00
2017-01-23T00:53:00,71,57,29.50,24,0.00
2017-01-23T01:00:00,71,57,29.47,24,NA
2017-01-23T01:53:00,67,60,29.50,24,0.03
2017-01-23T02:53:00,67,59,29.50,15,0.00
2017-01-23T03:53:00,69,55,29.49,16,0.00
2017-01-23T04:53:00,69,54,29.48,17,0.00
2017-01-23T05:53:00,63,56,29.50,15,0.10
2017-01-23T06:53:00,64,55,29.52,21,T
2017-01-23T07:00:00,64,55,29.49,21,NA
2017-01-23T07:53:00,66,55,29.53,18,0.00
2017-01-23T08:53:00,68,56,29.56,17,0.00
2017-01-23T09:53:00,68,55,29.59,21,0.00
2017-01-23T10:00:00,68,55,29.56,21,NA
2017-01-23T10:53:00,69,55,29.60,18,0.00
2017-01-23T11:53:00,69,58,29.60,20,T
2017-01-23T12:53:00,70,57,29.60,17,0.00
2017-01-23T13:00:00,70,57,29.57,17,NA
2017-01-23T13:53:00,68,58,29.58,17,T
2017-01-23T14:46:00,69,58,29.58,21,NA
2017-01-23T14:53:00,70,58,29.58,20,0.01
2017-01-23T15:32:00,71,56,29.59,23,T
2017-01-23T15:53:00,69,57,29.60,24,T
2017-01-23T16:00:00,69,57,29.57,24,NA
2017-01-23T16:53:00,69,54,29.61,23,T
2017-01-23T17:53:00,67,56,29.64,15,0.00
2017-01-23T18:53:00,66,55,29.67,16,0.00
2017-01-23T19:00:00,66,55,29.64,16,NA
2017-01-23T19:53:00,65,54,29.70,17,0.00
2017-01-23T20:53:00,65,54,29.72,13,0.00
2017-01-23T21:53:00,66,54,29.75,15,0.00
2017-01-23T22:00:00,66,54,29.72,15,NA
2017-01-23T22:53:00,66,56,29.77,11,0.00
2017-01-23T23:53:00,66,55,29.78,11,0.00
2017-01-24T00:53:00,66,55,29.79,11,0.00
2017-01-24T01:00:00,66,55,29.76,11,NA
2017-01-24T01:53:00,65,55,29.79,13,0.00
2017-01-24T02:53:00,64,53,29.79,8,0.00
2017-01-24T03:53:00,62,52,29.80,7,0.00
2017-01-24T04:00:00,62,52,29.77,7,NA
2017-01-24T04:53:00,61,52,29.82,5,0.00
2017-01-24T05:53:00,60,52,29.83,0,0.00
2017-01-24T06:53:00,59,52,29.86,3,0.00
2017-01-24T07:00:00,59,52,29.83,3,NA
2017-01-24T07:53:00,60,53,29.88,3,0.00
2017-01-24T08:53:00,65,55,29.90,10,0.00
2017-01-24T09:53:00,69,55,29.92,11,0.00
2017-01-24T10:00:00,69,55,29.89,11,NA
2017-01-24T10:53:00,70,53,29.93,14,0.00
2017-01-24T11:53:00,71,54,29.93,14,0.00
2017-01-24T12:53:00,71,54,29.91,14,0.00
2017-01-24T13:00:00,71,54,29.88,14,NA
2017-01-24T13:53:00,71,52,29.90,13,0.00
2017-01-24T14:53:00,71,50,29.90,14,0.00
2017-01-24T15:53:00,70,45,29.90,14,0.00
2017-01-24T16:00:00,70,45,29.87,14,NA
2017-01-24T16:53:00,69,51,29.91,13,0.00
2017-01-24T17:53:00,66,55,29.92,8,0.00
2017-01-24T18:53:00,63,56,29.94,5,0.00
2017-01-24T19:00:00,63,56,29.91,5,NA
2017-01-24T19:53:00,63,56,29.95,3,0.00
2017-01-24T20:53:00,63,57,29.97,0,0.00
2017-01-24T21:53:00,64,58,29.99,3,0.00
2017-01-24T22:00:00,64,58,29.96,3,NA
2017-01-24T22:53:00,64,58,29.99,5,0.00
2017-01-24T23:53:00,60,57,29.99,0,0.00
2017-01-25T00:53:00,59,56,30.00,0,0.00
2017-01-25T01:00:00,59,56,29.97,0,NA
2017-01-25T01:53:00,58,55,30.00,0,0.00
2017-01-25T02:53:00,57,54,29.99,0,0.00
2017-01-25T03:53:00,57,55,29.98,0,0.00
2017-01-25T04:00:00,57,55,29.95,0,NA
2017-01-25T04:53:00,56,54,29.97,0,0.00
2017-01-25T05:53:00,57,56,29.98,0,0.00
2017-01-25T06:18:00,58,56,29.99,0,NA
2017-01-25T06:23:00,57,55,29.99,0,NA
2017-01-25T06:27:00,57,55,29.99,0,NA
2017-01-25T06:53:00,60,58,30.00,3,0.00
2017-01-25T07:00:00,60,58,29.97,3,NA
2017-01-25T07:10:00,60,58,30.00,3,NA
2017-01-25T07:51:00,61,59,30.01,6,NA
2017-01-25T07:53:00,61,59,30.01,6,0.00
2017-01-25T08:51:00,63,61,30.02,5,NA
2017-01-25T08:53:00,62,61,30.02,6,0.00
2017-01-25T09:10:00,64,62,30.02,3,NA
2017-01-25T09:50:00,66,63,30.03,10,NA
2017-01-25T09:53:00,66,62,30.04,8,0.00
2017-01-25T10:00:00,66,62,30.01,8,NA
2017-01-25T10:53:00,69,62,30.04,11,0.00
2017-01-25T11:53:00,71,63,30.03,11,0.00
2017-01-25T12:53:00,72,62,30.00,11,0.00
2017-01-25T13:00:00,72,62,29.97,11,NA
2017-01-25T13:53:00,72,63,29.97,15,0.00
2017-01-25T14:53:00,74,62,29.97,14,0.00
2017-01-25T15:26:00,73,63,29.97,15,NA
2017-01-25T15:53:00,73,63,29.98,11,0.00
2017-01-25T16:00:00,73,63,29.95,11,NA
2017-01-25T16:53:00,72,64,30.00,9,0.00
2017-01-25T17:15:00,71,62,30.00,10,NA
2017-01-25T17:53:00,71,62,30.00,8,0.00
2017-01-25T18:07:00,70,63,30.01,10,NA
2017-01-25T18:53:00,70,64,30.01,11,0.00
2017-01-25T19:00:00,70,64,29.98,11,NA
2017-01-25T19:53:00,70,62,30.00,10,0.00
2017-01-25T20:53:00,69,62,30.00,9,0.00
2017-01-25T21:53:00,68,63,30.01,8,0.00
2017-01-25T22:00:00,68,63,29.98,8,NA
2017-01-25T22:53:00,67,63,30.01,8,0.00
2017-01-25T23:53:00,67,63,30.00,7,0.00
2017-01-26T00:53:00,66,63,29.98,8,0.00
2017-01-26T01:00:00,66,63,29.95,8,NA
2017-01-26T01:53:00,66,63,29.98,7,0.00
2017-01-26T02:19:00,66,63,29.98,7,NA
2017-01-26T02:53:00,66,64,29.98,6,0.00
2017-01-26T03:27:00,68,65,29.98,8,NA
2017-01-26T03:53:00,68,65,29.98,10,0.00
2017-01-26T04:00:00,68,65,29.95,10,NA
2017-01-26T04:53:00,69,66,29.98,9,0.00
2017-01-26T05:38:00,69,66,29.98,11,NA
2017-01-26T05:53:00,69,66,29.99,14,0.00
2017-01-26T06:53:00,69,66,30.00,10,0.00
2017-01-26T07:00:00,69,66,29.97,10,NA
2017-01-26T07:53:00,70,67,30.01,11,0.00
2017-01-26T08:51:00,72,66,30.03,11,NA
2017-01-26T08:53:00,71,67,30.03,11,0.00
2017-01-26T09:51:00,73,66,30.05,11,NA
2017-01-26T09:53:00,73,67,30.06,9,0.00
2017-01-26T10:00:00,73,67,30.03,9,NA
2017-01-26T10:53:00,75,67,30.06,11,0.00
2017-01-26T11:51:00,77,68,30.05,10,NA
2017-01-26T11:53:00,76,68,30.04,10,0.00
2017-01-26T12:20:00,76,68,30.03,13,NA
2017-01-26T12:53:00,75,68,30.01,9,0.00
2017-01-26T13:00:00,75,68,29.98,9,NA
2017-01-26T13:53:00,76,68,30.00,9,0.00
2017-01-26T14:53:00,78,67,29.98,11,0.00
2017-01-26T15:53:00,78,66,29.99,9,0.00
2017-01-26T16:00:00,78,66,29.96,9,NA
2017-01-26T16:53:00,76,66,29.99,11,0.00
2017-01-26T17:53:00,74,67,30.00,10,0.00
2017-01-26T18:53:00,72,67,30.00,6,0.00
2017-01-26T19:33:00,72,67,30.01,9,NA
2017-01-26T19:49:00,72,66,30.01,6,NA
2017-01-26T19:53:00,71,66,30.01,7,0.00
2017-01-26T20:53:00,69,64,30.02,5,0.00
2017-01-26T21:46:00,67,62,30.05,9,NA
2017-01-26T21:53:00,67,62,30.05,8,0.00
2017-01-26T22:00:00,67,62,30.02,8,NA
2017-01-26T22:16:00,67,62,30.04,3,NA
2017-01-26T22:53:00,66,60,30.05,7,0.00
2017-01-26T23:53:00,66,57,30.04,7,0.00
2017-01-27T00:53:00,66,58,30.04,5,0.00
2017-01-27T01:53:00,66,58,30.04,5,0.00
2017-01-27T02:53:00,65,56,30.03,7,0.00
2017-01-27T03:53:00,65,55,30.03,5,0.00
2017-01-27T04:00:00,65,55,30.00,5,NA
2017-01-27T04:53:00,65,51,30.04,13,0.00
2017-01-27T05:53:00,63,44,30.06,11,0.00
2017-01-27T06:53:00,61,37,30.08,10,0.00
2017-01-27T07:00:00,61,37,30.05,10,NA
2017-01-27T07:53:00,60,39,30.10,9,0.00
2017-01-27T08:53:00,60,38,30.13,10,0.00
2017-01-27T09:53:00,60,36,30.16,7,0.00
2017-01-27T10:00:00,60,36,30.13,7,NA
2017-01-27T10:53:00,60,36,30.16,9,0.00
2017-01-27T11:53:00,60,36,30.14,7,0.00
2017-01-27T12:53:00,63,37,30.11,6,0.00
2017-01-27T13:00:00,63,37,30.08,6,NA
2017-01-27T13:53:00,63,36,30.08,8,0.00
2017-01-27T14:53:00,64,37,30.07,14,0.00
2017-01-27T15:53:00,62,38,30.07,15,0.00
2017-01-27T16:00:00,62,38,30.04,15,NA
2017-01-27T16:53:00,61,37,30.09,13,0.00
2017-01-27T17:53:00,58,40,30.09,10,0.00
2017-01-27T18:53:00,57,42,30.11,6,0.00
2017-01-27T19:00:00,57,42,30.08,6,NA
2017-01-27T19:53:00,58,43,30.11,6,0.00
2017-01-27T20:53:00,58,42,30.11,5,0.00
2017-01-27T21:53:00,58,42,30.12,6,0.00
2017-01-27T22:00:00,58,42,30.09,6,NA
2017-01-27T22:53:00,58,42,30.12,3,0.00
2017-01-27T23:53:00,58,41,30.11,7,0.00
2017-01-28T00:53:00,57,41,30.10,3,0.00
2017-01-28T01:00:00,57,41,30.07,3,NA
2017-01-28T01:53:00,57,42,30.10,3,0.00
2017-01-28T02:53:00,56,43,30.10,6,0.00
2017-01-28T03:53:00,55,43,30.09,7,0.00
2017-01-28T04:00:00,55,43,30.06,7,NA
2017-01-28T04:53:00,56,44,30.11,5,0.00
2017-01-28T05:53:00,54,40,30.13,7,0.00
2017-01-28T06:53:00,52,38,30.14,10,0.00
2017-01-28T07:00:00,52,38,30.11,10,NA
2017-01-28T07:53:00,50,33,30.16,10,0.00
2017-01-28T08:53:00,50,32,30.17,11,0.00
2017-01-28T09:53:00,53,33,30.18,10,0.00
2017-01-28T10:00:00,53,33,30.15,10,NA
2017-01-28T10:53:00,53,33,30.19,10,0.00
2017-01-28T11:53:00,54,32,30.18,9,0.00
2017-01-28T12:53:00,55,31,30.14,8,0.00
2017-01-28T13:00:00,55,31,30.11,8,NA
2017-01-28T13:53:00,57,32,30.11,5,0.00
2017-01-28T14:53:00,56,29,30.10,10,0.00
2017-01-28T15:53:00,54,30,30.11,15,0.00
2017-01-28T16:00:00,54,30,30.08,15,NA
2017-01-28T16:53:00,53,33,30.12,10,0.00
2017-01-28T17:53:00,53,33,30.12,10,0.00
2017-01-28T18:53:00,53,33,30.14,7,0.00
2017-01-28T19:00:00,53,33,30.11,7,NA
2017-01-28T19:53:00,53,34,30.15,5,0.00
2017-01-28T20:53:00,54,34,30.15,0,0.00
2017-01-28T21:53:00,54,35,30.16,5,0.00
2017-01-28T22:00:00,54,35,30.13,5,NA
2017-01-28T22:48:00,50,41,30.20,0,T
2017-01-28T22:53:00,50,41,30.19,0,T
2017-01-28T23:53:00,49,42,30.16,3,0.02
2017-01-29T00:53:00,49,45,30.14,5,0.04
2017-01-29T01:00:00,49,45,30.11,5,NA
2017-01-29T01:53:00,49,46,30.15,3,0.02
2017-01-29T02:53:00,49,46,30.13,3,0.01
2017-01-29T03:53:00,49,47,30.13,3,0.02
2017-01-29T04:00:00,49,47,30.10,3,NA
2017-01-29T04:53:00,50,47,30.12,0,0.03
2017-01-29T05:53:00,50,48,30.13,3,0.02
2017-01-29T06:38:00,51,49,30.13,5,0.01
2017-01-29T06:53:00,51,49,30.13,3,0.01
2017-01-29T07:00:00,51,49,30.10,3,NA
2017-01-29T07:53:00,52,50,30.13,3,0.01
2017-01-29T08:53:00,52,50,30.16,5,0.02
2017-01-29T09:08:00,53,50,30.17,3,0.01
2017-01-29T09:53:00,53,51,30.16,6,T
2017-01-29T10:00:00,53,51,30.13,6,NA
2017-01-29T10:09:00,53,51,30.18,3,T
2017-01-29T10:22:00,52,48,30.20,13,T
2017-01-29T10:53:00,51,47,30.18,7,0.01
2017-01-29T11:05:00,51,46,30.18,5,NA
2017-01-29T11:48:00,52,45,30.17,3,NA
2017-01-29T11:53:00,52,46,30.17,3,0.00
2017-01-29T12:53:00,53,47,30.13,3,0.00
2017-01-29T13:00:00,53,47,30.10,3,NA
2017-01-29T13:53:00,56,45,30.11,3,0.00
2017-01-29T14:53:00,57,46,30.07,7,0.00
2017-01-29T15:53:00,59,46,30.07,6,0.00
2017-01-29T16:00:00,59,46,30.04,6,NA
2017-01-29T16:53:00,59,48,30.07,6,0.00
2017-01-29T17:53:00,60,48,30.08,8,0.00
2017-01-29T18:53:00,58,49,30.08,8,0.00
2017-01-29T19:00:00,58,49,30.05,8,NA
2017-01-29T19:53:00,61,47,30.08,13,0.00
2017-01-29T20:53:00,62,47,30.09,11,0.00
2017-01-29T21:53:00,62,47,30.09,9,0.00
2017-01-29T22:00:00,62,47,30.06,9,NA
2017-01-29T22:53:00,62,47,30.10,11,0.00
2017-01-29T23:53:00,62,46,30.10,10,0.00
2017-01-30T00:53:00,62,46,30.10,10,0.00
2017-01-30T01:00:00,62,46,30.07,10,NA
2017-01-30T01:53:00,61,46,30.09,9,0.00
2017-01-30T02:53:00,60,46,30.09,7,0.00
2017-01-30T03:53:00,58,47,30.09,0,0.00
2017-01-30T04:00:00,58,47,30.06,0,NA
2017-01-30T04:53:00,58,46,30.09,0,0.00
2017-01-30T05:53:00,58,48,30.12,20,0.00
2017-01-30T06:11:00,58,45,30.14,16,NA
2017-01-30T06:53:00,56,42,30.17,17,0.00
2017-01-30T07:00:00,56,42,30.14,17,NA
2017-01-30T07:53:00,55,38,30.21,14,0.00
2017-01-30T08:53:00,56,37,30.24,11,0.00
2017-01-30T09:53:00,57,35,30.26,16,0.00
2017-01-30T10:00:00,57,35,30.23,16,NA
2017-01-30T10:53:00,59,32,30.26,14,0.00
2017-01-30T11:53:00,60,27,30.25,11,0.00
2017-01-30T12:53:00,61,27,30.22,9,0.00
2017-01-30T13:00:00,61,27,30.19,9,NA
2017-01-30T13:53:00,63,27,30.20,11,0.00
2017-01-30T14:53:00,63,27,30.19,15,0.00
2017-01-30T15:53:00,62,24,30.20,13,0.00
2017-01-30T16:00:00,62,24,30.17,13,NA
2017-01-30T16:53:00,61,25,30.22,11,0.00
2017-01-30T17:53:00,57,27,30.24,7,0.00
2017-01-30T18:53:00,56,30,30.24,6,0.00
2017-01-30T19:00:00,56,30,30.21,6,NA
2017-01-30T19:53:00,55,32,30.25,3,0.00
2017-01-30T20:53:00,54,36,30.25,0,0.00
2017-01-30T21:53:00,52,37,30.26,0,0.00
2017-01-30T22:00:00,52,37,30.23,0,NA
2017-01-30T22:53:00,54,39,30.26,0,0.00
2017-01-30T23:53:00,52,40,30.25,5,0.00
2017-01-31T00:53:00,52,41,30.25,0,0.00
2017-01-31T01:00:00,52,41,30.22,0,NA
2017-01-31T01:53:00,50,41,30.23,3,0.00
2017-01-31T02:53:00,48,41,30.22,0,0.00
2017-01-31T03:53:00,48,41,30.22,0,0.00
2017-01-31T04:00:00,48,41,30.19,0,NA
2017-01-31T04:53:00,51,43,30.23,5,0.00
2017-01-31T05:53:00,49,44,30.23,3,0.00
2017-01-31T06:53:00,51,43,30.25,3,0.00
2017-01-31T07:00:00,51,43,30.22,3,NA
2017-01-31T07:53:00,53,45,30.26,3,0.00
2017-01-31T08:53:00,58,47,30.29,7,0.00
2017-01-31T09:53:00,61,46,30.31,8,0.00
2017-01-31T10:00:00,61,46,30.28,8,NA
2017-01-31T10:53:00,64,47,30.31,8,0.00
2017-01-31T11:53:00,65,49,30.28,9,0.00
2017-01-31T12:53:00,66,50,30.25,9,0.00
2017-01-31T13:00:00,66,50,30.22,9,NA
2017-01-31T13:53:00,68,49,30.22,5,0.00
2017-01-31T14:53:00,68,49,30.19,5,0.00
2017-01-31T15:53:00,69,49,30.19,7,0.00
2017-01-31T16:00:00,69,49,30.16,7,NA
2017-01-31T16:53:00,66,51,30.20,7,0.00
2017-01-31T17:53:00,64,51,30.20,5,0.00
2017-01-31T18:53:00,63,51,30.21,0,0.00
2017-01-31T19:00:00,63,51,30.18,0,NA
2017-01-31T19:53:00,60,52,30.22,5,0.00
2017-01-31T20:53:00,58,52,30.23,0,0.00
2017-01-31T21:53:00,58,53,30.23,0,0.00
2017-01-31T22:00:00,58,53,30.20,0,NA
2017-01-31T22:53:00,57,52,30.23,0,0.00
2017-01-31T23:53:00,54,51,30.21,0,0.00
2017-02-01T00:53:00,53,50,30.21,0,0.00
2017-02-01T01:00:00,53,50,30.18,0,NA
2017-02-01T01:53:00,52,49,30.20,0,0.00
2017-02-01T02:53:00,51,48,30.20,0,0.00
2017-02-01T03:53:00,51,48,30.20,0,0.00
2017-02-01T04:00:00,51,48,30.17,0,NA
2017-02-01T04:53:00,51,48,30.19,0,0.00
2017-02-01T05:53:00,52,49,30.21,0,0.00
2017-02-01T06:53:00,53,49,30.22,0,0.00
2017-02-01T07:00:00,53,49,30.19,0,NA
2017-02-01T07:53:00,55,51,30.23,0,0.00
2017-02-01T08:53:00,59,51,30.25,5,0.00
2017-02-01T09:53:00,64,51,30.26,6,0.00
2017-02-01T10:00:00,64,51,30.23,6,NA
2017-02-01T10:53:00,69,47,30.26,6,0.00
2017-02-01T11:53:00,71,50,30.23,3,0.00
2017-02-01T12:53:00,70,50,30.20,7,0.00
2017-02-01T13:00:00,70,50,30.17,7,NA
2017-02-01T13:53:00,72,50,30.18,7,0.00
2017-02-01T14:53:00,72,49,30.16,6,0.00
2017-02-01T15:53:00,73,48,30.15,5,0.00
2017-02-01T16:00:00,73,48,30.12,5,NA
2017-02-01T16:53:00,72,49,30.17,8,0.00
2017-02-01T17:53:00,69,52,30.18,8,0.00
2017-02-01T18:53:00,65,52,30.18,6,0.00
2017-02-01T19:00:00,65,52,30.15,6,NA
2017-02-01T19:53:00,63,52,30.19,5,0.00
2017-02-01T20:53:00,61,51,30.20,5,0.00
2017-02-01T21:53:00,62,47,30.21,3,0.00
2017-02-01T22:00:00,62,47,30.18,3,NA
2017-02-01T22:53:00,61,48,30.21,6,0.00
2017-02-01T23:53:00,60,48,30.20,0,0.00
2017-02-02T00:53:00,59,49,30.20,0,0.00
2017-02-02T01:00:00,59,49,30.17,0,NA
2017-02-02T01:53:00,57,49,30.19,3,0.00
2017-02-02T02:53:00,58,48,30.17,5,0.00
2017-02-02T03:53:00,58,48,30.17,6,0.00
2017-02-02T04:00:00,58,48,30.14,6,NA
2017-02-02T04:53:00,58,48,30.17,3,0.00
2017-02-02T05:53:00,58,48,30.19,5,0.00
2017-02-02T06:53:00,58,48,30.21,3,0.00
2017-02-02T07:00:00,58,48,30.18,3,NA
2017-02-02T07:53:00,60,48,30.22,5,0.00
2017-02-02T08:53:00,63,50,30.23,5,0.00
2017-02-02T09:53:00,68,53,30.25,5,0.00
2017-02-02T10:00:00,68,53,30.22,5,NA
2017-02-02T10:53:00,72,57,30.25,3,0.00
2017-02-02T11:53:00,72,58,30.22,7,0.00
2017-02-02T12:53:00,73,59,30.18,7,0.00
2017-02-02T13:00:00,73,59,30.15,7,NA
2017-02-02T13:53:00,73,58,30.16,8,0.00
2017-02-02T14:53:00,75,56,30.15,6,0.00
2017-02-02T15:53:00,75,52,30.15,7,0.00
2017-02-02T16:00:00,75,52,30.12,7,NA
2017-02-02T16:53:00,74,55,30.17,6,0.00
2017-02-02T17:53:00,71,52,30.18,9,0.00
2017-02-02T18:53:00,68,51,30.19,7,0.00
2017-02-02T19:00:00,68,51,30.16,7,NA
2017-02-02T19:53:00,65,50,30.20,5,0.00
2017-02-02T20:53:00,64,50,30.20,5,0.00
2017-02-02T21:53:00,63,52,30.20,5,0.00
2017-02-02T22:00:00,63,52,30.17,5,NA
2017-02-02T22:53:00,63,53,30.20,3,0.00
2017-02-02T23:53:00,62,54,30.19,5,0.00
2017-02-03T00:53:00,62,54,30.19,3,0.00
2017-02-03T01:00:00,62,54,30.16,3,NA
2017-02-03T01:53:00,61,55,30.18,6,0.00
2017-02-03T02:53:00,59,53,30.17,5,0.00
2017-02-03T03:53:00,59,53,30.17,3,0.00
2017-02-03T04:00:00,59,53,30.14,3,NA
2017-02-03T04:53:00,59,53,30.17,5,0.00
2017-02-03T05:53:00,57,53,30.19,3,0.00
2017-02-03T06:53:00,57,53,30.20,5,0.00
2017-02-03T07:00:00,57,53,30.17,5,NA
2017-02-03T07:53:00,58,54,30.21,0,0.00
2017-02-03T08:53:00,63,55,30.22,5,0.00
2017-02-03T09:53:00,68,55,30.24,0,0.00
2017-02-03T10:00:00,68,55,30.21,0,NA
2017-02-03T10:53:00,71,57,30.24,6,0.00
2017-02-03T11:53:00,72,57,30.21,6,0.00
2017-02-03T12:53:00,74,57,30.18,7,0.00
2017-02-03T13:00:00,74,57,30.15,7,NA
2017-02-03T13:53:00,76,54,30.16,8,0.00
2017-02-03T14:53:00,77,53,30.15,13,0.00
2017-02-03T15:53:00,76,51,30.14,10,0.00
2017-02-03T16:00:00,76,51,30.11,10,NA
2017-02-03T16:53:00,75,51,30.16,13,0.00
2017-02-03T17:53:00,72,52,30.17,8,0.00
2017-02-03T18:53:00,69,52,30.18,6,0.00
2017-02-03T19:00:00,69,52,30.15,6,NA
2017-02-03T19:53:00,67,53,30.20,6,0.00
2017-02-03T20:53:00,65,55,30.21,3,0.00
2017-02-03T21:53:00,64,57,30.21,0,0.00
2017-02-03T22:00:00,64,57,30.18,0,NA
2017-02-03T22:53:00,64,58,30.21,3,0.00
2017-02-03T23:53:00,63,59,30.20,3,0.00
2017-02-04T00:53:00,61,58,30.19,3,0.00
2017-02-04T01:00:00,61,58,30.16,3,NA
2017-02-04T01:53:00,62,59,30.19,3,0.00
2017-02-04T02:53:00,61,58,30.17,5,0.00
2017-02-04T03:53:00,63,60,30.17,9,0.00
2017-02-04T04:00:00,63,60,30.14,9,NA
2017-02-04T04:38:00,62,59,30.17,3,NA
2017-02-04T04:53:00,63,60,30.18,5,0.00
2017-02-04T05:53:00,64,61,30.19,6,0.00
2017-02-04T06:31:00,64,60,30.20,6,NA
2017-02-04T06:53:00,63,59,30.21,8,0.00
2017-02-04T06:54:00,63,59,30.21,8,NA
2017-02-04T07:00:00,63,59,30.18,8,NA
2017-02-04T07:27:00,63,59,30.23,7,NA
2017-02-04T07:53:00,62,57,30.24,8,0.00
2017-02-04T08:51:00,63,57,30.26,6,NA
2017-02-04T08:53:00,63,57,30.26,7,0.00
2017-02-04T09:30:00,64,56,30.27,5,NA
2017-02-04T09:53:00,66,57,30.27,9,0.00
2017-02-04T10:00:00,66,57,30.24,9,NA
2017-02-04T10:14:00,68,57,30.27,8,NA
2017-02-04T10:53:00,69,57,30.27,7,0.00
2017-02-04T11:53:00,73,57,30.25,7,0.00
2017-02-04T12:53:00,74,57,30.21,5,0.00
2017-02-04T13:00:00,74,57,30.18,5,NA
2017-02-04T13:53:00,76,57,30.19,8,0.00
2017-02-04T14:53:00,76,56,30.17,3,0.00
2017-02-04T15:53:00,78,54,30.16,3,0.00
2017-02-04T16:00:00,78,54,30.13,3,NA
2017-02-04T16:53:00,74,59,30.16,9,0.00
2017-02-04T17:53:00,72,60,30.18,9,0.00
2017-02-04T18:53:00,69,58,30.19,8,0.00
2017-02-04T19:00:00,69,58,30.16,8,NA
2017-02-04T19:53:00,66,59,30.21,8,0.00
2017-02-04T20:53:00,67,57,30.22,6,0.00
2017-02-04T21:53:00,64,55,30.22,7,0.00
2017-02-04T22:00:00,64,55,30.19,7,NA
2017-02-04T22:53:00,62,55,30.22,6,0.00
2017-02-04T23:53:00,60,54,30.20,6,0.00
2017-02-05T00:53:00,59,53,30.19,7,0.00
2017-02-05T01:00:00,59,53,30.16,7,NA
2017-02-05T01:53:00,58,53,30.18,6,0.00
2017-02-05T02:53:00,57,52,30.18,7,0.00
2017-02-05T03:53:00,57,52,30.18,3,0.00
2017-02-05T04:00:00,57,52,30.15,3,NA
2017-02-05T04:14:00,57,52,30.18,8,NA
2017-02-05T04:53:00,56,53,30.18,8,0.00
2017-02-05T05:53:00,56,53,30.19,5,0.00
2017-02-05T06:21:00,56,53,30.21,8,NA
2017-02-05T06:30:00,56,54,30.21,8,NA
2017-02-05T06:53:00,55,54,30.21,7,0.00
2017-02-05T07:00:00,55,54,30.18,7,NA
2017-02-05T07:53:00,56,54,30.22,6,0.00
2017-02-05T08:53:00,57,54,30.23,5,0.00
2017-02-05T09:02:00,57,55,30.23,3,NA
2017-02-05T09:33:00,58,55,30.24,3,NA
2017-02-05T09:53:00,59,56,30.24,3,0.00
2017-02-05T10:00:00,59,56,30.21,3,NA
2017-02-05T10:04:00,60,56,30.24,3,NA
2017-02-05T10:53:00,63,57,30.23,3,0.00
2017-02-05T11:19:00,66,58,30.22,0,NA
2017-02-05T11:53:00,67,58,30.20,8,0.00
2017-02-05T12:53:00,66,59,30.17,9,0.00
2017-02-05T13:00:00,66,59,30.14,9,NA
2017-02-05T13:53:00,70,58,30.15,6,0.00
2017-02-05T14:53:00,71,59,30.13,11,0.00
2017-02-05T15:53:00,72,58,30.13,11,0.00
2017-02-05T16:00:00,72,58,30.10,11,NA
2017-02-05T16:53:00,68,56,30.15,11,0.00
2017-02-05T17:53:00,65,54,30.16,7,0.00
2017-02-05T18:53:00,62,54,30.17,7,0.00
2017-02-05T19:00:00,62,54,30.14,7,NA
2017-02-05T19:53:00,60,54,30.18,7,0.00
2017-02-05T20:53:00,59,55,30.19,5,0.00
2017-02-05T21:53:00,59,56,30.19,3,0.00
2017-02-05T22:00:00,59,56,30.16,3,NA
2017-02-05T22:53:00,59,56,30.19,6,0.00
2017-02-05T23:53:00,59,56,30.18,3,0.00
2017-02-06T00:53:00,59,55,30.18,3,0.00
2017-02-06T01:00:00,59,55,30.15,3,NA
2017-02-06T01:53:00,59,56,30.16,3,0.00
2017-02-06T02:53:00,59,56,30.15,0,0.00
2017-02-06T03:53:00,59,57,30.15,5,0.00
2017-02-06T04:00:00,59,57,30.12,5,NA
2017-02-06T04:53:00,57,54,30.16,0,0.00
2017-02-06T05:53:00,57,55,30.17,0,0.00
2017-02-06T06:53:00,57,54,30.18,0,0.00
2017-02-06T07:00:00,57,54,30.15,0,NA
2017-02-06T07:53:00,57,53,30.20,5,0.00
2017-02-06T08:53:00,60,55,30.21,6,0.00
2017-02-06T09:53:00,65,55,30.23,8,0.00
2017-02-06T10:00:00,65,55,30.20,8,NA
2017-02-06T10:53:00,71,55,30.23,7,0.00
2017-02-06T11:53:00,76,57,30.20,6,0.00
2017-02-06T12:53:00,76,59,30.17,3,0.00
2017-02-06T13:00:00,76,59,30.14,3,NA
2017-02-06T13:53:00,79,60,30.14,9,0.00
2017-02-06T14:53:00,79,54,30.11,8,0.00
2017-02-06T15:53:00,80,50,30.11,6,0.00
2017-02-06T16:00:00,80,50,30.08,6,NA
2017-02-06T16:53:00,80,51,30.11,6,0.00
2017-02-06T17:53:00,76,56,30.11,6,0.00
2017-02-06T18:53:00,73,56,30.12,7,0.00
2017-02-06T19:00:00,73,56,30.09,7,NA
2017-02-06T19:53:00,72,55,30.13,6,0.00
2017-02-06T20:53:00,69,54,30.13,3,0.00
2017-02-06T21:53:00,71,54,30.14,5,0.00
2017-02-06T22:00:00,71,54,30.11,5,NA
2017-02-06T22:53:00,70,56,30.14,7,0.00
2017-02-06T23:53:00,70,57,30.13,6,0.00
2017-02-07T00:53:00,68,58,30.11,6,0.00
2017-02-07T01:00:00,68,58,30.08,6,NA
2017-02-07T01:53:00,68,60,30.09,7,0.00
2017-02-07T02:53:00,67,60,30.08,5,0.00
2017-02-07T03:53:00,67,61,30.07,7,0.00
2017-02-07T04:00:00,67,61,30.04,7,NA
2017-02-07T04:53:00,66,61,30.07,6,0.00
2017-02-07T05:53:00,66,61,30.08,7,0.00
2017-02-07T06:53:00,66,61,30.08,7,0.00
2017-02-07T07:00:00,66,61,30.05,7,NA
2017-02-07T07:53:00,67,61,30.09,5,0.00
2017-02-07T08:53:00,68,62,30.09,7,0.00
2017-02-07T09:53:00,73,63,30.09,7,0.00
2017-02-07T10:00:00,73,63,30.06,7,NA
2017-02-07T10:53:00,77,64,30.09,10,0.00
2017-02-07T11:53:00,79,65,30.06,11,0.00
2017-02-07T12:53:00,79,65,30.03,11,0.00
2017-02-07T13:00:00,79,65,30.00,11,NA
2017-02-07T13:53:00,79,67,29.99,14,0.00
2017-02-07T14:53:00,79,66,29.96,17,0.00
2017-02-07T15:53:00,78,66,29.96,15,0.00
2017-02-07T16:00:00,78,66,29.93,15,NA
2017-02-07T16:53:00,76,67,29.95,15,0.00
2017-02-07T17:53:00,74,67,29.94,14,0.00
2017-02-07T18:53:00,71,67,29.95,8,0.00
2017-02-07T19:00:00,71,67,29.92,8,NA
2017-02-07T19:53:00,71,67,29.94,10,0.00
2017-02-07T20:53:00,70,67,29.95,10,0.00
2017-02-07T21:53:00,70,67,29.95,9,0.00
2017-02-07T22:00:00,70,67,29.92,9,NA
2017-02-07T22:53:00,70,67,29.95,10,0.00
2017-02-07T23:46:00,71,68,30.00,13,NA
2017-02-07T23:53:00,64,58,30.00,20,0.00
2017-02-08T00:03:00,64,59,30.00,17,NA
2017-02-08T00:22:00,62,60,30.01,13,0.12
2017-02-08T00:51:00,63,59,29.99,11,NA
2017-02-08T00:53:00,62,59,29.99,10,0.42s
2017-02-08T01:00:00,62,59,29.96,10,NA
2017-02-08T01:53:00,62,60,29.98,8,0.23
2017-02-08T02:14:00,62,60,29.96,6,0.05
2017-02-08T02:53:00,63,60,29.96,7,0.03
2017-02-08T03:53:00,63,60,29.94,3,0.03
2017-02-08T04:00:00,63,60,29.91,3,NA
2017-02-08T04:53:00,63,61,29.93,3,T
2017-02-08T05:53:00,64,61,29.93,3,0.00
2017-02-08T06:53:00,63,61,29.93,6,0.00
2017-02-08T07:00:00,63,61,29.90,6,NA
2017-02-08T07:53:00,65,62,29.94,8,0.00
2017-02-08T08:53:00,67,64,29.96,10,0.00
2017-02-08T09:53:00,70,65,29.97,11,0.00
2017-02-08T10:00:00,70,65,29.94,11,NA
2017-02-08T10:53:00,73,67,29.97,13,0.00
2017-02-08T11:39:00,76,67,29.98,11,NA
2017-02-08T11:53:00,76,67,29.97,11,0.00
2017-02-08T12:53:00,79,69,29.97,8,0.00
2017-02-08T13:00:00,79,69,29.94,8,NA
2017-02-08T13:28:00,79,69,29.95,10,NA
2017-02-08T13:53:00,80,69,29.95,14,0.00
2017-02-08T14:37:00,79,69,29.94,13,NA
2017-02-08T14:53:00,79,69,29.94,11,0.00
2017-02-08T15:53:00,78,70,29.93,10,0.00
2017-02-08T16:00:00,78,70,29.90,10,NA
2017-02-08T16:00:00,78,70,29.93,10,NA
2017-02-08T16:21:00,77,70,29.93,10,NA
2017-02-08T16:53:00,77,70,29.93,11,0.00
2017-02-08T17:53:00,74,70,29.95,8,0.00
2017-02-08T18:33:00,73,70,29.96,7,NA
2017-02-08T18:53:00,73,70,29.96,7,0.00
2017-02-08T19:00:00,73,70,29.93,7,NA
2017-02-08T19:21:00,73,70,29.96,7,NA
2017-02-08T19:53:00,73,70,29.96,9,0.00
2017-02-08T20:26:00,73,70,29.97,9,NA
2017-02-08T20:53:00,72,70,29.98,7,0.00
2017-02-08T21:50:00,73,70,29.98,9,NA
2017-02-08T21:53:00,73,70,29.98,7,0.00
2017-02-08T22:00:00,73,70,29.95,7,NA
2017-02-08T22:53:00,72,70,29.99,8,0.00
2017-02-08T23:53:00,73,70,29.98,8,0.00
2017-02-09T00:53:00,73,70,29.97,11,0.00
2017-02-09T01:00:00,73,70,29.94,11,NA
2017-02-09T01:53:00,73,70,29.97,11,0.00
2017-02-09T02:53:00,73,70,29.96,13,0.00
2017-02-09T03:53:00,73,70,29.97,13,0.00
2017-02-09T04:00:00,73,70,29.94,13,NA
2017-02-09T04:53:00,73,70,29.96,13,0.00
2017-02-09T05:51:00,73,70,29.98,13,NA
2017-02-09T05:53:00,73,70,29.98,13,0.00
2017-02-09T06:53:00,72,70,29.98,11,0.00
2017-02-09T07:00:00,72,70,29.95,11,NA
2017-02-09T07:18:00,73,70,30.00,13,NA
2017-02-09T07:49:00,73,70,30.02,13,NA
2017-02-09T07:51:00,73,70,30.02,14,NA
2017-02-09T07:53:00,74,70,30.02,13,0.00
2017-02-09T08:35:00,74,69,30.05,13,NA
2017-02-09T08:51:00,75,68,30.05,16,NA
2017-02-09T08:53:00,75,67,30.05,17,0.00
2017-02-09T09:15:00,75,67,30.05,16,NA
2017-02-09T09:53:00,76,67,30.07,13,0.00
2017-02-09T10:00:00,76,67,30.04,13,NA
2017-02-09T10:05:00,76,67,30.07,15,NA
2017-02-09T10:53:00,78,65,30.07,14,0.00
2017-02-09T11:24:00,77,65,30.07,17,NA
2017-02-09T11:53:00,78,64,30.08,17,0.00
2017-02-09T12:32:00,78,61,30.08,16,NA
2017-02-09T12:53:00,78,61,30.07,11,0.00
2017-02-09T13:00:00,78,61,30.04,11,NA
2017-02-09T13:53:00,79,51,30.07,15,0.00
2017-02-09T14:53:00,77,50,30.07,11,0.00
2017-02-09T15:53:00,75,52,30.08,9,0.00
2017-02-09T16:00:00,75,52,30.05,9,NA
2017-02-09T16:53:00,74,50,30.09,8,0.00
2017-02-09T17:53:00,69,50,30.12,10,0.00
2017-02-09T18:53:00,65,53,30.14,8,0.00
2017-02-09T19:00:00,65,53,30.11,8,NA
2017-02-09T19:53:00,64,53,30.18,8,0.00
2017-02-09T20:53:00,63,52,30.21,10,0.00
2017-02-09T21:53:00,62,53,30.24,7,0.00
2017-02-09T22:00:00,62,53,30.21,7,NA
2017-02-09T22:53:00,61,48,30.26,9,0.00
2017-02-09T23:53:00,62,36,30.28,15,0.00
2017-02-10T00:53:00,59,35,30.29,11,0.00
2017-02-10T01:00:00,59,35,30.26,11,NA
2017-02-10T01:53:00,58,35,30.30,11,0.00
2017-02-10T02:53:00,57,35,30.30,10,0.00
2017-02-10T03:53:00,55,34,30.30,10,0.00
2017-02-10T04:00:00,55,34,30.27,10,NA
2017-02-10T04:53:00,54,34,30.32,8,0.00
2017-02-10T05:53:00,53,33,30.33,8,0.00
2017-02-10T06:53:00,52,32,30.36,8,0.00
2017-02-10T07:00:00,52,32,30.33,8,NA
2017-02-10T07:53:00,52,34,30.38,8,0.00
2017-02-10T08:53:00,55,34,30.40,11,0.00
2017-02-10T09:53:00,59,36,30.41,8,0.00
2017-02-10T10:00:00,59,36,30.38,8,NA
2017-02-10T10:53:00,63,36,30.41,9,0.00
2017-02-10T11:53:00,67,35,30.39,8,0.00
2017-02-10T12:53:00,71,36,30.36,9,0.00
2017-02-10T13:00:00,71,36,30.33,9,NA
2017-02-10T13:53:00,72,35,30.34,10,0.00
2017-02-10T14:53:00,74,37,30.32,6,0.00
2017-02-10T15:53:00,74,37,30.31,7,0.00
2017-02-10T16:00:00,74,37,30.28,7,NA
2017-02-10T16:53:00,74,35,30.31,6,0.00
2017-02-10T17:53:00,72,34,30.32,8,0.00
2017-02-10T18:53:00,69,36,30.32,0,0.00
2017-02-10T19:00:00,69,36,30.29,0,NA
2017-02-10T19:53:00,67,38,30.32,0,0.00
2017-02-10T20:53:00,66,40,30.32,5,0.00
2017-02-10T21:53:00,64,46,30.33,5,0.00
2017-02-10T22:00:00,64,46,30.30,5,NA
2017-02-10T22:53:00,63,48,30.33,7,0.00
2017-02-10T23:53:00,62,49,30.32,7,0.00
2017-02-11T00:53:00,60,50,30.30,6,0.00
2017-02-11T01:00:00,60,50,30.27,6,NA
2017-02-11T01:53:00,60,51,30.28,5,0.00
2017-02-11T02:53:00,59,51,30.27,3,0.00
2017-02-11T03:53:00,59,51,30.27,0,0.00
2017-02-11T04:00:00,59,51,30.24,0,NA
2017-02-11T04:53:00,57,51,30.27,0,0.00
2017-02-11T05:53:00,55,51,30.28,0,0.00
2017-02-11T06:53:00,56,51,30.29,0,0.00
2017-02-11T07:00:00,56,51,30.26,0,NA
2017-02-11T07:53:00,58,52,30.30,0,0.00
2017-02-11T08:53:00,63,54,30.32,0,0.00
2017-02-11T09:53:00,69,55,30.33,5,0.00
2017-02-11T10:00:00,69,55,30.30,5,NA
2017-02-11T10:53:00,73,57,30.33,7,0.00
2017-02-11T11:53:00,72,58,30.32,7,0.00
2017-02-11T12:53:00,75,56,30.29,10,0.00
2017-02-11T13:00:00,75,56,30.26,10,NA
2017-02-11T13:53:00,77,48,30.26,7,0.00
2017-02-11T14:53:00,77,55,30.25,7,0.00
2017-02-11T15:53:00,75,58,30.23,7,0.00
2017-02-11T16:00:00,75,58,30.20,7,NA
2017-02-11T16:53:00,75,56,30.22,8,0.00
2017-02-11T17:53:00,72,58,30.23,7,0.00
2017-02-11T18:53:00,70,58,30.23,8,0.00
2017-02-11T19:00:00,70,58,30.20,8,NA
2017-02-11T19:53:00,68,59,30.24,3,0.00
2017-02-11T20:53:00,65,59,30.25,0,0.00
2017-02-11T21:53:00,64,59,30.25,0,0.00
2017-02-11T22:00:00,64,59,30.22,0,NA
2017-02-11T22:53:00,63,59,30.25,0,0.00
2017-02-11T23:53:00,63,59,30.24,0,0.00
2017-02-12T00:53:00,60,56,30.22,0,0.00
2017-02-12T01:00:00,60,56,30.19,0,NA
2017-02-12T01:53:00,61,57,30.21,0,0.00
2017-02-12T02:53:00,61,57,30.20,0,0.00
2017-02-12T03:53:00,58,54,30.19,0,0.00
2017-02-12T04:00:00,58,54,30.16,0,NA
2017-02-12T04:53:00,57,55,30.19,0,0.00
2017-02-12T05:53:00,58,55,30.20,0,0.00
2017-02-12T06:53:00,59,56,30.21,0,0.00
2017-02-12T07:00:00,59,56,30.18,0,NA
2017-02-12T07:53:00,61,58,30.22,3,0.00
2017-02-12T08:53:00,67,58,30.24,0,0.00
2017-02-12T09:53:00,71,56,30.25,6,0.00
2017-02-12T10:00:00,71,56,30.22,6,NA
2017-02-12T10:53:00,71,60,30.25,8,0.00
2017-02-12T11:53:00,74,55,30.24,6,0.00
2017-02-12T12:53:00,76,54,30.21,3,0.00
2017-02-12T13:00:00,76,54,30.18,3,NA
2017-02-12T13:53:00,76,55,30.17,7,0.00
2017-02-12T14:53:00,76,55,30.15,8,0.00
2017-02-12T15:53:00,77,51,30.15,13,0.00
2017-02-12T16:00:00,77,51,30.12,13,NA
2017-02-12T16:53:00,75,51,30.15,14,0.00
2017-02-12T17:53:00,72,54,30.16,8,0.00
2017-02-12T18:53:00,69,56,30.16,7,0.00
2017-02-12T19:00:00,69,56,30.13,7,NA
2017-02-12T19:53:00,68,61,30.16,8,0.00
2017-02-12T20:53:00,68,62,30.15,8,0.00
2017-02-12T21:53:00,68,63,30.15,6,0.00
2017-02-12T22:00:00,68,63,30.12,6,NA
2017-02-12T22:53:00,67,63,30.15,6,0.00
2017-02-12T23:53:00,67,64,30.13,7,0.00
2017-02-13T00:53:00,67,64,30.13,6,0.00
2017-02-13T01:00:00,67,64,30.10,6,NA
2017-02-13T01:53:00,67,63,30.12,3,0.00
2017-02-13T02:53:00,67,64,30.11,6,0.00
2017-02-13T03:53:00,67,64,30.09,5,0.00
2017-02-13T04:00:00,67,64,30.06,5,NA
2017-02-13T04:53:00,67,65,30.08,7,0.00
2017-02-13T05:45:00,67,65,30.08,6,NA
2017-02-13T05:53:00,67,65,30.08,5,0.00
2017-02-13T06:04:00,67,64,30.09,5,NA
2017-02-13T06:53:00,67,65,30.09,3,0.00
2017-02-13T07:00:00,67,65,30.06,3,NA
2017-02-13T07:00:00,67,65,30.09,5,NA
2017-02-13T07:10:00,68,65,30.10,6,NA
2017-02-13T07:49:00,68,64,30.10,5,NA
2017-02-13T07:53:00,68,66,30.10,6,0.00
2017-02-13T08:51:00,72,66,30.11,6,NA
2017-02-13T08:53:00,71,66,30.11,5,0.00
2017-02-13T09:23:00,71,65,30.11,10,NA
2017-02-13T09:53:00,72,65,30.11,7,0.00
2017-02-13T10:00:00,72,65,30.08,7,NA
2017-02-13T10:18:00,74,65,30.11,9,NA
2017-02-13T10:53:00,75,65,30.11,6,0.00
2017-02-13T11:53:00,76,67,30.09,9,0.00
2017-02-13T12:05:00,75,66,30.09,11,NA
2017-02-13T12:53:00,76,66,30.06,11,0.00
2017-02-13T13:00:00,76,66,30.03,11,NA
2017-02-13T13:53:00,76,66,30.03,11,0.00
2017-02-13T14:53:00,76,67,30.01,10,0.00
2017-02-13T15:53:00,77,67,30.00,11,0.00
2017-02-13T16:00:00,77,67,29.97,11,NA
2017-02-13T16:53:00,75,65,30.00,13,0.00
2017-02-13T17:53:00,72,65,30.02,10,0.00
2017-02-13T18:53:00,69,64,30.03,6,0.00
2017-02-13T19:00:00,69,64,30.00,6,NA
2017-02-13T19:53:00,68,64,30.03,5,0.00
2017-02-13T20:53:00,67,64,30.04,3,0.00
2017-02-13T21:17:00,67,64,30.04,6,NA
2017-02-13T21:27:00,67,64,30.04,6,NA
2017-02-13T21:53:00,67,64,30.05,7,0.00
2017-02-13T22:00:00,67,64,30.02,7,NA
2017-02-13T22:12:00,66,64,30.04,7,NA
2017-02-13T22:53:00,66,64,30.04,6,0.00
2017-02-13T23:51:00,66,64,30.03,3,NA
2017-02-13T23:53:00,66,64,30.03,3,0.00
2017-02-14T00:51:00,66,63,30.02,3,NA
2017-02-14T00:53:00,66,63,30.02,3,0.00
2017-02-14T01:00:00,66,63,29.99,3,NA
2017-02-14T01:53:00,65,61,30.01,5,0.00
2017-02-14T02:53:00,64,60,30.00,0,0.00
2017-02-14T03:53:00,63,59,30.00,0,0.00
2017-02-14T04:00:00,63,59,29.97,0,NA
2017-02-14T04:53:00,62,58,30.00,0,0.00
2017-02-14T05:36:00,64,59,30.00,3,NA
2017-02-14T05:53:00,64,59,30.00,0,0.00
2017-02-14T06:53:00,65,59,30.00,0,0.00
2017-02-14T07:00:00,65,59,29.97,0,NA
2017-02-14T07:53:00,67,59,30.02,0,0.00
2017-02-14T08:53:00,68,60,30.03,3,0.00
2017-02-14T09:53:00,69,62,30.04,6,0.00
2017-02-14T10:00:00,69,62,30.01,6,NA
2017-02-14T10:53:00,71,63,30.04,6,0.00
2017-02-14T11:53:00,73,63,30.02,7,0.00
2017-02-14T12:14:00,74,63,30.01,3,NA
2017-02-14T12:53:00,75,63,29.98,7,0.00
2017-02-14T13:00:00,75,63,29.95,7,NA
2017-02-14T13:53:00,75,64,29.95,5,0.00
2017-02-14T14:53:00,77,63,29.92,6,0.00
2017-02-14T15:53:00,77,64,29.91,3,0.00
2017-02-14T16:00:00,77,64,29.88,3,NA
2017-02-14T16:53:00,76,63,29.92,7,0.00
2017-02-14T17:53:00,74,63,29.94,10,0.00
2017-02-14T18:53:00,72,64,29.95,8,0.00
2017-02-14T19:00:00,72,64,29.92,8,NA
2017-02-14T19:53:00,69,64,29.96,8,0.00
2017-02-14T20:42:00,68,65,29.96,8,NA
2017-02-14T20:53:00,68,65,29.96,7,0.00
2017-02-14T21:53:00,67,64,29.96,6,0.00
2017-02-14T22:00:00,67,64,29.93,6,NA
2017-02-14T22:53:00,68,64,29.94,5,0.00
2017-02-14T23:53:00,68,64,29.92,6,0.00
2017-02-15T00:53:00,68,65,29.91,7,0.00
2017-02-15T01:00:00,68,65,29.88,7,NA
2017-02-15T01:53:00,68,65,29.89,8,0.00
2017-02-15T02:00:00,68,65,29.89,7,NA
2017-02-15T02:53:00,68,65,29.88,10,0.00
2017-02-15T03:19:00,68,66,29.87,11,NA
2017-02-15T03:53:00,69,66,29.87,13,0.00
2017-02-15T04:00:00,69,66,29.84,13,NA
2017-02-15T04:51:00,68,64,29.85,10,NA
2017-02-15T04:53:00,68,65,29.86,9,0.00
2017-02-15T05:51:00,70,66,29.85,13,NA
2017-02-15T05:53:00,69,66,29.85,14,0.00
2017-02-15T06:53:00,69,65,29.88,13,0.00
2017-02-15T07:00:00,69,65,29.85,13,NA
2017-02-15T07:12:00,68,65,29.88,13,NA
2017-02-15T07:51:00,70,66,29.88,13,NA
2017-02-15T07:53:00,69,66,29.88,13,0.00
2017-02-15T08:53:00,72,67,29.88,15,0.00
2017-02-15T09:53:00,74,67,29.86,17,0.00
2017-02-15T10:00:00,74,67,29.83,17,NA
2017-02-15T10:53:00,75,67,29.86,17,0.00
2017-02-15T11:45:00,76,67,29.85,18,NA
2017-02-15T11:53:00,77,68,29.84,17,0.00
2017-02-15T12:53:00,77,67,29.83,22,0.00
2017-02-15T13:00:00,77,67,29.80,22,NA
2017-02-15T13:53:00,77,68,29.80,23,0.00
2017-02-15T14:01:00,77,68,29.80,21,NA
2017-02-15T14:18:00,78,68,29.79,20,NA
2017-02-15T14:53:00,78,69,29.78,21,0.00
2017-02-15T15:40:00,77,68,29.76,22,T
2017-02-15T15:53:00,74,68,29.78,26,0.02s
2017-02-15T15:56:00,73,68,29.79,21,0.01
2017-02-15T16:00:00,74,68,29.75,26,NA
2017-02-15T16:17:00,73,67,29.80,15,0.02
2017-02-15T16:21:00,73,66,29.80,17,0.02
2017-02-15T16:45:00,72,65,29.80,17,0.02
2017-02-15T16:53:00,72,65,29.81,16,T
2017-02-15T17:49:00,72,63,29.82,15,NA
2017-02-15T17:53:00,71,63,29.82,15,0.00
2017-02-15T18:34:00,70,62,29.83,14,NA
2017-02-15T18:53:00,70,63,29.84,15,0.00
2017-02-15T19:00:00,70,63,29.81,15,NA
2017-02-15T19:53:00,69,60,29.85,13,0.00
2017-02-15T20:44:00,68,58,29.86,15,NA
2017-02-15T20:53:00,68,57,29.86,15,0.00
2017-02-15T21:51:00,68,57,29.86,16,NA
2017-02-15T21:53:00,67,58,29.86,20,0.00
2017-02-15T22:00:00,67,58,29.83,20,NA
2017-02-15T22:23:00,67,56,29.88,16,NA
2017-02-15T22:53:00,67,57,29.89,11,0.00
2017-02-15T23:53:00,66,57,29.90,14,0.00
2017-02-16T00:53:00,66,56,29.90,13,0.00
2017-02-16T01:00:00,66,56,29.87,13,NA
2017-02-16T01:53:00,66,55,29.91,14,0.00
2017-02-16T02:53:00,65,53,29.92,14,0.00
2017-02-16T03:53:00,65,52,29.92,10,0.00
2017-02-16T04:00:00,65,52,29.89,10,NA
2017-02-16T04:53:00,64,54,29.93,10,0.00
2017-02-16T05:53:00,61,52,29.94,14,0.00
2017-02-16T06:53:00,60,50,29.95,10,0.00
2017-02-16T07:00:00,60,50,29.92,10,NA
2017-02-16T07:53:00,61,50,29.98,11,0.00
2017-02-16T08:53:00,61,42,30.02,10,0.00
2017-02-16T09:53:00,63,44,30.03,7,0.00
2017-02-16T10:00:00,63,44,30.00,7,NA
2017-02-16T10:53:00,66,45,30.04,9,0.00
2017-02-16T11:53:00,67,42,30.04,10,0.00
2017-02-16T12:53:00,68,43,30.03,14,0.00
2017-02-16T13:00:00,68,43,30.00,14,NA
2017-02-16T13:53:00,68,46,30.03,13,0.00
2017-02-16T14:53:00,67,44,30.01,15,0.00
2017-02-16T15:53:00,66,44,30.00,9,0.00
2017-02-16T16:00:00,66,44,29.97,9,NA
2017-02-16T16:53:00,65,42,30.01,13,0.00
2017-02-16T17:53:00,62,40,30.02,10,0.00
2017-02-16T18:53:00,59,42,30.04,8,0.00
2017-02-16T19:00:00,59,42,30.01,8,NA
2017-02-16T19:53:00,57,43,30.05,5,0.00
2017-02-16T20:53:00,57,44,30.07,0,0.00
2017-02-16T21:53:00,55,44,30.08,3,0.00
2017-02-16T22:00:00,55,44,30.05,3,NA
2017-02-16T22:53:00,55,45,30.09,3,0.00
2017-02-16T23:53:00,54,45,30.07,3,0.00
2017-02-17T00:53:00,52,44,30.07,3,0.00
2017-02-17T01:00:00,52,44,30.04,3,NA
2017-02-17T01:53:00,54,45,30.07,5,0.00
2017-02-17T02:53:00,53,46,30.06,0,0.00
2017-02-17T03:53:00,53,45,30.06,0,0.00
2017-02-17T04:00:00,53,45,30.03,0,NA
2017-02-17T04:53:00,51,44,30.07,0,0.00
2017-02-17T05:53:00,50,44,30.09,0,0.00
2017-02-17T06:53:00,52,44,30.11,0,0.00
2017-02-17T07:00:00,52,44,30.08,0,NA
2017-02-17T07:53:00,53,45,30.12,5,0.00
2017-02-17T08:53:00,58,43,30.14,6,0.00
2017-02-17T09:53:00,63,40,30.14,0,0.00
2017-02-17T10:00:00,63,40,30.11,0,NA
2017-02-17T10:53:00,68,36,30.14,5,0.00
2017-02-17T11:53:00,69,42,30.12,3,0.00
2017-02-17T12:53:00,70,43,30.10,9,0.00
2017-02-17T13:00:00,70,43,30.07,9,NA
2017-02-17T13:53:00,71,39,30.08,9,0.00
2017-02-17T14:53:00,72,38,30.05,7,0.00
2017-02-17T15:53:00,73,37,30.03,7,0.00
2017-02-17T16:00:00,73,37,30.00,7,NA
2017-02-17T16:53:00,72,40,30.04,5,0.00
2017-02-17T17:53:00,69,46,30.04,8,0.00
2017-02-17T18:53:00,65,46,30.04,6,0.00
2017-02-17T19:00:00,65,46,30.01,6,NA
2017-02-17T19:53:00,63,46,30.05,6,0.00
2017-02-17T20:53:00,61,46,30.07,5,0.00
2017-02-17T21:53:00,61,48,30.05,3,0.00
2017-02-17T22:00:00,61,48,30.02,3,NA
2017-02-17T22:53:00,59,47,30.05,3,0.00
2017-02-17T23:53:00,60,48,30.05,0,0.00
2017-02-18T00:53:00,60,48,30.02,3,0.00
2017-02-18T01:00:00,60,48,29.99,3,NA
2017-02-18T01:53:00,59,48,30.02,6,0.00
2017-02-18T02:53:00,58,47,30.02,6,0.00
2017-02-18T03:53:00,57,46,30.00,5,0.00
2017-02-18T04:00:00,57,46,29.97,5,NA
2017-02-18T04:53:00,58,44,29.99,3,0.00
2017-02-18T05:29:00,58,44,30.01,5,NA
2017-02-18T05:53:00,59,43,30.01,5,0.00
2017-02-18T06:53:00,59,44,30.01,3,0.00
2017-02-18T07:00:00,59,44,29.98,3,NA
2017-02-18T07:53:00,60,45,30.02,5,0.00
2017-02-18T08:25:00,62,47,30.03,3,NA
2017-02-18T08:53:00,64,51,30.03,6,0.00
2017-02-18T09:53:00,71,59,30.03,11,0.00
2017-02-18T10:00:00,71,59,30.00,11,NA
2017-02-18T10:53:00,70,60,30.04,13,0.00
2017-02-18T11:53:00,72,60,30.04,5,0.00
2017-02-18T12:53:00,71,60,30.01,0,0.00
2017-02-18T13:20:00,70,61,30.02,8,T
2017-02-18T13:38:00,66,62,30.03,14,0.09
2017-02-18T13:42:00,66,62,30.04,16,0.10
2017-02-18T13:53:00,65,62,30.03,9,0.13
2017-02-18T14:03:00,66,62,30.01,8,0.01
2017-02-18T14:50:00,64,63,30.00,5,0.02
2017-02-18T14:53:00,65,62,29.99,5,0.02
2017-02-18T15:53:00,67,62,29.98,3,T
2017-02-18T16:00:00,67,62,29.95,3,NA
2017-02-18T16:51:00,66,61,29.98,0,NA
2017-02-18T16:53:00,67,61,29.98,0,0.00
2017-02-18T17:53:00,68,62,29.98,0,0.00
2017-02-18T18:51:00,66,63,29.98,3,NA
2017-02-18T18:53:00,67,62,29.98,5,0.00
2017-02-18T19:00:00,67,62,29.95,5,NA
2017-02-18T19:51:00,66,63,29.98,0,NA
2017-02-18T19:53:00,67,63,29.98,0,0.00
2017-02-18T20:53:00,68,64,30.00,3,0.00
2017-02-18T21:53:00,67,65,30.01,3,0.00
2017-02-18T22:00:00,67,65,29.98,3,NA
2017-02-18T22:53:00,68,66,30.00,5,0.00
2017-02-18T23:30:00,68,66,30.01,8,NA
2017-02-18T23:53:00,68,66,30.01,3,0.00
2017-02-19T00:53:00,68,65,30.00,0,0.00
2017-02-19T01:00:00,68,65,29.97,0,NA
2017-02-19T01:53:00,66,65,30.00,3,0.00
2017-02-19T02:23:00,67,65,29.99,0,NA
2017-02-19T02:26:00,67,65,29.99,0,NA
2017-02-19T02:34:00,67,66,29.98,3,NA
2017-02-19T02:53:00,67,65,29.99,0,0.00
2017-02-19T03:51:00,68,66,29.99,5,NA
2017-02-19T03:53:00,68,67,29.99,3,0.00
2017-02-19T03:58:00,68,67,29.99,7,NA
2017-02-19T04:00:00,68,67,29.96,3,NA
2017-02-19T04:19:00,68,67,29.99,7,NA
2017-02-19T04:48:00,68,66,29.99,5,NA
2017-02-19T04:51:00,68,66,29.99,5,NA
2017-02-19T04:53:00,68,67,29.99,5,0.00
2017-02-19T05:23:00,68,67,30.00,3,NA
2017-02-19T05:51:00,68,66,30.01,3,NA
2017-02-19T05:53:00,68,67,30.01,3,0.00
2017-02-19T06:24:00,69,67,30.02,0,NA
2017-02-19T06:43:00,69,68,30.03,3,NA
2017-02-19T06:51:00,70,68,30.03,3,NA
2017-02-19T06:53:00,69,67,30.03,3,0.00
2017-02-19T07:00:00,69,67,30.00,3,NA
2017-02-19T07:05:00,68,67,30.03,5,NA
2017-02-19T07:11:00,69,67,30.03,3,NA
2017-02-19T07:21:00,69,67,30.04,3,NA
2017-02-19T07:26:00,69,67,30.04,3,NA
2017-02-19T07:34:00,69,67,30.05,5,NA
2017-02-19T07:46:00,69,68,30.05,3,NA
2017-02-19T07:53:00,69,67,30.05,3,0.00
2017-02-19T08:24:00,69,67,30.07,3,NA
2017-02-19T08:30:00,69,68,30.07,3,NA
2017-02-19T08:35:00,69,68,30.07,0,NA
2017-02-19T08:50:00,70,68,30.08,0,NA
2017-02-19T08:53:00,69,68,30.08,0,0.00
2017-02-19T09:02:00,69,67,30.08,3,NA
2017-02-19T09:33:00,71,68,30.08,3,NA
2017-02-19T09:53:00,72,67,30.08,5,0.00
2017-02-19T10:00:00,72,67,30.05,5,NA
2017-02-19T10:53:00,73,67,30.08,7,0.00
2017-02-19T11:25:00,75,67,30.07,6,NA
2017-02-19T11:40:00,76,67,30.07,7,NA
2017-02-19T11:53:00,77,66,30.07,9,0.00
2017-02-19T12:53:00,78,64,30.05,10,0.00
2017-02-19T13:00:00,78,64,30.02,10,NA
2017-02-19T13:53:00,79,63,30.03,10,0.00
2017-02-19T14:53:00,79,61,30.03,11,0.00
2017-02-19T15:53:00,80,53,30.02,10,0.00
2017-02-19T16:00:00,80,53,29.99,10,NA
2017-02-19T16:53:00,80,52,30.04,8,0.00
2017-02-19T17:53:00,76,55,30.04,9,0.00
2017-02-19T18:53:00,70,60,30.06,8,0.00
2017-02-19T19:00:00,70,60,30.03,8,NA
2017-02-19T19:53:00,66,61,30.06,5,0.00
2017-02-19T20:53:00,64,61,30.08,6,0.00
2017-02-19T21:53:00,63,60,30.09,5,0.00
2017-02-19T22:00:00,63,60,30.06,5,NA
2017-02-19T22:53:00,63,59,30.09,5,0.00
2017-02-19T23:53:00,62,59,30.10,0,0.00
2017-02-20T00:41:00,62,59,30.10,0,NA
2017-02-20T00:53:00,62,60,30.10,0,0.00
2017-02-20T01:00:00,62,60,30.07,0,NA
2017-02-20T01:51:00,63,61,30.10,3,NA
2017-02-20T01:53:00,62,60,30.10,3,0.00
2017-02-20T02:51:00,61,57,30.09,3,NA
2017-02-20T02:53:00,60,58,30.09,3,0.00
2017-02-20T03:00:00,60,59,30.09,3,NA
2017-02-20T03:16:00,60,58,30.09,3,NA
2017-02-20T03:27:00,60,58,30.09,3,NA
2017-02-20T03:41:00,60,59,30.08,3,NA
2017-02-20T03:48:00,61,57,30.08,3,NA
2017-02-20T03:53:00,60,58,30.08,5,0.00
2017-02-20T04:00:00,60,58,30.05,5,NA
2017-02-20T04:53:00,61,59,30.09,0,0.00
2017-02-20T05:53:00,60,58,30.10,0,0.00
2017-02-20T06:53:00,61,58,30.11,0,0.00
2017-02-20T07:00:00,61,58,30.08,0,NA
2017-02-20T07:53:00,62,58,30.13,0,0.00
2017-02-20T08:53:00,68,61,30.15,0,0.00
2017-02-20T09:53:00,72,60,30.16,3,0.00
2017-02-20T10:00:00,72,60,30.13,3,NA
2017-02-20T10:53:00,75,59,30.16,7,0.00
2017-02-20T11:53:00,77,59,30.13,7,0.00
2017-02-20T12:53:00,80,58,30.10,9,0.00
2017-02-20T13:00:00,80,58,30.07,9,NA
2017-02-20T13:53:00,81,58,30.08,8,0.00
2017-02-20T14:53:00,81,60,30.06,11,0.00
2017-02-20T15:53:00,81,59,30.06,8,0.00
2017-02-20T16:00:00,81,59,30.03,8,NA
2017-02-20T16:53:00,83,57,30.06,7,0.00
2017-02-20T17:53:00,77,62,30.08,14,0.00
2017-02-20T18:53:00,73,60,30.09,7,0.00
2017-02-20T19:00:00,73,60,30.06,7,NA
2017-02-20T19:53:00,71,60,30.10,6,0.00
2017-02-20T20:53:00,70,60,30.10,3,0.00
2017-02-20T21:53:00,69,61,30.11,0,0.00
2017-02-20T22:00:00,69,61,30.08,0,NA
2017-02-20T22:53:00,68,61,30.10,3,0.00
2017-02-20T23:53:00,68,61,30.10,0,0.00
2017-02-21T00:53:00,69,61,30.09,5,0.00
2017-02-21T01:00:00,69,61,30.06,5,NA
2017-02-21T01:53:00,69,61,30.08,5,0.00
2017-02-21T02:53:00,68,60,30.07,5,0.00
2017-02-21T03:53:00,68,60,30.07,3,0.00
2017-02-21T04:00:00,68,60,30.04,3,NA
2017-02-21T04:53:00,67,61,30.08,5,0.00
2017-02-21T05:53:00,67,61,30.09,0,0.00
2017-02-21T06:53:00,68,60,30.10,5,0.00
2017-02-21T07:00:00,68,60,30.07,5,NA
2017-02-21T07:53:00,68,59,30.09,5,0.00
2017-02-21T08:53:00,70,59,30.09,9,0.00
2017-02-21T09:53:00,72,59,30.10,7,0.00
2017-02-21T10:00:00,72,59,30.07,7,NA
2017-02-21T10:53:00,73,59,30.08,10,0.00
2017-02-21T11:53:00,75,60,30.08,9,0.00
2017-02-21T12:53:00,76,59,30.03,10,0.00
2017-02-21T13:53:00,78,59,29.99,8,0.00
2017-02-21T14:53:00,79,57,29.96,10,0.00
2017-02-21T15:53:00,79,57,29.96,6,0.00
2017-02-21T16:00:00,79,57,29.93,6,NA
2017-02-21T16:53:00,77,61,29.94,8,0.00
2017-02-21T17:53:00,75,63,29.94,9,0.00
2017-02-21T18:53:00,71,62,29.95,8,0.00
2017-02-21T19:00:00,71,62,29.92,8,NA
2017-02-21T19:53:00,70,62,29.95,0,0.00
2017-02-21T20:53:00,70,61,29.93,0,0.00
2017-02-21T21:53:00,71,61,29.91,5,0.00
2017-02-21T22:00:00,71,61,29.88,5,NA
2017-02-21T22:53:00,71,61,29.91,6,0.00
2017-02-21T23:53:00,71,61,29.88,10,0.00
2017-02-22T00:53:00,71,60,29.85,8,0.00
2017-02-22T01:00:00,71,60,29.82,8,NA
2017-02-22T01:53:00,70,61,29.83,9,0.00
2017-02-22T02:53:00,70,60,29.79,10,0.00
2017-02-22T03:53:00,70,61,29.79,7,0.00
2017-02-22T04:00:00,70,61,29.76,7,NA
2017-02-22T04:53:00,69,61,29.77,6,0.00
2017-02-22T05:53:00,69,62,29.79,5,T
2017-02-22T06:53:00,67,63,29.79,3,0.04s
2017-02-22T07:00:00,67,63,29.76,3,NA
2017-02-22T07:53:00,67,64,29.79,5,0.03
2017-02-22T08:53:00,67,64,29.74,11,0.02
2017-02-22T09:10:00,68,64,29.75,11,T
2017-02-22T09:53:00,67,63,29.71,21,0.01
2017-02-22T10:00:00,67,63,29.68,21,NA
2017-02-22T10:53:00,70,64,29.71,11,T
2017-02-22T11:53:00,71,65,29.69,14,T
2017-02-22T12:02:00,71,65,29.70,14,NA
2017-02-22T12:36:00,73,62,29.69,11,NA
2017-02-22T12:53:00,74,60,29.69,18,0.00
2017-02-22T13:00:00,74,60,29.66,18,NA
2017-02-22T13:39:00,73,61,29.67,11,NA
2017-02-22T13:44:00,73,61,29.67,14,NA
2017-02-22T13:53:00,72,62,29.66,14,T
2017-02-22T14:03:00,66,61,29.66,18,0.01
2017-02-22T14:40:00,66,62,29.65,13,0.07
2017-02-22T14:45:00,66,62,29.66,13,NA
2017-02-22T14:47:00,66,63,29.66,11,0.08
2017-02-22T14:53:00,65,62,29.67,10,0.18
2017-02-22T14:56:00,65,62,29.67,9,0.01
2017-02-22T15:02:00,65,62,29.67,11,0.11
2017-02-22T15:05:00,65,62,29.67,10,0.17
2017-02-22T15:28:00,64,61,29.67,8,0.61
2017-02-22T15:35:00,64,61,29.67,6,0.67
2017-02-22T15:46:00,64,61,29.67,5,0.73
2017-02-22T15:53:00,64,62,29.67,6,0.73
2017-02-22T15:59:00,64,62,29.66,3,0.04
2017-02-22T16:00:00,64,62,29.64,6,NA
2017-02-22T16:45:00,65,62,29.65,3,0.08
2017-02-22T16:53:00,65,62,29.66,7,0.08
2017-02-22T17:53:00,64,61,29.64,3,0.04
2017-02-22T18:53:00,64,59,29.64,0,0.00
2017-02-22T19:00:00,64,59,29.61,0,NA
2017-02-22T19:47:00,64,59,29.66,3,NA
2017-02-22T19:53:00,64,59,29.66,3,0.00
2017-02-22T20:13:00,63,59,29.67,6,NA
2017-02-22T20:53:00,62,58,29.68,5,0.00
2017-02-22T21:53:00,62,58,29.67,3,0.00
2017-02-22T22:00:00,62,58,29.64,3,NA
2017-02-22T22:53:00,61,57,29.67,0,0.00
2017-02-22T23:53:00,60,57,29.66,3,0.00
2017-02-23T00:53:00,59,57,29.65,0,0.00
2017-02-23T01:00:00,59,57,29.62,0,NA
2017-02-23T01:53:00,58,57,29.65,3,0.00
2017-02-23T02:08:00,59,57,29.64,5,NA
2017-02-23T02:17:00,59,57,29.64,3,NA
2017-02-23T02:50:00,61,59,29.62,5,NA
2017-02-23T02:51:00,61,59,29.62,3,NA
2017-02-23T02:53:00,61,59,29.62,3,0.00
2017-02-23T03:14:00,61,59,29.61,6,NA
2017-02-23T03:53:00,60,58,29.61,0,0.00
2017-02-23T04:00:00,60,58,29.58,0,NA
2017-02-23T04:53:00,61,59,29.63,6,0.00
2017-02-23T05:53:00,61,59,29.63,7,0.01
2017-02-23T06:13:00,61,60,29.63,7,0.01
2017-02-23T06:16:00,62,60,29.63,7,0.02
2017-02-23T06:53:00,63,61,29.63,7,0.03
2017-02-23T07:00:00,63,61,29.60,7,NA
2017-02-23T07:11:00,64,62,29.64,8,T
2017-02-23T07:34:00,64,62,29.64,8,0.01
2017-02-23T07:51:00,64,63,29.64,8,NA
2017-02-23T07:53:00,65,62,29.64,7,0.01
2017-02-23T07:59:00,65,63,29.64,8,NA
2017-02-23T08:12:00,65,63,29.64,9,NA
2017-02-23T08:22:00,65,63,29.64,9,NA
2017-02-23T08:51:00,66,63,29.64,9,NA
2017-02-23T08:53:00,67,63,29.64,11,0.00
2017-02-23T09:53:00,69,65,29.66,8,0.00
2017-02-23T10:00:00,69,65,29.63,8,NA
2017-02-23T10:10:00,70,64,29.66,10,NA
2017-02-23T10:53:00,71,64,29.66,11,0.00
2017-02-23T11:22:00,73,64,29.66,11,NA
2017-02-23T11:49:00,73,63,29.66,11,NA
2017-02-23T11:53:00,73,63,29.66,13,0.00
2017-02-23T12:27:00,74,63,29.65,10,NA
2017-02-23T12:51:00,75,64,29.64,11,NA
2017-02-23T12:53:00,76,64,29.64,10,0.00
2017-02-23T13:00:00,76,64,29.61,10,NA
2017-02-23T13:10:00,76,63,29.64,13,NA
2017-02-23T13:53:00,78,62,29.62,10,0.00
2017-02-23T14:53:00,80,63,29.61,9,0.00
2017-02-23T15:53:00,80,63,29.62,11,0.00
2017-02-23T16:00:00,80,63,29.59,11,NA
2017-02-23T16:53:00,80,62,29.64,17,0.00
2017-02-23T17:53:00,76,63,29.66,16,0.00
2017-02-23T18:53:00,74,63,29.68,13,0.00
2017-02-23T19:00:00,74,63,29.65,13,NA
2017-02-23T19:53:00,73,60,29.71,13,0.00
2017-02-23T20:53:00,72,61,29.72,10,0.00
2017-02-23T21:53:00,71,61,29.74,11,0.00
2017-02-23T22:00:00,71,61,29.71,11,NA
2017-02-23T22:05:00,71,61,29.75,15,NA
2017-02-23T22:28:00,70,62,29.76,8,NA
2017-02-23T22:53:00,70,62,29.76,8,0.00
2017-02-23T23:33:00,69,62,29.77,6,NA
2017-02-23T23:53:00,69,62,29.76,7,0.00
2017-02-24T00:24:00,68,62,29.76,8,NA
2017-02-24T00:53:00,68,62,29.76,6,0.00
2017-02-24T01:53:00,66,62,29.76,6,0.00
2017-02-24T02:22:00,66,62,29.76,7,NA
2017-02-24T02:51:00,64,63,29.76,5,NA
2017-02-24T02:53:00,65,62,29.76,7,0.00
2017-02-24T03:02:00,65,62,29.76,6,NA
2017-02-24T03:09:00,65,62,29.76,5,NA
2017-02-24T03:16:00,65,62,29.76,6,NA
2017-02-24T03:36:00,66,63,29.76,7,NA
2017-02-24T03:53:00,67,63,29.77,6,0.00
2017-02-24T04:00:00,67,63,29.74,6,NA
2017-02-24T04:24:00,67,63,29.77,6,NA
2017-02-24T04:53:00,67,63,29.78,5,0.00
2017-02-24T05:53:00,67,63,29.79,5,0.00
2017-02-24T06:53:00,67,63,29.80,6,0.00
2017-02-24T07:00:00,67,63,29.77,6,NA
2017-02-24T07:53:00,68,63,29.82,6,0.00
2017-02-24T08:53:00,69,63,29.83,7,0.00
2017-02-24T09:53:00,72,63,29.85,5,0.00
2017-02-24T10:00:00,72,63,29.82,5,NA
2017-02-24T10:00:00,73,63,29.85,7,NA
2017-02-24T10:14:00,73,62,29.85,6,NA
2017-02-24T10:51:00,75,63,29.85,5,NA
2017-02-24T10:53:00,76,63,29.85,5,0.00
2017-02-24T11:53:00,80,63,29.83,5,0.00
2017-02-24T12:53:00,77,65,29.81,9,0.00
2017-02-24T13:00:00,77,65,29.78,9,NA
2017-02-24T13:53:00,79,65,29.77,8,0.00
2017-02-24T14:53:00,79,64,29.77,8,0.00
2017-02-24T15:53:00,81,63,29.77,8,0.00
2017-02-24T16:00:00,81,63,29.74,8,NA
2017-02-24T16:53:00,77,66,29.78,14,0.00
2017-02-24T17:53:00,75,65,29.80,10,0.00
2017-02-24T18:53:00,73,64,29.82,7,0.00
2017-02-24T19:00:00,73,64,29.79,7,NA
2017-02-24T19:53:00,70,65,29.85,9,0.00
2017-02-24T20:47:00,70,64,29.86,5,NA
2017-02-24T20:53:00,69,65,29.86,6,0.00
2017-02-24T21:51:00,70,64,29.88,0,NA
2017-02-24T21:53:00,69,65,29.88,0,0.00
2017-02-24T22:00:00,69,65,29.85,0,NA
2017-02-24T22:53:00,68,64,29.89,5,0.00
2017-02-24T23:53:00,68,64,29.88,5,0.00
2017-02-25T00:53:00,67,64,29.87,0,0.00
2017-02-25T01:00:00,67,64,29.84,0,NA
2017-02-25T01:53:00,67,64,29.87,0,0.00
2017-02-25T02:53:00,67,64,29.85,3,0.00
2017-02-25T03:53:00,67,64,29.84,5,0.00
2017-02-25T04:00:00,67,64,29.81,5,NA
2017-02-25T04:53:00,67,64,29.84,8,0.00
2017-02-25T05:53:00,67,65,29.86,6,0.00
2017-02-25T06:53:00,68,65,29.88,3,0.00
2017-02-25T07:00:00,68,65,29.85,3,NA
2017-02-25T07:53:00,68,65,29.91,6,0.00
2017-02-25T08:53:00,69,64,29.94,11,0.00
2017-02-25T09:15:00,69,63,29.95,13,NA
2017-02-25T09:50:00,70,63,29.95,10,NA
2017-02-25T09:53:00,70,62,29.95,8,0.00
2017-02-25T10:00:00,70,62,29.92,8,NA
2017-02-25T10:00:00,72,62,29.95,8,NA
2017-02-25T10:53:00,73,63,29.95,8,0.00
2017-02-25T11:53:00,77,62,29.95,13,0.00
2017-02-25T12:53:00,78,63,29.93,9,0.00
2017-02-25T13:00:00,78,63,29.90,9,NA
2017-02-25T13:53:00,77,63,29.91,9,0.00
2017-02-25T14:53:00,80,59,29.90,15,0.00
2017-02-25T15:53:00,78,62,29.90,14,0.00
2017-02-25T16:00:00,78,62,29.87,14,NA
2017-02-25T16:53:00,76,61,29.92,13,0.00
2017-02-25T17:53:00,75,61,29.92,13,0.00
2017-02-25T18:53:00,72,62,29.93,7,0.00
2017-02-25T19:00:00,72,62,29.90,7,NA
2017-02-25T19:53:00,71,63,29.95,7,0.00
2017-02-25T20:53:00,70,65,29.96,7,0.00
2017-02-25T21:53:00,70,65,29.99,9,0.00
2017-02-25T22:00:00,70,65,29.96,9,NA
2017-02-25T22:41:00,70,64,30.00,8,NA
2017-02-25T22:53:00,70,65,30.00,7,0.00
2017-02-25T23:53:00,69,65,30.01,6,0.00
2017-02-26T00:53:00,67,64,30.02,0,0.00
2017-02-26T01:00:00,67,64,29.99,0,NA
2017-02-26T01:53:00,67,63,30.02,3,0.00
2017-02-26T02:53:00,65,62,30.02,3,0.00
2017-02-26T03:53:00,63,59,30.04,14,0.00
2017-02-26T04:00:00,63,59,30.01,14,NA
2017-02-26T04:53:00,61,50,30.06,9,0.00
2017-02-26T05:53:00,60,47,30.09,9,0.00
2017-02-26T06:53:00,59,42,30.11,10,0.00
2017-02-26T07:00:00,59,42,30.08,10,NA
2017-02-26T07:53:00,60,41,30.14,8,0.00
2017-02-26T08:53:00,63,36,30.17,9,0.00
2017-02-26T09:53:00,66,33,30.19,11,0.00
2017-02-26T10:00:00,66,33,30.16,11,NA
2017-02-26T10:53:00,69,33,30.19,10,0.00
2017-02-26T11:53:00,73,32,30.18,10,0.00
2017-02-26T12:53:00,76,34,30.16,7,0.00
2017-02-26T13:00:00,76,34,30.13,7,NA
2017-02-26T13:53:00,78,34,30.14,8,0.00
2017-02-26T14:53:00,79,30,30.13,8,0.00
2017-02-26T15:53:00,80,30,30.12,8,0.00
2017-02-26T16:00:00,80,30,30.09,8,NA
2017-02-26T16:53:00,80,33,30.12,6,0.00
2017-02-26T17:53:00,78,33,30.13,10,0.00
2017-02-26T18:53:00,74,35,30.15,5,0.00
2017-02-26T19:00:00,74,35,30.12,5,NA
2017-02-26T19:53:00,72,36,30.17,5,0.00
2017-02-26T20:53:00,69,44,30.19,8,0.00
2017-02-26T21:53:00,67,43,30.20,9,0.00
2017-02-26T22:00:00,67,43,30.17,9,NA
2017-02-26T22:53:00,65,46,30.20,8,0.00
2017-02-26T23:53:00,63,46,30.20,6,0.00
2017-02-27T00:53:00,62,47,30.20,7,0.00
2017-02-27T01:00:00,62,47,30.17,7,NA
2017-02-27T01:53:00,62,49,30.19,5,0.00
2017-02-27T02:53:00,63,52,30.18,7,0.00
2017-02-27T03:53:00,64,53,30.18,7,0.00
2017-02-27T04:00:00,64,53,30.15,7,NA
2017-02-27T04:53:00,65,54,30.18,7,0.00
2017-02-27T05:53:00,62,54,30.19,6,0.00
2017-02-27T06:53:00,60,53,30.20,5,0.00
2017-02-27T07:00:00,60,53,30.17,5,NA
2017-02-27T07:53:00,63,55,30.21,5,0.00
2017-02-27T08:53:00,70,59,30.22,8,0.00
2017-02-27T09:53:00,75,63,30.22,9,0.00
2017-02-27T10:00:00,75,63,30.19,9,NA
2017-02-27T10:53:00,80,64,30.22,10,0.00
2017-02-27T11:53:00,82,64,30.21,13,0.00
2017-02-27T12:53:00,84,63,30.19,13,0.00
2017-02-27T13:00:00,84,63,30.16,13,NA
2017-02-27T13:53:00,85,61,30.17,9,0.00
2017-02-27T14:53:00,82,63,30.16,7,0.00
2017-02-27T15:53:00,83,66,30.15,9,0.00
2017-02-27T16:00:00,83,66,30.12,9,NA
2017-02-27T16:53:00,80,67,30.16,7,0.00
2017-02-27T17:53:00,78,65,30.18,8,0.00
2017-02-27T18:53:00,75,66,30.19,5,0.00
2017-02-27T19:00:00,75,66,30.16,5,NA
2017-02-27T19:53:00,75,63,30.22,5,0.00
2017-02-27T20:53:00,73,64,30.23,0,0.00
2017-02-27T21:53:00,73,64,30.25,3,0.00
2017-02-27T22:00:00,73,64,30.22,3,NA
2017-02-27T22:53:00,73,64,30.26,3,0.00
2017-02-27T23:53:00,72,64,30.25,3,0.00
2017-02-28T00:53:00,70,64,30.26,6,0.00
2017-02-28T01:00:00,70,64,30.23,6,NA
2017-02-28T01:53:00,71,64,30.26,5,0.00
2017-02-28T02:53:00,70,64,30.23,0,0.00
2017-02-28T03:53:00,70,64,30.21,0,0.00
2017-02-28T04:00:00,70,64,30.18,0,NA
2017-02-28T04:53:00,70,66,30.21,6,0.00
2017-02-28T05:53:00,70,66,30.22,5,0.00
2017-02-28T06:53:00,69,66,30.24,5,0.00
2017-02-28T07:00:00,69,66,30.21,5,NA
2017-02-28T07:07:00,70,67,30.24,5,NA
2017-02-28T07:09:00,70,67,30.24,5,NA
2017-02-28T07:29:00,70,68,30.25,7,NA
2017-02-28T07:53:00,71,68,30.26,8,0.00
2017-02-28T08:20:00,71,68,30.27,7,NA
2017-02-28T08:42:00,72,69,30.28,7,NA
2017-02-28T08:53:00,72,69,30.28,7,0.00
2017-02-28T09:27:00,75,69,30.28,7,NA
2017-02-28T09:53:00,78,70,30.28,9,0.00
2017-02-28T10:00:00,78,70,30.25,9,NA
2017-02-28T10:07:00,77,69,30.27,8,NA
2017-02-28T10:15:00,77,69,30.27,8,NA
2017-02-28T10:53:00,79,69,30.26,11,0.00
2017-02-28T11:53:00,83,67,30.25,11,0.00
2017-02-28T12:53:00,84,65,30.21,9,0.00
2017-02-28T13:00:00,84,65,30.18,9,NA
2017-02-28T13:53:00,85,65,30.17,6,0.00
2017-02-28T14:53:00,83,65,30.16,9,0.00
2017-02-28T15:53:00,86,65,30.15,6,0.00
2017-02-28T16:00:00,86,65,30.12,6,NA
2017-02-28T16:53:00,83,68,30.15,9,0.00
2017-02-28T17:53:00,81,65,30.17,8,0.00
2017-02-28T18:53:00,80,65,30.18,9,0.00
2017-02-28T19:53:00,76,67,30.18,6,0.00
2017-02-28T20:53:00,76,67,30.18,3,0.00
2017-02-28T21:53:00,76,67,30.19,0,0.00
2017-02-28T22:00:00,76,67,30.16,0,NA
2017-02-28T22:53:00,76,67,30.19,0,0.00
2017-02-28T23:53:00,76,67,30.18,0,0.00
2017-03-01T00:53:00,75,66,30.16,5,0.00
2017-03-01T01:00:00,75,66,30.13,5,NA
2017-03-01T01:53:00,74,66,30.16,5,0.00
2017-03-01T02:53:00,73,66,30.15,6,0.00
2017-03-01T03:53:00,72,66,30.14,6,0.00
2017-03-01T04:53:00,71,66,30.14,9,0.00
2017-03-01T05:53:00,71,66,30.15,7,0.00
2017-03-01T06:53:00,70,66,30.16,5,0.00
2017-03-01T07:00:00,70,66,30.13,5,NA
2017-03-01T07:53:00,73,66,30.17,3,0.00
2017-03-01T08:53:00,75,67,30.18,6,0.00
2017-03-01T09:53:00,77,67,30.18,6,0.00
2017-03-01T10:00:00,77,67,30.15,6,NA
2017-03-01T10:53:00,79,65,30.17,7,0.00
2017-03-01T11:53:00,81,67,30.15,10,0.00
2017-03-01T12:53:00,81,66,30.12,9,0.00
2017-03-01T13:53:00,81,66,30.09,9,0.00
2017-03-01T14:53:00,84,61,30.07,7,0.00
2017-03-01T15:53:00,83,65,30.06,11,0.00
2017-03-01T16:00:00,83,65,30.03,11,NA
2017-03-01T16:53:00,80,66,30.05,9,0.00
2017-03-01T17:53:00,78,65,30.05,9,0.00
2017-03-01T18:53:00,75,65,30.05,7,0.00
2017-03-01T19:00:00,75,65,30.02,7,NA
2017-03-01T19:53:00,74,65,30.06,5,0.00
2017-03-01T20:53:00,73,66,30.07,7,0.00
2017-03-01T21:53:00,73,66,30.07,3,0.00
2017-03-01T22:00:00,73,66,30.04,3,NA
2017-03-01T22:53:00,72,66,30.07,6,0.00
2017-03-01T23:53:00,72,67,30.07,6,0.00
2017-03-02T00:53:00,71,67,30.07,5,0.00
2017-03-02T01:00:00,71,67,30.04,5,NA
2017-03-02T01:53:00,71,68,30.06,7,0.00
2017-03-02T02:53:00,69,67,30.04,5,0.00
2017-03-02T03:00:00,70,67,30.04,3,NA
2017-03-02T03:24:00,71,68,30.04,5,NA
2017-03-02T03:53:00,70,67,30.04,5,0.00
2017-03-02T04:00:00,70,67,30.01,5,NA
2017-03-02T04:15:00,69,67,30.03,5,NA
2017-03-02T04:53:00,69,66,30.02,3,0.00
2017-03-02T05:49:00,70,66,30.02,5,NA
2017-03-02T05:53:00,69,67,30.03,6,0.00
2017-03-02T06:27:00,70,68,30.03,6,NA
2017-03-02T06:48:00,70,66,30.04,5,NA
2017-03-02T06:53:00,70,67,30.05,3,0.00
2017-03-02T07:00:00,70,67,30.02,3,NA
2017-03-02T07:02:00,70,68,30.05,6,NA
2017-03-02T07:08:00,70,68,30.05,3,NA
2017-03-02T07:36:00,70,67,30.06,8,NA
2017-03-02T07:53:00,71,68,30.06,7,0.00
2017-03-02T08:16:00,71,68,30.07,6,NA
2017-03-02T08:45:00,71,68,30.08,6,NA
2017-03-02T08:53:00,72,68,30.09,6,0.00
2017-03-02T09:22:00,73,69,30.09,7,NA
2017-03-02T09:53:00,75,68,30.10,5,0.00
2017-03-02T10:00:00,75,68,30.07,5,NA
2017-03-02T10:53:00,78,68,30.11,5,0.00
2017-03-02T11:53:00,79,67,30.11,10,0.00
2017-03-02T12:53:00,79,68,30.09,8,0.00
2017-03-02T13:00:00,79,68,30.06,8,NA
2017-03-02T13:53:00,82,66,30.07,11,0.00
2017-03-02T14:53:00,81,67,30.06,11,0.00
2017-03-02T15:53:00,81,68,30.06,13,0.00
2017-03-02T16:00:00,81,68,30.03,13,NA
2017-03-02T16:53:00,79,67,30.08,9,0.00
2017-03-02T17:53:00,74,67,30.10,10,0.00
2017-03-02T18:53:00,71,64,30.13,15,0.00
2017-03-02T19:00:00,71,64,30.10,15,NA
2017-03-02T19:53:00,71,63,30.15,10,0.00
2017-03-02T20:53:00,70,62,30.18,13,0.00
2017-03-02T21:44:00,68,61,30.19,14,NA
2017-03-02T21:53:00,68,61,30.19,10,0.00
2017-03-02T22:00:00,68,61,30.16,10,NA
2017-03-02T22:20:00,68,57,30.20,16,NA
2017-03-02T22:53:00,68,55,30.20,11,0.00
2017-03-02T23:53:00,67,56,30.20,13,0.00
2017-03-03T00:53:00,66,56,30.22,14,0.00
2017-03-03T01:00:00,66,56,30.19,14,NA
2017-03-03T01:53:00,65,51,30.22,9,0.00
2017-03-03T02:53:00,62,51,30.22,9,0.00
2017-03-03T03:53:00,61,42,30.24,8,0.00
2017-03-03T04:00:00,61,42,30.21,8,NA
2017-03-03T04:53:00,59,39,30.26,8,0.00
2017-03-03T05:53:00,58,37,30.29,10,0.00
2017-03-03T06:53:00,57,34,30.31,8,0.00
2017-03-03T07:00:00,57,34,30.28,8,NA
2017-03-03T07:53:00,58,35,30.34,11,0.00
2017-03-03T08:53:00,61,37,30.37,16,0.00
2017-03-03T09:53:00,67,40,30.37,16,0.00
2017-03-03T10:00:00,67,40,30.34,16,NA
2017-03-03T10:53:00,68,41,30.38,13,0.00
2017-03-03T11:53:00,71,44,30.36,14,0.00
2017-03-03T12:53:00,74,46,30.34,14,0.00
2017-03-03T13:00:00,74,46,30.31,14,NA
2017-03-03T13:53:00,74,46,30.32,10,0.00
2017-03-03T14:53:00,76,45,30.31,8,0.00
2017-03-03T15:53:00,76,46,30.31,11,0.00
2017-03-03T16:00:00,76,46,30.28,11,NA
2017-03-03T16:53:00,75,46,30.31,16,0.00
2017-03-03T17:53:00,73,44,30.33,11,0.00
2017-03-03T18:53:00,69,45,30.36,10,0.00
2017-03-03T19:00:00,69,45,30.33,10,NA
2017-03-03T19:53:00,67,45,30.38,9,0.00
2017-03-03T20:53:00,65,45,30.40,9,0.00
2017-03-03T21:53:00,63,43,30.42,9,0.00
2017-03-03T22:00:00,63,43,30.39,9,NA
2017-03-03T22:53:00,61,41,30.44,8,0.00
2017-03-03T23:53:00,60,39,30.43,9,0.00
2017-03-04T00:53:00,59,39,30.43,8,0.00
2017-03-04T01:00:00,59,39,30.40,8,NA
2017-03-04T01:53:00,58,38,30.43,7,0.00
2017-03-04T02:53:00,56,39,30.42,9,0.00
2017-03-04T03:53:00,57,37,30.42,8,0.00
2017-03-04T04:00:00,57,37,30.39,8,NA
2017-03-04T04:53:00,55,37,30.41,7,0.00
2017-03-04T05:53:00,54,37,30.43,7,0.00
2017-03-04T06:53:00,54,38,30.44,7,0.00
2017-03-04T07:00:00,54,38,30.41,7,NA
2017-03-04T07:53:00,58,36,30.46,11,0.00
2017-03-04T08:53:00,62,34,30.47,11,0.00
2017-03-04T09:53:00,66,37,30.48,7,0.00
2017-03-04T10:00:00,66,37,30.45,7,NA
2017-03-04T10:53:00,69,40,30.47,11,0.00
2017-03-04T11:53:00,71,43,30.45,14,0.00
2017-03-04T12:53:00,74,44,30.41,9,0.00
2017-03-04T13:00:00,74,44,30.38,9,NA
2017-03-04T13:53:00,75,43,30.38,8,0.00
2017-03-04T14:53:00,77,44,30.35,9,0.00
2017-03-04T15:53:00,77,44,30.33,7,0.00
2017-03-04T16:00:00,77,44,30.30,7,NA
2017-03-04T16:53:00,76,43,30.33,13,0.00
2017-03-04T17:53:00,74,43,30.34,11,0.00
2017-03-04T18:53:00,72,43,30.35,7,0.00
2017-03-04T19:00:00,72,43,30.32,7,NA
2017-03-04T19:53:00,70,45,30.37,6,0.00
2017-03-04T20:53:00,68,45,30.39,8,0.00
2017-03-04T21:53:00,66,49,30.40,6,0.00
2017-03-04T22:00:00,66,49,30.37,6,NA
2017-03-04T22:53:00,63,50,30.40,9,0.00
2017-03-04T23:53:00,62,52,30.39,10,0.00
2017-03-05T00:53:00,60,53,30.39,8,0.00
2017-03-05T01:00:00,60,53,30.36,8,NA
2017-03-05T01:53:00,60,53,30.37,7,0.00
2017-03-05T02:53:00,60,54,30.36,8,0.00
2017-03-05T03:53:00,61,55,30.35,8,0.00
2017-03-05T04:00:00,61,55,30.32,8,NA
2017-03-05T04:53:00,62,55,30.35,8,0.00
2017-03-05T05:53:00,62,54,30.36,8,0.00
2017-03-05T06:53:00,62,52,30.37,7,0.00
2017-03-05T07:00:00,62,52,30.34,7,NA
2017-03-05T07:53:00,64,51,30.39,9,0.00
2017-03-05T08:53:00,68,50,30.39,9,0.00
2017-03-05T09:53:00,70,50,30.40,13,0.00
2017-03-05T10:00:00,70,50,30.37,13,NA
2017-03-05T10:53:00,73,48,30.41,11,0.00
2017-03-05T11:53:00,75,47,30.40,13,0.00
2017-03-05T12:53:00,75,42,30.38,11,0.00
2017-03-05T13:00:00,75,42,30.35,11,NA
2017-03-05T13:53:00,76,44,30.35,14,0.00
2017-03-05T14:53:00,75,45,30.33,13,0.00
2017-03-05T15:53:00,75,47,30.32,13,0.00
2017-03-05T16:00:00,75,47,30.29,13,NA
2017-03-05T16:53:00,75,49,30.32,9,0.00
2017-03-05T17:53:00,71,49,30.33,9,0.00
2017-03-05T18:53:00,70,49,30.34,11,0.00
2017-03-05T19:00:00,70,49,30.31,11,NA
2017-03-05T19:53:00,69,50,30.35,6,0.00
2017-03-05T20:53:00,68,51,30.37,9,0.00
2017-03-05T21:53:00,68,51,30.38,8,0.00
2017-03-05T22:00:00,68,51,30.35,8,NA
2017-03-05T22:53:00,68,49,30.37,8,0.00
2017-03-05T23:53:00,66,50,30.37,5,0.00
2017-03-06T00:53:00,65,50,30.35,6,0.00
2017-03-06T01:00:00,65,50,30.32,6,NA
2017-03-06T01:53:00,64,50,30.34,7,0.00
2017-03-06T02:53:00,63,50,30.33,7,0.00
2017-03-06T03:53:00,62,50,30.32,6,0.00
2017-03-06T04:00:00,62,50,30.29,6,NA
2017-03-06T04:53:00,61,50,30.33,3,0.00
2017-03-06T05:53:00,61,51,30.34,6,0.00
2017-03-06T06:53:00,61,51,30.34,3,0.00
2017-03-06T07:00:00,61,51,30.31,3,NA
2017-03-06T07:53:00,62,51,30.36,7,0.00
2017-03-06T08:53:00,66,51,30.37,8,0.00
2017-03-06T09:53:00,70,54,30.38,3,0.00
2017-03-06T10:00:00,70,54,30.35,3,NA
2017-03-06T10:53:00,72,53,30.37,11,0.00
2017-03-06T11:53:00,74,52,30.36,15,0.00
2017-03-06T12:53:00,76,52,30.32,11,0.00
2017-03-06T13:00:00,76,52,30.29,11,NA
2017-03-06T13:53:00,77,52,30.30,13,0.00
2017-03-06T14:53:00,77,51,30.28,11,0.00
2017-03-06T15:53:00,77,49,30.26,11,0.00
2017-03-06T16:00:00,77,49,30.23,11,NA
2017-03-06T16:53:00,76,49,30.26,11,0.00
2017-03-06T17:53:00,75,49,30.26,10,0.00
2017-03-06T18:53:00,73,51,30.28,9,0.00
2017-03-06T19:00:00,73,51,30.25,9,NA
2017-03-06T19:53:00,70,53,30.30,8,0.00
2017-03-06T20:53:00,69,52,30.32,8,0.00
2017-03-06T21:53:00,68,52,30.32,7,0.00
2017-03-06T22:00:00,68,52,30.29,7,NA
2017-03-06T22:53:00,67,52,30.32,6,0.00
2017-03-06T23:53:00,66,52,30.31,6,0.00
2017-03-07T00:53:00,65,52,30.30,5,0.00
2017-03-07T01:00:00,65,52,30.27,5,NA
2017-03-07T01:53:00,64,52,30.29,6,0.00
2017-03-07T02:53:00,63,53,30.27,5,0.00
2017-03-07T03:53:00,61,53,30.28,5,0.00
2017-03-07T04:00:00,61,53,30.25,5,NA
2017-03-07T04:53:00,61,53,30.28,6,0.00
2017-03-07T05:53:00,60,53,30.29,3,0.00
2017-03-07T06:53:00,61,54,30.31,5,0.00
2017-03-07T07:00:00,61,54,30.28,5,NA
2017-03-07T07:53:00,64,55,30.32,6,0.00
2017-03-07T08:53:00,69,56,30.31,9,0.00
2017-03-07T09:53:00,73,54,30.31,15,0.00
2017-03-07T10:00:00,73,54,30.28,15,NA
2017-03-07T10:53:00,77,56,30.30,14,0.00
2017-03-07T11:53:00,78,55,30.30,15,0.00
2017-03-07T12:53:00,80,55,30.28,7,0.00
2017-03-07T13:00:00,80,55,30.25,7,NA
2017-03-07T13:53:00,81,55,30.26,9,0.00
2017-03-07T14:53:00,81,54,30.24,11,0.00
2017-03-07T15:53:00,80,55,30.23,10,0.00
2017-03-07T16:00:00,80,55,30.20,10,NA
2017-03-07T16:53:00,79,55,30.22,10,0.00
2017-03-07T17:53:00,78,55,30.22,10,0.00
2017-03-07T18:53:00,76,57,30.23,6,0.00
2017-03-07T19:00:00,76,57,30.20,6,NA
2017-03-07T19:53:00,75,57,30.26,6,0.00
2017-03-07T20:53:00,73,58,30.28,5,0.00
2017-03-07T21:53:00,72,59,30.31,6,0.00
2017-03-07T22:00:00,72,59,30.28,6,NA
2017-03-07T22:53:00,72,59,30.32,3,0.00
2017-03-07T23:53:00,71,59,30.31,7,0.00
2017-03-08T00:53:00,70,60,30.30,7,0.00
2017-03-08T01:00:00,70,60,30.27,7,NA
2017-03-08T01:53:00,69,60,30.30,8,0.00
2017-03-08T02:53:00,68,61,30.27,5,0.00
2017-03-08T03:53:00,68,61,30.26,3,0.00
2017-03-08T04:00:00,68,61,30.23,3,NA
2017-03-08T04:53:00,66,60,30.28,0,0.00
2017-03-08T05:53:00,66,61,30.30,0,0.00
2017-03-08T06:53:00,65,61,30.30,0,0.00
2017-03-08T07:00:00,65,61,30.27,0,NA
2017-03-08T07:53:00,67,61,30.31,3,0.00
2017-03-08T08:53:00,70,61,30.32,5,0.00
2017-03-08T09:53:00,74,62,30.31,9,0.00
2017-03-08T10:00:00,74,62,30.28,9,NA
2017-03-08T10:53:00,75,63,30.30,8,0.00
2017-03-08T11:53:00,75,62,30.29,8,0.00
2017-03-08T12:53:00,77,58,30.26,7,0.00
2017-03-08T13:00:00,77,58,30.23,7,NA
2017-03-08T13:53:00,80,58,30.23,5,0.00
2017-03-08T14:53:00,80,59,30.22,8,0.00
2017-03-08T15:53:00,80,60,30.21,9,0.00
2017-03-08T16:00:00,80,60,30.18,9,NA
2017-03-08T16:53:00,79,60,30.21,11,0.00
2017-03-08T17:53:00,79,60,30.22,14,0.00
2017-03-08T18:53:00,74,61,30.24,7,0.00
2017-03-08T19:00:00,74,61,30.21,7,NA
2017-03-08T19:53:00,72,62,30.25,7,0.00
2017-03-08T20:53:00,70,63,30.27,6,0.00
2017-03-08T21:53:00,69,63,30.28,6,0.00
2017-03-08T22:00:00,69,63,30.25,6,NA
2017-03-08T22:53:00,68,63,30.27,3,0.00
2017-03-08T23:53:00,67,63,30.27,0,0.00
2017-03-09T00:53:00,67,64,30.25,5,0.00
2017-03-09T01:00:00,67,64,30.22,5,NA
2017-03-09T01:53:00,67,64,30.24,3,0.00
2017-03-09T02:53:00,67,64,30.23,0,0.00
2017-03-09T03:53:00,67,64,30.22,0,0.00
2017-03-09T04:00:00,67,64,30.19,0,NA
2017-03-09T04:53:00,65,62,30.22,0,0.00
2017-03-09T05:53:00,66,63,30.23,0,0.00
2017-03-09T06:05:00,66,63,30.24,3,NA
2017-03-09T06:29:00,65,63,30.24,3,NA
2017-03-09T06:53:00,65,63,30.24,5,0.00
2017-03-09T07:00:00,65,63,30.21,5,NA
2017-03-09T07:53:00,67,64,30.26,0,0.00
2017-03-09T08:53:00,72,64,30.26,3,0.00
2017-03-09T09:53:00,77,59,30.26,0,0.00
2017-03-09T10:00:00,77,59,30.23,0,NA
2017-03-09T10:53:00,76,63,30.25,7,0.00
2017-03-09T11:53:00,78,62,30.23,9,0.00
2017-03-09T12:53:00,80,58,30.21,8,0.00
2017-03-09T13:00:00,80,58,30.18,8,NA
2017-03-09T13:53:00,80,58,30.18,10,0.00
2017-03-09T14:53:00,81,61,30.15,13,0.00
2017-03-09T15:53:00,80,60,30.13,14,0.00
2017-03-09T16:00:00,80,60,30.10,14,NA
2017-03-09T16:53:00,79,59,30.13,14,0.00
2017-03-09T17:53:00,76,57,30.13,14,0.00
2017-03-09T18:53:00,74,59,30.14,7,0.00
2017-03-09T19:00:00,74,59,30.11,7,NA
2017-03-09T19:53:00,71,62,30.14,10,0.00
2017-03-09T20:53:00,69,63,30.15,5,0.00
2017-03-09T21:53:00,68,63,30.16,6,0.00
2017-03-09T22:00:00,68,63,30.13,6,NA
2017-03-09T22:40:00,67,63,30.17,0,NA
2017-03-09T22:53:00,68,63,30.17,3,0.00
2017-03-09T23:53:00,68,62,30.16,5,0.00
2017-03-10T00:53:00,68,63,30.14,5,0.00
2017-03-10T01:00:00,68,63,30.11,5,NA
2017-03-10T01:53:00,67,62,30.12,0,0.00
2017-03-10T02:53:00,65,62,30.10,0,0.00
2017-03-10T03:53:00,63,61,30.08,0,0.00
2017-03-10T04:00:00,63,61,30.05,0,NA
2017-03-10T04:53:00,63,61,30.09,0,0.00
2017-03-10T05:53:00,64,62,30.11,0,0.00
2017-03-10T06:53:00,65,63,30.13,0,0.00
2017-03-10T07:00:00,65,63,30.10,0,NA
2017-03-10T07:53:00,67,63,30.15,5,0.00
2017-03-10T08:53:00,70,64,30.16,6,0.00
2017-03-10T09:53:00,72,63,30.18,8,0.00
2017-03-10T10:00:00,72,63,30.15,8,NA
2017-03-10T10:53:00,74,64,30.17,7,0.00
2017-03-10T11:53:00,76,62,30.17,9,0.00
2017-03-10T12:53:00,77,61,30.14,14,0.00
2017-03-10T13:00:00,77,61,30.11,14,NA
2017-03-10T13:53:00,79,61,30.11,15,0.00
2017-03-10T14:53:00,78,62,30.08,13,0.00
2017-03-10T15:53:00,77,61,30.05,10,0.00
2017-03-10T16:00:00,77,61,30.02,10,NA
2017-03-10T16:53:00,76,62,30.04,9,0.00
2017-03-10T17:53:00,75,62,30.04,13,0.00
2017-03-10T18:53:00,72,63,30.06,9,0.00
2017-03-10T19:00:00,72,63,30.03,9,NA
2017-03-10T19:53:00,70,64,30.07,8,0.00
2017-03-10T20:53:00,70,65,30.08,6,0.00
2017-03-10T21:38:00,69,65,30.10,7,NA
2017-03-10T21:50:00,70,64,30.10,6,NA
2017-03-10T21:53:00,69,65,30.10,6,0.00
2017-03-10T22:00:00,69,65,30.07,6,NA
2017-03-10T22:53:00,69,64,30.11,7,0.00
2017-03-10T23:53:00,68,65,30.11,6,0.00
2017-03-11T00:53:00,67,64,30.10,5,0.00
2017-03-11T01:00:00,67,64,30.07,5,NA
2017-03-11T01:53:00,66,63,30.09,6,0.00
2017-03-11T02:53:00,65,63,30.09,3,0.00
2017-03-11T03:53:00,64,62,30.08,3,0.00
2017-03-11T04:00:00,64,62,30.05,3,NA
2017-03-11T04:53:00,65,60,30.09,6,0.00
2017-03-11T05:53:00,64,56,30.11,9,0.00
2017-03-11T06:53:00,62,53,30.13,7,0.00
2017-03-11T07:00:00,62,53,30.10,7,NA
2017-03-11T07:53:00,64,53,30.15,6,0.00
2017-03-11T08:53:00,69,51,30.15,10,0.00
2017-03-11T09:53:00,72,48,30.16,6,0.00
2017-03-11T10:00:00,72,48,30.13,6,NA
2017-03-11T10:53:00,77,47,30.16,6,0.00
2017-03-11T11:53:00,79,45,30.15,0,0.00
2017-03-11T12:53:00,83,42,30.13,5,0.00
2017-03-11T13:00:00,83,42,30.10,5,NA
2017-03-11T13:53:00,80,55,30.11,10,0.00
2017-03-11T14:53:00,81,57,30.08,14,0.00
2017-03-11T15:53:00,80,57,30.07,13,0.00
2017-03-11T16:00:00,80,57,30.04,13,NA
2017-03-11T16:53:00,80,57,30.05,9,0.00
2017-03-11T17:53:00,79,52,30.05,8,0.00
2017-03-11T18:53:00,74,55,30.06,6,0.00
2017-03-11T19:00:00,74,55,30.03,6,NA
2017-03-11T19:53:00,71,58,30.07,8,0.00
2017-03-11T20:53:00,73,58,30.09,3,0.00
2017-03-11T21:53:00,74,57,30.10,6,0.00
2017-03-11T22:00:00,74,57,30.07,6,NA
2017-03-11T22:53:00,72,57,30.10,8,0.00
2017-03-11T23:53:00,72,58,30.10,6,0.00
2017-03-12T00:53:00,71,59,30.08,9,0.00
2017-03-12T01:00:00,71,59,30.05,9,NA
2017-03-12T01:53:00,70,59,30.07,10,0.00
2017-03-12T02:53:00,70,59,30.06,5,0.00
2017-03-12T03:53:00,70,60,30.04,6,0.00
2017-03-12T04:00:00,70,60,30.01,6,NA
2017-03-12T04:53:00,69,60,30.04,3,0.00
2017-03-12T05:53:00,69,60,30.05,3,0.00
2017-03-12T06:53:00,68,60,30.06,3,0.00
2017-03-12T07:00:00,68,60,30.03,3,NA
2017-03-12T07:53:00,70,61,30.08,6,0.00
2017-03-12T08:53:00,71,62,30.09,3,0.00
2017-03-12T09:53:00,73,62,30.10,6,0.00
2017-03-12T10:00:00,73,62,30.07,6,NA
2017-03-12T10:53:00,74,62,30.10,7,0.00
2017-03-12T11:53:00,77,64,30.10,7,0.00
2017-03-12T12:53:00,76,63,30.07,3,0.00
2017-03-12T13:00:00,76,63,30.04,3,NA
2017-03-12T13:53:00,75,62,30.05,7,0.00
2017-03-12T14:53:00,78,56,30.02,7,0.00
2017-03-12T15:53:00,77,50,30.02,6,0.00
2017-03-12T16:00:00,77,50,29.99,6,NA
2017-03-12T16:53:00,77,51,30.01,5,0.00
2017-03-12T17:53:00,76,52,30.01,3,0.00
2017-03-12T18:53:00,73,57,30.02,3,0.00
2017-03-12T19:00:00,73,57,29.99,3,NA
2017-03-12T19:53:00,73,58,30.04,11,0.00
2017-03-12T20:53:00,69,60,30.06,11,0.00
2017-03-12T21:53:00,67,59,30.09,9,0.00
2017-03-12T22:00:00,67,59,30.06,9,NA
2017-03-12T22:53:00,66,58,30.10,9,0.00
2017-03-12T23:53:00,65,58,30.09,8,0.00
2017-03-13T00:53:00,64,58,30.08,11,0.00
2017-03-13T01:00:00,64,58,30.05,11,NA
2017-03-13T01:53:00,63,58,30.07,11,0.00
2017-03-13T02:53:00,64,58,30.04,8,0.00
2017-03-13T03:53:00,64,59,30.03,9,0.00
2017-03-13T04:00:00,64,59,30.00,9,NA
2017-03-13T04:53:00,64,59,30.03,10,0.00
2017-03-13T05:53:00,64,59,30.03,8,0.00
2017-03-13T06:39:00,64,59,30.03,8,NA
2017-03-13T06:53:00,64,59,30.03,7,0.00
2017-03-13T07:00:00,64,59,30.00,7,NA
2017-03-13T07:53:00,65,60,30.03,6,0.00
2017-03-13T08:53:00,67,60,30.04,6,0.00
2017-03-13T09:53:00,69,61,30.03,7,0.00
2017-03-13T10:00:00,69,61,30.00,7,NA
2017-03-13T10:53:00,72,62,30.01,8,0.00
2017-03-13T11:53:00,74,62,29.99,6,0.00
2017-03-13T12:53:00,74,63,29.96,7,T
2017-03-13T13:00:00,74,63,29.93,7,NA
2017-03-13T13:53:00,75,64,29.92,7,0.00
2017-03-13T14:53:00,72,65,29.91,5,T
2017-03-13T15:53:00,72,65,29.87,0,0.01s
2017-03-13T16:00:00,72,65,29.84,0,NA
2017-03-13T16:53:00,71,65,29.86,0,0.01
2017-03-13T17:53:00,71,65,29.85,0,0.05
2017-03-13T18:53:00,68,65,29.84,3,0.32
2017-03-13T19:00:00,68,65,29.81,3,NA
2017-03-13T19:32:00,67,65,29.83,5,0.30
2017-03-13T19:53:00,67,65,29.83,0,0.56
2017-03-13T20:02:00,67,65,29.82,3,0.02
2017-03-13T20:48:00,70,66,29.80,8,0.03
2017-03-13T20:53:00,69,66,29.81,7,0.02
2017-03-13T21:44:00,71,66,29.82,17,NA
2017-03-13T21:53:00,71,66,29.81,16,0.00
2017-03-13T22:00:00,71,66,29.78,16,NA
2017-03-13T22:49:00,72,66,29.83,18,T
2017-03-13T22:53:00,71,67,29.83,16,T
2017-03-13T23:43:00,71,66,29.81,15,T
2017-03-13T23:53:00,71,66,29.80,16,T
2017-03-14T00:53:00,70,66,29.79,13,0.00
2017-03-14T01:00:00,70,66,29.76,13,NA
2017-03-14T01:46:00,68,64,29.80,17,NA
2017-03-14T01:53:00,68,63,29.80,13,0.00
2017-03-14T02:40:00,66,61,29.83,17,NA
2017-03-14T02:53:00,66,60,29.84,18,0.00
2017-03-14T03:53:00,64,59,29.86,11,T
2017-03-14T04:00:00,64,59,29.83,11,NA
2017-03-14T04:53:00,60,55,29.90,10,T
2017-03-14T05:32:00,60,54,29.92,7,NA
2017-03-14T05:53:00,61,54,29.93,6,0.00
2017-03-14T06:24:00,61,55,29.94,8,NA
2017-03-14T06:51:00,63,54,29.95,11,NA
2017-03-14T06:53:00,62,54,29.96,11,0.00
2017-03-14T07:00:00,62,54,29.93,11,NA
2017-03-14T07:53:00,63,53,29.98,10,0.00
2017-03-14T08:53:00,65,52,30.01,17,0.00
2017-03-14T08:57:00,63,52,30.02,15,NA
2017-03-14T09:53:00,63,49,30.03,17,0.00
2017-03-14T10:00:00,63,49,30.00,17,NA
2017-03-14T10:53:00,66,48,30.04,16,0.00
2017-03-14T11:53:00,65,47,30.04,17,0.00
2017-03-14T12:53:00,67,47,30.04,16,0.00
2017-03-14T13:00:00,67,47,30.01,16,NA
2017-03-14T13:53:00,66,46,30.02,18,0.00
2017-03-14T14:53:00,65,47,30.00,16,0.00
2017-03-14T15:53:00,63,49,30.01,18,0.00
2017-03-14T16:00:00,63,49,29.98,18,NA
2017-03-14T16:53:00,62,48,30.00,11,0.00
2017-03-14T17:53:00,61,47,30.02,11,0.00
2017-03-14T18:53:00,61,46,30.04,14,0.00
2017-03-14T19:00:00,61,46,30.01,14,NA
2017-03-14T19:53:00,60,45,30.06,16,0.00
2017-03-14T20:53:00,60,45,30.09,13,0.00
2017-03-14T21:53:00,60,45,30.09,11,0.00
2017-03-14T22:00:00,60,45,30.06,11,NA
2017-03-14T22:53:00,59,45,30.10,7,0.00
2017-03-14T23:53:00,59,45,30.09,7,0.00
2017-03-15T00:53:00,58,45,30.09,6,0.00
2017-03-15T01:00:00,58,45,30.06,6,NA
2017-03-15T01:53:00,56,46,30.10,7,0.00
2017-03-15T02:53:00,54,43,30.10,5,0.00
2017-03-15T03:53:00,53,42,30.10,6,0.00
2017-03-15T04:00:00,53,42,30.07,6,NA
2017-03-15T04:53:00,52,41,30.12,9,0.00
2017-03-15T05:53:00,51,39,30.15,10,0.00
2017-03-15T05:57:00,51,39,30.15,9,NA
2017-03-15T06:53:00,49,37,30.18,15,0.00
2017-03-15T07:00:00,49,37,30.15,15,NA
2017-03-15T07:17:00,49,37,30.19,15,NA
2017-03-15T07:53:00,50,37,30.21,10,0.00
2017-03-15T08:53:00,50,37,30.23,13,0.00
2017-03-15T09:53:00,52,36,30.24,16,0.00
2017-03-15T10:00:00,52,36,30.21,16,NA
2017-03-15T10:53:00,54,35,30.25,13,0.00
2017-03-15T11:53:00,57,34,30.24,9,0.00
2017-03-15T12:53:00,59,35,30.23,10,0.00
2017-03-15T13:00:00,59,35,30.20,10,NA
2017-03-15T13:53:00,59,34,30.22,15,0.00
2017-03-15T14:53:00,59,35,30.22,13,0.00
2017-03-15T15:53:00,58,35,30.21,11,0.00
2017-03-15T16:00:00,58,35,30.18,11,NA
2017-03-15T16:53:00,57,35,30.21,10,0.00
2017-03-15T17:53:00,54,35,30.23,10,0.00
2017-03-15T18:53:00,51,35,30.24,11,0.00
2017-03-15T19:00:00,51,35,30.21,11,NA
2017-03-15T19:53:00,50,35,30.26,6,0.00
2017-03-15T20:53:00,50,36,30.28,3,0.00
2017-03-15T21:53:00,49,37,30.30,3,0.00
2017-03-15T22:00:00,49,37,30.27,3,NA
2017-03-15T22:53:00,49,38,30.31,5,0.00
2017-03-15T23:53:00,49,37,30.31,7,0.00
2017-03-16T00:53:00,48,27,30.31,9,0.00
2017-03-16T01:00:00,48,27,30.28,9,NA
2017-03-16T01:53:00,47,25,30.31,9,0.00
2017-03-16T02:53:00,46,25,30.31,7,0.00
2017-03-16T03:53:00,45,24,30.31,9,0.00
2017-03-16T04:00:00,45,24,30.28,9,NA
2017-03-16T04:53:00,44,24,30.32,8,0.00
2017-03-16T05:53:00,43,23,30.34,8,0.00
2017-03-16T06:53:00,42,25,30.35,6,0.00
2017-03-16T07:00:00,42,25,30.32,6,NA
2017-03-16T07:53:00,46,22,30.37,8,0.00
2017-03-16T08:53:00,50,20,30.39,9,0.00
2017-03-16T09:53:00,53,20,30.39,10,0.00
2017-03-16T10:00:00,53,20,30.36,10,NA
2017-03-16T10:53:00,56,21,30.39,7,0.00
2017-03-16T11:53:00,58,21,30.37,9,0.00
2017-03-16T12:53:00,61,22,30.37,6,0.00
2017-03-16T13:00:00,61,22,30.34,6,NA
2017-03-16T13:53:00,63,19,30.34,5,0.00
2017-03-16T14:53:00,66,20,30.32,9,0.00
2017-03-16T15:53:00,65,26,30.30,7,0.00
2017-03-16T16:00:00,65,26,30.27,7,NA
2017-03-16T16:53:00,62,27,30.29,10,0.00
2017-03-16T17:53:00,60,27,30.30,11,0.00
2017-03-16T18:53:00,55,29,30.31,8,0.00
2017-03-16T19:00:00,55,29,30.28,8,NA
2017-03-16T19:53:00,53,30,30.33,8,0.00
2017-03-16T20:53:00,52,34,30.35,6,0.00
2017-03-16T21:53:00,53,34,30.36,6,0.00
2017-03-16T22:00:00,53,34,30.33,6,NA
2017-03-16T22:53:00,52,35,30.36,6,0.00
2017-03-16T23:53:00,51,37,30.37,3,0.00
2017-03-17T00:53:00,50,37,30.37,3,0.00
2017-03-17T01:00:00,50,37,30.34,3,NA
2017-03-17T01:53:00,49,37,30.36,7,0.00
2017-03-17T02:53:00,49,35,30.35,6,0.00
2017-03-17T03:53:00,49,34,30.34,6,0.00
2017-03-17T04:00:00,49,34,30.31,6,NA
2017-03-17T04:53:00,49,34,30.35,5,0.00
2017-03-17T05:53:00,48,35,30.36,6,0.00
2017-03-17T06:53:00,48,36,30.37,7,0.00
2017-03-17T07:00:00,48,36,30.34,7,NA
2017-03-17T07:53:00,49,37,30.39,6,0.00
2017-03-17T08:53:00,56,37,30.41,3,0.00
2017-03-17T09:53:00,62,26,30.42,6,0.00
2017-03-17T10:00:00,62,26,30.39,6,NA
2017-03-17T10:53:00,64,25,30.42,6,0.00
2017-03-17T11:53:00,67,26,30.40,5,0.00
2017-03-17T12:53:00,70,27,30.37,7,0.00
2017-03-17T13:00:00,70,27,30.34,7,NA
2017-03-17T13:53:00,72,30,30.34,0,0.00
2017-03-17T14:53:00,71,36,30.31,6,0.00
2017-03-17T15:53:00,72,37,30.30,7,0.00
2017-03-17T16:00:00,72,37,30.27,7,NA
2017-03-17T16:53:00,71,38,30.29,9,0.00
2017-03-17T17:53:00,70,39,30.30,8,0.00
2017-03-17T18:53:00,66,38,30.32,6,0.00
2017-03-17T19:00:00,66,38,30.29,6,NA
2017-03-17T19:53:00,62,40,30.33,3,0.00
2017-03-17T20:53:00,60,44,30.34,7,0.00
2017-03-17T21:53:00,61,45,30.36,3,0.00
2017-03-17T22:00:00,61,45,30.33,3,NA
2017-03-17T22:53:00,59,47,30.36,0,0.00
2017-03-17T23:53:00,58,48,30.34,3,0.00
2017-03-18T00:53:00,56,48,30.33,0,0.00
2017-03-18T01:00:00,56,48,30.30,0,NA
2017-03-18T01:53:00,55,49,30.31,0,0.00
2017-03-18T02:53:00,54,48,30.29,0,0.00
2017-03-18T03:53:00,53,48,30.29,0,0.00
2017-03-18T04:00:00,53,48,30.26,0,NA
2017-03-18T04:53:00,55,48,30.30,5,0.00
2017-03-18T05:53:00,55,47,30.32,3,0.00
2017-03-18T06:53:00,54,47,30.33,0,0.00
2017-03-18T07:00:00,54,47,30.30,0,NA
2017-03-18T07:53:00,59,49,30.34,0,0.00
2017-03-18T08:53:00,65,50,30.34,3,0.00
2017-03-18T09:53:00,69,50,30.34,0,0.00
2017-03-18T10:00:00,69,50,30.31,0,NA
2017-03-18T10:53:00,69,52,30.34,9,0.00
2017-03-18T11:53:00,72,48,30.33,7,0.00
2017-03-18T12:53:00,75,49,30.30,7,0.00
2017-03-18T13:00:00,75,49,30.27,7,NA
2017-03-18T13:53:00,73,51,30.26,9,0.00
2017-03-18T14:53:00,74,50,30.23,13,0.00
2017-03-18T15:53:00,73,50,30.22,13,0.00
2017-03-18T16:00:00,73,50,30.19,13,NA
2017-03-18T16:53:00,71,50,30.21,13,0.00
2017-03-18T17:53:00,69,53,30.22,10,0.00
2017-03-18T18:53:00,66,53,30.22,6,0.00
2017-03-18T19:00:00,66,53,30.19,6,NA
2017-03-18T19:53:00,64,56,30.22,7,0.00
2017-03-18T20:53:00,64,56,30.22,6,0.00
2017-03-18T21:53:00,64,56,30.23,7,0.00
2017-03-18T22:00:00,64,56,30.20,7,NA
2017-03-18T22:53:00,65,56,30.22,7,0.00
2017-03-18T23:53:00,65,57,30.21,7,0.00
2017-03-19T00:53:00,65,56,30.20,8,0.00
2017-03-19T01:00:00,65,56,30.17,8,NA
2017-03-19T01:53:00,64,56,30.19,8,0.00
2017-03-19T02:53:00,65,57,30.17,8,0.00
2017-03-19T03:53:00,65,58,30.16,6,0.00
2017-03-19T04:00:00,65,58,30.13,6,NA
2017-03-19T04:53:00,64,60,30.17,7,0.00
2017-03-19T05:53:00,65,61,30.17,7,0.00
2017-03-19T06:53:00,66,62,30.17,7,0.00
2017-03-19T07:00:00,66,62,30.14,7,NA
2017-03-19T07:48:00,66,63,30.18,7,NA
2017-03-19T07:53:00,67,62,30.19,7,0.00
2017-03-19T08:28:00,69,62,30.19,13,NA
2017-03-19T08:53:00,70,61,30.19,14,0.00
2017-03-19T09:25:00,73,60,30.19,14,NA
2017-03-19T09:53:00,73,58,30.20,16,0.00
2017-03-19T10:00:00,73,58,30.17,16,NA
2017-03-19T10:53:00,76,51,30.20,10,0.00
2017-03-19T11:53:00,76,46,30.19,10,0.00
2017-03-19T12:53:00,77,41,30.16,18,0.00
2017-03-19T13:00:00,77,41,30.13,18,NA
2017-03-19T13:53:00,77,27s,30.14,16,0.00
2017-03-19T14:53:00,75,30s,30.11,15,0.00
2017-03-19T15:53:00,74,42,30.10,14,0.00
2017-03-19T16:00:00,74,42,30.07,14,NA
2017-03-19T16:53:00,73,44,30.11,13,0.00
2017-03-19T17:53:00,70,44,30.12,9,0.00
2017-03-19T18:53:00,66,45,30.14,9,0.00
2017-03-19T19:00:00,66,45,30.11,9,NA
2017-03-19T19:53:00,64,46,30.15,7,0.00
2017-03-19T20:53:00,62,47,30.17,7,0.00
2017-03-19T21:53:00,63,47,30.20,8,0.00
2017-03-19T22:00:00,63,47,30.17,8,NA
2017-03-19T22:53:00,62,46,30.21,5,0.00
2017-03-19T23:53:00,61,46,30.22,5,0.00
2017-03-20T00:53:00,59,46,30.21,5,0.00
2017-03-20T01:00:00,59,46,30.18,5,NA
2017-03-20T01:53:00,58,47,30.19,5,0.00
2017-03-20T02:53:00,56,47,30.18,0,0.00
2017-03-20T03:53:00,54,47,30.18,3,0.00
2017-03-20T04:00:00,54,47,30.15,3,NA
2017-03-20T04:53:00,55,47,30.18,3,0.00
2017-03-20T05:53:00,54,47,30.19,3,0.00
2017-03-20T06:53:00,53,47,30.20,3,0.00
2017-03-20T07:00:00,53,47,30.17,3,NA
2017-03-20T07:53:00,58,48,30.22,5,0.00
2017-03-20T08:53:00,64,46,30.23,0,0.00
2017-03-20T09:53:00,69,43,30.23,6,0.00
2017-03-20T10:00:00,69,43,30.20,6,NA
2017-03-20T10:53:00,71,40,30.23,6,0.00
2017-03-20T11:53:00,75,39,30.22,9,0.00
2017-03-20T12:53:00,73,45,30.20,9,0.00
2017-03-20T13:00:00,73,45,30.17,9,NA
2017-03-20T13:53:00,75,44,30.18,11,0.00
2017-03-20T14:53:00,74,47,30.16,13,0.00
2017-03-20T15:53:00,74,44,30.14,11,0.00
2017-03-20T16:00:00,74,44,30.11,11,NA
2017-03-20T16:53:00,74,44,30.14,9,0.00
2017-03-20T17:53:00,70,46,30.15,11,0.00
2017-03-20T18:53:00,66,46,30.16,8,0.00
2017-03-20T19:00:00,66,46,30.13,8,NA
2017-03-20T19:53:00,64,48,30.17,6,0.00
2017-03-20T20:53:00,63,48,30.18,3,0.00
2017-03-20T21:53:00,62,50,30.18,3,0.00
2017-03-20T22:00:00,62,50,30.15,3,NA
2017-03-20T22:53:00,60,49,30.18,3,0.00
2017-03-20T23:53:00,60,51,30.17,3,0.00
2017-03-21T00:53:00,60,50,30.18,3,0.00
2017-03-21T01:00:00,60,50,30.15,3,NA
2017-03-21T01:53:00,58,49,30.16,0,0.00
2017-03-21T02:53:00,58,49,30.15,0,0.00
2017-03-21T03:53:00,57,49,30.15,0,0.00
2017-03-21T04:00:00,57,49,30.12,0,NA
2017-03-21T04:53:00,59,47,30.15,0,0.00
2017-03-21T05:53:00,58,47,30.16,0,0.00
2017-03-21T06:53:00,55,47,30.17,0,0.00
2017-03-21T07:00:00,55,47,30.14,0,NA
2017-03-21T07:53:00,63,50,30.19,0,0.00
2017-03-21T08:53:00,68,51,30.19,3,0.00
2017-03-21T09:53:00,71,53,30.20,8,0.00
2017-03-21T10:00:00,71,53,30.17,8,NA
2017-03-21T10:53:00,73,54,30.21,10,0.00
2017-03-21T11:53:00,74,54,30.20,11,0.00
2017-03-21T12:53:00,76,54,30.18,9,0.00
2017-03-21T13:00:00,76,54,30.15,9,NA
2017-03-21T13:53:00,76,54,30.15,10,0.00
2017-03-21T14:53:00,77,56,30.13,6,0.00
2017-03-21T15:53:00,77,54,30.12,11,0.00
2017-03-21T16:00:00,77,54,30.09,11,NA
2017-03-21T16:53:00,74,55,30.10,11,0.00
2017-03-21T17:53:00,72,52,30.10,9,0.00
2017-03-21T18:53:00,71,51,30.10,7,0.00
2017-03-21T19:00:00,71,51,30.07,7,NA
2017-03-21T19:53:00,69,56,30.11,8,0.00
2017-03-21T20:53:00,67,59,30.12,6,0.00
2017-03-21T21:53:00,67,60,30.10,6,0.00
2017-03-21T22:00:00,67,60,30.07,6,NA
2017-03-21T22:53:00,67,59,30.10,8,0.00
2017-03-21T23:53:00,66,57,30.11,5,0.00
2017-03-22T00:53:00,64,57,30.12,7,0.00
2017-03-22T01:00:00,64,57,30.09,7,NA
2017-03-22T01:53:00,63,58,30.11,3,0.00
2017-03-22T02:53:00,63,58,30.09,5,0.00
2017-03-22T03:53:00,62,59,30.08,0,0.00
2017-03-22T04:00:00,62,59,30.05,0,NA
2017-03-22T04:53:00,64,61,30.08,6,0.00
2017-03-22T05:53:00,65,62,30.08,3,0.00
2017-03-22T06:53:00,66,62,30.09,6,0.00
2017-03-22T07:00:00,66,62,30.06,6,NA
2017-03-22T07:53:00,68,63,30.11,6,0.00
2017-03-22T08:53:00,71,63,30.12,11,0.00
2017-03-22T09:53:00,75,61,30.13,13,0.00
2017-03-22T10:00:00,75,61,30.10,13,NA
2017-03-22T10:53:00,76,61,30.13,11,0.00
2017-03-22T11:53:00,78,60,30.12,8,0.00
2017-03-22T12:53:00,77,62,30.10,11,0.00
2017-03-22T13:00:00,77,62,30.07,11,NA
2017-03-22T13:53:00,78,63,30.07,14,0.00
2017-03-22T14:53:00,78,63,30.05,11,0.00
2017-03-22T15:53:00,77,63,30.04,13,0.00
2017-03-22T16:00:00,77,63,30.01,13,NA
2017-03-22T16:53:00,75,63,30.05,11,0.00
2017-03-22T17:53:00,74,63,30.07,11,0.00
2017-03-22T18:16:00,72,63,30.08,7,NA
2017-03-22T18:53:00,72,63,30.09,9,0.00
2017-03-22T19:00:00,72,63,30.06,9,NA
2017-03-22T19:53:00,71,63,30.09,9,0.00
2017-03-22T20:14:00,70,63,30.09,8,NA
2017-03-22T20:42:00,71,64,30.10,7,NA
2017-03-22T20:53:00,70,64,30.11,7,0.00
2017-03-22T21:53:00,71,65,30.12,7,0.00
2017-03-22T22:00:00,71,65,30.09,7,NA
2017-03-22T22:53:00,71,64,30.16,5,0.00
2017-03-22T23:53:00,70,64,30.15,3,0.00
2017-03-23T00:29:00,70,64,30.16,6,NA
2017-03-23T00:53:00,70,64,30.15,5,0.00
2017-03-23T01:00:00,70,64,30.12,5,NA
2017-03-23T01:53:00,69,64,30.15,5,0.00
2017-03-23T02:53:00,67,63,30.14,3,0.00
2017-03-23T03:53:00,66,63,30.14,5,0.00
2017-03-23T04:00:00,66,63,30.11,5,NA
2017-03-23T04:53:00,66,63,30.14,3,0.00
2017-03-23T05:53:00,67,63,30.15,6,0.00
2017-03-23T06:53:00,67,63,30.17,5,0.00
2017-03-23T07:00:00,67,63,30.14,5,NA
2017-03-23T07:53:00,69,64,30.18,7,0.00
2017-03-23T08:53:00,73,64,30.20,7,0.00
2017-03-23T09:53:00,77,63,30.22,7,0.00
2017-03-23T10:00:00,77,63,30.19,7,NA
2017-03-23T10:53:00,81,62,30.23,9,0.00
2017-03-23T11:53:00,81,59,30.23,8,0.00
2017-03-23T12:53:00,84,59,30.21,8,0.00
2017-03-23T13:00:00,84,59,30.18,8,NA
2017-03-23T13:53:00,79,61,30.20,8,0.00
2017-03-23T14:53:00,82,61,30.19,10,0.00
2017-03-23T15:53:00,83,57,30.19,10,0.00
2017-03-23T16:00:00,83,57,30.16,10,NA
2017-03-23T16:53:00,77,59,30.22,16,0.00
2017-03-23T17:53:00,75,60,30.23,10,0.00
2017-03-23T18:53:00,73,61,30.26,7,0.00
2017-03-23T19:00:00,73,61,30.23,7,NA
2017-03-23T19:53:00,72,60,30.29,11,0.00
2017-03-23T20:53:00,70,59,30.30,9,0.00
2017-03-23T21:53:00,69,59,30.31,9,0.00
2017-03-23T22:00:00,69,59,30.28,9,NA
2017-03-23T22:53:00,68,58,30.31,6,0.00
2017-03-23T23:53:00,67,58,30.30,7,0.00
2017-03-24T00:53:00,66,58,30.30,6,0.00
2017-03-24T01:00:00,66,58,30.27,6,NA
2017-03-24T01:53:00,65,58,30.29,7,0.00
2017-03-24T02:53:00,64,58,30.28,3,0.00
2017-03-24T03:53:00,64,57,30.28,5,0.00
2017-03-24T04:00:00,64,57,30.25,5,NA
2017-03-24T04:53:00,63,57,30.28,5,0.00
2017-03-24T05:53:00,63,56,30.30,6,0.00
2017-03-24T06:53:00,63,56,30.31,6,0.00
2017-03-24T07:00:00,63,56,30.28,6,NA
2017-03-24T07:53:00,67,56,30.32,7,0.00
2017-03-24T08:53:00,70,55,30.33,10,0.00
2017-03-24T09:53:00,74,53,30.33,7,0.00
2017-03-24T10:00:00,74,53,30.30,7,NA
2017-03-24T10:53:00,77,54,30.33,10,0.00
2017-03-24T11:53:00,78,53,30.31,11,0.00
2017-03-24T12:53:00,79,53,30.28,9,0.00
2017-03-24T13:00:00,79,53,30.25,9,NA
2017-03-24T13:53:00,80,53,30.26,9,0.00
2017-03-24T14:53:00,80,51,30.24,11,0.00
2017-03-24T15:53:00,81,49,30.22,10,0.00
2017-03-24T16:00:00,81,49,30.19,10,NA
2017-03-24T16:53:00,80,50,30.20,6,0.00
2017-03-24T17:53:00,80,50,30.20,8,0.00
2017-03-24T18:53:00,75,57,30.22,11,0.00
2017-03-24T19:00:00,75,57,30.19,11,NA
2017-03-24T19:53:00,73,56,30.23,11,0.00
2017-03-24T20:53:00,72,55,30.25,9,0.00
2017-03-24T21:53:00,71,55,30.26,5,0.00
2017-03-24T22:00:00,71,55,30.23,5,NA
2017-03-24T22:53:00,70,56,30.26,6,0.00
2017-03-24T23:53:00,68,56,30.26,3,0.00
2017-03-25T00:53:00,68,57,30.24,5,0.00
2017-03-25T01:00:00,68,57,30.21,5,NA
2017-03-25T01:53:00,66,57,30.22,5,0.00
2017-03-25T02:53:00,66,57,30.20,3,0.00
2017-03-25T03:53:00,66,57,30.18,6,0.00
2017-03-25T04:00:00,66,57,30.15,6,NA
2017-03-25T04:53:00,66,57,30.18,0,0.00
2017-03-25T05:53:00,66,57,30.17,5,0.00
2017-03-25T06:53:00,66,58,30.20,0,0.00
2017-03-25T07:00:00,66,58,30.17,0,NA
2017-03-25T07:53:00,67,58,30.23,0,0.00
2017-03-25T08:53:00,71,59,30.24,5,0.00
2017-03-25T09:53:00,74,58,30.24,6,0.00
2017-03-25T10:00:00,74,58,30.21,6,NA
2017-03-25T10:53:00,74,58,30.25,7,0.00
2017-03-25T11:53:00,78,57,30.23,7,0.00
2017-03-25T12:53:00,82,54,30.19,6,0.00
2017-03-25T13:00:00,82,54,30.16,6,NA
2017-03-25T13:53:00,78,60,30.16,10,0.00
2017-03-25T14:53:00,80,57,30.14,9,0.00
2017-03-25T15:53:00,83,55,30.11,8,0.00
2017-03-25T16:00:00,83,55,30.08,8,NA
2017-03-25T16:53:00,81,54,30.09,7,0.00
2017-03-25T17:53:00,80,57,30.08,8,0.00
2017-03-25T18:53:00,77,59,30.09,7,0.00
2017-03-25T19:00:00,77,59,30.06,7,NA
2017-03-25T19:53:00,76,59,30.11,7,0.00
2017-03-25T20:53:00,76,54,30.12,10,0.00
2017-03-25T21:53:00,74,56,30.14,7,0.00
2017-03-25T22:00:00,74,56,30.11,7,NA
2017-03-25T22:53:00,72,57,30.13,7,0.00
2017-03-25T23:53:00,71,59,30.13,8,0.00
2017-03-26T00:53:00,70,60,30.12,8,0.00
2017-03-26T01:00:00,70,60,30.09,8,NA
2017-03-26T01:53:00,69,60,30.11,7,0.00
2017-03-26T02:53:00,68,60,30.10,6,0.00
2017-03-26T03:53:00,68,61,30.09,6,0.00
2017-03-26T04:00:00,68,61,30.06,6,NA
2017-03-26T04:53:00,67,61,30.10,3,0.00
2017-03-26T05:53:00,66,61,30.12,0,0.00
2017-03-26T06:53:00,66,61,30.12,3,0.00
2017-03-26T07:00:00,66,61,30.09,3,NA
2017-03-26T07:53:00,70,62,30.13,9,0.00
2017-03-26T08:53:00,73,63,30.14,6,0.00
2017-03-26T09:53:00,74,62,30.15,9,0.00
2017-03-26T10:00:00,74,62,30.12,9,NA
2017-03-26T10:53:00,78,61,30.14,9,0.00
2017-03-26T11:53:00,80,60,30.13,11,0.00
2017-03-26T12:53:00,81,57,30.11,3,0.00
2017-03-26T13:00:00,81,57,30.08,3,NA
2017-03-26T13:53:00,81,60,30.08,7,0.00
2017-03-26T14:53:00,83,57,30.06,8,0.00
2017-03-26T15:53:00,83,57,30.05,7,0.00
2017-03-26T16:00:00,83,57,30.02,7,NA
2017-03-26T16:53:00,83,62,30.04,11,0.00
2017-03-26T17:53:00,78,63,30.05,14,0.00
2017-03-26T18:53:00,75,64,30.07,9,0.00
2017-03-26T19:00:00,75,64,30.04,9,NA
2017-03-26T19:53:00,73,63,30.09,8,0.00
2017-03-26T20:53:00,72,64,30.11,7,0.00
2017-03-26T21:53:00,72,63,30.11,5,0.00
2017-03-26T22:00:00,72,63,30.08,5,NA
2017-03-26T22:53:00,72,63,30.09,3,0.00
2017-03-26T23:53:00,72,62,30.09,3,0.00
2017-03-27T00:53:00,71,60,30.09,5,0.00
2017-03-27T01:00:00,71,60,30.06,5,NA
2017-03-27T01:53:00,70,61,30.07,5,0.00
2017-03-27T02:53:00,69,60,30.05,5,0.00
2017-03-27T03:53:00,68,60,30.04,5,0.00
2017-03-27T04:00:00,68,60,30.01,5,NA
2017-03-27T04:53:00,68,60,30.06,0,0.00
2017-03-27T05:53:00,68,61,30.08,5,0.00
2017-03-27T06:53:00,67,60,30.09,0,0.00
2017-03-27T07:00:00,67,60,30.06,0,NA
2017-03-27T07:53:00,71,61,30.11,3,0.00
2017-03-27T08:53:00,75,61,30.13,7,0.00
2017-03-27T09:53:00,76,59,30.13,8,0.00
2017-03-27T10:00:00,76,59,30.10,8,NA
2017-03-27T10:53:00,78,59,30.13,6,0.00
2017-03-27T11:53:00,80,62,30.11,11,0.00
2017-03-27T12:53:00,79,61,30.09,10,0.00
2017-03-27T13:00:00,79,61,30.06,10,NA
2017-03-27T13:53:00,81,59,30.06,10,0.00
2017-03-27T14:53:00,81,58,30.02,10,0.00
2017-03-27T15:53:00,83,58,30.00,11,0.00
2017-03-27T16:00:00,83,58,29.97,11,NA
2017-03-27T16:53:00,80,59,29.99,10,0.00
2017-03-27T17:53:00,80,60,29.98,7,0.00
2017-03-27T18:53:00,77,59,29.99,7,0.00
2017-03-27T19:00:00,77,59,29.96,7,NA
2017-03-27T19:53:00,74,59,30.00,7,0.00
2017-03-27T20:53:00,72,60,30.02,6,0.00
2017-03-27T21:53:00,72,59,30.05,5,0.00
2017-03-27T22:00:00,72,59,30.02,5,NA
2017-03-27T22:53:00,71,60,30.05,6,0.00
2017-03-27T23:53:00,71,60,30.04,0,0.00
2017-03-28T00:53:00,71,60,30.03,3,0.00
2017-03-28T01:00:00,71,60,30.00,3,NA
2017-03-28T01:53:00,70,60,30.02,5,0.00
2017-03-28T02:53:00,69,60,30.01,3,0.00
2017-03-28T03:53:00,68,60,30.01,0,0.00
2017-03-28T04:00:00,68,60,29.98,0,NA
2017-03-28T04:53:00,68,60,30.02,0,0.00
2017-03-28T05:53:00,68,61,30.03,0,0.00
2017-03-28T06:53:00,67,61,30.05,3,0.00
2017-03-28T07:00:00,67,61,30.02,3,NA
2017-03-28T07:53:00,70,61,30.07,0,0.00
2017-03-28T08:53:00,74,61,30.08,5,0.00
2017-03-28T09:53:00,76,62,30.08,8,0.00
2017-03-28T10:00:00,76,62,30.05,8,NA
2017-03-28T10:53:00,78,61,30.08,8,0.00
2017-03-28T11:53:00,79,60,30.06,9,0.00
2017-03-28T12:53:00,81,59,30.04,8,0.00
2017-03-28T13:00:00,81,59,30.01,8,NA
2017-03-28T13:53:00,83,57,30.02,8,0.00
2017-03-28T14:53:00,84,59,29.99,9,0.00
2017-03-28T15:53:00,82,61,29.98,14,0.00
2017-03-28T16:00:00,82,61,29.95,14,NA
2017-03-28T16:53:00,81,61,29.98,11,0.00
2017-03-28T17:53:00,78,60,29.99,13,0.00
2017-03-28T18:53:00,75,62,30.00,8,0.00
2017-03-28T19:00:00,75,62,29.97,8,NA
2017-03-28T19:53:00,73,64,30.01,8,0.00
2017-03-28T20:53:00,72,64,30.03,5,0.00
2017-03-28T21:53:00,70,65,30.04,5,0.00
2017-03-28T22:00:00,70,65,30.01,5,NA
2017-03-28T22:53:00,69,65,30.03,5,0.00
2017-03-28T23:53:00,70,65,30.03,3,0.00
2017-03-29T00:53:00,70,64,30.02,5,0.00
2017-03-29T01:00:00,70,64,29.99,5,NA
2017-03-29T01:53:00,70,63,30.00,5,0.00
2017-03-29T02:53:00,67,62,29.99,5,0.00
2017-03-29T03:53:00,66,62,29.99,5,0.00
2017-03-29T04:00:00,66,62,29.96,5,NA
2017-03-29T04:53:00,67,61,29.99,6,0.00
2017-03-29T05:53:00,67,60,30.00,3,0.00
2017-03-29T06:53:00,68,61,30.01,5,0.00
2017-03-29T07:00:00,68,61,29.98,5,NA
2017-03-29T07:53:00,72,63,30.03,5,0.00
2017-03-29T08:53:00,75,65,30.05,3,0.00
2017-03-29T09:53:00,79,66,30.06,0,0.00
2017-03-29T10:00:00,79,66,30.03,0,NA
2017-03-29T10:53:00,80,67,30.06,8,0.00
2017-03-29T11:53:00,81,65,30.04,8,0.00
2017-03-29T12:53:00,84,62,30.01,8,0.00
2017-03-29T13:00:00,84,62,29.98,8,NA
2017-03-29T13:53:00,87,56,29.99,9,0.00
2017-03-29T14:53:00,87,57,29.97,9,0.00
2017-03-29T15:53:00,83,64,29.97,13,0.00
2017-03-29T16:00:00,83,64,29.94,13,NA
2017-03-29T16:53:00,82,63,29.99,14,0.00
2017-03-29T17:53:00,79,63,30.00,10,0.00
2017-03-29T18:53:00,76,63,30.00,8,0.00
2017-03-29T19:00:00,76,63,29.97,8,NA
2017-03-29T19:53:00,75,63,30.01,3,0.00
2017-03-29T20:53:00,74,64,30.02,3,0.00
2017-03-29T21:53:00,74,64,30.03,0,0.00
2017-03-29T22:00:00,74,64,30.00,0,NA
2017-03-29T22:53:00,72,65,30.03,5,0.00
2017-03-29T23:53:00,73,65,30.02,3,0.00
2017-03-30T00:53:00,72,65,30.01,0,0.00
2017-03-30T01:00:00,72,65,29.98,0,NA
2017-03-30T01:53:00,69,64,30.00,0,0.00
2017-03-30T02:53:00,71,65,29.98,3,0.00
2017-03-30T03:53:00,71,64,29.96,0,0.00
2017-03-30T04:00:00,71,64,29.93,0,NA
2017-03-30T04:53:00,70,65,29.96,3,0.00
2017-03-30T05:53:00,71,65,29.97,0,0.00
2017-03-30T06:53:00,71,64,29.98,3,0.00
2017-03-30T07:00:00,71,64,29.95,3,NA
2017-03-30T07:53:00,74,66,29.99,3,0.00
2017-03-30T08:53:00,76,61,29.99,7,0.00
2017-03-30T09:53:00,80,63,29.99,5,0.00
2017-03-30T10:00:00,80,63,29.96,5,NA
2017-03-30T10:53:00,81,64,30.00,13,0.00
2017-03-30T11:53:00,82,64,30.00,10,0.00
2017-03-30T12:53:00,83,61,29.99,7,0.00
2017-03-30T13:00:00,83,61,29.96,7,NA
2017-03-30T13:53:00,84,65,29.96,9,0.00
2017-03-30T14:53:00,83,65,29.94,15,0.00
2017-03-30T15:53:00,82,65,29.91,14,0.00
2017-03-30T16:00:00,82,65,29.88,14,NA
2017-03-30T16:53:00,81,62,29.91,10,0.00
2017-03-30T17:53:00,79,64,29.89,11,0.00
2017-03-30T18:53:00,76,65,29.90,9,0.00
2017-03-30T19:00:00,76,65,29.87,9,NA
2017-03-30T19:53:00,75,65,29.90,10,0.00
2017-03-30T20:53:00,75,66,29.91,8,0.00
2017-03-30T21:53:00,74,65,29.91,9,0.00
2017-03-30T22:00:00,74,65,29.88,9,NA
2017-03-30T22:53:00,74,65,29.92,5,0.00
2017-03-30T23:53:00,73,65,29.92,3,0.00
2017-03-31T00:53:00,72,65,29.93,3,0.00
2017-03-31T01:00:00,72,65,29.90,3,NA
2017-03-31T01:53:00,71,65,29.91,3,0.00
2017-03-31T02:53:00,71,66,29.91,5,0.00
2017-03-31T03:53:00,71,66,29.92,5,0.00
2017-03-31T04:00:00,71,66,29.89,5,NA
2017-03-31T04:53:00,71,66,29.92,3,0.00
2017-03-31T05:53:00,70,66,29.94,3,T
2017-03-31T06:53:00,70,67,29.88,11,0.02
2017-03-31T07:00:00,70,67,29.85,11,NA
2017-03-31T07:53:00,72,65,29.88,14,0.00
2017-03-31T08:53:00,74,66,29.91,13,0.00
2017-03-31T09:53:00,77,69,29.92,11,0.00
2017-03-31T10:00:00,77,69,29.89,11,NA
2017-03-31T10:53:00,79,70,29.92,15,0.00
2017-03-31T11:53:00,80,70,29.92,21,0.00
2017-03-31T12:53:00,79,69,29.91,15,0.00
2017-03-31T13:00:00,79,69,29.88,15,NA
2017-03-31T13:50:00,81,70,29.90,15,NA
2017-03-31T13:53:00,80,69,29.90,15,0.00
2017-03-31T14:11:00,80,68,29.89,13,NA
2017-03-31T14:53:00,82,66,29.88,15,0.00
2017-03-31T15:53:00,81,66,29.86,13,0.00
2017-03-31T16:00:00,81,66,29.83,13,NA
2017-03-31T16:53:00,79,66,29.88,16,0.00
2017-03-31T17:53:00,76,67,29.89,14,0.00
2017-03-31T18:53:00,74,67,29.90,11,0.00
2017-03-31T19:00:00,74,67,29.87,11,NA
2017-03-31T19:15:00,74,67,29.90,13,NA
2017-03-31T19:53:00,73,67,29.91,11,0.00
2017-03-31T20:48:00,73,68,29.92,13,NA
2017-03-31T20:53:00,73,68,29.92,10,0.00
2017-03-31T21:53:00,73,68,29.94,11,0.00
2017-03-31T22:00:00,73,68,29.91,11,NA
2017-03-31T22:53:00,72,68,29.96,9,0.00
2017-03-31T23:53:00,73,68,29.96,8,0.00
2017-04-01T00:53:00,73,68,29.95,5,0.00
2017-04-01T01:00:00,73,68,29.92,5,NA
2017-04-01T01:53:00,72,67,29.95,7,0.00
2017-04-01T02:53:00,70,67,29.95,3,0.00
2017-04-01T04:53:00,69,67,29.97,3,0.00
2017-04-01T05:53:00,70,64,29.99,3,0.00
2017-04-01T06:53:00,75,66,30.01,3,0.00
2017-04-01T07:00:00,75,66,29.98,3,NA
2017-04-01T07:53:00,76,66,30.02,3,0.00
2017-04-01T08:53:00,76,64,30.04,8,0.00
2017-04-01T09:53:00,79,61,30.05,6,0.00
2017-04-01T10:00:00,79,61,30.02,6,NA
2017-04-01T10:53:00,82,56,30.05,3,0.00
2017-04-01T11:53:00,80,63,30.04,10,0.00
2017-04-01T12:53:00,83,60,30.03,7,0.00
2017-04-01T13:00:00,83,60,30.00,7,NA
2017-04-01T13:53:00,83,60,30.01,8,0.00
2017-04-01T14:53:00,83,63,29.99,6,0.00
2017-04-01T15:53:00,82,65,29.98,8,0.00
2017-04-01T16:00:00,82,65,29.95,8,NA
2017-04-01T16:53:00,82,67,29.99,10,0.00
2017-04-01T17:53:00,80,66,30.00,8,0.00
2017-04-01T18:53:00,77,66,30.01,7,0.00
2017-04-01T19:00:00,77,66,29.98,7,NA
2017-04-01T19:53:00,74,66,30.02,7,0.00
2017-04-01T20:53:00,72,65,30.04,5,0.00
2017-04-01T21:53:00,71,65,30.06,3,0.00
2017-04-01T22:00:00,71,65,30.03,3,NA
2017-04-01T22:47:00,72,66,30.06,6,NA
2017-04-01T22:53:00,70,66,30.06,6,0.00
2017-04-01T23:53:00,70,66,30.05,0,0.00
2017-04-02T00:53:00,69,65,30.04,3,0.00
2017-04-02T01:00:00,69,65,30.01,3,NA
2017-04-02T01:53:00,69,64,30.03,5,0.00
2017-04-02T02:53:00,69,63,30.03,0,0.00
2017-04-02T03:53:00,68,62,30.03,3,0.00
2017-04-02T04:00:00,68,62,30.00,3,NA
2017-04-02T04:53:00,69,61,30.03,0,0.00
2017-04-02T05:53:00,68,60,30.04,3,0.00
2017-04-02T06:53:00,69,59,30.05,3,0.00
2017-04-02T07:00:00,69,59,30.02,3,NA
2017-04-02T07:53:00,73,58,30.06,5,0.00
2017-04-02T08:53:00,78,57,30.06,3,0.00
2017-04-02T09:53:00,81,61,30.05,7,0.00
2017-04-02T10:00:00,81,61,30.02,7,NA
2017-04-02T10:53:00,83,63,30.05,5,0.00
2017-04-02T11:53:00,85,66,30.04,10,0.00
2017-04-02T12:53:00,84,66,30.02,8,0.00
2017-04-02T13:00:00,84,66,29.99,8,NA
2017-04-02T13:53:00,87,66,30.01,7,0.00
2017-04-02T14:53:00,87,66,29.99,7,0.00
2017-04-02T15:53:00,87,64,29.97,5,0.00
2017-04-02T16:00:00,87,64,29.94,5,NA
2017-04-02T16:53:00,87,65,29.96,5,0.00
2017-04-02T17:53:00,83,68,29.97,9,0.00
2017-04-02T18:53:00,80,67,29.96,7,0.00
2017-04-02T19:00:00,80,67,29.93,7,NA
2017-04-02T19:53:00,78,68,29.97,6,0.00
2017-04-02T20:53:00,78,70,30.00,6,0.00
2017-04-02T21:53:00,78,71,NA,6,NA
2017-04-02T22:00:00,78,71,29.98,6,NA
2017-04-02T22:53:00,77,70,30.00,13,0.00
2017-04-02T23:53:00,77,70,30.00,7,0.00
2017-04-03T00:53:00,75,69,NA,7,NA
2017-04-03T01:00:00,75,69,29.95,7,NA
2017-04-03T01:53:00,75,68,29.97,9,0.00
2017-04-03T02:53:00,75,69,29.96,8,0.00
2017-04-03T03:53:00,74,70,29.95,8,0.00
2017-04-03T04:00:00,74,70,29.92,8,NA
2017-04-03T04:53:00,74,70,29.95,9,0.00
2017-04-03T05:51:00,75,72,29.95,9,NA
2017-04-03T05:53:00,75,71,29.96,8,0.00
2017-04-03T06:01:00,74,70,29.96,8,NA
2017-04-03T06:53:00,75,71,29.96,11,0.00
2017-04-03T07:00:00,75,71,29.93,11,NA
2017-04-03T07:30:00,76,71,29.97,11,NA
2017-04-03T07:53:00,76,71,29.97,9,0.00
2017-04-03T07:56:00,76,71,29.97,10,NA
2017-04-03T08:36:00,78,71,29.97,15,NA
2017-04-03T08:53:00,79,71,29.97,13,0.00
2017-04-03T09:53:00,82,68,29.97,10,0.00
2017-04-03T10:00:00,82,68,29.94,10,NA
2017-04-03T10:53:00,86,67,29.97,10,0.00
2017-04-03T11:53:00,88,66,29.95,15,0.00
2017-04-03T12:53:00,89,66,29.95,10,0.00
2017-04-03T13:00:00,89,66,29.92,10,NA
2017-04-03T13:53:00,90,65,29.93,18,0.00
2017-04-03T14:53:00,88,65,29.91,18,0.00
2017-04-03T15:53:00,85,67,29.90,22,0.00
2017-04-03T16:00:00,85,67,29.87,22,NA
2017-04-03T16:53:00,83,68,29.89,21,0.00
2017-04-03T17:53:00,81,69,29.88,18,0.00
2017-04-03T18:53:00,79,69,29.91,15,0.00
2017-04-03T19:00:00,79,69,29.88,15,NA
2017-04-03T19:53:00,79,69,29.91,15,0.00
2017-04-03T20:53:00,78,69,29.92,7,0.00
2017-04-03T21:53:00,78,69,29.92,8,0.00
2017-04-03T22:00:00,78,69,29.89,8,NA
2017-04-03T22:53:00,77,69,29.92,6,0.00
2017-04-03T23:53:00,77,68,29.91,7,0.00
2017-04-04T00:53:00,77,68,29.90,13,0.00
2017-04-04T01:00:00,77,68,29.87,13,NA
2017-04-04T01:53:00,76,69,29.90,10,0.00
2017-04-04T02:53:00,75,70,29.90,6,0.00
2017-04-04T03:53:00,75,70,29.89,6,0.00
2017-04-04T04:00:00,75,70,29.86,6,NA
2017-04-04T04:53:00,75,69,29.90,7,0.00
2017-04-04T05:53:00,74,69,29.89,9,0.00
2017-04-04T06:53:00,74,70,29.90,8,0.00
2017-04-04T07:00:00,74,70,29.87,8,NA
2017-04-04T07:53:00,77,70,29.91,10,0.00
2017-04-04T08:53:00,79,71,29.93,14,0.00
2017-04-04T09:53:00,81,72,29.96,15,0.00
2017-04-04T10:00:00,81,72,29.93,15,NA
2017-04-04T10:53:00,81,73,29.98,11,0.00
2017-04-04T11:53:00,85,73,29.97,16,0.00
2017-04-04T12:53:00,84,74,29.94,17,0.00
2017-04-04T13:00:00,84,74,29.91,17,NA
2017-04-04T13:53:00,84,74,29.92,18,0.00
2017-04-04T14:53:00,86,74,29.91,13,0.00
2017-04-04T15:53:00,84,73,29.92,14,0.00
2017-04-04T16:00:00,84,73,29.89,14,NA
2017-04-04T16:53:00,83,73,29.94,11,0.00
2017-04-04T17:53:00,81,73,29.95,9,0.00
2017-04-04T18:53:00,79,72,29.96,8,0.00
2017-04-04T19:00:00,79,72,29.93,8,NA
2017-04-04T19:47:00,79,68,29.98,7,NA
2017-04-04T19:53:00,79,68,29.99,5,0.00
2017-04-04T20:24:00,79,67,29.99,5,NA
2017-04-04T20:53:00,78,67,29.99,5,0.00
2017-04-04T21:53:00,77,67,30.01,7,0.00
2017-04-04T22:00:00,77,67,29.98,7,NA
2017-04-04T22:53:00,76,67,30.00,6,0.00
2017-04-04T23:53:00,77,68,30.00,3,0.00
2017-04-05T00:51:00,75,68,29.98,3,NA
2017-04-05T00:53:00,76,68,29.98,3,0.00
2017-04-05T01:00:00,76,68,29.95,3,NA
2017-04-05T01:53:00,75,69,29.95,6,0.00
2017-04-05T02:53:00,74,70,29.93,5,0.00
2017-04-05T03:53:00,74,70,29.93,8,0.00
2017-04-05T04:00:00,74,70,29.90,8,NA
2017-04-05T04:50:00,73,72,29.94,10,NA
2017-04-05T04:53:00,74,71,29.94,11,0.00
2017-04-05T05:53:00,74,71,29.94,9,0.00
2017-04-05T06:45:00,75,71,29.94,10,NA
2017-04-05T06:53:00,75,71,29.95,11,0.00
2017-04-05T07:00:00,75,71,29.92,11,NA
2017-04-05T07:53:00,76,72,29.96,11,0.00
2017-04-05T08:53:00,79,71,29.97,9,0.00
2017-04-05T09:53:00,82,72,29.98,11,0.00
2017-04-05T10:00:00,82,72,29.95,11,NA
2017-04-05T10:53:00,84,73,29.98,14,0.00
2017-04-05T11:53:00,86,70,29.95,17,0.00
2017-04-05T12:53:00,88,69,29.94,18,0.00
2017-04-05T13:00:00,88,69,29.91,18,NA
2017-04-05T13:53:00,86,73,29.92,21,0.00
2017-04-05T14:53:00,85,72,29.92,18,0.00
2017-04-05T15:53:00,84,73,29.92,16,0.00
2017-04-05T16:00:00,84,73,29.89,16,NA
2017-04-05T16:53:00,84,72,29.93,14,0.00
2017-04-05T17:53:00,82,71,29.95,14,0.00
2017-04-05T18:47:00,81,73,29.96,14,NA
2017-04-05T18:53:00,79,73,29.96,14,0.00
2017-04-05T19:00:00,79,73,29.93,14,NA
2017-04-05T19:33:00,79,74,29.95,15,NA
2017-04-05T19:50:00,79,73,29.95,13,NA
2017-04-05T19:53:00,79,74,29.96,13,0.00
2017-04-05T20:47:00,79,73,29.96,10,NA
2017-04-05T20:53:00,78,74,29.96,10,0.00
2017-04-05T21:53:00,78,74,29.96,11,0.00
2017-04-05T22:00:00,78,74,29.93,11,NA
2017-04-05T22:53:00,78,73,29.96,10,0.00
2017-04-05T23:53:00,78,74,29.93,14,0.00
2017-04-06T00:53:00,78,73,29.92,14,0.00
2017-04-06T01:00:00,78,73,29.89,14,NA
2017-04-06T01:53:00,78,73,29.89,18,0.00
2017-04-06T02:36:00,77,73,29.88,17,NA
2017-04-06T02:48:00,77,73,29.88,17,NA
2017-04-06T02:53:00,77,73,29.88,17,0.00
2017-04-06T03:38:00,78,73,29.90,15,NA
2017-04-06T03:51:00,79,73,29.89,17,NA
2017-04-06T03:53:00,78,73,29.89,13,0.00
2017-04-06T04:00:00,78,73,29.86,13,NA
2017-04-06T04:00:00,76,71,29.91,25,T
2017-04-06T04:04:00,72,67,29.92,23,0.07
2017-04-06T04:13:00,71,67,29.90,18,0.36
2017-04-06T04:18:00,70,67,29.92,13,0.43
2017-04-06T04:21:00,70,67,29.91,11,0.43
2017-04-06T04:53:00,70,66,29.89,8,0.51
2017-04-06T05:17:00,72,67,29.91,10,0.01
2017-04-06T05:42:00,71,68,29.91,11,0.03
2017-04-06T05:53:00,72,68,29.89,10,0.03
2017-04-06T05:56:00,72,68,29.90,11,T
2017-04-06T05:59:00,72,68,29.90,11,T
2017-04-06T06:20:00,73,70,29.92,13,0.01
2017-04-06T06:33:00,73,70,29.92,13,0.04
2017-04-06T06:39:00,73,70,29.93,16,0.04
2017-04-06T06:53:00,73,71,29.92,8,0.05
2017-04-06T07:00:00,73,71,29.89,8,NA
2017-04-06T07:37:00,72,66,29.96,11,T
2017-04-06T07:53:00,72,64,29.96,8,0.00
2017-04-06T08:53:00,72,63,29.98,13,0.00
2017-04-06T09:53:00,75,58,29.99,13,0.00
2017-04-06T10:00:00,75,58,29.96,13,NA
2017-04-06T10:53:00,75,53,30.00,18,0.00
2017-04-06T11:53:00,76,51,30.01,14,0.00
2017-04-06T12:53:00,75,46,30.00,20,0.00
2017-04-06T13:00:00,75,46,29.97,20,NA
2017-04-06T13:53:00,75,46,29.99,14,0.00
2017-04-06T14:53:00,75,45,29.97,11,0.00
2017-04-06T15:53:00,73,47,29.97,16,0.00
2017-04-06T16:00:00,73,47,29.94,16,NA
2017-04-06T16:53:00,72,48,29.96,11,0.00
2017-04-06T17:53:00,70,47,29.97,13,0.00
2017-04-06T18:53:00,68,48,29.98,16,0.00
2017-04-06T19:00:00,68,48,29.95,16,NA
2017-04-06T19:53:00,67,49,29.99,9,0.00
2017-04-06T20:53:00,68,49,30.02,10,0.00
2017-04-06T21:53:00,66,49,30.04,9,0.00
2017-04-06T22:00:00,66,49,30.01,9,NA
2017-04-06T22:53:00,66,49,30.04,7,0.00
2017-04-06T23:53:00,66,50,30.05,6,0.00
2017-04-07T00:53:00,66,50,30.05,6,0.00
2017-04-07T01:00:00,66,50,30.02,6,NA
2017-04-07T01:53:00,65,48,30.05,8,0.00
2017-04-07T02:53:00,64,42,30.05,7,0.00
2017-04-07T03:53:00,62,37,30.06,11,0.00
2017-04-07T04:00:00,62,37,30.03,11,NA
2017-04-07T04:53:00,61,37,30.08,11,0.00
2017-04-07T05:53:00,60,37,30.09,8,0.00
2017-04-07T06:53:00,61,37,30.11,8,0.00
2017-04-07T07:00:00,61,37,30.08,8,NA
2017-04-07T07:53:00,63,37,30.12,10,0.00
2017-04-07T08:53:00,67,38,30.14,11,0.00
2017-04-07T09:53:00,70,39,30.14,15,0.00
2017-04-07T10:00:00,70,39,30.11,15,NA
2017-04-07T10:53:00,72,40,30.13,20,0.00
2017-04-07T11:53:00,73,39,30.11,17,0.00
2017-04-07T12:53:00,72,38,30.10,18,0.00
2017-04-07T13:00:00,72,38,30.07,18,NA
2017-04-07T13:53:00,72,38,30.07,20,0.00
2017-04-07T14:53:00,72,38,30.05,11,0.00
2017-04-07T15:53:00,71,37,30.04,18,0.00
2017-04-07T16:00:00,71,37,30.01,18,NA
2017-04-07T16:53:00,69,38,30.03,21,0.00
2017-04-07T17:53:00,68,37,30.04,15,0.00
2017-04-07T18:53:00,66,38,30.04,9,0.00
2017-04-07T19:00:00,66,38,30.01,9,NA
2017-04-07T19:53:00,64,40,30.06,6,0.00
2017-04-07T20:53:00,63,40,30.08,6,0.00
2017-04-07T21:53:00,62,40,30.09,6,0.00
2017-04-07T22:00:00,62,40,30.06,6,NA
2017-04-07T22:53:00,62,41,30.10,3,0.00
2017-04-07T23:53:00,60,42,30.09,3,0.00
2017-04-08T00:53:00,60,44,30.08,0,0.00
2017-04-08T01:00:00,60,44,30.05,0,NA
2017-04-08T01:53:00,59,44,30.06,0,0.00
2017-04-08T02:53:00,58,45,30.06,5,0.00
2017-04-08T03:53:00,58,46,30.07,0,0.00
2017-04-08T04:00:00,58,46,30.04,0,NA
2017-04-08T04:53:00,59,41,30.07,5,0.00
2017-04-08T05:53:00,56,39,30.09,5,0.00
2017-04-08T06:53:00,58,38,30.10,3,0.00
2017-04-08T07:00:00,58,38,30.07,3,NA
2017-04-08T07:53:00,63,35,30.12,9,0.00
2017-04-08T08:53:00,68,34,30.13,7,0.00
2017-04-08T09:53:00,70,30,30.13,6,0.00
2017-04-08T10:00:00,70,30,30.10,6,NA
2017-04-08T10:53:00,73,30,30.13,6,0.00
2017-04-08T11:53:00,74,31,30.11,0,0.00
2017-04-08T12:53:00,74,31,30.09,5,0.00
2017-04-08T13:00:00,74,31,30.06,5,NA
2017-04-08T13:53:00,75,36,30.07,13,0.00
2017-04-08T14:53:00,74,35,30.06,16,0.00
2017-04-08T15:53:00,73,34,30.05,16,0.00
2017-04-08T16:00:00,73,34,30.02,16,NA
2017-04-08T16:53:00,72,33,30.04,13,0.00
2017-04-08T17:53:00,70,32,30.04,14,0.00
2017-04-08T18:53:00,66,35,30.05,13,0.00
2017-04-08T19:00:00,66,35,30.02,13,NA
2017-04-08T19:53:00,64,37,30.06,6,0.00
2017-04-08T20:53:00,63,39,30.08,5,0.00
2017-04-08T21:53:00,61,41,30.10,3,0.00
2017-04-08T22:00:00,61,41,30.07,3,NA
2017-04-08T22:53:00,60,43,30.10,3,0.00
2017-04-08T23:53:00,61,41,30.11,6,0.00
2017-04-09T00:53:00,59,42,30.10,3,0.00
2017-04-09T01:00:00,59,42,30.07,3,NA
2017-04-09T01:53:00,59,41,30.08,3,0.00
2017-04-09T02:53:00,58,42,30.07,5,0.00
2017-04-09T03:53:00,57,43,30.09,6,0.00
2017-04-09T04:00:00,57,43,30.06,6,NA
2017-04-09T04:53:00,57,43,30.10,6,0.00
2017-04-09T05:53:00,56,42,30.10,5,0.00
2017-04-09T06:53:00,57,43,30.13,6,0.00
2017-04-09T07:00:00,57,43,30.10,6,NA
2017-04-09T07:53:00,63,44,30.14,8,0.00
2017-04-09T08:53:00,69,41,30.16,6,0.00
2017-04-09T09:53:00,73,40,30.17,6,0.00
2017-04-09T10:00:00,73,40,30.14,6,NA
2017-04-09T10:53:00,77,41,30.16,8,0.00
2017-04-09T11:53:00,80,43,30.14,0,0.00
2017-04-09T12:53:00,78,46,30.13,10,0.00
2017-04-09T13:00:00,78,46,30.10,10,NA
2017-04-09T13:53:00,79,49,30.12,10,0.00
2017-04-09T14:53:00,80,46,30.11,11,0.00
2017-04-09T15:53:00,80,47,30.09,9,0.00
2017-04-09T16:00:00,80,47,30.06,9,NA
2017-04-09T16:53:00,80,42,30.08,8,0.00
2017-04-09T17:53:00,78,39,30.09,10,0.00
2017-04-09T18:53:00,73,40,30.10,8,0.00
2017-04-09T19:00:00,73,40,30.07,8,NA
2017-04-09T19:53:00,71,44,30.12,8,0.00
2017-04-09T20:53:00,70,46,30.15,8,0.00
2017-04-09T21:53:00,71,46,30.17,5,0.00
2017-04-09T22:00:00,71,46,30.14,5,NA
2017-04-09T22:53:00,70,49,30.18,5,0.00
2017-04-09T23:53:00,69,52,30.17,3,0.00
2017-04-10T00:53:00,67,52,30.16,5,0.00
2017-04-10T01:00:00,67,52,30.13,5,NA
2017-04-10T01:53:00,66,53,30.14,5,0.00
2017-04-10T02:53:00,66,54,30.13,5,0.00
2017-04-10T03:53:00,65,54,30.14,3,0.00
2017-04-10T04:00:00,65,54,30.11,3,NA
2017-04-10T04:53:00,62,53,30.17,3,0.00
2017-04-10T05:53:00,62,53,30.18,3,0.00
2017-04-10T06:53:00,63,55,30.20,5,0.00
2017-04-10T07:00:00,63,55,30.17,5,NA
2017-04-10T07:53:00,68,56,30.23,6,0.00
2017-04-10T08:53:00,74,58,30.23,7,0.00
2017-04-10T09:53:00,77,59,30.24,10,0.00
2017-04-10T10:00:00,77,59,30.21,10,NA
2017-04-10T10:53:00,78,57,30.24,7,0.00
2017-04-10T11:53:00,79,57,30.22,3,0.00
2017-04-10T12:53:00,83,57,30.21,5,0.00
2017-04-10T13:00:00,83,57,30.18,5,NA
2017-04-10T13:53:00,83,55,30.17,0,0.00
2017-04-10T14:53:00,85,53,30.15,6,0.00
2017-04-10T15:53:00,86,52,30.13,7,0.00
2017-04-10T16:00:00,86,52,30.10,7,NA
2017-04-10T16:53:00,85,51,30.12,9,0.00
2017-04-10T17:53:00,81,55,30.13,7,0.00
2017-04-10T18:53:00,80,55,30.14,7,0.00
2017-04-10T19:00:00,80,55,30.11,7,NA
2017-04-10T19:53:00,77,55,30.16,9,0.00
2017-04-10T20:53:00,75,55,30.19,11,0.00
2017-04-10T21:53:00,73,54,30.22,13,0.00
2017-04-10T22:00:00,73,54,30.19,13,NA
2017-04-10T22:53:00,71,53,30.22,7,0.00
2017-04-10T23:53:00,70,54,30.21,6,0.00
2017-04-11T00:53:00,68,54,30.19,3,0.00
2017-04-11T01:00:00,68,54,30.16,3,NA
2017-04-11T01:53:00,66,55,30.19,0,0.00
2017-04-11T02:53:00,65,55,30.17,5,0.00
2017-04-11T03:53:00,64,54,30.18,3,0.00
2017-04-11T04:00:00,64,54,30.15,3,NA
2017-04-11T04:53:00,63,54,30.19,6,0.00
2017-04-11T05:53:00,63,55,30.20,3,0.00
2017-04-11T06:53:00,63,55,30.22,5,0.00
2017-04-11T07:00:00,63,55,30.19,5,NA
2017-04-11T07:53:00,69,56,30.23,3,0.00
2017-04-11T08:53:00,74,55,30.24,5,0.00
2017-04-11T09:53:00,76,56,30.24,6,0.00
2017-04-11T10:00:00,76,56,30.21,6,NA
2017-04-11T10:53:00,78,55,30.24,7,0.00
2017-04-11T11:53:00,81,54,30.22,3,0.00
2017-04-11T12:53:00,83,53,30.20,7,0.00
2017-04-11T13:00:00,83,53,30.17,7,NA
2017-04-11T13:53:00,81,57,30.17,8,0.00
2017-04-11T14:53:00,83,53,30.14,3,0.00
2017-04-11T15:53:00,86,55,30.11,14,0.00
2017-04-11T16:00:00,86,55,30.08,14,NA
2017-04-11T16:53:00,83,54,30.10,13,0.00
2017-04-11T17:46:00,82,55,30.10,13,NA
2017-04-11T17:53:00,81,55,30.10,13,0.00
2017-04-11T18:53:00,78,56,30.12,7,0.00
2017-04-11T19:00:00,78,56,30.09,7,NA
2017-04-11T19:53:00,79,55,30.15,10,0.00
2017-04-11T20:53:00,76,53,30.17,8,0.00
2017-04-11T21:53:00,74,53,30.19,7,0.00
2017-04-11T22:00:00,74,53,30.16,7,NA
2017-04-11T22:53:00,73,53,30.19,6,0.00
2017-04-11T23:53:00,71,54,30.19,3,0.00
2017-04-12T00:53:00,69,55,30.18,6,0.00
2017-04-12T01:00:00,69,55,30.15,6,NA
2017-04-12T01:53:00,68,55,30.16,0,0.00
2017-04-12T02:53:00,67,56,30.15,3,0.00
2017-04-12T03:53:00,66,57,30.14,7,0.00
2017-04-12T04:00:00,66,57,30.11,7,NA
2017-04-12T04:53:00,66,57,30.14,3,0.00
2017-04-12T05:53:00,66,58,30.16,5,0.00
2017-04-12T06:53:00,67,59,30.17,5,0.00
2017-04-12T07:00:00,67,59,30.14,5,NA
2017-04-12T07:53:00,71,60,30.19,5,0.00
2017-04-12T08:53:00,76,58,30.20,6,0.00
2017-04-12T09:53:00,78,56,30.21,6,0.00
2017-04-12T10:00:00,78,56,30.18,6,NA
2017-04-12T10:53:00,80,54,30.20,9,0.00
2017-04-12T11:53:00,83,52,30.17,8,0.00
2017-04-12T12:53:00,85,51,30.14,6,0.00
2017-04-12T13:00:00,85,51,30.11,6,NA
2017-04-12T13:33:00,82,58,30.12,11,NA
2017-04-12T13:53:00,83,58,30.12,11,0.00
2017-04-12T14:53:00,84,59,30.10,14,0.00
2017-04-12T15:53:00,83,56,30.09,8,0.00
2017-04-12T16:00:00,83,56,30.06,8,NA
2017-04-12T16:53:00,83,60,30.09,9,0.00
2017-04-12T17:53:00,81,61,30.09,8,0.00
2017-04-12T18:53:00,77,61,30.11,7,0.00
2017-04-12T19:00:00,77,61,30.08,7,NA
2017-04-12T19:53:00,75,63,30.14,7,0.00
2017-04-12T20:53:00,77,61,30.17,8,0.00
2017-04-12T21:53:00,76,60,30.18,7,0.00
2017-04-12T22:00:00,76,60,30.15,7,NA
2017-04-12T22:53:00,74,61,30.18,7,0.00
2017-04-12T23:53:00,73,60,30.18,7,0.00
2017-04-13T00:53:00,72,59,30.16,5,0.00
2017-04-13T01:00:00,72,59,30.13,5,NA
2017-04-13T01:53:00,71,59,30.14,6,0.00
2017-04-13T02:53:00,70,59,30.14,7,0.00
2017-04-13T03:53:00,69,59,30.13,3,0.00
2017-04-13T04:00:00,69,59,30.10,3,NA
2017-04-13T04:53:00,68,59,30.14,5,0.00
2017-04-13T05:53:00,67,59,30.16,6,0.00
2017-04-13T06:53:00,67,59,30.18,7,0.00
2017-04-13T07:00:00,67,59,30.15,7,NA
2017-04-13T07:53:00,71,60,30.19,6,0.00
2017-04-13T08:53:00,75,59,30.18,6,0.00
2017-04-13T09:53:00,78,59,30.18,7,0.00
2017-04-13T10:00:00,78,59,30.15,7,NA
2017-04-13T10:53:00,79,57,30.18,5,0.00
2017-04-13T11:53:00,81,57,30.16,6,0.00
2017-04-13T12:53:00,83,57,30.14,3,0.00
2017-04-13T13:00:00,83,57,30.11,3,NA
2017-04-13T13:53:00,84,56,30.12,5,0.00
2017-04-13T14:53:00,84,55,30.10,10,0.00
2017-04-13T15:53:00,85,56,30.08,3,0.00
2017-04-13T16:00:00,85,56,30.05,3,NA
2017-04-13T16:53:00,86,53,30.08,7,0.00
2017-04-13T17:53:00,83,54,30.08,10,0.00
2017-04-13T18:53:00,80,54,30.10,9,0.00
2017-04-13T19:00:00,80,54,30.07,9,NA
2017-04-13T19:53:00,78,55,30.14,9,0.00
2017-04-13T20:53:00,76,54,30.17,9,0.00
2017-04-13T21:53:00,74,54,30.18,9,0.00
2017-04-13T22:00:00,74,54,30.15,9,NA
2017-04-13T22:53:00,72,55,30.18,6,0.00
2017-04-13T23:53:00,70,56,30.18,5,0.00
2017-04-14T00:53:00,69,56,30.17,6,0.00
2017-04-14T01:00:00,69,56,30.14,6,NA
2017-04-14T01:53:00,68,57,30.16,3,0.00
2017-04-14T02:53:00,67,57,30.15,3,0.00
2017-04-14T03:53:00,66,57,30.15,5,0.00
2017-04-14T04:00:00,66,57,30.12,5,NA
2017-04-14T04:53:00,65,57,30.15,7,0.00
2017-04-14T05:53:00,64,57,30.16,5,0.00
2017-04-14T06:53:00,65,57,30.18,5,0.00
2017-04-14T07:00:00,65,57,30.15,5,NA
2017-04-14T07:53:00,70,57,30.19,7,0.00
2017-04-14T08:53:00,75,56,30.20,7,0.00
2017-04-14T09:53:00,78,52,30.20,7,0.00
2017-04-14T10:00:00,78,52,30.17,7,NA
2017-04-14T10:53:00,81,56,30.20,7,0.00
2017-04-14T11:53:00,82,55,30.18,10,0.00
2017-04-14T12:53:00,83,54,30.15,8,0.00
2017-04-14T13:00:00,83,54,30.12,8,NA
2017-04-14T13:53:00,85,55,30.13,6,0.00
2017-04-14T14:53:00,87,54,30.11,9,0.00
2017-04-14T15:53:00,85,55,30.11,9,0.00
2017-04-14T16:00:00,85,55,30.08,9,NA
2017-04-14T16:53:00,84,53,30.11,10,0.00
2017-04-14T17:53:00,84,50,30.12,7,0.00
2017-04-14T18:53:00,81,53,30.13,5,0.00
2017-04-14T19:00:00,81,53,30.10,5,NA
2017-04-14T19:53:00,79,57,30.16,11,0.00
2017-04-14T20:53:00,77,58,30.18,8,0.00
2017-04-14T21:53:00,75,58,30.19,8,0.00
2017-04-14T22:00:00,75,58,30.16,8,NA
2017-04-14T22:53:00,73,59,30.19,7,0.00
2017-04-14T23:53:00,72,59,30.18,8,0.00
2017-04-15T00:53:00,71,60,30.18,5,0.00
2017-04-15T01:00:00,71,60,30.15,5,NA
2017-04-15T01:53:00,70,60,30.17,6,0.00
2017-04-15T02:53:00,69,60,30.17,3,0.00
2017-04-15T03:53:00,68,60,30.18,5,0.00
2017-04-15T04:00:00,68,60,30.15,5,NA
2017-04-15T04:53:00,66,60,30.19,5,0.00
2017-04-15T05:53:00,66,60,30.20,5,0.00
2017-04-15T06:53:00,66,60,30.22,5,0.00
2017-04-15T07:00:00,66,60,30.19,5,NA
2017-04-15T07:53:00,71,60,30.23,6,0.00
2017-04-15T08:53:00,75,61,30.24,11,0.00
2017-04-15T09:53:00,78,60,30.25,14,0.00
2017-04-15T10:00:00,78,60,30.22,14,NA
2017-04-15T10:53:00,80,60,30.24,9,0.00
2017-04-15T11:53:00,81,60,30.23,13,0.00
2017-04-15T12:53:00,85,58,30.21,8,0.00
2017-04-15T13:00:00,85,58,30.18,8,NA
2017-04-15T13:53:00,86,54,30.19,8,0.00
2017-04-15T14:53:00,85,54,30.16,10,0.00
2017-04-15T15:53:00,86,52,30.15,9,0.00
2017-04-15T16:00:00,86,52,30.12,9,NA
2017-04-15T16:53:00,84,54,30.15,11,0.00
2017-04-15T17:53:00,82,56,30.16,13,0.00
2017-04-15T18:53:00,80,56,30.17,10,0.00
2017-04-15T19:00:00,80,56,30.14,10,NA
2017-04-15T19:53:00,78,58,30.19,8,0.00
2017-04-15T20:53:00,76,60,30.22,8,0.00
2017-04-15T21:53:00,75,59,30.23,6,0.00
2017-04-15T22:00:00,75,59,30.20,6,NA
2017-04-15T22:53:00,73,60,30.23,8,0.00
2017-04-15T23:53:00,72,59,30.23,8,0.00
2017-04-16T00:53:00,72,59,30.22,8,0.00
2017-04-16T01:00:00,72,59,30.19,8,NA
2017-04-16T01:53:00,71,59,30.20,8,0.00
2017-04-16T02:53:00,70,58,30.18,6,0.00
2017-04-16T03:53:00,68,59,30.18,5,0.00
2017-04-16T04:00:00,68,59,30.15,5,NA
2017-04-16T04:53:00,66,59,30.18,6,0.00
2017-04-16T05:53:00,67,58,30.19,5,0.00
2017-04-16T06:53:00,66,58,30.21,7,0.00
2017-04-16T07:00:00,66,58,30.18,7,NA
2017-04-16T07:53:00,71,59,30.22,5,0.00
2017-04-16T08:53:00,76,59,30.22,9,0.00
2017-04-16T09:53:00,79,58,30.22,9,0.00
2017-04-16T10:00:00,79,58,30.19,9,NA
2017-04-16T10:53:00,81,54,30.21,10,0.00
2017-04-16T11:53:00,84,54,30.19,7,0.00
2017-04-16T12:53:00,85,54,30.18,9,0.00
2017-04-16T13:00:00,85,54,30.15,9,NA
2017-04-16T13:53:00,86,51,30.16,6,0.00
2017-04-16T14:53:00,82,57,30.13,13,0.00
2017-04-16T15:53:00,81,60,30.12,13,0.00
2017-04-16T16:00:00,81,60,30.09,13,NA
2017-04-16T16:53:00,83,59,30.11,11,0.00
2017-04-16T17:53:00,81,55,30.10,11,0.00
2017-04-16T18:53:00,78,55,30.11,9,0.00
2017-04-16T19:00:00,78,55,30.08,9,NA
2017-04-16T19:53:00,76,58,30.13,8,0.00
2017-04-16T20:53:00,75,59,30.15,5,0.00
2017-04-16T21:53:00,76,59,30.16,9,0.00
2017-04-16T22:00:00,76,59,30.13,9,NA
2017-04-16T22:53:00,74,59,30.16,8,0.00
2017-04-16T23:53:00,73,60,30.16,5,0.00
2017-04-17T00:53:00,72,60,30.14,6,0.00
2017-04-17T01:00:00,72,60,30.11,6,NA
2017-04-17T01:53:00,71,60,30.13,5,0.00
2017-04-17T02:53:00,69,60,30.12,7,0.00
2017-04-17T03:53:00,69,60,30.11,3,0.00
2017-04-17T04:00:00,69,60,30.08,3,NA
2017-04-17T04:53:00,69,61,30.11,3,0.00
2017-04-17T05:53:00,69,61,30.12,5,0.00
2017-04-17T06:53:00,70,61,30.14,5,0.00
2017-04-17T07:00:00,70,61,30.11,5,NA
2017-04-17T07:53:00,73,63,30.15,7,0.00
2017-04-17T08:53:00,75,63,30.16,8,0.00
2017-04-17T09:53:00,78,63,30.16,6,0.00
2017-04-17T10:00:00,78,63,30.13,6,NA
2017-04-17T10:53:00,79,64,30.15,9,0.00
2017-04-17T11:53:00,79,63,30.13,8,0.00
2017-04-17T12:53:00,82,61,30.10,10,0.00
2017-04-17T13:00:00,82,61,30.07,10,NA
2017-04-17T13:53:00,83,61,30.08,9,0.00
2017-04-17T14:53:00,84,62,30.06,11,0.00
2017-04-17T15:53:00,84,62,30.04,14,0.00
2017-04-17T16:00:00,84,62,30.01,14,NA
2017-04-17T16:53:00,83,59,30.03,7,0.00
2017-04-17T17:53:00,83,58,30.03,10,0.00
2017-04-17T18:53:00,79,58,30.03,8,0.00
2017-04-17T19:00:00,79,58,30.00,8,NA
2017-04-17T19:53:00,76,61,30.06,9,0.00
2017-04-17T20:53:00,76,61,30.08,8,0.00
2017-04-17T21:53:00,76,62,30.08,5,0.00
2017-04-17T22:00:00,76,62,30.05,5,NA
2017-04-17T22:53:00,76,62,30.08,8,0.00
2017-04-17T23:53:00,74,62,30.08,6,0.00
2017-04-18T00:53:00,73,62,30.08,6,0.00
2017-04-18T01:00:00,73,62,30.05,6,NA
2017-04-18T01:53:00,72,63,30.07,5,0.00
2017-04-18T02:53:00,73,63,30.07,5,0.00
2017-04-18T03:53:00,72,63,30.08,6,0.00
2017-04-18T04:00:00,72,63,30.05,6,NA
2017-04-18T04:53:00,71,63,30.08,3,0.00
2017-04-18T05:53:00,71,63,30.09,5,0.00
2017-04-18T06:53:00,73,64,30.12,5,0.00
2017-04-18T07:00:00,73,64,30.09,5,NA
2017-04-18T07:53:00,75,65,30.13,3,0.00
2017-04-18T08:53:00,78,65,30.13,9,0.00
2017-04-18T09:53:00,80,64,30.14,6,0.00
2017-04-18T10:00:00,80,64,30.11,6,NA
2017-04-18T10:53:00,81,62,30.15,3,0.00
2017-04-18T11:53:00,83,59,30.13,8,0.00
2017-04-18T12:53:00,84,58,30.11,5,0.00
2017-04-18T13:00:00,84,58,30.08,5,NA
2017-04-18T13:53:00,85,57,30.09,8,0.00
2017-04-18T14:53:00,83,60,30.06,10,0.00
2017-04-18T15:53:00,83,62,30.06,8,0.00
2017-04-18T16:00:00,83,62,30.03,8,NA
2017-04-18T16:53:00,85,61,30.05,6,0.00
2017-04-18T17:53:00,82,66,30.05,13,0.00
2017-04-18T18:53:00,79,64,30.07,9,0.00
2017-04-18T19:00:00,79,64,30.04,9,NA
2017-04-18T19:53:00,80,63,30.10,3,T
2017-04-18T20:53:00,78,65,30.14,7,T
2017-04-18T21:53:00,75,65,30.16,6,T
2017-04-18T22:00:00,75,65,30.13,6,NA
2017-04-18T22:53:00,76,63,30.16,6,0.00
2017-04-18T23:53:00,76,62,30.16,6,0.00
2017-04-19T00:53:00,75,62,30.14,6,0.00
2017-04-19T01:00:00,75,62,30.11,6,NA
2017-04-19T01:53:00,74,63,30.13,5,0.00
2017-04-19T02:53:00,73,63,30.13,6,0.00
2017-04-19T03:53:00,73,63,30.13,5,0.00
2017-04-19T04:00:00,73,63,30.10,5,NA
2017-04-19T04:53:00,72,63,30.14,5,0.00
2017-04-19T05:53:00,72,63,30.15,9,0.00
2017-04-19T06:53:00,73,63,30.16,7,0.00
2017-04-19T07:00:00,73,63,30.13,7,NA
2017-04-19T07:53:00,75,62,30.17,8,0.00
2017-04-19T08:53:00,78,61,30.18,6,0.00
2017-04-19T09:53:00,80,60,30.19,9,0.00
2017-04-19T10:00:00,80,60,30.16,9,NA
2017-04-19T10:53:00,83,56,30.18,8,0.00
2017-04-19T11:53:00,85,55,30.16,13,0.00
2017-04-19T12:53:00,86,55,30.15,11,0.00
2017-04-19T13:00:00,86,55,30.12,11,NA
2017-04-19T13:53:00,87,53,30.13,8,0.00
2017-04-19T14:53:00,88,54,30.11,3,0.00
2017-04-19T15:53:00,87,52,30.09,3,0.00
2017-04-19T16:00:00,87,52,30.06,3,NA
2017-04-19T16:53:00,87,52,30.10,5,0.00
2017-04-19T17:53:00,86,51,30.10,9,0.00
2017-04-19T18:53:00,83,58,30.11,9,0.00
2017-04-19T19:00:00,83,58,30.08,9,NA
2017-04-19T19:53:00,80,62,30.13,9,0.00
2017-04-19T20:53:00,79,62,30.15,7,0.00
2017-04-19T21:53:00,77,60,30.17,7,0.00
2017-04-19T22:00:00,77,60,30.14,7,NA
2017-04-19T22:53:00,76,60,30.17,6,0.00
2017-04-19T23:53:00,74,61,30.17,7,0.00
2017-04-20T00:53:00,73,61,30.16,7,0.00
2017-04-20T01:00:00,73,61,30.13,7,NA
2017-04-20T01:53:00,72,61,30.14,5,0.00
2017-04-20T02:53:00,72,61,30.14,3,0.00
2017-04-20T03:53:00,70,61,30.14,5,0.00
2017-04-20T04:00:00,70,61,30.11,5,NA
2017-04-20T04:53:00,69,61,30.14,5,0.00
2017-04-20T05:53:00,69,60,30.15,6,0.00
2017-04-20T06:53:00,70,60,30.16,3,0.00
2017-04-20T07:00:00,70,60,30.13,3,NA
2017-04-20T07:53:00,74,61,30.17,6,0.00
2017-04-20T08:53:00,77,61,30.15,8,0.00
2017-04-20T09:53:00,79,61,30.15,6,0.00
2017-04-20T10:00:00,79,61,30.12,6,NA
2017-04-20T10:53:00,81,59,30.15,5,0.00
2017-04-20T11:53:00,83,58,30.13,9,0.00
2017-04-20T12:53:00,86,58,30.11,3,0.00
2017-04-20T13:00:00,86,58,30.08,3,NA
2017-04-20T13:53:00,85,57,30.08,5,0.00
2017-04-20T14:53:00,86,56,30.05,6,0.00
2017-04-20T15:53:00,86,55,30.02,7,0.00
2017-04-20T16:00:00,86,55,29.99,7,NA
2017-04-20T16:53:00,85,62,30.01,10,0.00
2017-04-20T17:53:00,86,56,30.01,10,0.00
2017-04-20T18:53:00,84,56,30.02,5,0.00
2017-04-20T19:00:00,84,56,29.99,5,NA
2017-04-20T19:53:00,79,61,30.05,0,0.00
2017-04-20T20:53:00,80,57,30.07,10,0.00
2017-04-20T21:53:00,77,58,30.09,11,0.00
2017-04-20T22:00:00,77,58,30.06,11,NA
2017-04-20T22:53:00,75,58,30.09,7,0.00
2017-04-20T23:53:00,73,59,30.09,9,0.00
2017-04-21T00:53:00,72,58,30.07,8,0.00
2017-04-21T01:00:00,72,58,30.04,8,NA
2017-04-21T01:53:00,71,58,30.06,7,0.00
2017-04-21T02:53:00,70,58,30.05,0,0.00
2017-04-21T03:53:00,69,58,30.04,0,0.00
2017-04-21T04:00:00,69,58,30.01,0,NA
2017-04-21T04:53:00,67,58,30.05,0,0.00
2017-04-21T05:53:00,67,58,30.06,0,0.00
2017-04-21T06:53:00,69,59,30.07,5,0.00
2017-04-21T07:00:00,69,59,30.04,5,NA
2017-04-21T07:53:00,74,60,30.07,8,0.00
2017-04-21T08:53:00,77,58,30.06,9,0.00
2017-04-21T09:53:00,78,58,30.06,8,0.00
2017-04-21T10:00:00,78,58,30.03,8,NA
2017-04-21T10:53:00,82,57,30.04,7,0.00
2017-04-21T11:53:00,84,56,30.01,9,0.00
2017-04-21T12:53:00,85,56,29.99,9,0.00
2017-04-21T13:00:00,85,56,29.96,9,NA
2017-04-21T13:53:00,88,54,29.96,6,0.00
2017-04-21T14:53:00,88,53,29.94,8,0.00
2017-04-21T15:53:00,88,52,29.92,3,0.00
2017-04-21T16:00:00,88,52,29.89,3,NA
2017-04-21T16:53:00,84,64,29.91,11,0.00
2017-04-21T17:53:00,81,62,29.92,14,0.00
2017-04-21T18:53:00,78,61,29.93,11,0.00
2017-04-21T19:00:00,78,61,29.90,11,NA
2017-04-21T19:53:00,76,63,29.95,7,0.00
2017-04-21T20:53:00,74,63,29.97,5,0.00
2017-04-21T21:53:00,74,63,29.99,0,0.00
2017-04-21T22:00:00,74,63,29.96,0,NA
2017-04-21T22:53:00,74,63,29.99,3,0.00
2017-04-21T23:53:00,72,64,29.98,0,0.00
2017-04-22T00:53:00,71,63,29.96,3,0.00
2017-04-22T01:00:00,71,63,29.93,3,NA
2017-04-22T01:53:00,71,63,29.95,0,0.00
2017-04-22T02:53:00,72,62,29.93,0,0.00
2017-04-22T03:53:00,71,61,29.93,3,0.00
2017-04-22T04:00:00,71,61,29.90,3,NA
2017-04-22T04:53:00,70,61,29.93,5,0.00
2017-04-22T05:53:00,70,61,29.94,5,0.00
2017-04-22T06:53:00,71,61,29.96,3,0.00
2017-04-22T07:00:00,71,61,29.93,3,NA
2017-04-22T07:53:00,74,63,29.97,3,0.00
2017-04-22T08:53:00,77,64,29.97,9,0.00
2017-04-22T09:53:00,78,66,29.98,9,0.00
2017-04-22T10:00:00,78,66,29.95,9,NA
2017-04-22T10:53:00,80,64,29.98,5,0.00
2017-04-22T11:53:00,82,65,29.96,6,0.00
2017-04-22T12:53:00,84,65,29.94,8,0.00
2017-04-22T13:00:00,84,65,29.91,8,NA
2017-04-22T13:53:00,85,66,29.92,13,0.00
2017-04-22T14:04:00,83,67,29.91,13,NA
2017-04-22T14:05:00,83,67,29.91,13,NA
2017-04-22T14:34:00,80,68,29.91,11,NA
2017-04-22T14:53:00,79,68,29.91,11,0.00
2017-04-22T15:53:00,80,67,29.89,9,0.00
2017-04-22T16:00:00,80,67,29.86,9,NA
2017-04-22T16:53:00,81,66,29.88,11,0.00
2017-04-22T17:53:00,79,67,29.88,10,0.00
2017-04-22T18:53:00,77,68,29.88,6,0.00
2017-04-22T19:00:00,77,68,29.85,6,NA
2017-04-22T19:53:00,76,67,29.88,0,0.00
2017-04-22T20:53:00,76,68,29.89,6,0.00
2017-04-22T21:53:00,75,68,29.89,3,0.00
2017-04-22T22:00:00,75,68,29.86,3,NA
2017-04-22T22:53:00,76,68,29.91,3,0.00
2017-04-22T23:53:00,74,68,29.90,3,0.00
2017-04-23T00:53:00,75,68,29.89,0,0.00
2017-04-23T01:00:00,75,68,29.86,0,NA
2017-04-23T01:53:00,74,68,29.88,3,0.00
2017-04-23T02:53:00,74,68,29.88,0,0.00
2017-04-23T03:53:00,73,68,29.87,3,0.00
2017-04-23T04:00:00,73,68,29.84,3,NA
2017-04-23T04:53:00,73,68,29.85,5,0.00
2017-04-23T05:53:00,73,68,29.86,5,0.00
2017-04-23T06:53:00,73,68,29.87,5,0.00
2017-04-23T07:00:00,73,68,29.84,5,NA
2017-04-23T07:53:00,77,68,29.87,6,0.00
2017-04-23T08:53:00,78,66,29.88,0,0.00
2017-04-23T09:53:00,81,66,29.87,8,0.00
2017-04-23T10:00:00,81,66,29.84,8,NA
2017-04-23T10:53:00,83,66,29.85,7,0.00
2017-04-23T11:53:00,84,66,29.84,11,0.00
2017-04-23T12:53:00,83,65,29.82,7,0.00
2017-04-23T13:00:00,83,65,29.79,7,NA
2017-04-23T13:53:00,87,66,29.80,10,0.00
2017-04-23T14:53:00,87,65,29.77,9,0.00
2017-04-23T15:53:00,84,66,29.75,13,0.00
2017-04-23T16:00:00,84,66,29.72,13,NA
2017-04-23T16:53:00,84,64,29.76,11,0.00
2017-04-23T17:53:00,82,65,29.76,13,0.00
2017-04-23T18:53:00,79,66,29.78,10,0.00
2017-04-23T19:00:00,79,66,29.75,10,NA
2017-04-23T19:53:00,77,67,29.79,6,0.00
2017-04-23T20:53:00,76,67,29.80,7,0.00
2017-04-23T21:53:00,76,68,29.82,5,0.00
2017-04-23T22:00:00,76,68,29.79,5,NA
2017-04-23T22:53:00,75,68,29.82,3,0.00
2017-04-23T23:53:00,75,68,29.80,5,0.00
2017-04-24T00:20:00,75,68,29.80,8,NA
2017-04-24T00:53:00,75,68,29.79,8,0.00
2017-04-24T01:00:00,75,68,29.76,8,NA
2017-04-24T01:51:00,73,66,29.76,8,NA
2017-04-24T01:53:00,75,67,29.76,8,0.00
2017-04-24T02:53:00,74,67,29.74,6,0.00
2017-04-24T03:53:00,74,66,29.73,8,0.00
2017-04-24T04:00:00,74,66,29.70,8,NA
2017-04-24T04:53:00,75,67,29.73,9,0.00
2017-04-24T05:51:00,73,64,29.74,3,NA
2017-04-24T05:53:00,73,65,29.74,7,0.00
2017-04-24T06:53:00,75,65,29.75,10,0.00
2017-04-24T07:00:00,75,65,29.72,10,NA
2017-04-24T07:53:00,75,63,29.76,11,0.00
2017-04-24T08:06:00,75,63,29.76,11,NA
2017-04-24T08:21:00,75,63,29.77,10,NA
2017-04-24T08:53:00,76,63,29.77,10,0.00
2017-04-24T09:00:00,75,63,29.77,10,NA
2017-04-24T09:51:00,79,64,29.78,14,NA
2017-04-24T09:53:00,78,64,29.78,13,0.00
2017-04-24T10:00:00,78,64,29.75,13,NA
2017-04-24T10:53:00,76,61,29.78,15,0.00
2017-04-24T11:53:00,75,62,29.78,13,0.00
2017-04-24T12:53:00,78,61,29.77,16,0.00
2017-04-24T13:00:00,78,61,29.74,16,NA
2017-04-24T13:53:00,78,58,29.76,20,0.00
2017-04-24T14:53:00,78,58,29.74,18,0.00
2017-04-24T15:53:00,78,57,29.73,20,0.00
2017-04-24T16:00:00,78,57,29.70,20,NA
2017-04-24T16:53:00,75,56,29.74,17,0.00
2017-04-24T17:53:00,73,57,29.74,16,0.00
2017-04-24T18:53:00,71,57,29.74,14,0.00
2017-04-24T19:00:00,71,57,29.71,14,NA
2017-04-24T19:53:00,70,58,29.76,15,0.00
2017-04-24T20:53:00,69,56,29.77,15,0.00
2017-04-24T21:53:00,69,51,29.80,13,0.00
2017-04-24T22:00:00,69,51,29.77,13,NA
2017-04-24T22:53:00,69,52,29.80,11,0.00
2017-04-24T23:53:00,69,51,29.80,13,0.00
2017-04-25T00:53:00,68,52,29.78,13,0.00
2017-04-25T01:00:00,68,52,29.75,13,NA
2017-04-25T01:53:00,68,50,29.77,6,0.00
2017-04-25T02:53:00,68,52,29.78,10,0.00
2017-04-25T03:53:00,68,53,29.79,10,0.00
2017-04-25T04:00:00,68,53,29.76,10,NA
2017-04-25T04:53:00,68,52,29.80,7,0.00
2017-04-25T05:53:00,68,53,29.81,7,0.00
2017-04-25T06:53:00,68,53,29.83,5,0.00
2017-04-25T07:00:00,68,53,29.80,5,NA
2017-04-25T07:53:00,72,52,29.84,7,0.00
2017-04-25T08:53:00,72,52,29.86,11,0.00
2017-04-25T09:53:00,74,53,29.88,10,0.00
2017-04-25T10:00:00,74,53,29.85,10,NA
2017-04-25T10:53:00,76,51,29.88,8,0.00
2017-04-25T11:53:00,77,52,29.87,10,0.00
2017-04-25T12:53:00,78,53,29.86,13,0.00
2017-04-25T13:00:00,78,53,29.83,13,NA
2017-04-25T13:53:00,79,54,29.85,14,0.00
2017-04-25T14:53:00,79,54,29.83,13,0.00
2017-04-25T15:53:00,78,56,29.82,9,0.00
2017-04-25T16:00:00,78,56,29.79,9,NA
2017-04-25T16:53:00,77,56,29.83,10,0.00
2017-04-25T17:53:00,75,56,29.82,10,0.00
2017-04-25T18:53:00,73,56,29.83,8,0.00
2017-04-25T19:00:00,73,56,29.80,8,NA
2017-04-25T19:53:00,72,57,29.83,8,0.00
2017-04-25T20:53:00,72,56,29.84,8,0.00
2017-04-25T21:53:00,72,56,29.86,6,0.00
2017-04-25T22:00:00,72,56,29.83,6,NA
2017-04-25T22:53:00,71,54,29.87,5,0.00
2017-04-25T23:53:00,72,56,29.87,7,0.00
2017-04-26T00:53:00,72,50,29.86,7,0.00
2017-04-26T01:00:00,72,50,29.83,7,NA
2017-04-26T01:53:00,71,52,29.85,0,0.00
2017-04-26T02:53:00,72,55,29.84,7,0.00
2017-04-26T03:53:00,73,52,29.84,6,0.00
2017-04-26T04:00:00,73,52,29.81,6,NA
2017-04-26T04:53:00,72,52,29.84,6,0.00
2017-04-26T05:53:00,72,52,29.85,7,0.00
2017-04-26T06:53:00,73,52,29.87,0,0.00
2017-04-26T07:00:00,73,52,29.84,0,NA
2017-04-26T07:53:00,74,54,29.88,7,0.00
2017-04-26T08:53:00,77,55,29.89,6,0.00
2017-04-26T09:53:00,78,56,29.90,9,0.00
2017-04-26T10:00:00,78,56,29.87,9,NA
2017-04-26T10:53:00,80,57,29.91,9,0.00
2017-04-26T11:53:00,83,59,29.90,11,0.00
2017-04-26T12:53:00,82,59,29.89,8,0.00
2017-04-26T13:00:00,82,59,29.86,8,NA
2017-04-26T13:53:00,83,60,29.87,9,0.00
2017-04-26T14:53:00,82,60,29.85,8,0.00
2017-04-26T15:53:00,83,61,29.84,13,0.00
2017-04-26T16:00:00,83,61,29.81,13,NA
2017-04-26T16:53:00,81,64,29.84,10,0.00
2017-04-26T17:53:00,81,66,29.85,9,0.00
2017-04-26T18:53:00,79,67,29.86,7,0.00
2017-04-26T19:00:00,79,67,29.83,7,NA
2017-04-26T19:53:00,78,67,29.87,3,0.00
2017-04-26T20:53:00,76,68,29.88,5,0.00
2017-04-26T21:53:00,76,70,29.89,7,0.00
2017-04-26T22:00:00,76,70,29.86,7,NA
2017-04-26T22:53:00,76,70,29.89,6,0.00
2017-04-26T23:53:00,75,70,29.90,0,0.00
2017-04-27T00:53:00,75,70,29.89,6,0.00
2017-04-27T01:00:00,75,70,29.86,6,NA
2017-04-27T01:53:00,75,70,29.88,5,0.00
2017-04-27T02:53:00,74,69,29.87,3,0.00
2017-04-27T03:53:00,73,69,29.87,5,0.00
2017-04-27T04:00:00,73,69,29.84,5,NA
2017-04-27T04:53:00,73,69,29.88,7,0.00
2017-04-27T05:53:00,73,69,29.90,8,0.00
2017-04-27T06:53:00,74,70,29.92,8,0.00
2017-04-27T07:00:00,74,70,29.89,8,NA
2017-04-27T07:20:00,75,71,29.93,8,NA
2017-04-27T07:53:00,77,71,29.94,7,0.00
2017-04-27T08:39:00,79,71,29.95,9,NA
2017-04-27T08:51:00,79,72,29.95,10,NA
2017-04-27T08:53:00,79,71,29.95,8,0.00
2017-04-27T09:00:00,78,71,29.95,9,NA
2017-04-27T09:53:00,81,71,29.96,9,0.00
2017-04-27T10:00:00,81,71,29.93,9,NA
2017-04-27T10:53:00,82,71,29.96,11,0.00
2017-04-27T11:53:00,85,72,29.95,9,0.00
2017-04-27T12:53:00,87,69,29.93,10,0.00
2017-04-27T13:00:00,87,69,29.90,10,NA
2017-04-27T13:53:00,88,67,29.91,10,0.00
2017-04-27T14:53:00,89,69,29.89,11,0.00
2017-04-27T15:53:00,88,70,29.88,10,0.00
2017-04-27T16:00:00,88,70,29.85,10,NA
2017-04-27T16:53:00,87,70,29.88,10,0.00
2017-04-27T17:53:00,84,70,29.90,10,0.00
2017-04-27T18:53:00,81,71,29.91,10,0.00
2017-04-27T19:00:00,81,71,29.88,10,NA
2017-04-27T19:53:00,79,71,29.92,8,0.00
2017-04-27T20:53:00,77,70,29.93,7,0.00
2017-04-27T21:53:00,77,70,29.94,6,0.00
2017-04-27T22:00:00,77,70,29.91,6,NA
2017-04-27T22:53:00,77,69,29.95,6,0.00
2017-04-27T23:53:00,78,70,29.95,3,0.00
2017-04-28T00:53:00,77,70,29.96,0,0.00
2017-04-28T01:00:00,77,70,29.93,0,NA
2017-04-28T01:53:00,77,70,29.97,3,0.00
2017-04-28T02:53:00,76,69,29.97,3,0.00
2017-04-28T03:53:00,75,70,29.97,3,0.00
2017-04-28T04:00:00,75,70,29.94,3,NA
2017-04-28T04:53:00,76,70,29.98,3,0.00
2017-04-28T05:53:00,76,71,30.00,5,0.00
2017-04-28T06:53:00,76,70,30.03,5,0.00
2017-04-28T07:00:00,76,70,30.00,5,NA
2017-04-28T07:53:00,80,71,30.05,6,0.00
2017-04-28T08:53:00,81,72,30.06,9,0.00
2017-04-28T09:53:00,84,72,30.07,10,0.00
2017-04-28T10:00:00,84,72,30.04,10,NA
2017-04-28T10:53:00,88,72,30.07,9,0.00
2017-04-28T11:53:00,87,73,30.05,10,0.00
2017-04-28T12:53:00,88,72,30.04,11,0.00
2017-04-28T13:00:00,88,72,30.01,11,NA
2017-04-28T13:53:00,91,70,30.02,8,0.00
2017-04-28T14:53:00,93,69,30.00,7,0.00
2017-04-28T15:53:00,91,70,29.99,7,0.00
2017-04-28T16:00:00,91,70,29.96,7,NA
2017-04-28T16:53:00,90,73,29.99,9,0.00
2017-04-28T17:53:00,87,72,30.00,7,0.00
2017-04-28T18:53:00,85,73,30.01,5,0.00
2017-04-28T19:00:00,85,73,29.98,5,NA
2017-04-28T19:53:00,82,74,30.04,6,0.00
2017-04-28T20:53:00,82,70,30.07,6,0.00
2017-04-28T21:53:00,83,68,30.08,10,0.00
2017-04-28T22:00:00,83,68,30.05,10,NA
2017-04-28T22:53:00,82,69,30.09,10,0.00
2017-04-28T23:53:00,81,70,30.09,9,0.00
2017-04-29T00:53:00,79,70,30.09,7,0.00
2017-04-29T01:00:00,79,70,30.06,7,NA
2017-04-29T01:53:00,77,70,30.08,7,0.00
2017-04-29T02:53:00,77,71,30.08,7,0.00
2017-04-29T03:53:00,76,71,30.07,9,0.00
2017-04-29T04:00:00,76,71,30.04,9,NA
2017-04-29T04:53:00,76,71,30.08,7,0.00
2017-04-29T05:53:00,76,71,30.10,8,0.00
2017-04-29T06:53:00,77,71,30.12,7,0.00
2017-04-29T07:00:00,77,71,30.09,7,NA
2017-04-29T07:45:00,79,71,30.12,10,NA
2017-04-29T07:53:00,79,71,30.12,11,0.00
2017-04-29T08:28:00,81,71,30.12,11,NA
2017-04-29T08:53:00,82,71,30.12,9,0.00
2017-04-29T09:46:00,84,70,30.12,13,NA
2017-04-29T09:53:00,85,70,30.12,10,0.00
2017-04-29T10:00:00,85,70,30.09,10,NA
2017-04-29T10:53:00,88,68,30.12,15,0.00
2017-04-29T11:53:00,89,65,30.11,13,0.00
2017-04-29T12:53:00,92,65,30.09,13,0.00
2017-04-29T13:00:00,92,65,30.06,13,NA
2017-04-29T13:53:00,94,62,30.07,13,0.00
2017-04-29T14:53:00,95,58,30.04,13,0.00
2017-04-29T15:53:00,94,59,30.03,7,0.00
2017-04-29T16:00:00,94,59,30.00,7,NA
2017-04-29T16:53:00,94,59,30.02,10,0.00
2017-04-29T17:53:00,92,62,30.03,11,0.00
2017-04-29T18:53:00,90,62,30.04,14,0.00
2017-04-29T19:00:00,90,62,30.01,14,NA
2017-04-29T19:53:00,87,63,30.05,7,0.00
2017-04-29T20:53:00,85,62,30.08,10,0.00
2017-04-29T21:53:00,82,64,30.09,6,0.00
2017-04-29T22:00:00,82,64,30.06,6,NA
2017-04-29T22:53:00,80,64,30.10,9,0.00
2017-04-29T23:53:00,78,66,30.09,10,0.00
2017-04-30T00:53:00,77,67,30.08,9,0.00
2017-04-30T01:00:00,77,67,30.05,9,NA
2017-04-30T01:53:00,76,68,30.07,11,0.00
2017-04-30T02:53:00,76,69,30.07,8,0.00
2017-04-30T03:53:00,76,69,30.08,7,0.00
2017-04-30T04:00:00,76,69,30.05,7,NA
2017-04-30T04:53:00,76,70,30.08,7,0.00
2017-04-30T05:53:00,76,70,30.09,6,0.00
2017-04-30T06:53:00,76,70,30.10,8,0.00
2017-04-30T07:00:00,76,70,30.07,8,NA
2017-04-30T07:53:00,77,70,30.09,11,0.00
2017-04-30T08:53:00,80,69,30.07,15,0.00
2017-04-30T09:53:00,82,69,30.08,13,0.00
2017-04-30T10:00:00,82,69,30.05,13,NA
2017-04-30T10:53:00,85,68,30.10,10,0.00
2017-04-30T11:53:00,88,66,30.08,14,0.00
2017-04-30T12:53:00,91,65,30.05,11,0.00
2017-04-30T13:00:00,91,65,30.02,11,NA
2017-04-30T13:53:00,93,65,30.03,7,0.00
2017-04-30T14:53:00,93,64,30.01,11,0.00
2017-04-30T15:53:00,93,64,30.00,10,0.00
2017-04-30T16:00:00,93,64,29.97,10,NA
2017-04-30T16:53:00,92,63,30.00,10,0.00
2017-04-30T17:53:00,85,73,30.01,9,0.00
2017-04-30T18:53:00,83,71,30.03,9,0.00
2017-04-30T19:00:00,83,71,30.00,9,NA
2017-04-30T19:53:00,82,70,30.04,5,0.00
2017-04-30T20:53:00,82,71,30.06,3,0.00
2017-04-30T21:53:00,83,68,30.06,14,0.00
2017-04-30T22:00:00,83,68,30.03,14,NA
2017-04-30T22:53:00,80,69,30.05,14,0.00
2017-04-30T23:53:00,79,69,30.06,13,0.00
2017-05-01T00:53:00,78,69,30.06,11,0.00
2017-05-01T01:00:00,78,69,30.03,11,NA
2017-05-01T01:53:00,77,70,30.04,10,0.00
2017-05-01T02:53:00,76,70,30.02,10,0.00
2017-05-01T03:53:00,76,70,30.02,10,0.00
2017-05-01T04:00:00,76,70,29.99,10,NA
2017-05-01T04:53:00,76,70,30.02,10,0.00
2017-05-01T05:53:00,76,71,30.03,9,0.00
2017-05-01T06:07:00,76,71,30.04,7,NA
2017-05-01T06:53:00,76,70,30.06,10,0.00
2017-05-01T07:00:00,76,70,30.03,10,NA
2017-05-01T07:49:00,79,70,30.06,10,NA
2017-05-01T07:53:00,79,70,30.06,10,0.00
2017-05-01T08:53:00,81,70,30.08,11,0.00
2017-05-01T09:53:00,82,71,30.08,9,0.00
2017-05-01T10:00:00,82,71,30.05,9,NA
2017-05-01T10:53:00,85,71,30.08,11,0.00
2017-05-01T11:53:00,88,70,30.06,17,0.00
2017-05-01T12:53:00,87,72,30.05,18,0.00
2017-05-01T13:00:00,87,72,30.02,18,NA
2017-05-01T13:53:00,87,73,30.02,16,0.00
2017-05-01T14:53:00,86,71,30.01,16,0.00
2017-05-01T15:53:00,86,71,29.96,17,0.00
2017-05-01T16:00:00,86,71,29.93,17,NA
2017-05-01T16:53:00,82,74,29.95,16,0.00
2017-05-01T17:53:00,82,69,29.93,13,0.00
2017-05-01T18:53:00,79,70,29.95,5,0.00
2017-05-01T19:00:00,79,70,29.92,5,NA
2017-05-01T19:53:00,79,69,29.96,8,0.00
2017-05-01T20:53:00,79,70,29.98,6,0.00
2017-05-01T21:53:00,79,72,29.98,11,0.00
2017-05-01T22:00:00,79,72,29.95,11,NA
2017-05-01T22:53:00,80,72,29.98,11,0.00
2017-05-01T23:53:00,80,73,29.99,11,0.00
2017-05-02T00:01:00,80,73,29.99,10,NA
2017-05-02T00:53:00,80,73,30.00,14,0.00
2017-05-02T01:00:00,80,73,29.97,14,NA
2017-05-02T01:06:00,80,73,30.00,11,NA
2017-05-02T01:53:00,79,72,29.99,10,0.00
2017-05-02T02:47:00,79,73,29.98,6,NA
2017-05-02T02:53:00,79,73,29.98,9,0.00
2017-05-02T03:53:00,78,71,29.98,5,0.00
2017-05-02T04:00:00,78,71,29.95,5,NA
2017-05-02T04:53:00,79,74,29.98,8,0.00
2017-05-02T05:36:00,78,73,29.99,8,NA
2017-05-02T05:53:00,78,73,30.00,5,0.00
2017-05-02T06:51:00,79,73,30.02,9,NA
2017-05-02T06:53:00,79,73,30.02,7,0.00
2017-05-02T07:00:00,79,73,29.99,7,NA
2017-05-02T07:53:00,81,73,30.02,11,0.00
2017-05-02T08:53:00,82,72,30.03,11,0.00
2017-05-02T09:42:00,86,72,30.02,11,NA
2017-05-02T09:53:00,85,72,30.03,11,0.00
2017-05-02T10:00:00,85,72,30.00,11,NA
2017-05-02T10:31:00,80,72,30.03,11,0.01
2017-05-02T10:53:00,80,72,30.03,10,0.01
2017-05-02T11:53:00,86,71,30.01,10,0.00
2017-05-02T12:53:00,88,71,30.01,9,0.00
2017-05-02T13:00:00,88,71,29.98,9,NA
2017-05-02T13:53:00,89,70,29.99,9,0.00
2017-05-02T14:53:00,88,68,29.96,5,0.00
2017-05-02T15:53:00,88,68,29.95,11,0.00
2017-05-02T16:00:00,88,68,29.92,11,NA
2017-05-02T16:53:00,90,65,29.95,7,0.00
2017-05-02T17:53:00,87,64,29.95,8,0.00
2017-05-02T18:53:00,85,63,29.95,7,0.00
2017-05-02T19:00:00,85,63,29.92,7,NA
2017-05-02T19:53:00,83,67,29.98,5,0.00
2017-05-02T20:53:00,81,68,30.01,7,0.00
2017-05-02T21:53:00,79,69,30.03,7,0.00
2017-05-02T22:00:00,79,69,30.00,7,NA
2017-05-02T22:53:00,78,69,30.03,5,0.00
2017-05-02T23:53:00,78,69,30.02,3,0.00
2017-05-03T00:53:00,77,69,30.00,5,0.00
2017-05-03T01:00:00,77,69,29.97,5,NA
2017-05-03T01:53:00,76,69,29.99,5,0.00
2017-05-03T02:53:00,75,69,29.98,6,0.00
2017-05-03T03:53:00,74,69,29.99,5,0.00
2017-05-03T04:00:00,74,69,29.96,5,NA
2017-05-03T04:53:00,73,69,30.00,5,0.00
2017-05-03T05:53:00,73,69,30.01,3,0.00
2017-05-03T06:53:00,74,69,30.02,7,0.00
2017-05-03T07:00:00,74,69,29.99,7,NA
2017-05-03T07:53:00,77,69,30.03,6,0.00
2017-05-03T08:53:00,79,68,30.03,7,0.00
2017-05-03T09:53:00,83,67,30.03,8,0.00
2017-05-03T10:00:00,83,67,30.00,8,NA
2017-05-03T10:53:00,86,66,30.01,6,0.00
2017-05-03T11:53:00,89,63,29.99,8,0.00
2017-05-03T12:53:00,90,63,29.95,10,0.00
2017-05-03T13:00:00,90,63,29.92,10,NA
2017-05-03T13:53:00,93,63,29.93,8,0.00
2017-05-03T14:53:00,92,62,29.92,7,0.00
2017-05-03T15:36:00,93,60,29.92,10,NA
2017-05-03T15:53:00,91,68,29.92,11,0.00
2017-05-03T16:00:00,91,68,29.89,11,NA
2017-05-03T16:13:00,92,64,29.91,13,NA
2017-05-03T16:17:00,91,64,29.92,11,NA
2017-05-03T16:33:00,84,64,29.93,0,NA
2017-05-03T16:53:00,88,64,29.93,11,0.00
2017-05-03T17:09:00,84,66,29.93,7,NA
2017-05-03T17:53:00,84,66,29.94,14,0.00
2017-05-03T18:53:00,80,66,29.96,8,0.00
2017-05-03T19:00:00,80,66,29.93,8,NA
2017-05-03T19:07:00,80,66,29.96,7,NA
2017-05-03T19:53:00,80,65,29.97,9,0.00
2017-05-03T20:53:00,79,65,29.99,8,0.00
2017-05-03T21:53:00,77,65,30.00,9,0.00
2017-05-03T22:00:00,77,65,29.97,9,NA
2017-05-03T22:53:00,77,61,30.01,6,0.00
2017-05-03T23:53:00,76,61,29.97,8,0.00
2017-05-04T00:53:00,76,61,29.96,9,0.00
2017-05-04T01:00:00,76,61,29.93,9,NA
2017-05-04T01:53:00,75,64,29.93,5,0.00
2017-05-04T02:53:00,74,66,29.90,8,0.00
2017-05-04T03:53:00,74,67,29.89,8,0.00
2017-05-04T04:00:00,74,67,29.86,8,NA
2017-05-04T04:53:00,74,68,29.91,5,0.00
2017-05-04T05:53:00,74,69,29.89,8,0.00
2017-05-04T06:53:00,76,70,29.91,9,0.00
2017-05-04T07:00:00,76,70,29.88,9,NA
2017-05-04T07:53:00,78,70,29.91,9,0.00
2017-05-04T08:53:00,81,69,29.90,16,0.00
2017-05-04T09:53:00,85,68,29.89,14,0.00
2017-05-04T10:00:00,85,68,29.86,14,NA
2017-05-04T10:53:00,86,69,29.89,15,0.00
2017-05-04T11:53:00,86,71,29.87,18,0.00
2017-05-04T12:53:00,88,70,29.86,17,0.00
2017-05-04T13:00:00,88,70,29.83,17,NA
2017-05-04T13:53:00,88,72,29.84,20,0.00
2017-05-04T14:53:00,84,73,29.83,18,0.00
2017-05-04T15:53:00,83,70,29.82,18,0.00
2017-05-04T16:00:00,83,70,29.79,18,NA
2017-05-04T16:51:00,79,66,29.84,23,NA
2017-05-04T16:53:00,77,65,29.85,21,T
2017-05-04T17:07:00,73,69,29.84,13,0.10
2017-05-04T17:15:00,72,69,29.84,10,0.12
2017-05-04T17:29:00,73,69,29.84,6,0.12
2017-05-04T17:53:00,74,68,29.82,5,0.12
2017-05-04T18:53:00,74,68,29.77,7,0.00
2017-05-04T19:00:00,74,68,29.74,7,NA
2017-05-04T19:53:00,74,68,29.76,5,0.00
2017-05-04T20:53:00,74,68,29.79,6,0.00
2017-05-04T21:53:00,75,68,29.79,6,0.00
2017-05-04T22:00:00,75,68,29.76,6,NA
2017-05-04T22:53:00,76,69,29.79,9,0.00
2017-05-04T23:53:00,77,67,29.78,13,0.00
2017-05-05T00:53:00,78,67,29.76,13,0.00
2017-05-05T01:00:00,78,67,29.73,13,NA
2017-05-05T01:53:00,78,68,29.72,14,T
2017-05-05T02:12:00,78,68,29.72,10,NA
2017-05-05T02:35:00,73,67,29.73,23,0.02
2017-05-05T02:41:00,72,68,29.73,16,0.22
2017-05-05T02:50:00,70,66,29.72,9,0.37
2017-05-05T02:53:00,70,65,29.72,11,0.37
2017-05-05T03:20:00,72,68,29.73,10,T
2017-05-05T03:53:00,72,68,29.74,7,T
2017-05-05T04:00:00,72,68,29.71,7,NA
2017-05-05T04:53:00,72,65,29.74,9,0.00
2017-05-05T05:53:00,72,62,29.75,8,0.00
2017-05-05T06:53:00,72,59,29.77,13,0.00
2017-05-05T07:00:00,72,59,29.74,13,NA
2017-05-05T07:53:00,73,59,29.79,15,0.00
2017-05-05T08:53:00,71,57,29.81,15,0.00
2017-05-05T09:53:00,72,55,29.82,15,0.00
2017-05-05T10:00:00,72,55,29.79,15,NA
2017-05-05T10:53:00,75,53,29.83,20,0.00
2017-05-05T11:53:00,75,52,29.83,13,0.00
2017-05-05T12:53:00,75,51,29.81,18,0.00
2017-05-05T13:00:00,75,51,29.78,18,NA
2017-05-05T13:53:00,75,51,29.81,18,0.00
2017-05-05T14:53:00,76,51,29.80,21,0.00
2017-05-05T15:53:00,75,52,29.78,18,0.00
2017-05-05T16:00:00,75,52,29.75,18,NA
2017-05-05T16:53:00,75,52,29.77,17,0.00
2017-05-05T17:53:00,73,53,29.77,16,0.00
2017-05-05T18:53:00,73,54,29.78,18,0.00
2017-05-05T19:00:00,73,54,29.75,18,NA
2017-05-05T19:53:00,71,54,29.79,22,T
2017-05-05T20:53:00,71,51,29.81,21,0.00
2017-05-05T21:53:00,72,52,29.81,20,0.00
2017-05-05T22:00:00,72,52,29.78,20,NA
2017-05-05T22:53:00,71,57,29.83,25,T
2017-05-05T23:53:00,68,50,29.85,20,0.00
2017-05-06T00:53:00,67,45,29.84,28,0.00
2017-05-06T01:00:00,67,45,29.81,28,NA
2017-05-06T01:53:00,66,46,29.86,18,0.00
2017-05-06T02:53:00,66,45,29.85,16,0.00
2017-05-06T03:53:00,65,47,29.86,15,0.00
2017-05-06T04:00:00,65,47,29.83,15,NA
2017-05-06T04:53:00,64,45,29.88,9,0.00
2017-05-06T05:53:00,63,46,29.90,7,0.00
2017-05-06T06:53:00,67,46,29.93,5,0.00
2017-05-06T07:00:00,67,46,29.90,5,NA
2017-05-06T07:53:00,70,48,29.93,10,0.00
2017-05-06T08:53:00,72,47,29.94,17,0.00
2017-05-06T09:53:00,74,47,29.95,14,0.00
2017-05-06T10:00:00,74,47,29.92,14,NA
2017-05-06T10:53:00,74,49,29.95,15,0.00
2017-05-06T11:53:00,75,49,29.94,15,0.00
2017-05-06T12:53:00,76,50,29.94,16,0.00
2017-05-06T13:00:00,76,50,29.91,16,NA
2017-05-06T13:53:00,77,50,29.93,20,0.00
2017-05-06T14:53:00,76,47,29.92,16,0.00
2017-05-06T15:53:00,74,45,29.91,15,0.00
2017-05-06T16:00:00,74,45,29.88,15,NA
2017-05-06T16:53:00,73,45,29.91,14,0.00
2017-05-06T17:53:00,72,45,29.91,11,0.00
2017-05-06T18:53:00,70,47,29.91,10,0.00
2017-05-06T19:00:00,70,47,29.88,10,NA
2017-05-06T19:53:00,69,48,29.94,6,0.00
2017-05-06T20:53:00,68,49,29.95,6,0.00
2017-05-06T21:53:00,68,50,29.97,8,0.00
2017-05-06T22:00:00,68,50,29.94,8,NA
2017-05-06T22:53:00,67,51,29.97,7,0.00
2017-05-06T23:53:00,67,52,29.98,5,0.00
2017-05-07T00:53:00,67,52,29.97,5,0.00
2017-05-07T01:00:00,67,52,29.94,5,NA
2017-05-07T01:53:00,67,53,29.97,6,0.00
2017-05-07T02:53:00,66,53,29.97,5,0.00
2017-05-07T03:53:00,65,53,29.97,3,0.00
2017-05-07T04:00:00,65,53,29.94,3,NA
2017-05-07T04:53:00,64,54,29.98,0,0.00
2017-05-07T05:53:00,64,53,30.00,0,0.00
2017-05-07T06:53:00,70,55,30.01,3,0.00
2017-05-07T07:00:00,70,55,29.98,3,NA
2017-05-07T07:53:00,73,55,30.03,5,0.00
2017-05-07T08:53:00,76,55,30.04,7,0.00
2017-05-07T09:53:00,77,56,30.04,8,0.00
2017-05-07T10:00:00,77,56,30.01,8,NA
2017-05-07T10:53:00,79,53,30.03,0,0.00
2017-05-07T11:53:00,81,57,30.03,10,0.00
2017-05-07T12:53:00,82,59,30.01,15,0.00
2017-05-07T13:00:00,82,59,29.98,15,NA
2017-05-07T13:53:00,80,59,29.99,16,0.00
2017-05-07T14:53:00,82,59,29.98,17,0.00
2017-05-07T15:53:00,80,59,29.97,16,0.00
2017-05-07T16:00:00,80,59,29.94,16,NA
2017-05-07T16:53:00,79,59,29.96,13,0.00
2017-05-07T17:53:00,77,59,29.96,11,0.00
2017-05-07T18:53:00,75,59,29.96,10,0.00
2017-05-07T19:00:00,75,59,29.93,10,NA
2017-05-07T19:53:00,73,60,29.98,8,0.00
2017-05-07T20:53:00,73,62,29.99,9,0.00
2017-05-07T21:53:00,72,61,30.01,5,0.00
2017-05-07T22:00:00,72,61,29.98,5,NA
2017-05-07T22:53:00,71,61,30.02,0,0.00
2017-05-07T23:53:00,71,61,30.02,3,0.00
2017-05-08T00:53:00,68,60,30.01,0,0.00
2017-05-08T01:00:00,68,60,29.98,0,NA
2017-05-08T01:53:00,70,62,30.00,3,0.00
2017-05-08T02:53:00,69,62,30.00,0,0.00
2017-05-08T03:53:00,68,62,30.01,0,0.00
2017-05-08T04:00:00,68,62,29.98,0,NA
2017-05-08T04:53:00,67,61,30.02,0,0.00
2017-05-08T05:53:00,67,62,30.04,3,0.00
2017-05-08T06:53:00,72,63,30.06,5,0.00
2017-05-08T07:00:00,72,63,30.03,5,NA
2017-05-08T07:53:00,76,64,30.06,7,0.00
2017-05-08T08:53:00,79,63,30.07,3,0.00
2017-05-08T09:53:00,81,62,30.07,3,0.00
2017-05-08T10:00:00,81,62,30.04,3,NA
2017-05-08T10:53:00,80,64,30.06,9,0.00
2017-05-08T11:53:00,82,62,30.05,9,0.00
2017-05-08T12:53:00,84,61,30.03,10,0.00
2017-05-08T13:00:00,84,61,30.00,10,NA
2017-05-08T13:53:00,86,59,30.01,11,0.00
2017-05-08T14:53:00,86,57,29.99,14,0.00
2017-05-08T15:53:00,85,56,29.97,17,0.00
2017-05-08T16:00:00,85,56,29.94,17,NA
2017-05-08T16:53:00,83,56,29.98,14,0.00
2017-05-08T17:53:00,82,53,29.98,13,0.00
2017-05-08T18:53:00,78,54,29.99,10,0.00
2017-05-08T19:00:00,78,54,29.96,10,NA
2017-05-08T19:53:00,75,55,30.01,8,0.00
2017-05-08T20:53:00,73,56,30.03,7,0.00
2017-05-08T21:53:00,72,56,30.03,5,0.00
2017-05-08T22:00:00,72,56,30.00,5,NA
2017-05-08T22:53:00,71,58,30.04,0,0.00
2017-05-08T23:53:00,72,58,30.04,3,0.00
2017-05-09T00:53:00,69,58,30.02,0,0.00
2017-05-09T01:00:00,69,58,29.99,0,NA
2017-05-09T01:53:00,66,58,30.01,3,0.00
2017-05-09T02:53:00,67,58,30.01,3,0.00
2017-05-09T03:53:00,67,56,30.02,6,0.00
2017-05-09T04:00:00,67,56,29.99,6,NA
2017-05-09T04:53:00,66,56,30.02,5,0.00
2017-05-09T05:53:00,66,56,30.03,6,0.00
2017-05-09T06:53:00,69,57,30.06,6,0.00
2017-05-09T07:00:00,69,57,30.03,6,NA
2017-05-09T07:53:00,74,61,30.08,6,0.00
2017-05-09T08:53:00,79,60,30.08,7,0.00
2017-05-09T09:53:00,83,58,30.08,6,0.00
2017-05-09T10:00:00,83,58,30.05,6,NA
2017-05-09T10:53:00,85,57,30.07,6,0.00
2017-05-09T11:53:00,88,56,30.06,7,0.00
2017-05-09T12:53:00,88,58,30.05,10,0.00
2017-05-09T13:00:00,88,58,30.02,10,NA
2017-05-09T13:53:00,88,58,30.04,10,0.00
2017-05-09T14:53:00,89,54,30.02,9,0.00
2017-05-09T15:53:00,88,61,30.01,13,0.00
2017-05-09T16:00:00,88,61,29.98,13,NA
2017-05-09T16:53:00,86,62,29.99,13,0.00
2017-05-09T17:53:00,86,60,29.99,14,0.00
2017-05-09T18:53:00,82,59,30.01,7,0.00
2017-05-09T19:00:00,82,59,29.98,7,NA
2017-05-09T19:53:00,79,61,30.02,8,0.00
2017-05-09T20:53:00,77,64,30.04,6,0.00
2017-05-09T21:53:00,75,66,30.05,5,0.00
2017-05-09T22:00:00,75,66,30.02,5,NA
2017-05-09T22:53:00,76,65,30.07,3,0.00
2017-05-09T23:53:00,75,64,30.07,0,0.00
2017-05-10T00:53:00,73,63,30.06,3,0.00
2017-05-10T01:00:00,73,63,30.03,3,NA
2017-05-10T01:53:00,72,62,30.04,0,0.00
2017-05-10T02:53:00,70,62,30.03,3,0.00
2017-05-10T03:53:00,71,60,30.03,3,0.00
2017-05-10T04:00:00,71,60,30.00,3,NA
2017-05-10T04:53:00,70,60,30.05,0,0.00
2017-05-10T05:53:00,69,61,30.06,3,0.00
2017-05-10T06:53:00,72,61,30.09,0,0.00
2017-05-10T07:00:00,72,61,30.06,0,NA
2017-05-10T07:53:00,77,63,30.10,3,0.00
2017-05-10T08:53:00,82,59,30.10,5,0.00
2017-05-10T09:53:00,85,57,30.10,5,0.00
2017-05-10T10:00:00,85,57,30.07,5,NA
2017-05-10T10:53:00,85,64,30.10,8,0.00
2017-05-10T11:53:00,87,63,30.09,11,0.00
2017-05-10T12:53:00,90,58,30.06,13,0.00
2017-05-10T13:00:00,90,58,30.03,13,NA
2017-05-10T13:53:00,89,64,30.05,11,0.00
2017-05-10T14:53:00,90,62,30.03,13,0.00
2017-05-10T15:53:00,89,58,30.01,14,0.00
2017-05-10T16:00:00,89,58,29.98,14,NA
2017-05-10T16:53:00,90,55,30.01,14,0.00
2017-05-10T17:53:00,87,55,30.01,9,0.00
2017-05-10T18:53:00,82,57,30.02,10,0.00
2017-05-10T19:00:00,82,57,29.99,10,NA
2017-05-10T19:53:00,79,59,30.04,6,0.00
2017-05-10T20:53:00,77,61,30.05,6,0.00
2017-05-10T21:53:00,75,62,30.06,0,0.00
2017-05-10T22:00:00,75,62,30.03,0,NA
2017-05-10T22:53:00,77,62,30.07,0,0.00
2017-05-10T23:53:00,76,63,30.08,3,0.00
2017-05-11T00:53:00,73,63,30.06,0,0.00
2017-05-11T01:00:00,73,63,30.03,0,NA
2017-05-11T01:53:00,72,63,30.04,0,0.00
2017-05-11T02:53:00,71,63,30.03,0,0.00
2017-05-11T03:53:00,71,63,30.02,3,0.00
2017-05-11T04:00:00,71,63,29.99,3,NA
2017-05-11T04:53:00,71,63,30.02,3,0.00
2017-05-11T05:53:00,71,63,30.04,0,0.00
2017-05-11T06:53:00,75,64,30.05,3,0.00
2017-05-11T07:00:00,75,64,30.02,3,NA
2017-05-11T07:53:00,79,64,30.05,0,0.00
2017-05-11T08:53:00,83,58,30.05,6,0.00
2017-05-11T09:53:00,81,66,30.05,7,0.00
2017-05-11T10:00:00,81,66,30.02,7,NA
2017-05-11T10:53:00,84,64,30.04,9,0.00
2017-05-11T11:53:00,87,64,30.03,10,0.00
2017-05-11T12:53:00,91,60,30.01,14,0.00
2017-05-11T13:00:00,91,60,29.98,14,NA
2017-05-11T13:53:00,90,61,30.00,14,0.00
2017-05-11T14:53:00,90,60,29.98,14,0.00
2017-05-11T15:53:00,89,59,29.98,15,0.00
2017-05-11T16:00:00,89,59,29.95,15,NA
2017-05-11T16:53:00,87,63,29.98,13,0.00
2017-05-11T17:53:00,83,64,29.98,10,0.00
2017-05-11T18:53:00,81,63,29.98,10,0.00
2017-05-11T19:00:00,81,63,29.95,10,NA
2017-05-11T19:53:00,78,67,29.99,9,0.00
2017-05-11T20:53:00,77,68,30.00,5,0.00
2017-05-11T21:53:00,76,66,29.99,3,0.00
2017-05-11T22:00:00,76,66,29.96,3,NA
2017-05-11T22:53:00,76,65,29.98,5,0.00
2017-05-11T23:53:00,75,66,29.95,0,0.00
2017-05-12T00:53:00,75,67,29.92,0,0.00
2017-05-12T01:00:00,75,67,29.89,0,NA
2017-05-12T01:53:00,74,67,29.91,0,0.00
2017-05-12T02:53:00,73,66,29.91,0,0.00
2017-05-12T03:53:00,72,66,29.93,5,0.00
2017-05-12T04:00:00,72,66,29.90,5,NA
2017-05-12T04:53:00,72,67,29.94,0,0.00
2017-05-12T05:53:00,74,67,29.95,3,0.00
2017-05-12T06:53:00,75,68,29.97,0,0.00
2017-05-12T07:00:00,75,68,29.94,0,NA
2017-05-12T07:53:00,77,67,29.96,3,0.00
2017-05-12T08:53:00,79,67,29.97,7,0.00
2017-05-12T09:53:00,81,67,29.97,8,0.00
2017-05-12T10:00:00,81,67,29.94,8,NA
2017-05-12T10:53:00,83,65,29.96,6,0.00
2017-05-12T11:53:00,83,66,29.95,9,0.00
2017-05-12T12:53:00,86,62,29.94,13,0.00
2017-05-12T13:00:00,86,62,29.91,13,NA
2017-05-12T13:53:00,85,64,29.92,10,0.00
2017-05-12T14:53:00,86,62,29.90,11,0.00
2017-05-12T15:53:00,84,63,29.89,11,0.00
2017-05-12T16:00:00,84,63,29.86,11,NA
2017-05-12T16:53:00,84,63,29.89,13,0.00
2017-05-12T17:53:00,81,65,29.89,11,0.00
2017-05-12T18:53:00,79,67,29.89,11,0.00
2017-05-12T19:00:00,79,67,29.86,11,NA
2017-05-12T19:53:00,78,68,29.89,8,0.00
2017-05-12T20:53:00,77,68,29.89,9,0.00
2017-05-12T21:53:00,77,69,29.89,8,0.00
2017-05-12T22:00:00,77,69,29.86,8,NA
2017-05-12T22:53:00,77,69,29.88,9,0.00
2017-05-12T23:53:00,77,70,29.88,8,0.00
2017-05-13T00:53:00,77,70,29.87,9,0.00
2017-05-13T01:00:00,77,70,29.84,9,NA
2017-05-13T01:53:00,76,70,29.85,9,0.00
2017-05-13T02:53:00,76,71,29.83,9,0.00
2017-05-13T03:53:00,76,71,29.83,11,0.00
2017-05-13T04:00:00,76,71,29.80,11,NA
2017-05-13T04:53:00,77,71,29.84,9,0.00
2017-05-13T05:24:00,77,71,29.84,9,NA
2017-05-13T05:53:00,77,71,29.84,9,0.00
2017-05-13T06:53:00,77,72,29.84,7,0.00
2017-05-13T07:00:00,77,72,29.81,7,NA
2017-05-13T07:53:00,79,71,29.84,14,0.00
2017-05-13T08:23:00,81,71,29.84,14,NA
2017-05-13T08:53:00,80,71,29.85,15,0.00
2017-05-13T09:39:00,81,70,29.85,11,NA
2017-05-13T09:53:00,83,70,29.85,14,0.00
2017-05-13T10:00:00,83,70,29.82,14,NA
2017-05-13T10:29:00,85,70,29.84,17,NA
2017-05-13T10:53:00,84,70,29.86,17,0.00
2017-05-13T11:53:00,85,69,29.84,20,0.00
2017-05-13T12:53:00,83,70,29.83,20,0.00
2017-05-13T13:00:00,83,70,29.80,20,NA
2017-05-13T13:53:00,83,70,29.81,17,0.00
2017-05-13T14:53:00,82,71,29.80,17,0.00
2017-05-13T15:48:00,81,72,29.79,20,NA
2017-05-13T15:53:00,81,72,29.80,17,0.00
2017-05-13T16:00:00,81,72,29.77,17,NA
2017-05-13T16:47:00,79,68,29.81,15,NA
2017-05-13T16:51:00,77,68,29.80,11,NA
2017-05-13T16:53:00,77,68,29.80,10,0.00
2017-05-13T17:53:00,78,71,29.79,13,0.01
2017-05-13T18:00:00,78,71,29.79,9,NA
2017-05-13T18:53:00,78,70,29.79,15,0.00
2017-05-13T19:00:00,78,70,29.76,15,NA
2017-05-13T19:53:00,75,68,29.79,15,0.00
2017-05-13T20:53:00,76,68,29.79,11,0.00
2017-05-13T21:53:00,76,69,29.80,14,0.00
2017-05-13T22:00:00,76,69,29.77,14,NA
2017-05-13T22:53:00,75,69,29.81,11,0.00
2017-05-13T23:18:00,75,70,29.81,9,NA
2017-05-13T23:53:00,75,70,29.81,10,0.00
2017-05-14T00:51:00,75,68,29.82,9,NA
2017-05-14T00:53:00,76,68,29.82,9,0.00
2017-05-14T01:00:00,76,68,29.79,9,NA
2017-05-14T01:53:00,75,67,29.81,7,0.00
2017-05-14T02:51:00,73,66,29.81,5,NA
2017-05-14T02:53:00,74,66,29.81,5,0.00
2017-05-14T03:53:00,72,65,29.80,6,0.00
2017-05-14T04:00:00,72,65,29.77,6,NA
2017-05-14T04:53:00,71,65,29.82,5,0.00
2017-05-14T05:53:00,73,66,29.84,6,0.00
2017-05-14T06:53:00,76,66,29.85,9,0.00
2017-05-14T07:00:00,76,66,29.82,9,NA
2017-05-14T07:53:00,79,65,29.88,6,0.00
2017-05-14T08:53:00,80,65,29.90,9,0.00
2017-05-14T09:53:00,82,65,29.91,9,0.00
2017-05-14T10:00:00,82,65,29.88,9,NA
2017-05-14T10:53:00,82,64,29.91,10,0.00
2017-05-14T11:53:00,82,64,29.91,10,0.00
2017-05-14T12:53:00,84,66,29.89,11,0.00
2017-05-14T13:00:00,84,66,29.86,11,NA
2017-05-14T13:53:00,86,66,29.87,13,0.00
2017-05-14T14:53:00,84,67,29.86,14,0.00
2017-05-14T15:53:00,85,67,29.85,14,0.00
2017-05-14T16:00:00,85,67,29.82,14,NA
2017-05-14T16:53:00,85,67,29.85,14,0.00
2017-05-14T17:53:00,84,67,29.85,11,0.00
2017-05-14T18:53:00,81,67,29.86,10,0.00
2017-05-14T19:00:00,81,67,29.83,10,NA
2017-05-14T19:53:00,79,67,29.87,10,0.00
2017-05-14T20:53:00,78,68,29.90,8,0.00
2017-05-14T21:53:00,77,69,29.92,6,0.00
2017-05-14T22:00:00,77,69,29.89,6,NA
2017-05-14T22:53:00,78,67,29.92,5,0.00
2017-05-14T23:53:00,78,66,29.93,6,0.00
2017-05-15T00:53:00,76,66,29.93,7,0.00
2017-05-15T01:00:00,76,66,29.90,7,NA
2017-05-15T01:53:00,75,66,29.92,5,0.00
2017-05-15T02:53:00,74,66,29.92,7,0.00
2017-05-15T03:53:00,73,67,29.91,3,0.00
2017-05-15T04:00:00,73,67,29.88,3,NA
2017-05-15T04:53:00,72,67,29.91,3,0.00
2017-05-15T05:53:00,72,67,29.93,5,0.00
2017-05-15T06:33:00,72,68,29.95,6,NA
2017-05-15T06:49:00,73,68,29.95,6,NA
2017-05-15T06:53:00,73,68,29.95,7,0.00
2017-05-15T07:00:00,73,68,29.92,7,NA
2017-05-15T07:28:00,74,68,29.97,6,NA
2017-05-15T07:43:00,74,68,29.97,6,NA
2017-05-15T07:53:00,75,68,29.97,7,0.00
2017-05-15T08:53:00,81,68,29.98,6,0.00
2017-05-15T09:53:00,83,68,29.98,7,0.00
2017-05-15T10:00:00,83,68,29.95,7,NA
2017-05-15T10:53:00,85,66,29.98,0,0.00
2017-05-15T11:53:00,84,69,29.96,7,0.00
2017-05-15T12:53:00,88,69,29.95,9,0.00
2017-05-15T13:00:00,88,69,29.92,9,NA
2017-05-15T13:53:00,89,67,29.92,6,0.00
2017-05-15T14:53:00,88,70,29.89,11,0.00
2017-05-15T15:53:00,88,70,29.88,6,0.00
2017-05-15T16:00:00,88,70,29.85,6,NA
2017-05-15T16:53:00,93,63,29.86,9,0.00
2017-05-15T17:53:00,90,68,29.87,9,0.00
2017-05-15T18:53:00,86,68,29.89,14,0.00
2017-05-15T19:00:00,86,68,29.86,14,NA
2017-05-15T19:53:00,83,69,29.94,8,0.00
2017-05-15T20:53:00,84,65,29.96,8,0.00
2017-05-15T21:53:00,82,65,29.98,9,0.00
2017-05-15T22:00:00,82,65,29.95,9,NA
2017-05-15T22:53:00,80,67,30.00,8,0.00
2017-05-15T23:53:00,79,68,30.00,6,0.00
2017-05-16T00:53:00,78,69,29.99,5,0.00
2017-05-16T01:00:00,78,69,29.96,5,NA
2017-05-16T01:53:00,77,69,29.98,6,0.00
2017-05-16T02:53:00,76,69,29.97,6,0.00
2017-05-16T03:53:00,75,69,29.96,5,0.00
2017-05-16T04:00:00,75,69,29.93,5,NA
2017-05-16T04:53:00,74,69,29.97,5,0.00
2017-05-16T05:53:00,73,69,29.99,6,0.00
2017-05-16T06:53:00,74,69,30.01,5,0.00
2017-05-16T07:00:00,74,69,29.98,5,NA
2017-05-16T07:53:00,79,69,30.02,6,0.00
2017-05-16T08:53:00,82,70,30.03,8,0.00
2017-05-16T09:53:00,86,68,30.02,8,0.00
2017-05-16T10:00:00,86,68,29.99,8,NA
2017-05-16T10:53:00,89,65,30.03,9,0.00
2017-05-16T11:53:00,90,64,30.02,6,0.00
2017-05-16T12:53:00,92,63,30.00,3,0.00
2017-05-16T13:00:00,92,63,29.97,3,NA
2017-05-16T13:53:00,94,61,29.98,6,0.00
2017-05-16T14:53:00,95,62,29.96,6,0.00
2017-05-16T15:53:00,95,63,29.94,9,0.00
2017-05-16T16:00:00,95,63,29.91,9,NA
2017-05-16T16:53:00,94,64,29.94,9,0.00
2017-05-16T17:53:00,87,70,29.95,11,T
2017-05-16T18:53:00,85,70,29.97,9,0.00
2017-05-16T19:00:00,85,70,29.94,9,NA
2017-05-16T19:53:00,85,70,30.00,0,0.00
2017-05-16T20:53:00,85,68,30.02,13,0.00
2017-05-16T21:53:00,83,68,30.05,7,0.00
2017-05-16T22:00:00,83,68,30.02,7,NA
2017-05-16T22:53:00,81,68,30.05,11,0.00
2017-05-16T23:53:00,80,69,30.04,13,0.00
2017-05-17T00:53:00,79,69,30.02,9,0.00
2017-05-17T01:00:00,79,69,29.99,9,NA
2017-05-17T01:53:00,78,69,30.01,9,0.00
2017-05-17T02:53:00,77,69,30.00,8,0.00
2017-05-17T03:53:00,77,69,30.01,5,0.00
2017-05-17T04:00:00,77,69,29.98,5,NA
2017-05-17T04:53:00,76,70,30.01,6,0.00
2017-05-17T05:53:00,76,70,30.02,7,0.00
2017-05-17T06:53:00,78,71,30.04,7,0.00
2017-05-17T07:00:00,78,71,30.01,7,NA
2017-05-17T07:53:00,81,71,30.05,8,0.00
2017-05-17T08:53:00,84,70,30.06,7,0.00
2017-05-17T09:53:00,86,69,30.05,9,0.00
2017-05-17T10:00:00,86,69,30.02,9,NA
2017-05-17T10:53:00,89,67,30.04,10,0.00
2017-05-17T11:53:00,92,63,30.04,7,0.00
2017-05-17T12:53:00,92,64,30.02,10,0.00
2017-05-17T13:00:00,92,64,29.99,10,NA
2017-05-17T13:53:00,95,63,30.00,8,0.00
2017-05-17T14:53:00,96,62,29.97,9,0.00
2017-05-17T15:53:00,96,63,29.96,10,0.00
2017-05-17T16:00:00,96,63,29.93,10,NA
2017-05-17T16:53:00,94,65,29.97,9,0.00
2017-05-17T17:53:00,91,68,29.97,13,0.00
2017-05-17T18:53:00,88,69,29.99,10,0.00
2017-05-17T19:00:00,88,69,29.96,10,NA
2017-05-17T19:53:00,86,69,30.00,10,0.00
2017-05-17T20:53:00,84,69,30.03,16,0.00
2017-05-17T21:53:00,82,69,30.05,9,0.00
2017-05-17T22:00:00,82,69,30.02,9,NA
2017-05-17T22:53:00,81,70,30.06,7,0.00
2017-05-17T23:53:00,80,69,30.04,7,0.00
2017-05-18T00:53:00,79,69,30.04,8,0.00
2017-05-18T01:00:00,79,69,30.01,8,NA
2017-05-18T01:53:00,78,69,30.04,8,0.00
2017-05-18T02:53:00,78,69,30.03,9,0.00
2017-05-18T03:53:00,77,69,30.03,7,0.00
2017-05-18T04:00:00,77,69,30.00,7,NA
2017-05-18T04:53:00,77,68,30.03,7,0.00
2017-05-18T05:53:00,76,67,30.05,6,0.00
2017-05-18T06:53:00,78,67,30.06,8,0.00
2017-05-18T07:00:00,78,67,30.03,8,NA
2017-05-18T07:53:00,80,68,30.06,9,0.00
2017-05-18T08:53:00,83,68,30.06,9,0.00
2017-05-18T09:53:00,86,67,30.06,13,0.00
2017-05-18T10:00:00,86,67,30.03,13,NA
2017-05-18T10:53:00,90,67,30.04,11,0.00
2017-05-18T11:53:00,92,67,30.03,7,0.00
2017-05-18T12:53:00,93,64,30.01,9,0.00
2017-05-18T13:00:00,93,64,29.98,9,NA
2017-05-18T13:53:00,97,62,29.99,11,0.00
2017-05-18T14:53:00,96,62,29.97,9,0.00
2017-05-18T15:53:00,96,59,29.95,14,0.00
2017-05-18T16:00:00,96,59,29.92,14,NA
2017-05-18T16:53:00,95,60,29.94,14,0.00
2017-05-18T17:53:00,93,63,29.95,13,0.00
2017-05-18T18:53:00,90,64,29.96,11,0.00
2017-05-18T19:00:00,90,64,29.93,11,NA
2017-05-18T19:53:00,87,67,29.99,11,0.00
2017-05-18T20:53:00,84,68,30.02,10,0.00
2017-05-18T21:53:00,82,69,30.05,9,0.00
2017-05-18T22:00:00,82,69,30.02,9,NA
2017-05-18T22:53:00,81,69,30.05,8,0.00
2017-05-18T23:46:00,80,70,30.04,9,NA
2017-05-18T23:53:00,80,70,30.04,10,0.00
2017-05-19T00:53:00,79,70,30.02,8,0.00
2017-05-19T01:00:00,79,70,29.99,8,NA
2017-05-19T01:05:00,79,70,30.01,8,NA
2017-05-19T01:53:00,79,71,29.99,7,0.00
2017-05-19T02:53:00,78,71,29.97,7,0.00
2017-05-19T03:53:00,78,71,29.98,11,0.00
2017-05-19T04:00:00,78,71,29.95,11,NA
2017-05-19T04:53:00,78,71,29.99,8,0.00
2017-05-19T05:53:00,78,72,30.02,7,0.00
2017-05-19T06:53:00,79,72,30.03,8,0.00
2017-05-19T07:00:00,79,72,30.00,8,NA
2017-05-19T07:53:00,82,72,30.04,10,0.00
2017-05-19T08:53:00,84,72,30.04,10,0.00
2017-05-19T09:21:00,85,72,30.04,10,NA
2017-05-19T09:31:00,86,72,30.04,7,NA
2017-05-19T09:53:00,87,72,30.04,9,0.00
2017-05-19T10:00:00,87,72,30.01,9,NA
2017-05-19T10:53:00,88,71,30.03,11,0.00
2017-05-19T11:53:00,92,70,30.01,10,0.00
2017-05-19T12:53:00,93,69,29.98,11,0.00
2017-05-19T13:00:00,93,69,29.95,11,NA
2017-05-19T13:53:00,94,68,29.95,15,0.00
2017-05-19T14:53:00,96,65,29.93,10,0.00
2017-05-19T15:53:00,95,66,29.92,9,0.00
2017-05-19T16:00:00,95,66,29.89,9,NA
2017-05-19T16:53:00,86,75,29.93,9,0.04
2017-05-19T17:03:00,85,74,29.94,7,T
2017-05-19T17:12:00,82,75,29.95,26,NA
2017-05-19T17:53:00,79,73,29.96,7,0.04
2017-05-19T18:53:00,79,75,30.00,8,0.21s
2017-05-19T19:00:00,79,75,29.97,8,NA
2017-05-19T19:01:00,78,74,30.00,5,0.31
2017-05-19T19:10:00,77,74,29.99,0,0.65
2017-05-19T19:38:00,77,74,30.02,8,0.68
2017-05-19T19:53:00,76,73,30.01,NA,0.50
2017-05-19T20:01:00,76,73,30.01,6,0.01
2017-05-19T20:43:00,77,73,30.01,3,0.03
2017-05-19T20:53:00,78,74,30.02,0,0.02
2017-05-19T21:53:00,79,74,30.02,3,T
2017-05-19T22:00:00,79,74,29.99,3,NA
2017-05-19T22:53:00,79,74,30.01,6,0.00
2017-05-19T23:53:00,79,75,30.02,3,0.00
2017-05-20T00:53:00,79,73,30.03,0,T
2017-05-20T01:00:00,79,73,30.00,0,NA
2017-05-20T01:53:00,78,73,30.03,3,T
2017-05-20T02:53:00,78,72,30.01,7,T
2017-05-20T03:53:00,77,73,30.01,7,0.00
2017-05-20T04:00:00,77,73,29.98,7,NA
2017-05-20T04:53:00,77,73,30.01,8,0.00
2017-05-20T05:53:00,77,73,30.03,7,0.00
2017-05-20T06:53:00,78,73,30.05,7,0.00
2017-05-20T07:00:00,78,73,30.02,7,NA
2017-05-20T07:53:00,80,73,30.05,10,0.00
2017-05-20T08:53:00,83,73,30.06,7,0.00
2017-05-20T09:53:00,85,72,30.07,8,0.00
2017-05-20T10:00:00,85,72,30.04,8,NA
2017-05-20T10:53:00,88,71,30.07,7,0.00
2017-05-20T11:53:00,91,69,30.06,9,0.00
2017-05-20T12:53:00,93,68,30.05,7,0.00
2017-05-20T13:00:00,93,68,30.02,7,NA
2017-05-20T13:53:00,95,67,30.02,10,0.00
2017-05-20T14:53:00,96,67,30.00,9,0.00
2017-05-20T15:53:00,95,65,29.98,9,0.00
2017-05-20T16:00:00,95,65,29.95,9,NA
2017-05-20T16:53:00,90,74,29.99,11,0.00
2017-05-20T17:53:00,88,73,29.99,11,0.00
2017-05-20T18:26:00,86,72,30.01,15,NA
2017-05-20T18:53:00,85,73,30.02,13,0.00
2017-05-20T19:00:00,85,73,29.99,13,NA
2017-05-20T19:14:00,81,72,30.04,11,NA
2017-05-20T19:26:00,81,72,30.06,8,NA
2017-05-20T19:51:00,79,70,30.05,9,NA
2017-05-20T19:53:00,79,69,30.05,8,T
2017-05-20T20:42:00,80,70,30.06,0,T
2017-05-20T20:53:00,80,72,30.07,5,0.00
2017-05-20T21:01:00,80,72,30.09,7,NA
2017-05-20T21:32:00,77,73,30.10,8,T
2017-05-20T21:51:00,75,72,30.09,5,NA
2017-05-20T21:53:00,76,72,30.09,6,T
2017-05-20T22:00:00,76,72,30.06,6,NA
2017-05-20T22:51:00,79,72,30.10,3,NA
2017-05-20T22:53:00,78,73,30.10,3,T
2017-05-20T23:53:00,79,72,30.09,0,0.00
2017-05-21T00:53:00,79,72,30.08,0,0.00
2017-05-21T01:00:00,79,72,30.05,0,NA
2017-05-21T01:53:00,78,73,30.07,3,0.00
2017-05-21T02:53:00,78,73,30.08,0,0.00
2017-05-21T03:53:00,78,73,30.09,3,0.00
2017-05-21T04:00:00,78,73,30.06,3,NA
2017-05-21T04:53:00,78,72,30.08,5,0.00
2017-05-21T05:53:00,77,71,30.09,5,0.00
2017-05-21T06:53:00,78,71,30.12,6,0.00
2017-05-21T07:00:00,78,71,30.09,6,NA
2017-05-21T07:53:00,80,72,30.13,5,0.00
2017-05-21T08:53:00,82,71,30.13,5,0.00
2017-05-21T09:53:00,84,72,30.13,5,0.00
2017-05-21T10:00:00,84,72,30.10,5,NA
2017-05-21T10:53:00,85,72,30.13,8,0.00
2017-05-21T11:53:00,85,70,30.11,8,0.00
2017-05-21T12:53:00,87,69,30.09,8,0.00
2017-05-21T13:00:00,87,69,30.06,8,NA
2017-05-21T13:53:00,87,68,30.07,6,0.00
2017-05-21T14:53:00,88,71,30.05,10,0.00
2017-05-21T15:53:00,85,73,30.04,10,0.00
2017-05-21T16:00:00,85,73,30.01,10,NA
2017-05-21T16:53:00,85,71,30.02,9,0.00
2017-05-21T17:53:00,85,71,30.02,9,0.00
2017-05-21T18:53:00,83,72,30.03,10,0.00
2017-05-21T19:00:00,83,72,30.00,10,NA
2017-05-21T19:53:00,82,71,30.05,3,0.00
2017-05-21T20:53:00,82,72,30.07,6,0.00
2017-05-21T21:53:00,82,71,30.09,5,0.00
2017-05-21T22:00:00,82,71,30.06,5,NA
2017-05-21T22:53:00,81,71,30.09,5,0.00
2017-05-21T23:53:00,81,70,30.08,5,0.00
2017-05-22T00:53:00,79,71,30.07,5,0.00
2017-05-22T01:00:00,79,71,30.04,5,NA
2017-05-22T01:53:00,78,71,30.06,6,0.00
2017-05-22T02:25:00,77,71,30.05,7,NA
2017-05-22T02:53:00,77,72,30.06,6,0.00
2017-05-22T03:01:00,77,72,30.05,7,NA
2017-05-22T03:51:00,77,72,30.06,11,NA
2017-05-22T03:53:00,77,72,30.06,10,0.00
2017-05-22T04:00:00,77,72,30.03,10,NA
2017-05-22T04:31:00,77,72,30.05,16,NA
2017-05-22T04:51:00,77,72,30.06,13,NA
2017-05-22T04:53:00,77,72,30.06,14,0.00
2017-05-22T05:53:00,78,70,30.07,9,0.00
2017-05-22T06:53:00,78,69,30.08,7,0.00
2017-05-22T07:00:00,78,69,30.05,7,NA
2017-05-22T07:53:00,80,70,30.08,6,0.00
2017-05-22T08:53:00,82,66,30.07,8,0.00
2017-05-22T09:53:00,85,69,30.06,11,0.00
2017-05-22T10:00:00,85,69,30.03,11,NA
2017-05-22T10:53:00,86,69,30.06,9,0.00
2017-05-22T11:51:00,88,70,30.04,7,NA
2017-05-22T11:53:00,87,69,30.04,8,0.00
2017-05-22T12:53:00,87,70,30.02,9,0.00
2017-05-22T13:00:00,87,70,29.99,9,NA
2017-05-22T13:53:00,89,69,30.00,9,0.00
2017-05-22T14:53:00,89,69,29.98,8,0.00
2017-05-22T15:53:00,89,70,29.96,14,0.00
2017-05-22T16:00:00,89,70,29.93,14,NA
2017-05-22T16:53:00,87,68,29.95,14,0.00
2017-05-22T17:53:00,85,67,29.95,11,0.00
2017-05-22T18:53:00,82,68,29.97,8,0.00
2017-05-22T19:00:00,82,68,29.94,8,NA
2017-05-22T19:53:00,81,67,29.99,8,0.00
2017-05-22T20:53:00,80,70,29.99,5,0.00
2017-05-22T21:53:00,80,71,29.99,5,0.00
2017-05-22T22:00:00,80,71,29.96,5,NA
2017-05-22T22:53:00,80,71,30.00,6,0.00
2017-05-22T23:53:00,80,71,29.99,8,0.00
2017-05-23T00:53:00,79,71,29.97,8,0.00
2017-05-23T01:00:00,79,71,29.94,8,NA
2017-05-23T01:53:00,79,71,29.94,8,0.00
2017-05-23T02:53:00,79,72,29.92,7,0.00
2017-05-23T03:53:00,79,72,29.92,9,0.00
2017-05-23T04:00:00,79,72,29.89,9,NA
2017-05-23T04:53:00,80,72,29.91,9,0.00
2017-05-23T05:53:00,80,73,29.92,9,0.00
2017-05-23T06:13:00,79,73,29.93,8,NA
2017-05-23T06:23:00,79,73,29.92,7,NA
2017-05-23T06:53:00,79,73,29.93,9,0.00
2017-05-23T07:00:00,79,73,29.90,9,NA
2017-05-23T07:53:00,80,73,29.94,7,0.00
2017-05-23T08:53:00,82,73,29.93,11,0.00
2017-05-23T09:53:00,84,73,29.93,14,0.00
2017-05-23T10:00:00,84,73,29.90,14,NA
2017-05-23T10:53:00,84,72,29.92,15,0.00
2017-05-23T11:53:00,88,74,29.90,17,0.00
2017-05-23T12:53:00,87,74,29.89,17,0.00
2017-05-23T13:00:00,87,74,29.86,17,NA
2017-05-23T13:53:00,86,74,29.88,17,0.00
2017-05-23T14:53:00,86,74,29.86,18,0.00
2017-05-23T15:53:00,87,72,29.86,20,0.00
2017-05-23T16:00:00,87,72,29.83,20,NA
2017-05-23T16:53:00,85,70,29.85,17,0.00
2017-05-23T17:53:00,84,70,29.84,16,0.00
2017-05-23T18:53:00,83,72,29.85,13,0.00
2017-05-23T19:00:00,83,72,29.82,13,NA
2017-05-23T19:18:00,82,73,29.85,13,NA
2017-05-23T19:53:00,82,73,29.85,14,0.00
2017-05-23T20:53:00,82,73,29.84,15,0.00
2017-05-23T21:51:00,82,73,29.86,15,NA
2017-05-23T21:53:00,82,73,29.86,15,0.00
2017-05-23T22:00:00,82,73,29.83,15,NA
2017-05-23T22:53:00,82,74,29.85,16,0.00
2017-05-23T23:53:00,82,74,29.84,16,0.00
2017-05-24T00:53:00,82,74,29.82,15,0.00
2017-05-24T01:00:00,82,74,29.79,15,NA
2017-05-24T01:53:00,81,74,29.80,15,0.00
2017-05-24T02:53:00,81,75,29.77,23,0.00
2017-05-24T03:53:00,81,74,29.78,18,0.00
2017-05-24T04:00:00,81,74,29.75,18,NA
2017-05-24T04:53:00,81,74,29.77,14,0.00
2017-05-24T05:24:00,81,74,29.76,14,NA
2017-05-24T05:53:00,82,74,29.76,18,0.00
2017-05-24T06:18:00,82,74,29.76,17,NA
2017-05-24T06:53:00,82,75,29.75,18,0.00
2017-05-24T07:00:00,82,75,29.72,18,NA
2017-05-24T07:00:00,82,74,29.75,18,NA
2017-05-24T07:17:00,83,74,29.75,20,NA
2017-05-24T07:53:00,83,74,29.75,17,0.00
2017-05-24T08:53:00,84,75,29.75,23,0.00
2017-05-24T09:53:00,85,74,29.76,23,0.00
2017-05-24T10:00:00,85,74,29.73,23,NA
2017-05-24T10:53:00,85,74,29.78,25,0.00
2017-05-24T11:53:00,86,74,29.74,25,0.00
2017-05-24T12:34:00,85,74,29.72,23,NA
2017-05-24T12:53:00,85,75,29.72,25,0.00
2017-05-24T13:00:00,85,75,29.69,25,NA
2017-05-24T13:03:00,85,75,29.72,28,NA
2017-05-24T13:30:00,75,72,29.74,24,NA
2017-05-24T13:35:00,75,72,29.74,21,NA
2017-05-24T13:53:00,75,72,29.75,21,0.15
2017-05-24T13:57:00,75,71,29.74,16,T
2017-05-24T14:01:00,75,71,29.74,18,0.01
2017-05-24T14:20:00,76,70,29.74,18,0.01
2017-05-24T14:53:00,76,69,29.73,17,T
2017-05-24T15:53:00,77,68,29.71,16,T
2017-05-24T16:00:00,77,68,29.68,16,NA
2017-05-24T16:53:00,76,70,29.68,18,0.01
2017-05-24T17:23:00,76,70,29.68,17,NA
2017-05-24T17:53:00,77,70,29.69,17,0.00
2017-05-24T18:53:00,77,70,29.71,20,0.00
2017-05-24T19:00:00,77,70,29.68,20,NA
2017-05-24T19:47:00,79,72,29.71,20,NA
2017-05-24T19:53:00,78,71,29.71,18,0.00
2017-05-24T20:53:00,79,72,29.72,16,0.00
2017-05-24T21:53:00,79,72,29.74,16,0.00
2017-05-24T22:00:00,79,72,29.71,16,NA
2017-05-24T22:53:00,80,72,29.76,20,0.00
2017-05-24T23:53:00,79,71,29.76,17,0.00
2017-05-25T00:53:00,79,70,29.76,14,0.00
2017-05-25T01:00:00,79,70,29.73,14,NA
2017-05-25T01:53:00,78,70,29.75,13,0.00
2017-05-25T02:53:00,78,69,29.75,13,0.00
2017-05-25T03:34:00,78,69,29.76,14,NA
2017-05-25T03:53:00,77,68,29.76,14,0.00
2017-05-25T04:00:00,77,68,29.73,14,NA
2017-05-25T04:53:00,77,67,29.78,14,0.00
2017-05-25T05:53:00,77,65,29.81,11,0.00
2017-05-25T06:36:00,77,64,29.81,13,NA
2017-05-25T06:53:00,77,64,29.81,16,0.00
2017-05-25T07:00:00,77,64,29.78,16,NA
2017-05-25T07:53:00,77,63,29.83,15,0.00
2017-05-25T08:53:00,79,60,29.84,16,0.00
2017-05-25T09:53:00,78,59,29.88,15,0.00
2017-05-25T10:00:00,78,59,29.85,15,NA
2017-05-25T10:53:00,80,59,29.89,13,0.00
2017-05-25T11:53:00,82,58,29.88,13,0.00
2017-05-25T12:53:00,83,60,29.89,11,0.00
2017-05-25T13:00:00,83,60,29.86,11,NA
2017-05-25T13:53:00,83,60,29.88,10,0.00
2017-05-25T14:53:00,83,61,29.87,11,0.00
2017-05-25T15:53:00,82,58,29.87,13,0.00
2017-05-25T16:00:00,82,58,29.84,13,NA
2017-05-25T16:53:00,81,57,29.88,11,0.00
2017-05-25T17:53:00,80,58,29.90,8,0.00
2017-05-25T18:53:00,77,58,29.90,7,0.00
2017-05-25T19:00:00,77,58,29.87,7,NA
2017-05-25T19:53:00,75,58,29.92,6,0.00
2017-05-25T20:53:00,73,59,29.95,7,0.00
2017-05-25T21:53:00,73,59,29.97,5,0.00
2017-05-25T22:00:00,73,59,29.94,5,NA
2017-05-25T22:53:00,73,60,29.98,0,0.00
2017-05-25T23:53:00,71,59,29.98,0,0.00
2017-05-26T00:53:00,70,60,29.98,0,0.00
2017-05-26T01:00:00,70,60,29.95,0,NA
2017-05-26T01:53:00,69,60,29.98,3,0.00
2017-05-26T02:53:00,71,60,29.98,3,0.00
2017-05-26T03:53:00,67,61,30.00,5,0.00
2017-05-26T04:00:00,67,61,29.97,5,NA
2017-05-26T04:53:00,68,61,30.01,3,0.00
2017-05-26T05:53:00,71,60,30.02,7,0.00
2017-05-26T06:53:00,74,61,30.04,6,0.00
2017-05-26T07:00:00,74,61,30.01,6,NA
2017-05-26T07:53:00,78,60,30.07,5,0.00
2017-05-26T08:53:00,80,60,30.08,3,0.00
2017-05-26T09:53:00,80,62,30.07,8,0.00
2017-05-26T10:00:00,80,62,30.04,8,NA
2017-05-26T10:53:00,82,61,30.07,8,0.00
2017-05-26T11:53:00,83,61,30.06,6,0.00
2017-05-26T12:53:00,86,58,30.05,8,0.00
2017-05-26T13:00:00,86,58,30.02,8,NA
2017-05-26T13:53:00,86,60,30.04,11,0.00
2017-05-26T14:53:00,86,60,30.03,11,0.00
2017-05-26T15:53:00,84,59,30.03,13,0.00
2017-05-26T16:00:00,84,59,30.00,13,NA
2017-05-26T16:53:00,84,59,30.02,13,0.00
2017-05-26T17:53:00,82,59,30.03,10,0.00
2017-05-26T18:53:00,80,57,30.03,8,0.00
2017-05-26T19:00:00,80,57,30.00,8,NA
2017-05-26T19:53:00,77,59,30.05,7,0.00
2017-05-26T20:53:00,75,60,30.06,5,0.00
2017-05-26T21:53:00,75,59,30.06,0,0.00
2017-05-26T22:00:00,75,59,30.03,0,NA
2017-05-26T22:53:00,74,60,30.07,5,0.00
2017-05-26T23:53:00,71,61,30.07,3,0.00
2017-05-27T00:53:00,70,62,30.06,3,0.00
2017-05-27T01:00:00,70,62,30.03,3,NA
2017-05-27T01:53:00,70,61,30.05,0,0.00
2017-05-27T02:53:00,69,61,30.04,0,0.00
2017-05-27T03:53:00,67,61,30.04,0,0.00
2017-05-27T04:00:00,67,61,30.01,0,NA
2017-05-27T04:53:00,68,61,30.05,0,0.00
2017-05-27T05:53:00,70,60,30.05,0,0.00
2017-05-27T06:53:00,72,62,30.07,0,0.00
2017-05-27T07:00:00,72,62,30.04,0,NA
2017-05-27T07:53:00,77,62,30.09,3,0.00
2017-05-27T08:53:00,80,63,30.10,7,0.00
2017-05-27T09:53:00,82,62,30.10,3,0.00
2017-05-27T10:00:00,82,62,30.07,3,NA
2017-05-27T10:53:00,83,64,30.10,10,0.00
2017-05-27T11:53:00,85,62,30.09,7,0.00
2017-05-27T12:53:00,87,61,30.08,8,0.00
2017-05-27T13:00:00,87,61,30.05,8,NA
2017-05-27T13:53:00,89,57,30.07,11,0.00
2017-05-27T14:53:00,89,58,30.05,11,0.00
2017-05-27T15:53:00,88,54,30.04,13,0.00
2017-05-27T16:00:00,88,54,30.01,13,NA
2017-05-27T16:53:00,86,57,30.04,11,0.00
2017-05-27T17:53:00,84,58,30.04,8,0.00
2017-05-27T18:53:00,81,63,30.04,9,0.00
2017-05-27T19:00:00,81,63,30.01,9,NA
2017-05-27T19:53:00,78,65,30.04,5,0.00
2017-05-27T20:53:00,77,66,30.04,3,0.00
2017-05-27T21:53:00,76,66,30.04,5,0.00
2017-05-27T22:00:00,76,66,30.01,5,NA
2017-05-27T22:53:00,76,68,30.03,5,0.00
2017-05-27T23:53:00,76,69,30.01,7,0.00
2017-05-28T00:53:00,77,70,30.00,9,0.00
2017-05-28T01:00:00,77,70,29.97,9,NA
2017-05-28T01:53:00,76,70,29.99,3,0.00
2017-05-28T02:53:00,75,70,29.97,3,0.00
2017-05-28T03:53:00,73,69,29.96,3,0.00
2017-05-28T04:00:00,73,69,29.93,3,NA
2017-05-28T04:53:00,73,70,29.97,0,0.00
2017-05-28T05:53:00,72,69,30.00,3,0.00
2017-05-28T06:53:00,77,72,30.02,0,0.00
2017-05-28T07:00:00,77,72,29.99,0,NA
2017-05-28T07:17:00,78,72,30.03,3,NA
2017-05-28T07:41:00,80,72,30.03,6,NA
2017-05-28T07:53:00,81,72,30.04,7,0.00
2017-05-28T08:20:00,83,72,30.05,8,NA
2017-05-28T08:53:00,83,71,30.06,7,0.00
2017-05-28T09:19:00,85,70,30.06,9,NA
2017-05-28T09:53:00,87,70,30.06,11,0.00
2017-05-28T10:00:00,87,70,30.03,11,NA
2017-05-28T10:53:00,88,68,30.06,11,0.00
2017-05-28T11:53:00,91,69,30.06,14,0.00
2017-05-28T12:53:00,91,67,30.05,15,0.00
2017-05-28T13:00:00,91,67,30.02,15,NA
2017-05-28T13:53:00,90,70,30.04,14,0.00
2017-05-28T14:53:00,88,71,30.04,16,0.00
2017-05-28T15:53:00,88,70,30.03,10,0.00
2017-05-28T16:00:00,88,70,30.00,10,NA
2017-05-28T16:53:00,86,72,30.02,11,0.00
2017-05-28T17:53:00,86,72,30.01,10,0.00
2017-05-28T18:53:00,83,72,30.01,10,0.00
2017-05-28T19:00:00,83,72,29.98,10,NA
2017-05-28T19:53:00,81,73,30.02,7,0.00
2017-05-28T20:53:00,80,73,30.02,5,0.00
2017-05-28T21:53:00,80,73,30.03,8,0.00
2017-05-28T22:00:00,80,73,30.00,8,NA
2017-05-28T22:53:00,79,73,30.02,6,0.00
2017-05-28T23:53:00,79,74,30.00,7,0.00
2017-05-29T00:53:00,78,73,30.00,7,0.00
2017-05-29T01:00:00,78,73,29.97,7,NA
2017-05-29T01:53:00,78,73,29.99,7,0.00
2017-05-29T02:53:00,79,73,30.00,5,0.00
2017-05-29T03:53:00,77,73,30.02,5,0.00
2017-05-29T04:00:00,77,73,29.99,5,NA
2017-05-29T04:53:00,76,73,30.03,3,0.00
2017-05-29T05:53:00,77,73,30.04,3,0.00
2017-05-29T06:53:00,80,74,30.05,5,0.00
2017-05-29T07:00:00,80,74,30.02,5,NA
2017-05-29T07:53:00,83,73,30.06,8,0.00
2017-05-29T08:30:00,85,73,30.07,7,NA
2017-05-29T08:53:00,86,73,30.08,7,0.00
2017-05-29T09:41:00,88,71,30.09,6,NA
2017-05-29T09:53:00,85,73,30.09,8,0.00
2017-05-29T10:00:00,85,73,30.06,8,NA
2017-05-29T10:53:00,87,72,30.09,9,0.00
2017-05-29T11:53:00,89,71,30.08,14,0.00
2017-05-29T12:53:00,92,68,30.08,13,0.00
2017-05-29T13:00:00,92,68,30.05,13,NA
2017-05-29T13:53:00,92,69,30.06,11,0.00
2017-05-29T14:53:00,89,71,30.04,9,0.00
2017-05-29T15:53:00,90,68,30.03,10,0.00
2017-05-29T16:00:00,90,68,30.00,10,NA
2017-05-29T16:53:00,91,65,30.02,11,0.00
2017-05-29T17:53:00,90,66,30.01,8,0.00
2017-05-29T18:53:00,86,67,30.04,7,0.00
2017-05-29T19:00:00,86,67,30.01,7,NA
2017-05-29T19:53:00,82,71,30.05,8,0.00
2017-05-29T20:53:00,81,71,30.06,5,0.00
2017-05-29T21:53:00,80,72,30.09,5,0.00
2017-05-29T22:00:00,80,72,30.06,5,NA
2017-05-29T22:53:00,79,72,30.08,6,0.00
2017-05-29T23:53:00,78,73,30.09,0,0.00
2017-05-30T00:53:00,79,73,30.08,3,0.00
2017-05-30T01:00:00,79,73,30.05,3,NA
2017-05-30T01:53:00,79,73,30.07,0,0.00
2017-05-30T02:53:00,77,73,30.07,0,0.00
2017-05-30T03:53:00,78,73,30.08,0,0.00
2017-05-30T04:00:00,78,73,30.05,0,NA
2017-05-30T04:53:00,77,72,30.08,0,0.00
2017-05-30T05:53:00,79,73,30.11,5,0.00
2017-05-30T06:53:00,80,73,30.12,5,0.00
2017-05-30T07:00:00,80,73,30.09,5,NA
2017-05-30T07:53:00,81,74,30.13,6,0.00
2017-05-30T08:53:00,84,73,30.13,5,0.00
2017-05-30T09:53:00,86,70,30.13,7,0.00
2017-05-30T10:00:00,86,70,30.10,7,NA
2017-05-30T10:53:00,91,72,30.12,6,0.00
2017-05-30T11:53:00,92,70,30.10,5,0.00
2017-05-30T12:53:00,91,71,30.08,11,0.00
2017-05-30T13:00:00,91,71,30.05,11,NA
2017-05-30T13:53:00,92,65,30.07,9,0.00
2017-05-30T14:53:00,92,66,30.05,9,0.00
2017-05-30T15:53:00,92,71,30.03,14,0.00
2017-05-30T16:00:00,92,71,30.00,14,NA
2017-05-30T16:53:00,91,71,30.03,13,0.00
2017-05-30T17:53:00,89,67,30.03,14,0.00
2017-05-30T18:53:00,86,66,30.05,8,0.00
2017-05-30T19:00:00,86,66,30.02,8,NA
2017-05-30T19:53:00,85,69,30.06,9,0.00
2017-05-30T20:53:00,83,70,30.08,6,0.00
2017-05-30T21:53:00,84,70,30.10,5,0.00
2017-05-30T22:00:00,84,70,30.07,5,NA
2017-05-30T22:53:00,82,64,30.09,5,T
2017-05-30T23:53:00,83,65,30.10,3,0.00
2017-05-31T00:53:00,80,69,30.09,3,0.00
2017-05-31T01:00:00,80,69,30.06,3,NA
2017-05-31T01:53:00,80,71,30.08,5,0.00
2017-05-31T02:53:00,79,70,30.07,0,0.00
2017-05-31T03:53:00,79,70,30.06,3,0.00
2017-05-31T04:00:00,79,70,30.03,3,NA
2017-05-31T04:53:00,78,70,30.08,5,0.00
2017-05-31T05:53:00,79,70,30.08,5,0.00
2017-05-31T06:53:00,80,71,30.09,5,0.00
2017-05-31T07:00:00,80,71,30.06,5,NA
2017-05-31T07:53:00,83,71,30.09,7,0.00
2017-05-31T08:53:00,83,72,30.10,5,0.00
2017-05-31T09:53:00,87,73,30.10,7,0.00
2017-05-31T10:00:00,87,73,30.07,7,NA
2017-05-31T10:53:00,88,73,30.09,8,0.00
2017-05-31T11:53:00,90,68,30.08,6,0.00
2017-05-31T12:53:00,92,69,30.07,7,0.00
2017-05-31T13:00:00,92,69,30.04,7,NA
2017-05-31T13:53:00,92,71,30.05,9,0.00
2017-05-31T14:53:00,92,73,30.03,14,0.00
2017-05-31T15:53:00,91,71,30.02,13,0.00
2017-05-31T16:00:00,91,71,29.99,13,NA
2017-05-31T16:53:00,91,70,30.02,13,0.00
2017-05-31T17:53:00,89,69,30.04,8,0.00
2017-05-31T18:53:00,87,69,30.05,6,0.00
2017-05-31T19:00:00,87,69,30.02,6,NA
2017-05-31T19:53:00,85,70,30.06,5,0.00
2017-05-31T20:53:00,84,71,30.10,5,0.00
2017-05-31T21:53:00,84,71,30.10,8,0.00
2017-05-31T22:00:00,84,71,30.07,8,NA
2017-05-31T22:53:00,83,69,30.10,6,0.00
2017-05-31T23:53:00,81,69,30.08,5,0.00
2017-06-01T00:53:00,80,69,30.08,5,0.00
2017-06-01T01:00:00,80,69,30.05,5,NA
2017-06-01T01:53:00,80,69,30.07,3,0.00
2017-06-01T02:53:00,79,68,30.06,3,0.00
2017-06-01T03:53:00,79,68,30.06,3,0.00
2017-06-01T04:00:00,79,68,30.03,3,NA
2017-06-01T04:53:00,78,69,30.06,3,0.00
2017-06-01T05:53:00,78,69,30.07,6,0.00
2017-06-01T06:53:00,80,71,30.08,5,0.00
2017-06-01T07:00:00,80,71,30.05,5,NA
2017-06-01T07:53:00,83,70,30.08,5,0.00
2017-06-01T08:53:00,85,70,30.08,6,0.00
2017-06-01T09:53:00,86,72,30.08,9,0.00
2017-06-01T10:00:00,86,72,30.05,9,NA
2017-06-01T10:53:00,89,73,30.08,7,0.00
2017-06-01T11:53:00,90,71,30.07,6,0.00
2017-06-01T12:53:00,92,71,30.05,8,0.00
2017-06-01T13:00:00,92,71,30.02,8,NA
2017-06-01T13:53:00,92,71,30.02,8,0.00
2017-06-01T14:53:00,92,71,30.00,9,0.00
2017-06-01T15:53:00,89,66,29.99,8,T
2017-06-01T16:00:00,89,66,29.96,8,NA
2017-06-01T16:53:00,89,71,29.98,9,0.00
2017-06-01T17:28:00,89,71,29.98,14,NA
2017-06-01T17:41:00,88,71,29.99,10,NA
2017-06-01T17:53:00,87,71,29.99,13,0.00
2017-06-01T18:53:00,85,67,30.00,3,0.00
2017-06-01T19:00:00,85,67,29.97,3,NA
2017-06-01T19:53:00,84,67,30.05,6,0.00
2017-06-01T20:53:00,80,70,30.07,9,0.00
2017-06-01T21:53:00,79,69,30.06,6,T
2017-06-01T22:00:00,79,69,30.03,6,NA
2017-06-01T22:53:00,78,69,30.06,0,0.00
2017-06-01T23:53:00,78,70,30.04,3,0.00
2017-06-02T00:53:00,78,70,30.01,6,0.00
2017-06-02T01:00:00,78,70,29.98,6,NA
2017-06-02T01:53:00,78,70,30.02,0,0.00
2017-06-02T02:53:00,77,70,30.01,6,0.00
2017-06-02T03:53:00,79,71,30.01,3,0.00
2017-06-02T04:00:00,79,71,29.98,3,NA
2017-06-02T04:53:00,78,70,30.01,0,0.00
2017-06-02T05:53:00,79,71,30.02,0,0.00
2017-06-02T06:53:00,79,71,30.04,0,0.00
2017-06-02T07:00:00,79,71,30.01,0,NA
2017-06-02T07:53:00,80,71,30.06,3,0.00
2017-06-02T08:53:00,81,71,30.07,5,0.00
2017-06-02T09:53:00,82,71,30.06,0,0.00
2017-06-02T10:00:00,82,71,30.03,0,NA
2017-06-02T10:53:00,84,72,30.05,5,0.00
2017-06-02T11:53:00,86,74,30.03,8,0.00
2017-06-02T12:41:00,88,73,30.00,8,NA
2017-06-02T12:48:00,88,73,30.00,9,NA
2017-06-02T12:53:00,87,73,29.99,8,0.00
2017-06-02T13:00:00,87,73,29.96,8,NA
2017-06-02T13:31:00,80,74,30.01,21,0.01
2017-06-02T13:36:00,79,73,30.02,15,0.03
2017-06-02T13:51:00,75,72,30.01,17,0.05
2017-06-02T13:53:00,75,72,30.01,16,0.06
2017-06-02T14:01:00,76,70,30.01,15,0.01
2017-06-02T14:19:00,77,73,30.02,10,0.03
2017-06-02T14:53:00,76,72,30.01,7,0.07
2017-06-02T15:53:00,80,72,30.00,3,0.02
2017-06-02T16:00:00,80,72,29.97,3,NA
2017-06-02T16:53:00,82,73,29.99,0,0.00
2017-06-02T17:53:00,81,73,29.99,5,0.00
2017-06-02T18:53:00,81,73,30.00,5,0.00
2017-06-02T19:00:00,81,73,29.97,5,NA
2017-06-02T19:53:00,78,72,30.02,6,0.00
2017-06-02T20:53:00,77,71,30.03,3,0.00
2017-06-02T21:15:00,77,71,30.04,5,NA
2017-06-02T21:44:00,77,71,30.04,3,NA
2017-06-02T21:53:00,77,71,30.04,5,T
2017-06-02T22:00:00,77,71,30.01,5,NA
2017-06-02T22:53:00,77,71,30.04,5,T
2017-06-02T23:53:00,76,71,30.03,5,0.00
2017-06-03T00:53:00,76,71,30.01,0,0.00
2017-06-03T01:00:00,76,71,29.98,0,NA
2017-06-03T01:51:00,75,72,29.99,0,NA
2017-06-03T01:53:00,76,71,29.99,0,0.00
2017-06-03T02:00:00,76,71,29.99,0,NA
2017-06-03T02:53:00,76,71,29.97,5,0.00
2017-06-03T03:53:00,76,70,29.98,3,0.00
2017-06-03T04:00:00,76,70,29.95,3,NA
2017-06-03T04:53:00,76,71,29.99,3,0.00
2017-06-03T05:53:00,76,71,30.01,5,0.00
2017-06-03T06:53:00,78,71,30.03,6,0.00
2017-06-03T07:00:00,78,71,30.00,6,NA
2017-06-03T07:53:00,80,71,30.04,0,0.00
2017-06-03T08:53:00,81,73,30.04,3,0.00
2017-06-03T09:53:00,83,73,30.03,5,0.00
2017-06-03T10:00:00,83,73,30.00,5,NA
2017-06-03T10:53:00,85,73,30.03,7,0.00
2017-06-03T11:53:00,86,73,30.01,9,0.00
2017-06-03T12:12:00,84,72,30.01,9,NA
2017-06-03T12:19:00,84,73,30.00,10,NA
2017-06-03T12:40:00,80,68,30.01,17,NA
2017-06-03T12:48:00,79,72,30.02,20,NA
2017-06-03T12:53:00,77,70,30.02,15,T
2017-06-03T13:00:00,77,70,29.99,15,NA
2017-06-03T13:02:00,77,71,30.01,15,T
2017-06-03T13:53:00,82,71,30.00,0,T
2017-06-03T13:59:00,82,71,29.99,3,NA
2017-06-03T14:53:00,84,72,29.97,6,T
2017-06-03T15:53:00,87,73,29.96,6,0.00
2017-06-03T16:00:00,87,73,29.93,6,NA
2017-06-03T16:53:00,86,71,29.96,5,0.00
2017-06-03T17:53:00,86,71,29.95,0,0.00
2017-06-03T18:53:00,85,71,29.97,0,0.00
2017-06-03T19:00:00,85,71,29.94,0,NA
2017-06-03T19:53:00,80,71,29.98,6,0.00
2017-06-03T20:53:00,79,71,29.99,9,0.00
2017-06-03T21:53:00,77,72,30.02,7,0.01s
2017-06-03T22:00:00,77,72,29.99,7,NA
2017-06-03T22:08:00,77,72,30.03,6,0.12
2017-06-03T22:18:00,77,73,30.03,0,0.22
2017-06-03T22:29:00,76,72,30.03,0,0.26
2017-06-03T22:53:00,77,73,30.02,0,0.26
2017-06-03T23:53:00,76,73,30.00,0,0.07
2017-06-04T00:51:00,77,73,29.99,0,NA
2017-06-04T00:53:00,77,73,29.98,0,T
2017-06-04T01:00:00,77,73,29.95,0,NA
2017-06-04T01:51:00,77,73,29.96,5,NA
2017-06-04T01:53:00,77,73,29.96,3,0.00
2017-06-04T02:53:00,78,73,29.95,3,0.00
2017-06-04T03:53:00,78,74,29.95,0,0.00
2017-06-04T04:00:00,78,74,29.92,0,NA
2017-06-04T04:53:00,78,74,29.95,0,0.00
2017-06-04T05:53:00,78,74,29.97,5,0.00
2017-06-04T06:53:00,77,73,29.97,0,0.00
2017-06-04T07:00:00,77,73,29.94,0,NA
2017-06-04T07:53:00,77,73,29.99,0,0.03
2017-06-04T08:53:00,77,74,29.99,0,0.03
2017-06-04T08:58:00,77,74,29.99,0,0.01
2017-06-04T09:32:00,77,74,30.00,3,0.02
2017-06-04T09:53:00,77,74,29.99,3,0.03
2017-06-04T10:00:00,77,74,29.96,3,NA
2017-06-04T10:17:00,78,74,29.99,0,0.01
2017-06-04T10:53:00,77,74,29.99,5,0.02
2017-06-04T11:33:00,76,75,29.99,5,T
2017-06-04T11:53:00,78,76,29.99,3,T
2017-06-04T12:45:00,78,76,29.97,5,T
2017-06-04T12:51:00,79,75,29.97,5,NA
2017-06-04T12:53:00,78,76,29.97,5,T
2017-06-04T12:55:00,78,76,29.97,5,T
2017-06-04T13:00:00,78,76,29.94,5,NA
2017-06-04T13:33:00,78,76,29.96,6,T
2017-06-04T13:51:00,77,75,29.95,7,T
2017-06-04T13:53:00,77,76,29.95,6,T
2017-06-04T14:18:00,80,73,29.94,3,T
2017-06-04T14:53:00,82,73,29.93,3,T
2017-06-04T15:53:00,81,73,29.91,7,0.00
2017-06-04T16:00:00,81,73,29.88,7,NA
2017-06-04T16:53:00,82,73,29.91,0,0.00
2017-06-04T17:53:00,82,71,29.91,0,0.00
2017-06-04T18:53:00,81,72,29.92,0,0.00
2017-06-04T19:00:00,81,72,29.89,0,NA
2017-06-04T19:53:00,81,72,29.94,0,0.00
2017-06-04T20:53:00,79,71,29.94,7,0.00
2017-06-04T21:53:00,78,72,29.95,3,0.00
2017-06-04T22:00:00,78,72,29.92,3,NA
2017-06-04T22:53:00,79,72,29.94,5,0.00
2017-06-04T23:53:00,79,72,29.94,0,0.00
2017-06-05T00:53:00,79,72,29.93,3,0.00
2017-06-05T01:00:00,79,72,29.90,3,NA
2017-06-05T01:53:00,79,73,29.92,0,0.00
2017-06-05T02:17:00,78,73,29.92,3,NA
2017-06-05T02:53:00,78,73,29.91,3,0.00
2017-06-05T03:53:00,79,73,29.91,6,0.00
2017-06-05T04:00:00,79,73,29.88,6,NA
2017-06-05T04:42:00,79,73,29.91,6,NA
2017-06-05T04:53:00,78,74,29.92,5,T
2017-06-05T05:29:00,78,74,29.93,0,NA
2017-06-05T05:51:00,75,66,29.93,3,NA
2017-06-05T05:53:00,75,67,29.93,0,0.19
2017-06-05T05:56:00,76,68,29.93,3,T
2017-06-05T06:08:00,77,71,29.94,0,T
2017-06-05T06:18:00,76,72,29.94,0,T
2017-06-05T06:38:00,77,73,29.93,0,T
2017-06-05T06:53:00,78,74,29.93,0,T
2017-06-05T07:00:00,78,74,29.90,0,NA
2017-06-05T07:22:00,78,75,29.95,0,NA
2017-06-05T07:53:00,79,75,29.95,0,0.00
2017-06-05T08:53:00,76,71,29.95,8,0.02
2017-06-05T09:53:00,77,73,29.94,6,T
2017-06-05T10:00:00,77,73,29.91,6,NA
2017-06-05T10:07:00,78,73,29.93,3,T
2017-06-05T10:53:00,79,72,29.93,6,T
2017-06-05T11:53:00,79,72,29.94,7,T
2017-06-05T12:53:00,79,74,29.92,6,0.02
2017-06-05T13:00:00,79,74,29.89,6,NA
2017-06-05T13:53:00,81,73,29.91,8,T
2017-06-05T14:53:00,79,70,29.90,13,T
2017-06-05T15:53:00,76,71,29.89,9,0.02
2017-06-05T16:00:00,76,71,29.86,9,NA
2017-06-05T16:53:00,76,70,29.88,7,T
2017-06-05T17:53:00,77,71,29.86,5,0.00
2017-06-05T18:53:00,77,71,29.87,3,0.00
2017-06-05T19:00:00,77,71,29.84,3,NA
2017-06-05T19:53:00,77,71,29.86,5,0.00
2017-06-05T20:53:00,77,71,29.87,6,0.00
2017-06-05T21:53:00,77,71,29.88,8,0.00
2017-06-05T22:00:00,77,71,29.85,8,NA
2017-06-05T22:53:00,77,70,29.88,7,0.00
2017-06-05T23:53:00,77,70,29.87,6,0.00
2017-06-06T00:53:00,77,71,29.87,6,0.00
2017-06-06T01:00:00,77,71,29.84,6,NA
2017-06-06T01:53:00,77,73,29.85,5,T
2017-06-06T02:00:00,76,73,29.84,5,NA
2017-06-06T02:49:00,77,73,29.81,5,NA
2017-06-06T02:53:00,77,73,29.81,5,0.00
2017-06-06T03:45:00,77,73,29.80,6,T
2017-06-06T03:53:00,77,73,29.79,7,T
2017-06-06T04:00:00,77,73,29.76,7,NA
2017-06-06T04:53:00,77,73,29.80,5,0.00
2017-06-06T05:53:00,77,73,29.81,5,0.00
2017-06-06T06:53:00,78,74,29.81,7,0.00
2017-06-06T07:00:00,78,74,29.78,7,NA
2017-06-06T07:53:00,79,74,29.81,7,0.00
2017-06-06T08:12:00,80,75,29.82,8,NA
2017-06-06T08:50:00,81,75,29.83,7,0.02
2017-06-06T08:53:00,80,75,29.83,7,0.02
2017-06-06T09:01:00,80,75,29.83,6,T
2017-06-06T09:53:00,82,75,29.82,11,T
2017-06-06T10:00:00,82,75,29.79,11,NA
2017-06-06T10:53:00,82,77,29.79,9,0.03
2017-06-06T11:44:00,83,78,29.76,13,0.01
2017-06-06T11:53:00,83,77,29.76,14,0.01
2017-06-06T12:10:00,83,76,29.76,17,NA
2017-06-06T12:53:00,82,77,29.76,15,0.00
2017-06-06T13:28:00,82,76,29.75,11,T
2017-06-06T13:44:00,78,74,29.76,14,0.11
2017-06-06T13:53:00,77,74,29.76,15,0.18
2017-06-06T13:57:00,77,72,29.75,14,T
2017-06-06T14:20:00,78,72,29.76,9,T
2017-06-06T14:34:00,78,72,29.76,9,T
2017-06-06T14:53:00,78,72,29.77,14,T
2017-06-06T15:53:00,79,73,29.71,5,0.01
2017-06-06T16:00:00,79,73,29.68,5,NA
2017-06-06T16:53:00,78,73,29.71,9,T
2017-06-06T17:40:00,79,74,29.72,6,T
2017-06-06T17:53:00,79,73,29.74,7,T
2017-06-06T18:20:00,79,72,29.75,8,NA
2017-06-06T18:27:00,79,72,29.76,7,NA
2017-06-06T18:53:00,79,73,29.75,6,0.00
2017-06-06T19:00:00,79,73,29.72,6,NA
2017-06-06T19:09:00,79,72,29.76,8,NA
2017-06-06T19:53:00,78,73,29.76,6,0.00
2017-06-06T20:53:00,78,73,29.75,6,0.00
2017-06-06T21:47:00,79,73,29.77,7,NA
2017-06-06T21:53:00,77,73,29.77,6,0.00
2017-06-06T22:00:00,77,73,29.74,6,NA
2017-06-06T22:06:00,77,73,29.78,8,NA
2017-06-06T22:53:00,77,73,29.78,9,0.00
2017-06-06T23:32:00,77,73,29.77,8,T
2017-06-06T23:53:00,77,73,29.76,7,T
2017-06-07T00:53:00,77,74,29.75,8,T
2017-06-07T01:00:00,77,74,29.72,8,NA
2017-06-07T01:53:00,77,74,29.73,9,0.05
2017-06-07T02:53:00,77,74,29.72,7,T
2017-06-07T03:53:00,77,74,29.71,7,0.01
2017-06-07T04:00:00,77,74,29.68,7,NA
2017-06-07T04:53:00,77,75,29.71,8,T
2017-06-07T05:53:00,77,76,29.71,11,0.02
2017-06-07T06:02:00,77,76,29.71,11,NA
2017-06-07T06:53:00,77,76,29.72,11,0.00
2017-06-07T07:00:00,77,76,29.69,11,NA
2017-06-07T07:51:00,79,77,29.72,15,T
2017-06-07T07:53:00,78,77,29.72,21,0.07
2017-06-07T07:57:00,79,77,29.72,18,0.01
2017-06-07T08:43:00,78,74,29.76,14,0.52
2017-06-07T08:45:00,78,74,29.76,17,0.58
2017-06-07T08:53:00,79,73,29.76,15,1.15
2017-06-07T09:03:00,77,73,29.76,16,0.15
2017-06-07T09:13:00,77,73,29.77,15,0.17
2017-06-07T09:31:00,77,73,29.78,10,0.20
2017-06-07T09:53:00,77,73,29.78,9,0.13
2017-06-07T10:00:00,77,73,29.75,9,NA
2017-06-07T10:19:00,77,71,29.76,8,0.04
2017-06-07T10:53:00,77,71,29.76,8,0.06
2017-06-07T11:13:00,74,73,29.77,10,NA
2017-06-07T11:34:00,74,73,29.77,9,NA
2017-06-07T11:51:00,75,73,29.77,10,NA
2017-06-07T11:53:00,76,73,29.77,10,0.00
2017-06-07T12:53:00,76,73,29.75,8,T
2017-06-07T13:00:00,76,73,29.72,8,NA
2017-06-07T13:04:00,76,73,29.75,9,T
2017-06-07T13:49:00,75,73,29.73,7,T
2017-06-07T13:53:00,76,73,29.74,7,T
2017-06-07T14:53:00,82,77,29.73,13,0.00
2017-06-07T15:36:00,82,77,29.71,11,NA
2017-06-07T15:53:00,82,77,29.71,13,0.00
2017-06-07T16:00:00,82,77,29.68,13,NA
2017-06-07T16:50:00,82,75,29.71,15,NA
2017-06-07T16:53:00,82,75,29.71,15,0.00
2017-06-07T17:53:00,82,74,29.70,14,0.00
2017-06-07T18:50:00,81,73,29.70,11,NA
2017-06-07T18:53:00,81,74,29.70,10,0.00
2017-06-07T19:00:00,81,74,29.67,10,NA
2017-06-07T19:53:00,80,74,29.71,14,0.00
2017-06-07T20:53:00,79,74,29.72,10,0.00
2017-06-07T21:53:00,79,74,29.73,10,0.00
2017-06-07T22:00:00,79,74,29.70,10,NA
2017-06-07T22:53:00,79,74,29.74,9,0.00
2017-06-07T23:53:00,79,74,29.73,8,0.00
2017-06-08T00:53:00,79,74,29.72,9,T
2017-06-08T01:00:00,79,74,29.69,9,NA
2017-06-08T01:53:00,79,74,29.71,11,0.01
2017-06-08T02:25:00,78,74,29.70,15,0.03
2017-06-08T02:51:00,75,72,29.70,23,0.06
2017-06-08T02:53:00,75,72,29.71,17,0.29
2017-06-08T03:08:00,75,72,29.70,11,0.24
2017-06-08T03:53:00,77,73,29.69,9,0.07
2017-06-08T04:00:00,77,73,29.66,9,NA
2017-06-08T04:53:00,77,73,29.70,9,0.00
2017-06-08T05:53:00,78,74,29.72,6,0.00
2017-06-08T06:06:00,77,72,29.73,13,0.01
2017-06-08T06:44:00,79,74,29.73,11,0.01
2017-06-08T06:53:00,79,74,29.74,9,0.01
2017-06-08T07:00:00,79,74,29.71,9,NA
2017-06-08T07:53:00,81,75,29.75,7,0.00
2017-06-08T08:19:00,81,73,29.75,13,NA
2017-06-08T08:36:00,82,74,29.75,14,NA
2017-06-08T08:39:00,83,74,29.75,13,NA
2017-06-08T08:53:00,83,74,29.76,16,0.00
2017-06-08T09:53:00,84,74,29.75,18,0.00
2017-06-08T10:00:00,84,74,29.72,18,NA
2017-06-08T10:53:00,85,74,29.76,14,T
2017-06-08T10:59:00,81,74,29.76,15,T
2017-06-08T11:01:00,80,75,29.76,11,T
2017-06-08T11:10:00,79,75,29.76,13,T
2017-06-08T11:18:00,78,74,29.77,11,0.01
2017-06-08T11:34:00,80,76,29.77,7,0.02
2017-06-08T11:53:00,82,75,29.77,8,0.02
2017-06-08T12:53:00,84,73,29.77,10,T
2017-06-08T13:00:00,84,73,29.74,10,NA
2017-06-08T13:11:00,84,73,29.77,10,NA
2017-06-08T13:51:00,84,72,29.77,11,NA
2017-06-08T13:53:00,84,72,29.77,9,T
2017-06-08T14:53:00,86,69,29.76,11,0.00
2017-06-08T15:53:00,88,70,29.76,14,0.00
2017-06-08T16:00:00,88,70,29.73,14,NA
2017-06-08T16:53:00,84,70,29.77,9,0.00
2017-06-08T17:53:00,83,71,29.77,10,0.00
2017-06-08T18:53:00,81,71,29.78,10,0.00
2017-06-08T19:00:00,81,71,29.75,10,NA
2017-06-08T19:53:00,79,71,29.80,8,0.00
2017-06-08T20:53:00,80,71,29.82,8,0.00
2017-06-08T21:53:00,78,70,29.84,9,0.00
2017-06-08T22:00:00,78,70,29.81,9,NA
2017-06-08T22:45:00,78,70,29.85,8,NA
2017-06-08T22:53:00,78,70,29.86,6,0.00
2017-06-08T23:51:00,75,70,29.86,10,NA
2017-06-08T23:53:00,76,69,29.86,9,0.00
2017-06-09T00:48:00,75,70,29.85,8,NA
2017-06-09T00:51:00,75,70,29.85,6,NA
2017-06-09T00:53:00,75,69,29.85,7,0.00
2017-06-09T01:00:00,75,69,29.82,7,NA
2017-06-09T01:53:00,74,69,29.85,5,0.00
2017-06-09T02:53:00,73,69,29.85,6,0.00
2017-06-09T03:53:00,72,68,29.86,3,0.00
2017-06-09T04:00:00,72,68,29.83,3,NA
2017-06-09T04:53:00,72,68,29.88,5,0.00
2017-06-09T05:53:00,72,67,29.90,5,0.00
2017-06-09T06:53:00,73,68,29.92,5,0.00
2017-06-09T07:00:00,73,68,29.89,5,NA
2017-06-09T07:53:00,77,69,29.93,7,0.00
2017-06-09T08:53:00,79,69,29.94,7,0.00
2017-06-09T09:45:00,82,71,29.94,0,NA
2017-06-09T09:53:00,81,70,29.94,5,0.00
2017-06-09T10:00:00,81,70,29.91,5,NA
2017-06-09T10:12:00,82,70,29.95,0,NA
2017-06-09T10:53:00,84,70,29.95,0,0.00
2017-06-09T11:53:00,84,72,29.94,8,0.00
2017-06-09T12:53:00,85,71,29.93,8,0.00
2017-06-09T13:00:00,85,71,29.90,8,NA
2017-06-09T13:53:00,87,69,29.91,8,0.00
2017-06-09T14:53:00,88,59,29.90,7,0.00
2017-06-09T15:53:00,87,71,29.89,8,0.00
2017-06-09T16:00:00,87,71,29.86,8,NA
2017-06-09T16:53:00,86,71,29.89,10,0.00
2017-06-09T17:53:00,85,70,29.89,9,0.00
2017-06-09T18:53:00,84,70,29.91,8,0.00
2017-06-09T19:00:00,84,70,29.88,8,NA
2017-06-09T19:53:00,81,70,29.93,6,0.00
2017-06-09T20:53:00,80,70,29.94,6,0.00
2017-06-09T21:53:00,79,70,29.96,5,0.00
2017-06-09T22:00:00,79,70,29.93,5,NA
2017-06-09T22:53:00,80,71,29.96,5,0.00
2017-06-09T23:53:00,78,72,29.95,6,0.00
2017-06-10T00:53:00,78,72,29.95,0,0.00
2017-06-10T01:00:00,78,72,29.92,0,NA
2017-06-10T01:53:00,77,72,29.94,3,0.00
2017-06-10T02:53:00,77,72,29.94,3,0.00
2017-06-10T03:53:00,76,72,29.95,0,0.00
2017-06-10T04:00:00,76,72,29.92,0,NA
2017-06-10T04:30:00,76,73,29.96,3,NA
2017-06-10T04:53:00,77,73,29.97,0,0.00
2017-06-10T05:53:00,77,73,29.99,3,0.00
2017-06-10T06:02:00,77,73,30.00,5,NA
2017-06-10T06:53:00,78,74,30.01,3,0.00
2017-06-10T07:00:00,78,74,29.98,3,NA
2017-06-10T07:53:00,81,74,30.01,6,0.00
2017-06-10T08:53:00,84,73,30.02,3,0.00
2017-06-10T09:53:00,85,71,30.03,3,0.00
2017-06-10T10:00:00,85,71,30.00,3,NA
2017-06-10T10:53:00,86,72,30.04,8,0.00
2017-06-10T11:53:00,87,71,30.04,10,0.00
2017-06-10T12:53:00,79,71,30.05,14,0.00
2017-06-10T13:00:00,79,71,30.02,14,NA
2017-06-10T13:53:00,79,73,30.04,8,T
2017-06-10T14:53:00,80,73,30.03,10,0.00
2017-06-10T15:53:00,79,73,30.04,13,0.00
2017-06-10T16:00:00,79,73,30.01,13,NA
2017-06-10T16:45:00,79,73,30.05,13,NA
2017-06-10T16:53:00,79,73,30.04,11,0.00
2017-06-10T17:53:00,79,70,30.06,8,0.00
2017-06-10T18:53:00,78,72,30.06,3,0.00
2017-06-10T19:00:00,78,72,30.03,3,NA
2017-06-10T19:53:00,78,72,30.04,6,0.00
2017-06-10T20:53:00,79,73,30.05,6,0.00
2017-06-10T21:53:00,79,73,30.06,7,0.00
2017-06-10T22:00:00,79,73,30.03,7,NA
2017-06-10T22:53:00,78,71,30.09,3,0.00
2017-06-10T23:53:00,77,71,30.08,5,0.00
2017-06-11T00:53:00,77,71,30.08,5,0.00
2017-06-11T01:00:00,77,71,30.05,5,NA
2017-06-11T01:53:00,78,70,30.08,3,0.00
2017-06-11T02:53:00,77,71,30.08,5,0.00
2017-06-11T03:53:00,77,72,30.07,5,0.00
2017-06-11T04:00:00,77,72,30.04,5,NA
2017-06-11T04:53:00,78,73,30.08,5,0.00
2017-06-11T05:53:00,78,74,30.09,6,0.00
2017-06-11T06:53:00,79,74,30.11,3,0.00
2017-06-11T07:00:00,79,74,30.08,3,NA
2017-06-11T07:53:00,80,74,30.12,7,0.00
2017-06-11T08:53:00,81,74,30.14,3,0.00
2017-06-11T09:53:00,82,75,30.13,7,0.00
2017-06-11T10:00:00,82,75,30.10,7,NA
2017-06-11T10:53:00,85,76,30.13,5,0.00
2017-06-11T11:53:00,85,77,30.14,3,0.00
2017-06-11T12:53:00,85,77,30.13,6,0.00
2017-06-11T13:00:00,85,77,30.10,6,NA
2017-06-11T13:43:00,86,76,30.12,6,T
2017-06-11T13:53:00,86,76,30.11,8,T
2017-06-11T14:13:00,86,76,30.10,6,NA
2017-06-11T14:53:00,84,71,30.12,7,0.00
2017-06-11T15:53:00,79,69,30.11,8,T
2017-06-11T16:00:00,79,69,30.08,8,NA
2017-06-11T16:53:00,79,71,30.12,7,T
2017-06-11T17:46:00,76,73,30.11,5,0.06
2017-06-11T17:53:00,76,73,30.10,6,0.06
2017-06-11T18:53:00,76,73,30.10,5,0.01
2017-06-11T19:00:00,76,73,30.07,5,NA
2017-06-11T19:53:00,76,72,30.11,3,0.00
2017-06-11T20:53:00,76,72,30.12,6,0.00
2017-06-11T21:53:00,75,72,30.13,5,0.00
2017-06-11T22:00:00,75,72,30.10,5,NA
2017-06-11T22:53:00,75,72,30.11,7,0.00
2017-06-11T23:53:00,75,72,30.11,7,0.00
2017-06-12T00:53:00,75,72,30.11,6,0.00
2017-06-12T01:00:00,75,72,30.08,6,NA
2017-06-12T01:53:00,75,72,30.09,5,0.00
2017-06-12T02:53:00,75,72,30.08,6,0.00
2017-06-12T03:53:00,75,72,30.08,6,0.00
2017-06-12T04:00:00,75,72,30.05,6,NA
2017-06-12T04:17:00,75,73,30.09,3,NA
2017-06-12T04:53:00,75,73,30.09,0,0.00
2017-06-12T05:45:00,76,74,30.10,3,NA
2017-06-12T05:53:00,77,74,30.10,0,0.00
2017-06-12T06:15:00,77,74,30.10,0,NA
2017-06-12T06:53:00,78,75,30.11,5,0.00
2017-06-12T07:00:00,78,75,30.08,5,NA
2017-06-12T07:34:00,79,75,30.12,5,NA
2017-06-12T07:53:00,79,75,30.12,5,0.00
2017-06-12T08:20:00,81,76,30.13,3,NA
2017-06-12T08:53:00,81,76,30.13,5,0.00
2017-06-12T09:20:00,83,75,30.12,3,NA
2017-06-12T09:53:00,84,75,30.12,3,0.00
2017-06-12T10:00:00,84,75,30.09,3,NA
2017-06-12T10:53:00,86,74,30.12,5,0.00
2017-06-12T11:53:00,89,73,30.11,5,0.00
2017-06-12T12:53:00,89,72,30.10,8,0.00
2017-06-12T13:00:00,89,72,30.07,8,NA
2017-06-12T13:53:00,89,71,30.07,6,0.00
2017-06-12T14:53:00,90,70,30.05,3,0.00
2017-06-12T15:53:00,91,70,30.03,6,0.00
2017-06-12T16:00:00,91,70,30.00,6,NA
2017-06-12T16:53:00,91,70,30.02,6,0.00
2017-06-12T17:53:00,89,69,30.03,11,0.00
2017-06-12T18:07:00,81,71,30.05,15,NA
2017-06-12T18:09:00,79,72,30.06,16,0.07
2017-06-12T18:16:00,76,71,30.07,8,0.33
2017-06-12T18:23:00,77,72,30.08,9,0.42
2017-06-12T18:33:00,75,72,30.09,6,0.71
2017-06-12T18:44:00,75,71,30.09,10,1.20
2017-06-12T18:53:00,75,72,30.09,7,1.34s
2017-06-12T19:00:00,75,72,30.06,7,NA
2017-06-12T19:07:00,76,72,30.08,0,0.02
2017-06-12T19:16:00,75,71,30.09,8,0.03
2017-06-12T19:34:00,75,71,30.09,7,0.03
2017-06-12T19:49:00,73,72,30.08,5,0.05
2017-06-12T19:53:00,74,71,30.08,3,0.05
2017-06-12T20:53:00,75,72,30.07,3,0.10
2017-06-12T21:53:00,76,72,30.07,3,0.05
2017-06-12T22:00:00,76,72,30.04,3,NA
2017-06-12T22:53:00,76,73,30.07,5,0.02
2017-06-12T23:53:00,76,73,30.06,5,T
2017-06-13T00:53:00,76,74,30.04,0,0.00
2017-06-13T01:00:00,76,74,30.01,0,NA
2017-06-13T01:53:00,76,74,30.02,5,0.00
2017-06-13T02:26:00,76,74,30.02,6,NA
2017-06-13T02:53:00,76,74,30.02,3,0.00
2017-06-13T03:53:00,76,74,30.03,0,0.00
2017-06-13T04:00:00,76,74,30.00,0,NA
2017-06-13T04:51:00,75,73,30.05,5,NA
2017-06-13T04:53:00,76,74,30.05,5,0.00
2017-06-13T05:53:00,76,74,30.06,3,0.00
2017-06-13T06:33:00,77,75,30.07,3,NA
2017-06-13T06:35:00,77,75,30.07,5,NA
2017-06-13T06:53:00,77,74,30.07,6,0.00
2017-06-13T07:00:00,77,74,30.04,6,NA
2017-06-13T07:15:00,77,75,30.08,6,NA
2017-06-13T07:48:00,79,75,30.08,5,NA
2017-06-13T07:53:00,78,75,30.08,5,0.00
2017-06-13T08:53:00,79,75,30.09,5,0.00
2017-06-13T09:53:00,81,76,30.09,0,0.00
2017-06-13T10:00:00,81,76,30.06,0,NA
2017-06-13T10:53:00,83,75,30.09,3,0.00
2017-06-13T11:53:00,86,74,30.06,3,0.00
2017-06-13T12:53:00,85,73,30.04,7,0.00
2017-06-13T13:00:00,85,73,30.01,7,NA
2017-06-13T13:53:00,85,75,30.02,7,0.00
2017-06-13T14:53:00,86,73,30.00,6,0.00
2017-06-13T15:21:00,87,73,30.00,6,NA
2017-06-13T15:42:00,87,73,30.00,3,NA
2017-06-13T15:53:00,88,73,30.00,5,0.00
2017-06-13T16:00:00,88,73,29.97,5,NA
2017-06-13T16:05:00,87,72,30.00,6,NA
2017-06-13T16:43:00,75,72,30.03,9,0.10
2017-06-13T16:45:00,75,72,30.03,10,0.16
2017-06-13T16:53:00,75,72,30.03,11,0.36
2017-06-13T17:21:00,75,72,30.05,8,0.46
2017-06-13T17:30:00,75,71,30.04,7,0.53
2017-06-13T17:40:00,75,72,30.04,0,0.58
2017-06-13T17:53:00,75,71,30.05,0,0.59
2017-06-13T18:17:00,75,72,30.06,0,0.02
2017-06-13T18:53:00,75,72,30.06,3,0.09
2017-06-13T19:00:00,75,72,30.03,3,NA
2017-06-13T19:53:00,75,72,30.04,0,0.05
2017-06-13T20:53:00,75,72,30.04,0,T
2017-06-13T21:53:00,75,71,30.04,3,T
2017-06-13T22:00:00,75,71,30.01,3,NA
2017-06-13T22:53:00,75,71,30.05,5,0.00
2017-06-13T23:53:00,75,71,30.05,5,0.00
2017-06-14T00:53:00,75,71,30.03,0,0.00
2017-06-14T01:00:00,75,71,30.00,0,NA
2017-06-14T01:53:00,75,72,30.00,6,0.00
2017-06-14T02:53:00,75,72,30.00,6,0.00
2017-06-14T03:53:00,75,72,30.01,3,0.00
2017-06-14T04:00:00,75,72,29.98,3,NA
2017-06-14T04:53:00,74,72,30.02,5,0.00
2017-06-14T04:59:00,74,72,30.02,5,NA
2017-06-14T05:53:00,75,73,30.03,3,0.00
2017-06-14T05:59:00,75,73,30.04,5,NA
2017-06-14T06:36:00,75,73,30.05,5,NA
2017-06-14T06:53:00,76,73,30.05,5,0.00
2017-06-14T07:00:00,76,73,30.02,5,NA
2017-06-14T07:53:00,78,74,30.07,3,0.00
2017-06-14T08:53:00,81,75,30.08,3,0.00
2017-06-14T09:53:00,83,75,30.07,5,0.00
2017-06-14T10:00:00,83,75,30.04,5,NA
2017-06-14T10:53:00,85,73,30.07,6,0.00
2017-06-14T11:53:00,85,75,30.05,7,0.00
2017-06-14T12:53:00,86,75,30.04,7,0.00
2017-06-14T13:00:00,86,75,30.01,7,NA
2017-06-14T13:53:00,89,73,30.02,7,0.00
2017-06-14T14:07:00,89,71,30.01,5,NA
2017-06-14T14:22:00,89,69,30.02,6,NA
2017-06-14T14:50:00,88,70,30.04,6,NA
2017-06-14T14:51:00,88,70,30.04,6,NA
2017-06-14T14:53:00,88,69,30.03,7,0.00
2017-06-14T14:57:00,88,69,30.03,8,NA
2017-06-14T15:07:00,79,70,30.05,22,T
2017-06-14T15:51:00,75,72,30.06,13,T
2017-06-14T15:53:00,75,72,30.06,13,T
2017-06-14T16:00:00,76,71,30.03,13,NA
2017-06-14T16:33:00,76,71,30.05,0,0.03
2017-06-14T16:48:00,77,72,30.05,6,0.04
2017-06-14T16:53:00,76,71,30.05,6,0.05
2017-06-14T17:53:00,75,72,30.04,3,0.09
2017-06-14T18:53:00,75,71,30.02,3,0.01
2017-06-14T19:00:00,75,71,29.99,3,NA
2017-06-14T19:53:00,76,71,30.03,0,0.00
2017-06-14T20:53:00,76,72,30.05,3,0.00
2017-06-14T21:53:00,76,72,30.07,3,0.00
2017-06-14T22:00:00,76,72,30.04,3,NA
2017-06-14T22:53:00,76,72,30.06,3,0.00
2017-06-14T23:53:00,76,71,30.06,3,0.00
2017-06-15T00:53:00,76,71,30.05,0,0.00
2017-06-15T01:00:00,76,71,30.02,0,NA
2017-06-15T01:53:00,76,71,30.03,0,0.00
2017-06-15T02:53:00,75,71,30.01,0,0.00
2017-06-15T03:53:00,75,71,30.00,0,0.00
2017-06-15T04:00:00,75,71,29.97,0,NA
2017-06-15T04:53:00,75,71,30.01,0,0.00
2017-06-15T05:53:00,75,71,30.02,0,0.00
2017-06-15T06:53:00,76,71,30.03,0,0.00
2017-06-15T07:00:00,76,71,30.00,0,NA
2017-06-15T07:53:00,79,73,30.04,6,0.00
2017-06-15T08:53:00,82,74,30.04,3,0.00
2017-06-15T09:53:00,82,75,30.05,3,0.00
2017-06-15T10:00:00,82,75,30.02,3,NA
2017-06-15T10:53:00,84,76,30.05,6,0.00
2017-06-15T11:02:00,84,76,30.05,7,NA
2017-06-15T11:05:00,84,75,30.05,5,NA
2017-06-15T11:22:00,85,76,30.04,8,NA
2017-06-15T11:51:00,86,75,30.03,8,NA
2017-06-15T11:53:00,86,75,30.03,8,0.00
2017-06-15T12:00:00,85,75,30.02,8,NA
2017-06-15T12:51:00,82,75,30.01,7,NA
2017-06-15T12:53:00,83,75,30.01,7,0.00
2017-06-15T13:00:00,83,75,29.98,7,NA
2017-06-15T13:23:00,82,73,30.01,13,NA
2017-06-15T13:25:00,82,72,30.01,13,NA
2017-06-15T13:40:00,81,70,29.99,9,T
2017-06-15T13:53:00,82,68,29.99,5,T
2017-06-15T14:53:00,87,75,29.98,6,0.00
2017-06-15T15:06:00,87,74,29.98,9,NA
2017-06-15T15:53:00,88,73,29.97,13,0.00
2017-06-15T16:00:00,88,73,29.94,13,NA
2017-06-15T16:19:00,88,73,29.98,11,NA
2017-06-15T16:37:00,88,72,29.98,8,NA
2017-06-15T16:47:00,88,72,29.99,9,NA
2017-06-15T16:53:00,85,71,29.99,9,0.00
2017-06-15T17:08:00,78,71,29.98,15,NA
2017-06-15T17:29:00,79,70,29.99,16,NA
2017-06-15T17:53:00,75,72,30.01,11,0.00
2017-06-15T18:21:00,77,72,30.01,6,NA
2017-06-15T18:44:00,76,71,29.99,9,NA
2017-06-15T18:53:00,76,71,29.99,8,0.00
2017-06-15T19:00:00,76,71,29.96,8,NA
2017-06-15T19:04:00,76,72,29.98,9,NA
2017-06-15T19:53:00,76,72,29.97,5,T
2017-06-15T20:53:00,76,72,29.99,3,0.00
2017-06-15T21:53:00,76,72,30.00,5,0.00
2017-06-15T22:00:00,76,72,29.97,5,NA
2017-06-15T22:53:00,76,72,30.00,3,0.00
2017-06-15T23:53:00,76,72,29.98,5,0.00
2017-06-16T00:51:00,75,72,29.97,3,NA
2017-06-16T00:53:00,75,72,29.97,3,0.00
2017-06-16T01:00:00,75,72,29.94,3,NA
2017-06-16T01:53:00,75,72,29.95,3,0.00
2017-06-16T02:53:00,75,72,29.94,3,0.00
2017-06-16T03:50:00,75,73,29.94,6,NA
2017-06-16T03:51:00,75,73,29.94,5,0.00
2017-06-16T04:00:00,75,73,29.91,5,NA
2017-06-16T04:05:00,76,73,29.94,5,NA
2017-06-16T04:51:00,75,73,29.93,6,NA
2017-06-16T04:53:00,75,73,29.93,5,0.00
2017-06-16T05:37:00,76,73,29.95,7,NA
2017-06-16T05:53:00,76,73,29.95,6,0.00
2017-06-16T06:53:00,76,73,29.96,3,0.00
2017-06-16T07:00:00,76,73,29.93,3,NA
2017-06-16T07:53:00,80,75,29.97,3,0.00
2017-06-16T08:53:00,83,75,29.97,3,0.00
2017-06-16T09:53:00,84,75,29.95,8,0.00
2017-06-16T10:00:00,84,75,29.92,8,NA
2017-06-16T10:30:00,83,75,29.97,10,NA
2017-06-16T10:50:00,81,72,29.98,3,NA
2017-06-16T10:53:00,81,72,29.98,0,0.00
2017-06-16T11:19:00,77,71,29.97,11,NA
2017-06-16T11:50:00,81,70,29.96,9,T
2017-06-16T11:53:00,80,70,29.96,8,T
2017-06-16T12:13:00,80,70,29.95,3,NA
2017-06-16T12:28:00,80,71,29.94,0,NA
2017-06-16T12:40:00,79,71,29.94,3,NA
2017-06-16T12:53:00,80,71,29.94,5,0.00
2017-06-16T13:00:00,80,71,29.91,5,NA
2017-06-16T13:53:00,87,73,29.93,3,0.00
2017-06-16T14:53:00,85,74,29.91,7,0.00
2017-06-16T15:06:00,86,75,29.91,8,NA
2017-06-16T15:24:00,85,74,29.91,7,NA
2017-06-16T15:53:00,88,72,29.90,11,0.00
2017-06-16T16:00:00,88,72,29.87,11,NA
2017-06-16T16:02:00,88,72,29.90,11,NA
2017-06-16T16:07:00,87,72,29.90,11,NA
2017-06-16T16:53:00,88,71,29.91,10,0.00
2017-06-16T17:53:00,85,72,29.90,5,0.00
2017-06-16T18:53:00,83,73,29.89,7,0.00
2017-06-16T19:00:00,83,73,29.86,7,NA
2017-06-16T19:53:00,81,73,29.91,5,0.00
2017-06-16T20:53:00,79,72,29.91,6,0.00
2017-06-16T21:53:00,79,73,29.92,6,0.00
2017-06-16T22:00:00,79,73,29.89,6,NA
2017-06-16T22:53:00,78,71,29.92,7,0.00
2017-06-16T23:53:00,78,72,29.92,5,0.00
2017-06-17T00:53:00,77,72,29.91,6,0.00
2017-06-17T01:00:00,77,72,29.88,6,NA
2017-06-17T01:53:00,77,73,29.90,3,0.00
2017-06-17T02:53:00,77,73,29.90,5,0.00
2017-06-17T03:53:00,77,74,29.90,5,0.00
2017-06-17T04:00:00,77,74,29.87,5,NA
2017-06-17T04:53:00,78,75,29.90,3,0.00
2017-06-17T05:53:00,78,74,29.92,5,0.00
2017-06-17T06:53:00,79,75,29.93,3,0.00
2017-06-17T07:00:00,79,75,29.90,3,NA
2017-06-17T07:53:00,83,75,29.94,5,0.00
2017-06-17T08:53:00,83,75,29.94,5,0.00
2017-06-17T09:53:00,85,74,29.94,5,0.00
2017-06-17T10:00:00,85,74,29.91,5,NA
2017-06-17T10:53:00,86,73,29.94,7,0.00
2017-06-17T11:53:00,87,72,29.94,7,0.00
2017-06-17T12:53:00,88,71,29.92,8,0.00
2017-06-17T13:00:00,88,71,29.89,8,NA
2017-06-17T13:09:00,87,72,29.92,11,NA
2017-06-17T13:21:00,84,74,29.92,11,NA
2017-06-17T13:44:00,85,70,29.91,9,NA
2017-06-17T13:53:00,86,72,29.91,11,0.00
2017-06-17T14:53:00,88,71,29.90,10,0.00
2017-06-17T15:53:00,88,72,29.88,9,0.00
2017-06-17T16:00:00,88,72,29.85,9,NA
2017-06-17T16:53:00,88,72,29.88,6,0.00
2017-06-17T17:44:00,86,72,29.89,8,NA
2017-06-17T17:53:00,84,73,29.89,9,0.00
2017-06-17T18:05:00,84,73,29.89,6,NA
2017-06-17T18:53:00,84,72,29.91,0,0.00
2017-06-17T19:00:00,84,72,29.88,0,NA
2017-06-17T19:53:00,82,71,29.93,5,0.00
2017-06-17T20:53:00,82,71,29.94,3,0.00
2017-06-17T21:53:00,79,72,29.95,5,0.00
2017-06-17T22:00:00,79,72,29.92,5,NA
2017-06-17T22:53:00,80,73,29.94,0,0.00
2017-06-17T23:53:00,80,72,29.94,3,0.00
2017-06-18T00:53:00,79,73,29.92,0,0.00
2017-06-18T01:00:00,79,73,29.89,0,NA
2017-06-18T01:53:00,79,73,29.91,5,0.00
2017-06-18T02:53:00,79,74,29.90,6,0.00
2017-06-18T03:53:00,78,73,29.91,5,0.00
2017-06-18T04:00:00,78,73,29.88,5,NA
2017-06-18T04:53:00,76,73,29.92,5,0.00
2017-06-18T05:53:00,76,73,29.94,3,0.00
2017-06-18T06:53:00,79,74,29.95,3,0.00
2017-06-18T07:00:00,79,74,29.92,3,NA
2017-06-18T07:53:00,82,75,29.96,7,0.00
2017-06-18T08:53:00,84,74,29.97,6,0.00
2017-06-18T09:53:00,86,74,29.97,5,0.00
2017-06-18T10:00:00,86,74,29.94,5,NA
2017-06-18T10:53:00,88,72,29.97,0,0.00
2017-06-18T11:53:00,90,72,29.96,7,0.00
2017-06-18T12:53:00,92,70,29.93,8,0.00
2017-06-18T13:00:00,92,70,29.90,8,NA
2017-06-18T13:53:00,89,74,29.91,10,0.00
2017-06-18T14:53:00,91,77,29.90,10,0.00
2017-06-18T15:03:00,90,75,29.90,13,NA
2017-06-18T15:53:00,82,73,29.93,15,0.00
2017-06-18T16:00:00,83,73,29.90,15,NA
2017-06-18T16:53:00,80,73,29.93,9,T
2017-06-18T17:02:00,80,73,29.93,7,T
2017-06-18T17:53:00,79,73,29.95,7,T
2017-06-18T18:53:00,81,73,29.95,8,0.00
2017-06-18T19:00:00,81,73,29.92,8,NA
2017-06-18T19:53:00,79,72,29.95,11,0.00
2017-06-18T20:53:00,78,72,29.96,5,0.00
2017-06-18T21:53:00,79,72,29.98,5,0.00
2017-06-18T22:00:00,79,72,29.95,5,NA
2017-06-18T22:53:00,78,72,29.99,6,0.00
2017-06-18T23:53:00,78,72,30.00,7,0.00
2017-06-19T00:53:00,78,72,29.99,3,0.00
2017-06-19T01:00:00,78,72,29.96,3,NA
2017-06-19T01:53:00,78,72,29.97,3,0.00
2017-06-19T02:53:00,77,73,29.95,3,T
2017-06-19T03:53:00,77,73,29.94,3,T
2017-06-19T04:00:00,77,73,29.91,3,NA
2017-06-19T04:53:00,77,73,29.94,5,0.00
2017-06-19T05:53:00,77,73,29.94,5,0.00
2017-06-19T06:53:00,78,73,29.97,6,0.00
2017-06-19T07:00:00,78,73,29.94,6,NA
2017-06-19T07:53:00,79,73,29.99,7,0.00
2017-06-19T08:53:00,81,73,29.99,9,0.00
2017-06-19T09:53:00,82,73,30.00,8,0.00
2017-06-19T10:00:00,82,73,29.97,8,NA
2017-06-19T10:53:00,84,73,29.99,5,0.00
2017-06-19T11:53:00,84,73,29.98,8,0.00
2017-06-19T12:53:00,86,74,29.96,8,0.00
2017-06-19T13:00:00,86,74,29.93,8,NA
2017-06-19T13:30:00,86,74,29.96,6,NA
2017-06-19T13:41:00,86,74,29.96,10,NA
2017-06-19T13:48:00,81,72,29.97,17,NA
2017-06-19T13:51:00,79,73,29.97,21,T
2017-06-19T13:53:00,79,73,29.97,17,0.21
2017-06-19T14:01:00,77,74,29.98,13,0.18
2017-06-19T14:15:00,77,75,29.99,9,0.21
2017-06-19T14:25:00,77,74,29.99,7,0.25
2017-06-19T14:30:00,78,74,29.99,7,0.25
2017-06-19T14:53:00,78,74,29.99,7,0.08
2017-06-19T15:53:00,80,75,29.98,3,T
2017-06-19T16:00:00,80,75,29.95,3,NA
2017-06-19T16:45:00,80,75,29.97,7,T
2017-06-19T16:53:00,80,75,29.97,6,T
2017-06-19T17:49:00,79,73,29.98,6,T
2017-06-19T17:53:00,79,74,29.98,7,T
2017-06-19T18:27:00,78,74,29.99,5,T
2017-06-19T18:41:00,78,74,29.99,7,T
2017-06-19T18:53:00,78,74,29.99,5,T
2017-06-19T19:00:00,78,74,29.96,5,NA
2017-06-19T19:53:00,78,74,29.99,6,T
2017-06-19T20:53:00,78,74,30.01,5,0.00
2017-06-19T21:53:00,78,74,30.02,3,0.00
2017-06-19T22:00:00,78,74,29.99,3,NA
2017-06-19T22:53:00,78,74,30.02,5,0.00
2017-06-19T23:53:00,78,74,30.01,6,0.00
2017-06-20T00:53:00,78,74,30.00,5,0.00
2017-06-20T01:00:00,78,74,29.97,5,NA
2017-06-20T01:53:00,78,74,29.98,8,0.00
2017-06-20T02:53:00,78,74,29.96,6,0.00
2017-06-20T03:53:00,79,74,29.96,6,0.00
2017-06-20T04:00:00,79,74,29.93,6,NA
2017-06-20T04:53:00,78,75,29.97,6,0.00
2017-06-20T05:53:00,79,75,29.97,7,0.00
2017-06-20T06:53:00,80,76,29.98,7,0.00
2017-06-20T07:00:00,80,76,29.95,7,NA
2017-06-20T07:43:00,82,76,29.99,9,NA
2017-06-20T07:51:00,82,75,29.99,11,NA
2017-06-20T07:53:00,82,76,29.99,10,0.00
2017-06-20T08:53:00,83,75,30.00,10,0.00
2017-06-20T09:53:00,85,73,30.00,11,0.00
2017-06-20T10:00:00,85,73,29.97,11,NA
2017-06-20T10:53:00,86,73,30.00,11,0.00
2017-06-20T11:53:00,87,73,29.99,9,0.00
2017-06-20T12:53:00,89,72,29.97,9,0.00
2017-06-20T13:00:00,89,72,29.94,9,NA
2017-06-20T13:53:00,89,70,29.95,8,0.00
2017-06-20T14:53:00,89,71,29.94,11,0.00
2017-06-20T15:53:00,90,71,29.93,9,0.00
2017-06-20T16:00:00,90,71,29.90,9,NA
2017-06-20T16:53:00,90,71,29.92,8,0.00
2017-06-20T17:53:00,89,71,29.92,7,0.00
2017-06-20T18:47:00,84,75,29.94,14,NA
2017-06-20T18:53:00,83,76,29.94,14,0.00
2017-06-20T19:00:00,83,76,29.91,14,NA
2017-06-20T19:06:00,83,75,29.94,10,NA
2017-06-20T19:53:00,80,76,29.96,7,0.07
2017-06-20T20:53:00,79,76,29.97,3,0.02
2017-06-20T21:53:00,80,75,29.99,7,T
2017-06-20T22:00:00,80,75,29.96,7,NA
2017-06-20T22:53:00,80,76,30.00,7,0.02
2017-06-20T23:53:00,80,75,29.99,6,T
2017-06-21T00:53:00,80,75,29.97,8,0.00
2017-06-21T01:00:00,80,75,29.94,8,NA
2017-06-21T01:53:00,79,75,29.96,8,0.00
2017-06-21T02:53:00,79,75,29.95,5,0.00
2017-06-21T03:53:00,80,75,29.96,8,0.00
2017-06-21T04:00:00,80,75,29.93,8,NA
2017-06-21T04:53:00,79,75,29.96,6,0.00
2017-06-21T05:53:00,79,75,29.97,7,0.00
2017-06-21T06:03:00,79,75,29.98,5,NA
2017-06-21T06:22:00,80,76,29.98,6,NA
2017-06-21T06:53:00,80,76,29.99,9,0.00
2017-06-21T07:00:00,80,76,29.96,9,NA
2017-06-21T07:25:00,81,76,30.00,8,NA
2017-06-21T07:53:00,82,76,30.00,8,0.00
2017-06-21T08:53:00,83,76,30.00,8,0.00
2017-06-21T09:53:00,85,76,30.01,7,0.00
2017-06-21T10:00:00,85,76,29.98,7,NA
2017-06-21T10:53:00,87,76,30.01,9,0.00
2017-06-21T11:53:00,89,75,30.01,9,0.00
2017-06-21T12:53:00,91,74,29.99,9,0.00
2017-06-21T13:00:00,91,74,29.96,9,NA
2017-06-21T13:53:00,92,75,29.98,8,0.00
2017-06-21T14:53:00,89,75,29.97,11,0.00
2017-06-21T15:53:00,86,74,29.97,9,0.00
2017-06-21T16:00:00,86,74,29.94,9,NA
2017-06-21T16:17:00,88,76,29.96,7,NA
2017-06-21T16:47:00,81,73,29.99,13,NA
2017-06-21T16:51:00,82,72,29.99,13,NA
2017-06-21T16:53:00,82,72,29.99,9,0.00
2017-06-21T17:13:00,83,72,29.99,6,NA
2017-06-21T17:28:00,85,73,29.99,3,NA
2017-06-21T17:53:00,86,74,29.99,8,0.00
2017-06-21T18:53:00,86,75,30.00,10,0.00
2017-06-21T19:00:00,86,75,29.97,10,NA
2017-06-21T19:53:00,85,76,30.02,6,0.00
2017-06-21T20:53:00,83,74,30.03,5,0.00
2017-06-21T21:53:00,82,74,30.05,8,0.00
2017-06-21T22:00:00,82,74,30.02,8,NA
2017-06-21T22:53:00,81,74,30.08,3,0.00
2017-06-21T23:53:00,81,73,30.07,3,0.00
2017-06-22T00:53:00,81,72,30.05,3,0.00
2017-06-22T01:00:00,81,72,30.02,3,NA
2017-06-22T01:53:00,80,73,30.04,5,0.00
2017-06-22T02:53:00,79,73,30.03,7,0.00
2017-06-22T03:53:00,79,73,30.02,6,0.00
2017-06-22T04:00:00,79,73,29.99,6,NA
2017-06-22T04:53:00,79,75,30.03,8,0.00
2017-06-22T05:53:00,79,75,30.03,6,0.00
2017-06-22T06:27:00,79,75,30.04,0,NA
2017-06-22T06:53:00,80,75,30.05,7,0.00
2017-06-22T07:00:00,80,75,30.02,7,NA
2017-06-22T07:53:00,82,76,30.06,9,0.00
2017-06-22T08:53:00,86,76,30.07,13,0.00
2017-06-22T09:53:00,87,74,30.07,13,0.00
2017-06-22T10:00:00,87,74,30.04,13,NA
2017-06-22T10:53:00,90,74,30.07,7,0.00
2017-06-22T11:53:00,91,73,30.06,10,0.00
2017-06-22T12:53:00,92,73,30.04,8,0.00
2017-06-22T13:00:00,92,73,30.01,8,NA
2017-06-22T13:53:00,93,71,30.02,9,0.00
2017-06-22T14:53:00,92,75,30.01,6,0.00
2017-06-22T15:53:00,92,75,29.99,8,0.00
2017-06-22T16:00:00,92,75,29.96,8,NA
2017-06-22T16:53:00,91,77,29.99,10,0.00
2017-06-22T17:25:00,90,76,29.98,11,NA
2017-06-22T17:46:00,90,75,29.98,11,NA
2017-06-22T17:53:00,90,75,29.98,11,0.00
2017-06-22T18:46:00,86,71,30.00,5,NA
2017-06-22T18:53:00,85,71,30.00,5,0.00
2017-06-22T19:00:00,85,71,29.97,5,NA
2017-06-22T19:13:00,87,73,30.03,8,NA
2017-06-22T19:31:00,80,74,30.03,17,0.02
2017-06-22T19:35:00,78,74,30.04,14,0.17
2017-06-22T19:53:00,76,72,30.05,8,0.52
2017-06-22T19:58:00,76,72,30.04,6,0.01
2017-06-22T20:28:00,76,73,30.05,5,0.06
2017-06-22T20:53:00,76,74,30.07,9,0.10
2017-06-22T21:53:00,77,75,30.07,0,0.03
2017-06-22T22:00:00,77,75,30.04,0,NA
2017-06-22T22:53:00,78,75,30.08,0,0.00
2017-06-22T23:53:00,78,75,30.06,3,0.00
2017-06-23T00:53:00,78,75,30.05,5,0.00
2017-06-23T01:00:00,78,75,30.02,5,NA
2017-06-23T01:53:00,79,74,30.03,5,0.00
2017-06-23T02:53:00,78,73,30.02,5,0.00
2017-06-23T03:53:00,77,73,30.02,3,0.00
2017-06-23T04:00:00,77,73,29.99,3,NA
2017-06-23T04:53:00,76,72,30.02,3,0.00
2017-06-23T05:53:00,76,72,30.03,0,0.00
2017-06-23T06:53:00,78,73,30.04,0,0.00
2017-06-23T07:00:00,78,73,30.01,0,NA
2017-06-23T07:53:00,81,74,30.06,5,0.00
2017-06-23T08:53:00,83,75,30.06,7,T
2017-06-23T09:53:00,86,75,30.05,7,0.00
2017-06-23T10:00:00,86,75,30.02,7,NA
2017-06-23T10:53:00,84,74,30.05,8,0.00
2017-06-23T11:53:00,86,75,30.03,8,0.00
2017-06-23T12:53:00,88,75,30.03,7,0.00
2017-06-23T13:00:00,88,75,30.00,7,NA
2017-06-23T13:53:00,89,73,30.01,7,0.00
2017-06-23T14:53:00,88,72,30.00,7,0.00
2017-06-23T15:53:00,90,75,29.98,8,0.00
2017-06-23T16:00:00,90,75,29.95,8,NA
2017-06-23T16:53:00,89,74,29.97,9,0.00
2017-06-23T17:53:00,88,73,29.97,11,0.00
2017-06-23T18:53:00,86,73,29.98,9,0.00
2017-06-23T19:00:00,86,73,29.95,9,NA
2017-06-23T19:53:00,84,73,29.99,6,0.00
2017-06-23T20:53:00,82,74,30.01,5,0.00
2017-06-23T21:53:00,82,74,30.03,0,0.00
2017-06-23T22:00:00,82,74,30.00,0,NA
2017-06-23T22:53:00,82,74,30.06,0,0.00
2017-06-23T23:53:00,83,74,30.06,0,0.00
2017-06-24T00:53:00,81,74,30.04,3,0.00
2017-06-24T01:00:00,81,74,30.01,3,NA
2017-06-24T01:53:00,82,74,30.02,0,0.00
2017-06-24T02:53:00,82,75,30.02,0,0.00
2017-06-24T03:23:00,79,75,30.02,6,0.02
2017-06-24T03:32:00,79,75,30.02,6,0.02
2017-06-24T03:48:00,79,75,30.02,5,0.02
2017-06-24T03:53:00,80,75,30.02,3,0.02
2017-06-24T04:00:00,80,75,29.99,3,NA
2017-06-24T04:04:00,80,75,30.02,3,NA
2017-06-24T04:53:00,79,76,30.02,0,0.00
2017-06-24T05:53:00,80,75,30.03,0,T
2017-06-24T06:53:00,81,75,30.05,0,0.00
2017-06-24T07:00:00,81,75,30.02,0,NA
2017-06-24T07:53:00,83,76,30.06,6,0.00
2017-06-24T08:53:00,85,75,30.07,8,0.00
2017-06-24T09:53:00,86,74,30.08,10,0.00
2017-06-24T10:00:00,86,74,30.05,10,NA
2017-06-24T10:53:00,87,77,30.09,9,0.00
2017-06-24T11:53:00,87,75,30.08,10,0.00
2017-06-24T12:53:00,90,71,30.07,8,0.00
2017-06-24T13:00:00,90,71,30.04,8,NA
2017-06-24T13:53:00,89,70,30.06,6,0.00
2017-06-24T14:53:00,89,76,30.05,9,0.00
2017-06-24T15:53:00,88,74,30.04,10,0.00
2017-06-24T16:00:00,88,74,30.01,10,NA
2017-06-24T16:53:00,89,74,30.02,11,0.00
2017-06-24T17:53:00,89,72,30.02,6,0.00
2017-06-24T18:53:00,87,72,30.03,9,0.00
2017-06-24T19:00:00,87,72,30.00,9,NA
2017-06-24T19:53:00,84,74,30.04,7,0.00
2017-06-24T20:53:00,83,74,30.08,0,0.00
2017-06-24T21:53:00,83,74,30.10,5,0.00
2017-06-24T22:00:00,83,74,30.07,5,NA
2017-06-24T22:53:00,83,75,30.10,5,0.00
2017-06-24T23:53:00,82,75,30.09,3,0.00
2017-06-25T00:53:00,82,74,30.09,0,0.00
2017-06-25T01:00:00,82,74,30.06,0,NA
2017-06-25T01:53:00,82,75,30.08,0,0.00
2017-06-25T02:53:00,81,75,30.07,3,0.00
2017-06-25T03:53:00,81,75,30.07,3,0.00
2017-06-25T04:53:00,81,75,30.08,0,0.00
2017-06-25T05:53:00,81,75,30.09,0,0.00
2017-06-25T06:53:00,83,75,30.10,3,0.00
2017-06-25T07:00:00,83,75,30.07,3,NA
2017-06-25T07:53:00,84,75,30.11,0,0.00
2017-06-25T08:47:00,84,75,30.11,6,NA
2017-06-25T08:53:00,84,76,30.11,6,0.00
2017-06-25T09:53:00,86,77,30.12,7,0.00
2017-06-25T10:00:00,86,77,30.09,7,NA
2017-06-25T10:38:00,86,77,30.12,9,NA
2017-06-25T10:53:00,86,75,30.13,8,0.00
2017-06-25T11:53:00,86,74,30.12,8,0.00
2017-06-25T12:53:00,88,76,30.11,6,0.00
2017-06-25T13:00:00,88,76,30.08,6,NA
2017-06-25T13:53:00,90,73,30.08,7,0.00
2017-06-25T14:53:00,91,74,30.06,13,0.00
2017-06-25T15:08:00,91,74,30.06,10,NA
2017-06-25T15:23:00,89,74,30.05,14,NA
2017-06-25T15:53:00,88,75,30.04,13,0.00
2017-06-25T16:00:00,88,75,30.01,13,NA
2017-06-25T16:22:00,89,74,30.04,10,NA
2017-06-25T16:34:00,88,73,30.05,9,NA
2017-06-25T16:53:00,84,74,30.06,7,0.00
2017-06-25T17:41:00,85,75,30.04,6,NA
2017-06-25T17:51:00,86,73,30.04,7,NA
2017-06-25T17:53:00,86,74,30.05,7,0.00
2017-06-25T18:24:00,87,75,30.05,6,NA
2017-06-25T18:53:00,85,76,30.06,9,0.00
2017-06-25T19:00:00,85,76,30.03,9,NA
2017-06-25T19:53:00,86,75,30.06,8,0.00
2017-06-25T20:53:00,84,75,30.08,5,0.00
2017-06-25T21:53:00,83,74,30.08,5,0.00
2017-06-25T22:00:00,83,74,30.05,5,NA
2017-06-25T22:53:00,84,74,30.09,6,0.00
2017-06-25T23:53:00,83,75,30.09,5,0.00
2017-06-26T00:53:00,82,75,30.08,3,0.00
2017-06-26T01:00:00,82,75,30.05,3,NA
2017-06-26T01:53:00,82,75,30.06,5,0.00
2017-06-26T02:53:00,80,74,30.05,3,0.00
2017-06-26T03:53:00,80,75,30.05,0,0.00
2017-06-26T04:00:00,80,75,30.02,0,NA
2017-06-26T04:53:00,81,76,30.05,7,0.00
2017-06-26T05:53:00,81,76,30.05,5,0.00
2017-06-26T06:53:00,82,75,30.05,0,0.00
2017-06-26T07:00:00,82,75,30.02,0,NA
2017-06-26T07:53:00,83,76,30.06,3,0.00
2017-06-26T08:53:00,86,76,30.07,5,0.00
2017-06-26T09:53:00,85,77,30.07,7,0.00
2017-06-26T10:00:00,85,77,30.04,7,NA
2017-06-26T10:27:00,86,77,30.07,8,NA
2017-06-26T10:53:00,83,73,30.07,15,0.00
2017-06-26T11:51:00,82,72,30.08,7,NA
2017-06-26T11:53:00,83,73,30.08,7,0.00
2017-06-26T12:53:00,82,74,30.06,8,0.00
2017-06-26T13:00:00,82,74,30.03,8,NA
2017-06-26T13:53:00,84,75,30.03,5,0.00
2017-06-26T14:53:00,85,76,30.02,8,0.00
2017-06-26T15:53:00,85,76,30.01,7,0.00
2017-06-26T16:00:00,85,76,29.98,7,NA
2017-06-26T16:53:00,86,74,29.99,6,0.00
2017-06-26T17:53:00,86,73,29.98,7,0.00
2017-06-26T18:53:00,85,72,30.00,5,0.00
2017-06-26T19:00:00,85,72,29.97,5,NA
2017-06-26T19:53:00,85,72,30.00,7,0.00
2017-06-26T20:53:00,84,73,30.01,3,0.00
2017-06-26T21:53:00,84,73,30.02,3,0.00
2017-06-26T22:00:00,84,73,29.99,3,NA
2017-06-26T22:53:00,82,71,30.03,5,0.00
2017-06-26T23:53:00,81,71,30.03,8,0.00
2017-06-27T00:53:00,80,73,30.01,5,0.00
2017-06-27T01:00:00,80,73,29.98,5,NA
2017-06-27T01:53:00,80,75,30.00,5,0.00
2017-06-27T02:53:00,80,75,29.99,5,0.00
2017-06-27T03:53:00,80,75,29.97,5,0.00
2017-06-27T04:00:00,80,75,29.94,5,NA
2017-06-27T04:53:00,81,74,29.98,3,0.00
2017-06-27T05:53:00,80,74,29.99,8,0.00
2017-06-27T06:53:00,82,74,30.00,0,0.00
2017-06-27T07:00:00,82,74,29.97,0,NA
2017-06-27T07:53:00,85,76,30.02,6,0.00
2017-06-27T08:53:00,86,76,30.02,7,0.00
2017-06-27T09:53:00,88,73,30.01,9,0.00
2017-06-27T10:00:00,88,73,29.98,9,NA
2017-06-27T10:53:00,89,73,30.01,10,0.00
2017-06-27T11:53:00,90,73,30.00,9,0.00
2017-06-27T12:53:00,90,74,29.98,11,0.00
2017-06-27T13:00:00,90,74,29.95,11,NA
2017-06-27T13:53:00,91,73,29.95,13,0.00
2017-06-27T14:53:00,91,72,29.95,13,0.00
2017-06-27T15:27:00,92,73,29.94,15,NA
2017-06-27T15:50:00,91,73,29.94,15,NA
2017-06-27T15:53:00,91,73,29.93,14,0.00
2017-06-27T16:00:00,91,73,29.90,14,NA
2017-06-27T16:15:00,90,72,29.94,13,NA
2017-06-27T16:53:00,90,71,29.95,14,0.00
2017-06-27T17:53:00,87,72,29.95,11,0.00
2017-06-27T18:53:00,86,72,29.97,11,0.00
2017-06-27T19:00:00,86,72,29.94,11,NA
2017-06-27T19:53:00,84,72,29.99,8,0.00
2017-06-27T20:53:00,80,72,30.02,8,0.00
2017-06-27T21:53:00,79,73,30.02,6,0.00
2017-06-27T22:00:00,79,73,29.99,6,NA
2017-06-27T22:53:00,78,71,30.02,7,0.00
2017-06-27T23:53:00,77,71,30.01,3,0.00
2017-06-28T00:53:00,77,71,30.01,3,0.00
2017-06-28T01:00:00,77,71,29.98,3,NA
2017-06-28T01:53:00,76,71,29.98,3,0.00
2017-06-28T02:53:00,76,71,29.99,0,0.00
2017-06-28T03:53:00,76,71,29.99,0,0.00
2017-06-28T04:00:00,76,71,29.96,0,NA
2017-06-28T04:53:00,77,72,30.01,0,0.00
2017-06-28T05:53:00,77,72,30.01,0,0.00
2017-06-28T06:53:00,79,72,30.03,3,0.00
2017-06-28T07:00:00,79,72,30.00,3,NA
2017-06-28T07:53:00,81,73,30.04,0,0.00
2017-06-28T08:53:00,85,72,30.04,5,0.00
2017-06-28T09:53:00,87,72,30.05,7,0.00
2017-06-28T10:00:00,87,72,30.02,7,NA
2017-06-28T10:53:00,88,71,30.04,8,0.00
2017-06-28T11:53:00,91,72,30.05,3,0.00
2017-06-28T12:53:00,90,71,30.04,7,0.00
2017-06-28T13:53:00,91,69,30.02,3,0.00
2017-06-28T14:53:00,91,69,30.01,5,0.00
2017-06-28T15:53:00,93,70,29.99,0,0.00
2017-06-28T16:00:00,93,70,29.96,0,NA
2017-06-28T16:53:00,92,70,29.99,0,0.00
2017-06-28T17:53:00,91,71,30.00,0,0.00
2017-06-28T18:40:00,86,73,30.01,3,0.02
2017-06-28T18:47:00,86,70,30.02,10,0.09
2017-06-28T18:53:00,84,72,30.01,9,0.13s
2017-06-28T19:00:00,84,72,29.98,9,NA
2017-06-28T19:09:00,86,73,30.02,13,0.02
2017-06-28T19:23:00,85,73,30.03,11,NA
2017-06-28T19:40:00,84,74,30.04,15,0.02
2017-06-28T19:43:00,81,75,30.04,24,0.03
2017-06-28T19:50:00,79,75,30.06,13,0.30
2017-06-28T19:53:00,79,75,30.06,13,0.47
2017-06-28T20:11:00,79,75,30.07,5,0.24
2017-06-28T20:19:00,79,76,30.07,3,0.24
2017-06-28T20:49:00,81,73,30.07,3,0.24
2017-06-28T20:53:00,81,75,30.08,0,0.11
2017-06-28T21:53:00,79,75,30.08,3,0.01
2017-06-28T22:00:00,79,75,30.05,3,NA
2017-06-28T22:41:00,81,75,30.08,0,NA
2017-06-28T22:53:00,81,76,30.08,0,0.00
2017-06-28T23:53:00,80,74,30.07,3,0.00
2017-06-29T00:53:00,79,74,30.06,3,0.00
2017-06-29T01:00:00,79,74,30.03,3,NA
2017-06-29T01:53:00,79,74,30.05,5,0.00
2017-06-29T02:53:00,79,75,30.04,5,0.00
2017-06-29T03:53:00,79,75,30.05,3,0.00
2017-06-29T04:00:00,79,75,30.02,3,NA
2017-06-29T04:53:00,78,75,30.06,5,0.00
2017-06-29T05:53:00,78,75,30.07,5,0.00
2017-06-29T06:53:00,79,76,30.09,5,0.00
2017-06-29T07:00:00,79,76,30.06,5,NA
2017-06-29T07:53:00,83,77,30.08,3,0.00
2017-06-29T08:53:00,84,76,30.08,5,0.00
2017-06-29T09:53:00,87,76,30.09,5,0.00
2017-06-29T10:00:00,87,76,30.06,5,NA
2017-06-29T10:53:00,88,75,30.09,8,0.00
2017-06-29T11:53:00,90,75,30.08,7,0.00
2017-06-29T12:53:00,89,76,30.07,10,0.00
2017-06-29T13:00:00,89,76,30.04,10,NA
2017-06-29T13:53:00,90,74,30.06,9,0.00
2017-06-29T14:08:00,90,74,30.06,7,NA
2017-06-29T14:23:00,91,73,30.05,9,NA
2017-06-29T14:53:00,92,71,30.04,7,0.00
2017-06-29T15:07:00,92,71,30.03,0,NA
2017-06-29T15:29:00,93,74,30.03,7,NA
2017-06-29T15:53:00,92,73,30.04,6,0.00
2017-06-29T16:00:00,92,73,30.01,6,NA
2017-06-29T16:51:00,82,73,30.04,16,NA
2017-06-29T16:53:00,83,73,30.04,11,0.00
2017-06-29T17:12:00,82,73,30.05,3,NA
2017-06-29T17:46:00,85,72,30.06,3,NA
2017-06-29T17:53:00,85,72,30.06,5,0.00
2017-06-29T18:53:00,82,75,30.06,9,0.00
2017-06-29T18:59:00,82,75,30.06,9,NA
2017-06-29T19:00:00,82,75,30.03,9,NA
2017-06-29T19:53:00,83,73,30.09,0,0.00
2017-06-29T20:53:00,83,74,30.10,8,0.00
2017-06-29T21:53:00,82,73,30.11,5,0.00
2017-06-29T22:00:00,82,73,30.08,5,NA
2017-06-29T22:53:00,81,71,30.10,3,0.00
2017-06-29T23:53:00,81,72,30.09,5,0.00
2017-06-30T00:53:00,79,72,30.08,5,0.00
2017-06-30T01:53:00,80,72,30.06,0,0.00
2017-06-30T02:53:00,80,72,30.05,3,0.00
2017-06-30T03:53:00,78,73,30.05,3,0.00
2017-06-30T04:53:00,78,73,30.05,3,0.00
2017-06-30T05:53:00,79,74,30.06,5,0.00
2017-06-30T06:53:00,81,75,30.08,5,0.00
2017-06-30T07:53:00,84,76,30.10,7,0.00
2017-06-30T08:53:00,86,77,30.11,5,0.00
2017-06-30T09:53:00,86,77,30.12,9,0.00
2017-06-30T10:00:00,86,77,30.09,9,NA
2017-06-30T10:53:00,87,76,30.12,9,0.00
2017-06-30T11:53:00,89,75,30.11,7,0.00
2017-06-30T12:46:00,91,74,30.09,9,NA
2017-06-30T12:53:00,91,73,30.09,9,0.00
2017-06-30T13:00:00,91,73,30.06,9,NA
2017-06-30T13:04:00,91,72,30.08,9,NA
2017-06-30T13:53:00,90,74,30.07,13,0.00
2017-06-30T14:53:00,89,75,30.06,10,0.00
2017-06-30T15:53:00,89,75,30.04,8,0.00
2017-06-30T16:00:00,89,75,30.01,8,NA
2017-06-30T16:53:00,89,76,30.04,9,0.00
2017-06-30T17:30:00,89,76,30.05,10,NA
2017-06-30T17:35:00,89,75,30.06,8,NA
2017-06-30T17:53:00,90,76,30.06,8,0.00
2017-06-30T18:43:00,80,70,30.10,11,T
2017-06-30T18:53:00,79,73,30.10,20,T
2017-06-30T19:00:00,78,73,30.07,20,NA
2017-06-30T19:53:00,76,73,30.11,9,0.25
2017-06-30T20:46:00,77,72,30.11,0,T
2017-06-30T20:53:00,78,73,30.12,3,T
2017-06-30T21:53:00,77,72,30.11,6,T
2017-06-30T22:00:00,77,72,30.08,6,NA
2017-06-30T22:53:00,77,72,30.12,5,0.00
2017-06-30T23:53:00,78,72,30.13,0,0.00
2017-07-01T00:53:00,78,73,30.11,3,0.00
2017-07-01T01:00:00,78,73,30.08,3,NA
2017-07-01T01:53:00,78,73,30.08,0,0.00
2017-07-01T02:53:00,78,73,30.07,0,0.00
2017-07-01T03:53:00,78,74,30.06,3,0.00
2017-07-01T04:00:00,78,74,30.03,3,NA
2017-07-01T04:53:00,79,75,30.08,0,0.00
2017-07-01T05:53:00,79,75,30.10,3,0.00
2017-07-01T06:53:00,81,76,30.13,3,0.00
2017-07-01T07:00:00,81,76,30.10,3,NA
2017-07-01T07:53:00,83,76,30.15,5,0.00
2017-07-01T08:53:00,86,77,30.15,5,0.00
2017-07-01T09:48:00,84,75,30.15,6,NA
2017-07-01T09:53:00,87,77,30.15,7,0.00
2017-07-01T09:58:00,87,77,30.15,8,NA
2017-07-01T10:00:00,87,77,30.12,7,NA
2017-07-01T10:42:00,83,75,30.16,9,NA
2017-07-01T10:47:00,82,73,30.16,6,NA
2017-07-01T10:53:00,84,74,30.16,7,0.00
2017-07-01T11:08:00,85,74,30.16,7,NA
2017-07-01T11:15:00,85,75,30.16,9,NA
2017-07-01T11:37:00,86,77,30.16,9,NA
2017-07-01T11:53:00,86,75,30.16,13,0.00
2017-07-01T12:15:00,84,73,30.15,7,NA
2017-07-01T12:53:00,84,74,30.16,5,0.00
2017-07-01T13:00:00,84,74,30.13,5,NA
2017-07-01T13:34:00,83,74,30.14,6,NA
2017-07-01T13:53:00,83,74,30.14,3,0.00
2017-07-01T14:53:00,84,74,30.12,6,0.00
2017-07-01T15:53:00,85,75,30.12,6,0.00
2017-07-01T16:00:00,85,75,30.09,6,NA
2017-07-01T16:53:00,86,74,30.11,6,0.00
2017-07-01T17:53:00,86,73,30.10,6,0.00
2017-07-01T18:53:00,85,73,30.11,0,0.00
2017-07-01T19:00:00,85,73,30.08,0,NA
2017-07-01T19:53:00,84,73,30.11,3,0.00
2017-07-01T20:53:00,83,73,30.12,5,0.00
2017-07-01T21:53:00,82,74,30.13,5,0.00
2017-07-01T22:00:00,82,74,30.10,5,NA
2017-07-01T22:53:00,81,72,30.16,3,0.00
2017-07-01T23:53:00,81,72,30.16,0,0.00
2017-07-02T00:53:00,80,72,30.15,0,0.00
2017-07-02T01:00:00,80,72,30.12,0,NA
2017-07-02T01:53:00,80,73,30.14,0,0.00
2017-07-02T02:53:00,80,73,30.14,0,0.00
2017-07-02T03:53:00,79,73,30.13,3,0.00
2017-07-02T04:00:00,79,73,30.10,3,NA
2017-07-02T04:53:00,79,73,30.13,0,0.00
2017-07-02T05:53:00,79,73,30.14,0,0.00
2017-07-02T06:53:00,80,74,30.15,5,0.00
2017-07-02T07:00:00,80,74,30.12,5,NA
2017-07-02T07:53:00,83,75,30.16,3,0.00
2017-07-02T08:53:00,85,74,30.17,0,0.00
2017-07-02T09:53:00,86,75,30.16,7,0.00
2017-07-02T10:00:00,86,75,30.13,7,NA
2017-07-02T10:53:00,88,76,30.16,7,0.00
2017-07-02T11:53:00,89,75,30.15,8,0.00
2017-07-02T12:11:00,89,75,30.15,6,NA
2017-07-02T12:17:00,90,75,30.15,6,NA
2017-07-02T12:53:00,91,71,30.14,6,0.00
2017-07-02T13:00:00,91,71,30.11,6,NA
2017-07-02T13:24:00,91,75,30.13,9,NA
2017-07-02T13:35:00,90,76,30.13,11,NA
2017-07-02T13:45:00,90,76,30.13,10,NA
2017-07-02T13:53:00,90,75,30.13,10,0.00
2017-07-02T14:53:00,84,77,30.13,11,0.01
2017-07-02T15:43:00,85,75,30.11,0,0.01
2017-07-02T15:53:00,85,76,30.11,0,T
2017-07-02T16:00:00,85,76,30.08,0,NA
2017-07-02T16:53:00,88,74,30.10,6,0.00
2017-07-02T17:53:00,89,74,30.10,9,0.00
2017-07-02T18:53:00,87,73,30.11,9,0.00
2017-07-02T19:00:00,87,73,30.08,9,NA
2017-07-02T19:53:00,85,75,30.12,5,0.00
2017-07-02T20:53:00,84,75,30.13,0,0.00
2017-07-02T21:53:00,85,75,30.13,0,0.00
2017-07-02T22:00:00,85,75,30.10,0,NA
2017-07-02T22:53:00,84,75,30.12,0,0.00
2017-07-02T23:53:00,84,75,30.12,3,0.00
2017-07-03T00:53:00,82,76,30.10,6,0.00
2017-07-03T01:00:00,82,76,30.07,6,NA
2017-07-03T01:53:00,82,76,30.07,0,0.00
2017-07-03T02:53:00,82,76,30.07,0,0.00
2017-07-03T03:53:00,82,75,30.06,3,0.00
2017-07-03T04:00:00,82,75,30.03,3,NA
2017-07-03T04:53:00,81,74,30.07,3,0.00
2017-07-03T05:53:00,81,74,30.08,0,0.00
2017-07-03T06:53:00,82,75,30.11,5,0.00
2017-07-03T07:00:00,82,75,30.08,5,NA
2017-07-03T07:53:00,83,75,30.12,0,0.00
2017-07-03T08:53:00,85,75,30.12,3,0.00
2017-07-03T09:53:00,87,74,30.13,6,0.00
2017-07-03T10:00:00,87,74,30.10,6,NA
2017-07-03T10:53:00,86,74,30.13,3,T
2017-07-03T11:14:00,89,76,30.12,5,T
2017-07-03T11:33:00,88,76,30.13,8,T
2017-07-03T11:53:00,90,77,30.12,8,T
2017-07-03T12:10:00,90,75,30.12,10,NA
2017-07-03T12:53:00,90,75,30.11,11,0.00
2017-07-03T13:00:00,90,75,30.08,11,NA
2017-07-03T13:51:00,90,72,30.10,11,NA
2017-07-03T13:53:00,90,72,30.10,11,0.00
2017-07-03T14:08:00,91,73,30.09,10,NA
2017-07-03T14:27:00,91,74,30.09,10,NA
2017-07-03T14:42:00,91,74,30.08,9,NA
2017-07-03T14:53:00,88,74,30.08,10,0.00
2017-07-03T15:06:00,88,75,30.08,10,NA
2017-07-03T15:53:00,87,75,30.09,6,0.00
2017-07-03T16:00:00,87,75,30.06,6,NA
2017-07-03T16:53:00,82,72,30.08,8,0.00
2017-07-03T17:53:00,83,70,30.07,0,0.00
2017-07-03T18:53:00,83,70,30.06,0,0.00
2017-07-03T19:00:00,83,70,30.03,0,NA
2017-07-03T19:53:00,83,71,30.09,0,0.00
2017-07-03T20:53:00,83,71,30.10,0,0.00
2017-07-03T21:53:00,83,72,30.11,6,0.00
2017-07-03T22:00:00,83,72,30.08,6,NA
2017-07-03T22:53:00,81,72,30.12,7,0.00
2017-07-03T23:53:00,81,71,30.10,5,0.00
2017-07-04T00:53:00,81,72,30.09,5,0.00
2017-07-04T01:00:00,81,72,30.06,5,NA
2017-07-04T01:53:00,81,71,30.06,6,0.00
2017-07-04T02:53:00,79,72,30.06,3,0.00
2017-07-04T03:53:00,80,72,30.06,0,0.00
2017-07-04T04:00:00,80,72,30.03,0,NA
2017-07-04T04:53:00,80,72,30.07,0,0.00
2017-07-04T05:53:00,79,72,30.08,0,0.00
2017-07-04T06:53:00,80,72,30.10,3,0.00
2017-07-04T07:00:00,80,72,30.07,3,NA
2017-07-04T07:53:00,83,73,30.11,0,0.00
2017-07-04T08:53:00,86,74,30.12,3,0.00
2017-07-04T09:53:00,86,74,30.12,7,0.00
2017-07-04T10:00:00,86,74,30.09,7,NA
2017-07-04T10:53:00,89,74,30.11,6,0.00
2017-07-04T11:53:00,90,75,30.10,9,0.00
2017-07-04T12:53:00,91,77,30.09,9,0.00
2017-07-04T13:00:00,91,77,30.06,9,NA
2017-07-04T13:53:00,92,74,30.08,9,0.00
2017-07-04T14:04:00,92,73,30.08,10,NA
2017-07-04T14:18:00,92,71,30.08,9,NA
2017-07-04T14:53:00,94,73,30.07,9,0.00
2017-07-04T15:31:00,93,72,30.07,6,NA
2017-07-04T15:53:00,93,73,30.06,6,0.00
2017-07-04T16:00:00,93,73,30.03,6,NA
2017-07-04T16:28:00,93,73,30.05,10,NA
2017-07-04T16:38:00,92,72,30.05,7,NA
2017-07-04T16:53:00,92,72,30.05,6,0.00
2017-07-04T17:17:00,90,73,30.06,11,NA
2017-07-04T17:50:00,88,73,30.06,11,NA
2017-07-04T17:53:00,86,72,30.06,6,0.00
2017-07-04T18:28:00,86,71,30.06,5,NA
2017-07-04T18:43:00,86,70,30.06,6,NA
2017-07-04T18:53:00,86,70,30.06,0,0.00
2017-07-04T19:00:00,86,70,30.03,0,NA
2017-07-04T19:53:00,84,71,30.06,5,0.00
2017-07-04T20:53:00,84,70,30.10,7,0.00
2017-07-04T21:53:00,83,69,30.11,0,0.00
2017-07-04T22:00:00,83,69,30.08,0,NA
2017-07-04T22:53:00,82,70,30.12,5,0.00
2017-07-04T23:53:00,82,71,30.11,3,0.00
2017-07-05T00:53:00,82,73,30.10,5,0.00
2017-07-05T01:00:00,82,73,30.07,5,NA
2017-07-05T01:53:00,82,76,30.10,0,0.00
2017-07-05T02:53:00,81,74,30.10,3,0.00
2017-07-05T03:53:00,80,73,30.10,3,0.00
2017-07-05T04:00:00,80,73,30.07,3,NA
2017-07-05T04:53:00,81,74,30.11,3,0.00
2017-07-05T05:53:00,81,74,30.12,3,0.00
2017-07-05T06:53:00,82,74,30.13,3,0.00
2017-07-05T07:00:00,82,74,30.10,3,NA
2017-07-05T07:53:00,84,75,30.14,6,0.00
2017-07-05T08:53:00,86,74,30.14,5,0.00
2017-07-05T09:53:00,90,73,30.14,3,0.00
2017-07-05T10:00:00,90,73,30.11,3,NA
2017-07-05T10:53:00,91,73,30.13,NA,0.00
2017-07-05T11:53:00,92,75,30.13,11,0.00
2017-07-05T12:53:00,90,73,30.13,8,0.00
2017-07-05T13:00:00,90,73,30.10,8,NA
2017-07-05T13:53:00,90,73,30.12,8,0.00
2017-07-05T14:53:00,93,73,30.10,7,0.00
2017-07-05T15:53:00,94,72,30.09,7,0.00
2017-07-05T16:00:00,94,72,30.06,7,NA
2017-07-05T16:51:00,91,75,30.07,13,NA
2017-07-05T16:53:00,91,76,30.07,11,0.00
2017-07-05T17:19:00,90,74,30.07,8,NA
2017-07-05T17:37:00,91,77,30.07,11,NA
2017-07-05T17:53:00,90,77,30.06,9,0.00
2017-07-05T18:02:00,91,77,30.06,9,NA
2017-07-05T18:07:00,94,77,30.06,20,NA
2017-07-05T18:44:00,79,72,30.11,20,NA
2017-07-05T18:53:00,75,68,30.13,9,0.74s
2017-07-05T19:17:00,74s,69,30.11,9,0.57
2017-07-05T19:29:00,75,70,30.11,9,0.60
2017-07-05T19:41:00,76,70,30.11,10,0.60
2017-07-05T19:53:00,77,72,30.11,6,0.29
2017-07-05T20:53:00,79,73,30.13,5,0.00
2017-07-05T21:53:00,80,74,30.14,5,0.00
2017-07-05T22:00:00,80,74,30.11,5,NA
2017-07-05T22:53:00,81,75,30.14,0,0.00
2017-07-05T23:53:00,81,74,30.14,3,0.00
2017-07-06T00:53:00,81,73,30.12,6,0.00
2017-07-06T01:00:00,81,73,30.09,6,NA
2017-07-06T01:53:00,80,73,30.11,3,0.00
2017-07-06T02:53:00,80,73,30.10,5,0.00
2017-07-06T03:53:00,80,74,30.10,0,0.00
2017-07-06T04:00:00,80,74,30.07,0,NA
2017-07-06T04:53:00,79,74,30.11,0,0.00
2017-07-06T05:53:00,79,74,30.12,0,0.00
2017-07-06T06:53:00,81,75,30.14,0,0.00
2017-07-06T07:00:00,81,75,30.11,0,NA
2017-07-06T07:53:00,83,76,30.15,5,0.00
2017-07-06T08:53:00,86,74,30.16,6,0.00
2017-07-06T09:53:00,87,75,30.17,7,0.00
2017-07-06T10:00:00,87,75,30.14,7,NA
2017-07-06T10:53:00,88,75,30.17,8,0.00
2017-07-06T11:53:00,89,71,30.16,8,0.00
2017-07-06T12:53:00,90,71,30.15,9,0.00
2017-07-06T13:00:00,90,71,30.12,9,NA
2017-07-06T13:53:00,92,71,30.13,8,0.00
2017-07-06T14:53:00,92,69,30.11,9,0.00
2017-07-06T15:53:00,93,67,30.09,8,0.00
2017-07-06T16:00:00,93,67,30.06,8,NA
2017-07-06T16:53:00,92,71,30.06,13,0.00
2017-07-06T17:53:00,92,73,30.06,7,0.00
2017-07-06T18:53:00,90,72,30.07,7,0.00
2017-07-06T19:00:00,90,72,30.04,7,NA
2017-07-06T19:53:00,88,73,30.08,9,0.00
2017-07-06T20:02:00,88,73,30.08,8,NA
2017-07-06T20:18:00,87,74,30.09,13,NA
2017-07-06T20:49:00,79,72,30.13,15,0.14
2017-07-06T20:53:00,78,72,30.12,9,0.14
2017-07-06T21:39:00,81,70,30.12,0,NA
2017-07-06T21:53:00,82,72,30.13,0,0.00
2017-07-06T22:00:00,82,72,30.10,0,NA
2017-07-06T22:53:00,81,74,30.13,0,0.00
2017-07-06T23:53:00,83,73,30.12,0,0.00
2017-07-07T00:53:00,83,73,30.11,5,0.00
2017-07-07T01:00:00,83,73,30.08,5,NA
2017-07-07T01:53:00,83,72,30.09,6,0.00
2017-07-07T02:53:00,82,73,30.08,0,0.00
2017-07-07T03:53:00,81,72,30.08,3,0.00
2017-07-07T04:00:00,81,72,30.05,3,NA
2017-07-07T04:53:00,81,72,30.08,3,0.00
2017-07-07T05:53:00,80,73,30.09,0,0.00
2017-07-07T06:53:00,82,74,30.11,5,0.00
2017-07-07T07:00:00,82,74,30.08,5,NA
2017-07-07T07:53:00,84,74,30.12,3,0.00
2017-07-07T08:53:00,86,75,30.13,7,0.00
2017-07-07T09:53:00,87,76,30.13,7,0.00
2017-07-07T10:00:00,87,76,30.10,7,NA
2017-07-07T10:53:00,88,76,30.14,6,0.00
2017-07-07T11:53:00,89,74,30.12,7,0.00
2017-07-07T12:08:00,91,76,30.12,9,NA
2017-07-07T12:39:00,88,75,30.12,15,NA
2017-07-07T12:53:00,89,75,30.11,10,0.00
2017-07-07T13:00:00,89,75,30.08,10,NA
2017-07-07T13:53:00,89,74,30.09,10,0.00
2017-07-07T14:20:00,90,74,30.08,10,NA
2017-07-07T14:39:00,91,73,30.07,9,NA
2017-07-07T14:53:00,91,73,30.08,9,0.00
2017-07-07T15:34:00,88,71,30.08,15,NA
2017-07-07T15:40:00,89,71,30.08,11,NA
2017-07-07T15:53:00,90,72,30.06,11,0.00
2017-07-07T16:00:00,90,71,30.03,11,NA
2017-07-07T16:26:00,91,72,30.05,10,NA
2017-07-07T16:53:00,90,71,30.05,9,T
2017-07-07T17:49:00,90,73,30.04,9,T
2017-07-07T17:53:00,90,73,30.05,9,T
2017-07-07T18:44:00,88,74,30.04,9,NA
2017-07-07T18:53:00,88,74,30.04,7,0.00
2017-07-07T19:00:00,88,74,30.01,7,NA
2017-07-07T19:53:00,87,74,30.05,7,0.00
2017-07-07T20:53:00,86,74,30.07,5,0.00
2017-07-07T21:53:00,86,74,30.08,5,0.00
2017-07-07T22:00:00,86,74,30.05,5,NA
2017-07-07T22:35:00,86,74,30.09,0,NA
2017-07-07T22:53:00,86,74,30.10,0,0.00
2017-07-07T23:13:00,86,75,30.09,0,NA
2017-07-07T23:53:00,84,76,30.09,5,0.00
2017-07-08T00:37:00,84,76,30.08,5,NA
2017-07-08T00:53:00,84,75,30.08,0,0.00
2017-07-08T01:00:00,84,75,30.05,0,NA
2017-07-08T01:06:00,84,76,30.07,0,NA
2017-07-08T01:53:00,83,76,30.06,0,0.00
2017-07-08T02:53:00,83,74,30.05,0,0.00
2017-07-08T03:53:00,82,73,30.05,0,0.00
2017-07-08T04:00:00,82,73,30.02,0,NA
2017-07-08T04:53:00,82,75,30.06,3,0.00
2017-07-08T05:53:00,82,75,30.06,3,0.00
2017-07-08T06:53:00,84,75,30.08,0,0.00
2017-07-08T07:00:00,84,75,30.05,0,NA
2017-07-08T07:53:00,86,77,30.10,3,0.00
2017-07-08T08:45:00,86,76,30.10,0,NA
2017-07-08T08:53:00,85,75,30.10,0,0.00
2017-07-08T08:58:00,85,76,30.10,3,NA
2017-07-08T09:23:00,86,77,30.10,6,NA
2017-07-08T09:53:00,84,73,30.12,8,T
2017-07-08T10:00:00,84,74,30.09,8,NA
2017-07-08T10:24:00,84,72,30.11,7,T
2017-07-08T10:26:00,84,72,30.11,7,T
2017-07-08T10:29:00,84,72,30.11,6,T
2017-07-08T10:53:00,86,73,30.11,9,T
2017-07-08T11:31:00,84,72,30.11,5,NA
2017-07-08T11:53:00,84,73,30.10,5,0.00
2017-07-08T12:53:00,87,75,30.09,8,0.00
2017-07-08T13:00:00,87,75,30.06,8,NA
2017-07-08T13:53:00,88,74,30.07,7,0.00
2017-07-08T14:53:00,87,75,30.05,6,T
2017-07-08T15:53:00,89,75,30.03,8,0.00
2017-07-08T16:00:00,89,75,30.00,8,NA
2017-07-08T16:53:00,89,74,30.01,7,0.00
2017-07-08T17:32:00,89,73,30.03,3,NA
2017-07-08T17:53:00,89,72,30.03,6,0.00
2017-07-08T18:53:00,87,73,30.05,5,0.00
2017-07-08T19:00:00,87,73,30.02,5,NA
2017-07-08T19:46:00,85,72,30.07,6,NA
2017-07-08T19:53:00,85,72,30.06,3,0.00
2017-07-08T19:56:00,85,72,30.07,7,NA
2017-07-08T20:24:00,80,73,30.07,5,0.35
2017-07-08T20:45:00,81,74,30.07,7,0.36
2017-07-08T20:53:00,81,74,30.07,6,0.36
2017-07-08T21:53:00,81,73,30.07,6,0.00
2017-07-08T22:00:00,81,73,30.04,6,NA
2017-07-08T22:53:00,81,74,30.08,7,0.00
2017-07-08T23:53:00,79,73,30.08,5,0.00
2017-07-09T00:53:00,79,73,30.06,6,0.00
2017-07-09T01:00:00,79,73,30.03,6,NA
2017-07-09T01:53:00,80,74,30.05,3,0.00
2017-07-09T02:53:00,80,74,30.04,3,0.00
2017-07-09T03:53:00,79,73,30.04,0,0.00
2017-07-09T04:00:00,79,73,30.01,0,NA
2017-07-09T04:53:00,79,73,30.04,6,0.00
2017-07-09T05:53:00,78,73,30.05,3,0.00
2017-07-09T06:53:00,80,73,30.08,6,0.00
2017-07-09T07:00:00,80,73,30.05,6,NA
2017-07-09T07:53:00,83,74,30.09,3,0.00
2017-07-09T08:53:00,84,73,30.08,5,0.00
2017-07-09T09:53:00,85,71,30.09,7,0.00
2017-07-09T10:00:00,85,71,30.06,7,NA
2017-07-09T10:53:00,87,73,30.09,8,0.00
2017-07-09T11:53:00,88,73,30.07,5,0.00
2017-07-09T12:53:00,90,74,30.05,7,0.00
2017-07-09T13:00:00,90,74,30.02,7,NA
2017-07-09T13:53:00,89,74,30.04,8,0.00
2017-07-09T14:53:00,90,74,30.03,10,0.00
2017-07-09T15:53:00,91,73,30.01,10,0.00
2017-07-09T16:00:00,91,73,29.98,10,NA
2017-07-09T16:19:00,91,74,30.01,10,NA
2017-07-09T16:33:00,90,73,30.01,9,NA
2017-07-09T16:53:00,91,73,30.00,10,0.00
2017-07-09T17:49:00,90,73,30.01,9,NA
2017-07-09T17:51:00,90,73,30.02,7,NA
2017-07-09T17:53:00,89,73,30.02,9,0.00
2017-07-09T18:53:00,83,66,30.03,10,T
2017-07-09T18:59:00,82,68,30.04,8,T
2017-07-09T19:00:00,83,66,30.00,10,NA
2017-07-09T19:09:00,79,70,30.05,6,0.02
2017-07-09T19:20:00,78,72,30.04,5,0.14
2017-07-09T19:22:00,78,72,30.04,6,0.15
2017-07-09T19:27:00,78,72,30.04,3,0.15
2017-07-09T19:53:00,79,74,30.06,9,0.15
2017-07-09T20:53:00,79,73,30.06,5,0.00
2017-07-09T21:53:00,79,73,30.08,3,0.00
2017-07-09T22:00:00,79,73,30.05,3,NA
2017-07-09T22:53:00,79,73,30.07,3,0.00
2017-07-09T23:53:00,79,73,30.07,0,0.00
2017-07-10T00:53:00,79,73,30.05,6,0.00
2017-07-10T01:00:00,79,73,30.02,6,NA
2017-07-10T01:53:00,78,74,30.04,3,0.00
2017-07-10T02:53:00,79,74,30.03,3,0.00
2017-07-10T03:53:00,79,74,30.04,3,0.00
2017-07-10T04:00:00,79,74,30.01,3,NA
2017-07-10T04:53:00,79,74,30.04,0,0.00
2017-07-10T05:53:00,79,74,30.05,3,0.00
2017-07-10T06:53:00,82,74,30.06,3,0.00
2017-07-10T07:00:00,82,74,30.03,3,NA
2017-07-10T07:53:00,83,75,30.08,7,0.00
2017-07-10T08:08:00,84,75,30.08,7,NA
2017-07-10T08:53:00,85,75,30.08,8,0.00
2017-07-10T09:53:00,88,76,30.09,8,0.00
2017-07-10T10:00:00,88,76,30.06,8,NA
2017-07-10T10:53:00,89,74,30.09,7,0.00
2017-07-10T11:53:00,91,70,30.07,7,0.00
2017-07-10T12:53:00,90,74,30.06,11,0.00
2017-07-10T13:53:00,92,71,30.03,8,0.00
2017-07-10T14:53:00,92,71,30.01,8,0.00
2017-07-10T15:26:00,93,69,30.00,10,NA
2017-07-10T15:36:00,93,70,29.99,10,NA
2017-07-10T15:53:00,93,74,30.00,11,0.00
2017-07-10T16:00:00,93,74,29.97,11,NA
2017-07-10T16:06:00,90,72,30.02,13,NA
2017-07-10T16:39:00,75,72,30.11,18,NA
2017-07-10T16:41:00,75,72,30.11,16,NA
2017-07-10T16:42:00,75,72,30.11,10,NA
2017-07-10T16:48:00,73,72,30.11,11,0.04
2017-07-10T16:53:00,73,72,30.12s,9,0.23
2017-07-10T17:15:00,73s,70,30.10,6,0.28
2017-07-10T17:53:00,74,71,30.07,3,0.16
2017-07-10T18:53:00,75,71,30.04,7,0.07
2017-07-10T19:00:00,75,71,30.01,7,NA
2017-07-10T19:19:00,75,71,30.05,6,0.01
2017-07-10T19:53:00,74,71,30.07,7,0.01
2017-07-10T20:53:00,75,72,30.09,3,T
2017-07-10T21:53:00,75,72,30.09,8,0.00
2017-07-10T22:00:00,75,72,30.06,8,NA
2017-07-10T22:53:00,76,71,30.08,6,0.00
2017-07-10T23:53:00,75,71,30.09,3,0.00
2017-07-11T00:53:00,76,71,30.08,3,T
2017-07-11T01:00:00,76,71,30.05,3,NA
2017-07-11T01:53:00,76,72,30.07,5,0.00
2017-07-11T02:53:00,77,72,30.05,5,0.00
2017-07-11T03:53:00,77,72,30.05,3,0.00
2017-07-11T04:00:00,77,72,30.02,3,NA
2017-07-11T04:53:00,77,73,30.05,3,0.00
2017-07-11T05:53:00,78,73,30.07,0,0.00
2017-07-11T06:53:00,79,74,30.08,3,0.00
2017-07-11T07:00:00,79,74,30.05,3,NA
2017-07-11T07:53:00,83,75,30.09,3,0.00
2017-07-11T08:53:00,85,76,30.10,5,0.00
2017-07-11T09:53:00,87,75,30.10,6,0.00
2017-07-11T10:00:00,87,75,30.07,6,NA
2017-07-11T10:53:00,91,76,30.11,0,0.00
2017-07-11T11:53:00,89,77,30.09,9,0.00
2017-07-11T12:09:00,86,76,30.09,8,NA
2017-07-11T12:24:00,87,75,30.09,7,T
2017-07-11T12:51:00,86,75,30.09,9,T
2017-07-11T12:53:00,86,75,30.09,10,0.14
2017-07-11T13:00:00,86,75,30.06,10,NA
2017-07-11T13:04:00,79,71,30.10,14,0.34
2017-07-11T13:13:00,82,71,30.09,9,0.34
2017-07-11T13:50:00,82,73,30.08,8,0.34
2017-07-11T13:53:00,81,72,30.09,8,0.20
2017-07-11T14:12:00,81,72,30.10,10,NA
2017-07-11T14:34:00,79,72,30.08,11,NA
2017-07-11T14:49:00,81,72,30.08,9,NA
2017-07-11T14:53:00,80,72,30.07,10,0.00
2017-07-11T15:53:00,84,72,30.04,7,0.00
2017-07-11T16:00:00,84,72,30.01,7,NA
2017-07-11T16:53:00,87,73,30.03,8,0.00
2017-07-11T17:53:00,84,73,30.07,5,0.00
2017-07-11T17:57:00,85,74,30.08,7,NA
2017-07-11T18:14:00,82,71,30.11,13,NA
2017-07-11T18:19:00,81,72,30.11,13,NA
2017-07-11T18:53:00,77,72,30.09,7,0.09
2017-07-11T19:00:00,77,72,30.06,7,NA
2017-07-11T19:11:00,78,72,30.08,3,0.02
2017-07-11T19:53:00,76,71,30.08,6,0.03
2017-07-11T20:53:00,77,72,30.08,5,0.01
2017-07-11T21:53:00,78,72,30.12,0,0.00
2017-07-11T22:00:00,78,72,30.09,0,NA
2017-07-11T22:53:00,77,73,30.12,0,0.00
2017-07-11T23:53:00,77,74,30.11,3,0.00
2017-07-12T00:53:00,76,72,30.09,0,0.00
2017-07-12T01:00:00,76,72,30.06,0,NA
2017-07-12T01:53:00,76,72,30.08,5,0.00
2017-07-12T02:53:00,76,72,30.07,5,0.00
2017-07-12T03:53:00,76,72,30.08,5,0.00
2017-07-12T04:00:00,76,72,30.05,5,NA
2017-07-12T04:53:00,76,72,30.09,3,0.00
2017-07-12T05:53:00,76,72,30.09,3,0.00
2017-07-12T06:53:00,78,74,30.10,3,0.00
2017-07-12T07:00:00,78,74,30.07,3,NA
2017-07-12T07:53:00,82,75,30.12,5,0.00
2017-07-12T08:53:00,84,75,30.12,5,0.00
2017-07-12T09:53:00,87,75,30.13,5,0.00
2017-07-12T10:00:00,87,75,30.10,5,NA
2017-07-12T10:53:00,90,73,30.13,7,0.00
2017-07-12T11:53:00,89,72,30.12,8,0.00
2017-07-12T12:53:00,92,72,30.09,9,0.00
2017-07-12T13:00:00,92,72,30.06,9,NA
2017-07-12T13:47:00,91,72,30.08,8,T
2017-07-12T13:53:00,85,73,30.08,15,0.07
2017-07-12T13:55:00,83,73,30.08,10,0.06
2017-07-12T14:00:00,83,74,30.08,8,0.07
2017-07-12T14:04:00,83,76,30.08,10,0.07
2017-07-12T14:23:00,87,75,30.07,8,0.07
2017-07-12T14:53:00,91,76,30.06,8,T
2017-07-12T15:38:00,89,72,30.05,11,NA
2017-07-12T15:47:00,90,72,30.07,10,NA
2017-07-12T15:53:00,89,72,30.07,13,0.00
2017-07-12T16:00:00,89,71,30.04,13,NA
2017-07-12T16:17:00,82,72,30.10,11,NA
2017-07-12T16:42:00,81,72,30.11,8,NA
2017-07-12T16:53:00,81,72,30.11,5,0.00
2017-07-12T17:10:00,80,72,30.11,6,T
2017-07-12T17:28:00,79,73,30.11,6,T
2017-07-12T17:53:00,78,73,30.11,5,0.02
2017-07-12T18:53:00,77,72,30.09,5,0.01
2017-07-12T19:00:00,77,72,30.06,5,NA
2017-07-12T19:53:00,78,71,30.09,9,T
2017-07-12T20:53:00,77,72,30.09,5,0.00
2017-07-12T21:53:00,78,73,30.10,7,0.00
2017-07-12T22:00:00,78,73,30.07,7,NA
2017-07-12T22:53:00,78,72,30.11,0,0.00
2017-07-12T23:53:00,77,72,30.11,5,0.00
2017-07-13T00:53:00,76,72,30.10,3,0.00
2017-07-13T01:00:00,76,72,30.07,3,NA
2017-07-13T01:53:00,77,72,30.08,5,0.00
2017-07-13T02:53:00,77,72,30.08,6,0.00
2017-07-13T03:53:00,77,72,30.08,6,0.00
2017-07-13T04:00:00,77,72,30.05,6,NA
2017-07-13T04:53:00,77,72,30.09,6,0.00
2017-07-13T05:53:00,77,73,30.10,6,0.00
2017-07-13T06:53:00,79,73,30.11,7,0.00
2017-07-13T07:00:00,79,73,30.08,7,NA
2017-07-13T07:53:00,81,75,30.13,7,0.00
2017-07-13T08:53:00,84,76,30.13,9,0.00
2017-07-13T09:53:00,87,75,30.13,7,0.00
2017-07-13T10:00:00,87,75,30.10,7,NA
2017-07-13T10:53:00,90,75,30.14,9,0.00
2017-07-13T11:19:00,89,75,30.14,6,NA
2017-07-13T11:48:00,90,73,30.14,11,NA
2017-07-13T11:53:00,89,74,30.13,7,0.00
2017-07-13T12:53:00,89,74,30.11,9,0.00
2017-07-13T13:00:00,89,74,30.08,9,NA
2017-07-13T13:53:00,90,74,30.08,8,0.00
2017-07-13T14:53:00,91,72,30.07,8,0.00
2017-07-13T15:53:00,91,74,30.08,9,0.00
2017-07-13T16:00:00,91,74,30.05,9,NA
2017-07-13T16:53:00,91,75,30.07,9,0.00
2017-07-13T17:53:00,88,76,30.05,10,0.00
2017-07-13T18:53:00,86,75,30.06,7,0.00
2017-07-13T19:00:00,86,75,30.03,7,NA
2017-07-13T19:53:00,85,75,30.08,6,0.00
2017-07-13T20:53:00,84,76,30.11,7,0.00
2017-07-13T21:53:00,83,76,30.11,6,0.00
2017-07-13T22:00:00,83,76,30.08,6,NA
2017-07-13T22:53:00,82,76,30.12,5,0.00
2017-07-13T23:53:00,82,76,30.11,3,0.00
2017-07-14T00:53:00,81,76,30.10,3,0.00
2017-07-14T01:00:00,81,76,30.07,3,NA
2017-07-14T01:53:00,81,76,30.08,3,0.00
2017-07-14T02:53:00,81,76,30.08,5,0.00
2017-07-14T03:53:00,80,76,30.08,3,0.00
2017-07-14T04:00:00,80,76,30.05,3,NA
2017-07-14T04:53:00,80,76,30.09,5,0.00
2017-07-14T05:53:00,80,76,30.09,5,0.00
2017-07-14T06:53:00,80,76,30.11,5,0.00
2017-07-14T07:00:00,80,76,30.08,5,NA
2017-07-14T07:53:00,82,76,30.13,5,0.00
2017-07-14T08:53:00,84,76,30.13,6,0.00
2017-07-14T09:53:00,87,74,30.13,7,0.00
2017-07-14T10:00:00,87,74,30.10,7,NA
2017-07-14T10:53:00,89,74,30.13,8,0.00
2017-07-14T11:53:00,91,74,30.11,0,0.00
2017-07-14T12:53:00,88,75,30.10,8,T
2017-07-14T13:00:00,88,75,30.07,8,NA
2017-07-14T13:08:00,91,75,30.09,6,T
2017-07-14T13:37:00,90,73,30.09,5,T
2017-07-14T13:53:00,88,75,30.08,6,0.00
2017-07-14T14:14:00,82,75,30.09,13,NA
2017-07-14T14:29:00,82,74,30.10,10,NA
2017-07-14T14:53:00,81,75,30.10,8,0.13
2017-07-14T15:20:00,82,75,30.10,5,T
2017-07-14T15:46:00,82,76,30.08,3,T
2017-07-14T15:53:00,82,76,30.08,3,T
2017-07-14T16:00:00,82,76,30.05,3,NA
2017-07-14T16:33:00,81,75,30.10,3,0.01
2017-07-14T16:49:00,81,73,30.10,5,0.02
2017-07-14T16:53:00,81,74,30.10,5,0.02
2017-07-14T17:53:00,81,74,30.07,0,T
2017-07-14T18:53:00,82,73,30.06,5,0.00
2017-07-14T19:00:00,82,73,30.03,5,NA
2017-07-14T19:53:00,81,74,30.05,7,0.00
2017-07-14T20:53:00,81,73,30.09,0,0.00
2017-07-14T21:53:00,81,74,30.09,0,0.00
2017-07-14T22:00:00,81,74,30.06,0,NA
2017-07-14T22:53:00,81,74,30.09,0,0.00
2017-07-14T23:53:00,80,74,30.08,0,0.00
2017-07-15T00:53:00,79,74,30.08,3,0.00
2017-07-15T01:00:00,79,74,30.05,3,NA
2017-07-15T01:53:00,78,74,30.07,3,0.00
2017-07-15T02:53:00,78,74,30.07,0,0.00
2017-07-15T03:53:00,78,74,30.07,3,0.00
2017-07-15T04:00:00,78,74,30.04,3,NA
2017-07-15T04:53:00,78,75,30.07,3,0.00
2017-07-15T05:53:00,78,75,30.07,5,0.00
2017-07-15T06:53:00,80,76,30.08,6,0.00
2017-07-15T07:00:00,80,76,30.05,6,NA
2017-07-15T07:53:00,82,76,30.09,5,0.00
2017-07-15T08:53:00,85,75,30.10,5,0.00
2017-07-15T09:53:00,86,75,30.10,7,0.00
2017-07-15T10:00:00,86,75,30.07,7,NA
2017-07-15T10:53:00,89,71,30.09,6,0.00
2017-07-15T11:53:00,87,76,30.08,8,0.00
2017-07-15T12:53:00,89,75,30.06,8,0.00
2017-07-15T13:00:00,89,75,30.03,8,NA
2017-07-15T13:53:00,88,73,30.04,7,T
2017-07-15T14:53:00,90,73,30.01,8,T
2017-07-15T15:53:00,90,72,29.99,7,0.00
2017-07-15T16:00:00,90,72,29.96,7,NA
2017-07-15T16:53:00,90,71,29.97,7,0.00
2017-07-15T17:53:00,89,72,29.97,3,0.00
2017-07-15T18:53:00,88,76,29.98,9,0.00
2017-07-15T19:00:00,88,76,29.95,9,NA
2017-07-15T19:53:00,85,76,29.99,7,0.00
2017-07-15T20:53:00,85,76,29.99,6,0.00
2017-07-15T21:43:00,85,77,30.01,7,NA
2017-07-15T21:53:00,85,74,30.01,7,0.00
2017-07-15T22:00:00,85,74,29.98,7,NA
2017-07-15T22:53:00,80,71,30.01,6,0.00
2017-07-15T23:53:00,80,74,30.02,3,0.00
2017-07-16T00:53:00,81,72,30.00,3,0.00
2017-07-16T01:00:00,81,72,29.97,3,NA
2017-07-16T01:53:00,82,74,29.98,0,0.00
2017-07-16T02:53:00,79,74,29.97,3,0.00
2017-07-16T03:53:00,79,74,29.97,3,0.00
2017-07-16T04:00:00,79,74,29.94,3,NA
2017-07-16T04:53:00,80,74,29.98,0,0.00
2017-07-16T05:53:00,80,74,29.99,0,0.00
2017-07-16T06:53:00,82,75,30.00,0,0.00
2017-07-16T07:00:00,82,75,29.97,0,NA
2017-07-16T07:53:00,84,75,30.01,0,0.00
2017-07-16T08:53:00,85,74,30.01,3,0.00
2017-07-16T09:53:00,87,76,30.02,5,0.00
2017-07-16T10:00:00,87,76,29.99,5,NA
2017-07-16T10:53:00,87,77,30.02,6,0.00
2017-07-16T11:53:00,87,76,30.00,7,0.00
2017-07-16T12:53:00,90,77,29.97,9,0.00
2017-07-16T13:00:00,90,77,29.94,9,NA
2017-07-16T13:25:00,88,75,29.95,8,NA
2017-07-16T13:30:00,88,75,29.95,8,NA
2017-07-16T13:53:00,88,74,29.94,10,0.00
2017-07-16T14:42:00,85,73,29.94,10,NA
2017-07-16T14:51:00,84,73,29.94,7,NA
2017-07-16T14:53:00,84,73,29.94,8,0.00
2017-07-16T15:53:00,85,71,29.94,6,0.00
2017-07-16T16:00:00,85,71,29.91,6,NA
2017-07-16T16:53:00,85,73,29.92,7,0.00
2017-07-16T17:53:00,85,74,29.94,7,0.00
2017-07-16T18:53:00,85,75,29.94,6,0.00
2017-07-16T19:00:00,85,75,29.91,6,NA
2017-07-16T19:53:00,83,75,29.97,0,0.00
2017-07-16T20:51:00,84,73,29.99,6,NA
2017-07-16T20:53:00,85,74,29.99,3,0.00
2017-07-16T21:09:00,85,73,29.99,6,NA
2017-07-16T21:32:00,85,73,30.00,5,NA
2017-07-16T21:53:00,84,71,29.99,0,0.00
2017-07-16T22:00:00,84,71,29.96,0,NA
2017-07-16T22:53:00,82,72,29.98,0,0.00
2017-07-16T23:00:00,81,74,29.99,0,NA
2017-07-16T23:53:00,83,72,29.98,0,0.00
2017-07-17T00:53:00,82,72,29.97,0,0.00
2017-07-17T01:00:00,82,72,29.94,0,NA
2017-07-17T01:53:00,82,73,29.95,0,0.00
2017-07-17T02:53:00,81,73,29.94,0,0.00
2017-07-17T03:53:00,81,74,29.94,0,0.00
2017-07-17T04:00:00,81,74,29.91,0,NA
2017-07-17T04:53:00,80,73,29.95,0,0.00
2017-07-17T05:53:00,80,74,29.97,0,0.00
2017-07-17T06:53:00,82,75,29.99,5,0.00
2017-07-17T07:00:00,82,75,29.96,5,NA
2017-07-17T07:53:00,84,75,30.01,5,0.00
2017-07-17T08:53:00,86,76,30.00,0,0.00
2017-07-17T09:53:00,85,77,30.01,6,0.00
2017-07-17T10:00:00,85,77,29.98,6,NA
2017-07-17T10:53:00,87,76,30.01,9,0.00
2017-07-17T11:53:00,89,76,30.01,10,0.00
2017-07-17T11:58:00,90,77,30.01,9,NA
2017-07-17T12:09:00,90,75,30.00,9,NA
2017-07-17T12:53:00,87,74,29.99,16,0.00
2017-07-17T12:58:00,87,75,29.99,14,NA
2017-07-17T13:00:00,87,74,29.96,16,NA
2017-07-17T13:27:00,86,71,29.99,9,NA
2017-07-17T13:53:00,86,70,29.98,9,0.00
2017-07-17T14:10:00,86,71,29.98,8,NA
2017-07-17T14:26:00,86,73,29.98,7,NA
2017-07-17T14:53:00,86,74,29.98,8,0.00
2017-07-17T15:08:00,86,74,29.99,3,NA
2017-07-17T15:35:00,87,74,29.98,6,NA
2017-07-17T15:53:00,87,75,29.99,0,0.00
2017-07-17T16:00:00,87,75,29.96,0,NA
2017-07-17T16:53:00,85,73,29.99,6,0.00
2017-07-17T17:53:00,84,72,30.01,6,0.00
2017-07-17T18:53:00,83,72,30.02,5,0.00
2017-07-17T19:00:00,83,72,29.99,5,NA
2017-07-17T19:53:00,80,72,30.04,7,0.00
2017-07-17T20:53:00,79,72,30.04,3,0.00
2017-07-17T21:53:00,79,72,30.04,5,0.00
2017-07-17T22:00:00,79,72,30.01,5,NA
2017-07-17T22:53:00,79,72,30.05,3,0.00
2017-07-17T23:53:00,79,73,30.03,3,0.00
2017-07-18T00:53:00,80,73,30.02,5,0.00
2017-07-18T01:00:00,80,73,29.99,5,NA
2017-07-18T01:53:00,78,73,30.01,3,0.00
2017-07-18T02:53:00,79,74,30.01,0,0.00
2017-07-18T03:53:00,78,74,30.03,0,0.00
2017-07-18T04:00:00,78,74,30.00,0,NA
2017-07-18T04:53:00,79,73,30.03,5,0.00
2017-07-18T05:53:00,79,73,30.05,5,0.00
2017-07-18T06:53:00,81,75,30.06,6,0.00
2017-07-18T07:00:00,81,75,30.03,6,NA
2017-07-18T07:53:00,84,77,30.08,3,0.00
2017-07-18T08:53:00,86,77,30.10,3,0.00
2017-07-18T09:53:00,85,76,30.10,3,0.00
2017-07-18T10:00:00,85,76,30.07,3,NA
2017-07-18T10:11:00,86,73,30.10,6,NA
2017-07-18T10:51:00,79,68,30.12,6,NA
2017-07-18T10:53:00,78,69,30.12,14,0.89
2017-07-18T11:06:00,77,71,30.11,10,0.29
2017-07-18T11:14:00,79,73,30.11,9,0.30
2017-07-18T11:53:00,80,75,30.11,5,0.12
2017-07-18T12:51:00,81,75,30.10,6,NA
2017-07-18T12:53:00,81,76,30.10,5,T
2017-07-18T13:00:00,81,76,30.07,5,NA
2017-07-18T13:53:00,83,75,30.07,0,0.00
2017-07-18T14:53:00,85,74,30.06,6,0.00
2017-07-18T15:53:00,86,75,30.06,5,0.00
2017-07-18T16:00:00,86,75,30.03,5,NA
2017-07-18T16:53:00,87,77,30.04,6,0.00
2017-07-18T17:53:00,86,76,30.05,7,0.00
2017-07-18T18:53:00,88,75,30.07,5,0.00
2017-07-18T19:00:00,88,75,30.04,5,NA
2017-07-18T19:07:00,88,75,30.07,5,NA
2017-07-18T19:11:00,87,75,30.07,3,NA
2017-07-18T19:17:00,87,75,30.07,3,NA
2017-07-18T19:19:00,87,75,30.08,5,NA
2017-07-18T19:53:00,78,72,30.09,14,0.20
2017-07-18T20:29:00,78,71,30.08,3,0.24
2017-07-18T20:53:00,79,71,30.08,0,0.06
2017-07-18T21:53:00,79,74,30.10,0,0.00
2017-07-18T22:00:00,79,74,30.07,0,NA
2017-07-18T22:53:00,80,76,30.10,3,0.00
2017-07-18T23:53:00,80,75,30.09,3,0.00
2017-07-19T00:53:00,79,75,30.08,0,0.00
2017-07-19T01:00:00,79,75,30.05,0,NA
2017-07-19T01:53:00,79,75,30.08,0,0.00
2017-07-19T02:53:00,79,75,30.06,0,0.00
2017-07-19T03:53:00,78,75,30.06,3,0.00
2017-07-19T04:00:00,78,75,30.03,3,NA
2017-07-19T04:53:00,78,75,30.07,0,0.00
2017-07-19T05:53:00,78,75,30.08,3,0.00
2017-07-19T06:53:00,80,76,30.10,0,0.00
2017-07-19T07:00:00,80,76,30.07,0,NA
2017-07-19T07:53:00,82,77,30.11,5,0.00
2017-07-19T08:53:00,84,77,30.12,5,0.00
2017-07-19T09:53:00,84,75,30.12,5,0.00
2017-07-19T10:00:00,84,75,30.09,5,NA
2017-07-19T10:53:00,84,75,30.12,3,T
2017-07-19T11:53:00,87,77,30.12,0,T
2017-07-19T12:53:00,86,76,30.11,7,0.00
2017-07-19T13:00:00,86,76,30.08,7,NA
2017-07-19T13:53:00,89,76,30.08,0,0.00
2017-07-19T14:53:00,89,74,30.06,11,0.00
2017-07-19T15:13:00,90,74,30.06,8,NA
2017-07-19T15:39:00,92,73,30.05,8,NA
2017-07-19T15:53:00,91,72,30.04,9,0.00
2017-07-19T16:00:00,91,72,30.01,9,NA
2017-07-19T16:53:00,89,74,30.04,5,0.00
2017-07-19T17:53:00,91,75,30.05,7,0.00
2017-07-19T18:11:00,90,74,30.04,8,NA
2017-07-19T18:47:00,90,75,30.05,8,NA
2017-07-19T18:53:00,89,75,30.06,8,0.00
2017-07-19T19:00:00,89,75,30.03,8,NA
2017-07-19T19:53:00,80,75,30.09,7,0.01
2017-07-19T20:31:00,80,76,30.08,5,0.01
2017-07-19T20:53:00,80,76,30.08,6,T
2017-07-19T21:53:00,80,75,30.08,0,0.00
2017-07-19T22:00:00,80,75,30.05,0,NA
2017-07-19T22:53:00,79,75,30.08,5,0.00
2017-07-19T23:53:00,79,75,30.09,0,0.00
2017-07-20T00:53:00,78,74,30.09,5,0.00
2017-07-20T01:00:00,78,74,30.06,5,NA
2017-07-20T01:53:00,78,74,30.07,3,0.00
2017-07-20T02:53:00,78,74,30.05,3,0.00
2017-07-20T03:53:00,78,74,30.05,0,0.00
2017-07-20T04:00:00,78,74,30.02,0,NA
2017-07-20T04:53:00,79,74,30.06,3,0.00
2017-07-20T05:53:00,78,74,30.07,0,0.00
2017-07-20T06:53:00,80,75,30.08,0,0.00
2017-07-20T07:00:00,80,75,30.05,0,NA
2017-07-20T07:53:00,82,76,30.10,5,0.00
2017-07-20T08:53:00,84,77,30.10,0,0.00
2017-07-20T09:53:00,83,77,30.10,6,0.00
2017-07-20T10:00:00,83,77,30.07,6,NA
2017-07-20T10:53:00,86,77,30.10,0,0.00
2017-07-20T11:13:00,89,77,30.09,3,NA
2017-07-20T11:51:00,81,77,30.10,13,NA
2017-07-20T11:53:00,82,77,30.10,13,0.13
2017-07-20T12:07:00,79,75,30.10,8,0.14
2017-07-20T12:53:00,81,75,30.09,0,0.08
2017-07-20T13:00:00,81,75,30.06,0,NA
2017-07-20T13:23:00,87,74,30.08,0,T
2017-07-20T13:53:00,87,76,30.06,3,T
2017-07-20T14:53:00,89,76,30.03,8,0.00
2017-07-20T15:53:00,90,75,30.01,6,0.00
2017-07-20T16:00:00,90,75,29.98,6,NA
2017-07-20T16:32:00,90,75,30.02,6,NA
2017-07-20T16:53:00,88,75,30.01,7,0.00
2017-07-20T17:23:00,88,73,30.03,6,NA
2017-07-20T17:53:00,87,73,30.02,6,0.00
2017-07-20T18:53:00,85,76,30.04,6,0.00
2017-07-20T19:00:00,85,76,30.01,6,NA
2017-07-20T19:53:00,82,69,30.05,11,0.00
2017-07-20T20:18:00,81,70,30.05,3,NA
2017-07-20T20:48:00,81,72,30.05,0,NA
2017-07-20T20:53:00,81,71,30.06,5,0.00
2017-07-20T21:53:00,80,72,30.05,0,0.00
2017-07-20T22:00:00,80,72,30.02,0,NA
2017-07-20T22:53:00,79,73,30.06,6,0.00
2017-07-20T23:53:00,78,73,30.02,5,0.00
2017-07-21T00:53:00,79,74,30.02,0,0.00
2017-07-21T01:00:00,79,74,29.99,0,NA
2017-07-21T01:39:00,78,74,30.02,5,NA
2017-07-21T01:53:00,78,73,30.02,5,0.00
2017-07-21T02:53:00,78,74,30.00,5,0.00
2017-07-21T03:53:00,78,74,30.00,0,0.00
2017-07-21T04:00:00,78,74,29.97,0,NA
2017-07-21T04:11:00,78,74,30.00,3,NA
2017-07-21T04:37:00,78,74,30.02,5,NA
2017-07-21T04:53:00,78,74,30.01,5,T
2017-07-21T05:53:00,78,75,30.02,0,T
2017-07-21T06:53:00,80,75,30.04,0,0.00
2017-07-21T07:00:00,80,75,30.01,0,NA
2017-07-21T07:53:00,84,75,30.06,0,0.00
2017-07-21T08:53:00,85,76,30.07,6,0.00
2017-07-21T09:53:00,86,77,30.07,7,0.00
2017-07-21T10:00:00,86,77,30.04,7,NA
2017-07-21T10:20:00,85,77,30.08,8,NA
2017-07-21T10:38:00,86,76,30.07,5,NA
2017-07-21T10:53:00,86,77,30.07,7,0.00
2017-07-21T11:35:00,88,77,30.06,7,NA
2017-07-21T11:53:00,88,77,30.07,7,0.00
2017-07-21T12:18:00,87,77,30.07,9,NA
2017-07-21T12:51:00,88,79,30.05,10,NA
2017-07-21T12:53:00,88,77,30.05,10,0.00
2017-07-21T13:00:00,88,77,30.02,10,NA
2017-07-21T13:03:00,87,76,30.05,10,NA
2017-07-21T13:10:00,88,76,30.05,10,NA
2017-07-21T13:48:00,86,72,30.04,7,NA
2017-07-21T13:53:00,85,74,30.04,11,0.00
2017-07-21T14:26:00,80,74,30.04,9,0.06
2017-07-21T14:53:00,83,75,30.06,5,0.09
2017-07-21T15:24:00,83,75,30.06,8,0.03
2017-07-21T15:31:00,80,74,30.08,5,0.12
2017-07-21T15:53:00,81,73,30.07,6,0.28
2017-07-21T16:00:00,81,74,30.04,6,NA
2017-07-21T16:53:00,80,73,30.04,0,0.01
2017-07-21T17:39:00,80,74,30.02,3,T
2017-07-21T17:53:00,80,73,30.02,3,T
2017-07-21T18:53:00,81,72,30.04,0,0.00
2017-07-21T19:00:00,81,72,30.01,0,NA
2017-07-21T19:53:00,79,72,30.04,5,0.00
2017-07-21T20:53:00,80,74,30.04,6,0.00
2017-07-21T21:46:00,81,75,30.07,0,NA
2017-07-21T21:53:00,81,75,30.07,3,0.00
2017-07-21T22:00:00,81,75,30.04,3,NA
2017-07-21T22:01:00,81,75,30.07,3,NA
2017-07-21T22:53:00,80,73,30.08,3,0.00
2017-07-21T23:53:00,79,74,30.06,3,0.01
2017-07-22T00:53:00,79,75,30.04,6,0.00
2017-07-22T01:00:00,79,75,30.01,6,NA
2017-07-22T01:53:00,79,75,30.03,3,0.00
2017-07-22T02:53:00,79,76,30.01,5,0.00
2017-07-22T03:51:00,81,75,30.02,0,NA
2017-07-22T03:53:00,80,76,30.02,0,0.00
2017-07-22T04:00:00,80,76,29.99,0,NA
2017-07-22T04:19:00,80,77,30.02,0,NA
2017-07-22T04:45:00,79,76,30.02,0,NA
2017-07-22T04:53:00,80,76,30.02,0,0.00
2017-07-22T05:53:00,79,76,30.05,5,0.00
2017-07-22T06:20:00,80,76,30.05,3,NA
2017-07-22T06:48:00,81,75,30.07,9,0.02
2017-07-22T06:51:00,81,75,30.07,7,NA
2017-07-22T06:53:00,79,75,30.07,6,0.07s
2017-07-22T07:00:00,79,75,30.04,6,NA
2017-07-22T07:05:00,80,74,30.07,0,0.05
2017-07-22T07:16:00,80,74,30.07,0,0.05
2017-07-22T07:34:00,81,76,30.08,0,0.05
2017-07-22T07:53:00,82,77,30.08,5,0.01
2017-07-22T08:53:00,81,77,30.10,3,0.15
2017-07-22T09:06:00,81,78,30.10,7,NA
2017-07-22T09:39:00,82,77,30.10,5,NA
2017-07-22T09:53:00,82,76,30.09,7,0.00
2017-07-22T10:00:00,82,76,30.06,7,NA
2017-07-22T10:09:00,82,76,30.09,9,NA
2017-07-22T10:53:00,84,75,30.10,10,0.00
2017-07-22T11:53:00,84,76,30.08,6,0.00
2017-07-22T12:53:00,85,75,30.08,6,0.00
2017-07-22T13:00:00,85,75,30.05,6,NA
2017-07-22T13:53:00,84,73,30.07,0,0.00
2017-07-22T14:04:00,85,73,30.06,0,NA
2017-07-22T14:21:00,84,74,30.05,0,NA
2017-07-22T14:36:00,84,76,30.06,5,NA
2017-07-22T14:53:00,83,74,30.05,6,0.00
2017-07-22T15:53:00,85,75,30.04,7,0.00
2017-07-22T16:00:00,85,75,30.01,7,NA
2017-07-22T16:53:00,85,75,30.04,5,0.00
2017-07-22T17:53:00,84,75,30.04,3,0.00
2017-07-22T18:53:00,84,74,30.04,6,0.00
2017-07-22T19:00:00,84,74,30.01,6,NA
2017-07-22T19:53:00,83,73,30.04,5,0.00
2017-07-22T20:53:00,82,74,30.04,5,0.00
2017-07-22T21:53:00,82,74,30.03,6,0.00
2017-07-22T22:00:00,82,74,30.00,6,NA
2017-07-22T22:53:00,82,75,30.04,0,0.00
2017-07-22T23:53:00,82,75,30.05,0,0.00
2017-07-23T00:53:00,81,76,30.04,0,0.00
2017-07-23T01:00:00,81,76,30.01,0,NA
2017-07-23T01:53:00,80,75,30.02,7,0.00
2017-07-23T02:48:00,81,75,30.01,7,NA
2017-07-23T02:53:00,80,75,30.01,6,0.00
2017-07-23T03:16:00,79,75,30.00,6,NA
2017-07-23T03:53:00,79,76,30.00,0,0.01s
2017-07-23T04:00:00,79,76,29.97,0,NA
2017-07-23T04:04:00,79,76,30.01,0,0.01
2017-07-23T04:39:00,79,76,30.01,5,0.01
2017-07-23T04:53:00,79,75,30.01,5,T
2017-07-23T05:53:00,79,76,30.00,6,0.01
2017-07-23T06:53:00,79,75,30.04,5,T
2017-07-23T07:00:00,79,75,30.01,5,NA
2017-07-23T07:53:00,80,75,30.06,3,0.00
2017-07-23T08:11:00,79,75,30.07,5,NA
2017-07-23T08:19:00,78,74,30.07,10,NA
2017-07-23T08:53:00,76,71,30.08,6,0.11
2017-07-23T09:10:00,76,73,30.08,3,0.12
2017-07-23T09:53:00,76,73,30.09,0,0.12
2017-07-23T10:00:00,76,73,30.06,0,NA
2017-07-23T10:04:00,76,73,30.08,0,0.02
2017-07-23T10:53:00,77,71,30.09,0,0.04
2017-07-23T11:53:00,79,72,30.08,5,0.00
2017-07-23T12:53:00,79,74,30.08,3,0.00
2017-07-23T13:00:00,79,74,30.05,3,NA
2017-07-23T13:53:00,79,74,30.05,0,0.02
2017-07-23T14:53:00,77,72,30.04,0,0.08
2017-07-23T15:53:00,80,72,30.03,0,T
2017-07-23T16:00:00,80,72,30.00,0,NA
2017-07-23T16:53:00,81,72,30.01,0,0.00
2017-07-23T17:53:00,80,73,29.98,6,0.00
2017-07-23T18:53:00,80,74,29.98,5,0.00
2017-07-23T19:00:00,80,74,29.95,5,NA
2017-07-23T19:53:00,81,75,29.98,5,0.00
2017-07-23T20:53:00,81,75,30.00,3,0.00
2017-07-23T21:53:00,80,75,30.02,3,0.00
2017-07-23T22:00:00,80,75,29.99,3,NA
2017-07-23T22:53:00,80,76,30.04,0,0.00
2017-07-23T23:53:00,79,76,30.04,3,0.00
2017-07-24T00:53:00,79,76,30.02,3,0.00
2017-07-24T01:00:00,79,76,29.99,3,NA
2017-07-24T01:53:00,79,76,30.01,0,0.00
2017-07-24T02:53:00,80,76,30.00,5,0.00
2017-07-24T03:53:00,79,76,30.00,5,0.00
2017-07-24T04:00:00,79,76,29.97,5,NA
2017-07-24T04:53:00,81,77,30.01,3,0.00
2017-07-24T05:53:00,81,77,30.04,5,0.00
2017-07-24T06:53:00,81,77,30.05,5,0.00
2017-07-24T07:00:00,81,77,30.02,5,NA
2017-07-24T07:53:00,83,79,30.06,3,0.00
2017-07-24T08:53:00,86,80,30.08,7,0.00
2017-07-24T09:53:00,86,79,30.08,9,0.00
2017-07-24T10:00:00,86,79,30.05,9,NA
2017-07-24T10:53:00,88,78,30.07,9,0.00
2017-07-24T11:53:00,88,78,30.07,11,0.00
2017-07-24T12:53:00,88,76,30.07,13,0.00
2017-07-24T13:00:00,88,76,30.04,13,NA
2017-07-24T13:53:00,90,77,30.06,10,0.00
2017-07-24T14:53:00,90,75,30.04,11,0.00
2017-07-24T15:53:00,90,76,30.04,9,0.00
2017-07-24T16:00:00,90,76,30.01,9,NA
2017-07-24T16:53:00,90,76,30.04,10,0.00
2017-07-24T17:53:00,89,75,30.03,10,0.00
2017-07-24T18:53:00,87,75,30.04,8,0.00
2017-07-24T19:00:00,87,75,30.01,8,NA
2017-07-24T19:53:00,85,76,30.06,8,0.00
2017-07-24T20:53:00,85,76,30.07,6,0.00
2017-07-24T21:53:00,84,76,30.09,0,0.00
2017-07-24T22:00:00,84,76,30.06,0,NA
2017-07-24T22:53:00,84,76,30.10,0,0.00
2017-07-24T23:53:00,83,76,30.10,0,0.00
2017-07-25T00:53:00,81,76,30.10,0,0.00
2017-07-25T01:00:00,81,76,30.07,0,NA
2017-07-25T01:53:00,81,76,30.08,0,0.00
2017-07-25T02:53:00,80,76,30.07,0,0.00
2017-07-25T03:53:00,79,75,30.07,0,0.00
2017-07-25T04:00:00,79,75,30.04,0,NA
2017-07-25T04:53:00,81,76,30.09,3,0.00
2017-07-25T05:53:00,81,77,30.10,3,0.00
2017-07-25T06:53:00,82,77,30.13,5,0.00
2017-07-25T07:53:00,84,77,30.14,5,0.00
2017-07-25T08:53:00,87,77,30.15,6,0.00
2017-07-25T09:00:00,87,78,30.15,5,NA
2017-07-25T09:02:00,87,78,30.15,6,NA
2017-07-25T09:03:00,86,78,30.15,6,NA
2017-07-25T09:53:00,88,77,30.15,6,0.00
2017-07-25T10:00:00,88,77,30.12,6,NA
2017-07-25T10:53:00,89,76,30.15,7,0.00
2017-07-25T11:10:00,88,77,30.15,9,NA
2017-07-25T11:39:00,88,76,30.15,6,NA
2017-07-25T11:53:00,89,75,30.14,6,0.00
2017-07-25T12:53:00,90,76,30.13,7,0.00
2017-07-25T13:00:00,90,76,30.10,7,NA
2017-07-25T13:53:00,91,76,30.11,10,0.00
2017-07-25T14:53:00,91,75,30.10,11,0.00
2017-07-25T15:53:00,91,73,30.09,10,0.00
2017-07-25T16:00:00,91,73,30.06,10,NA
2017-07-25T16:53:00,91,72,30.08,11,0.00
2017-07-25T17:53:00,90,71,30.07,8,0.00
2017-07-25T18:53:00,88,71,30.09,7,0.00
2017-07-25T19:00:00,88,71,30.06,7,NA
2017-07-25T19:53:00,86,73,30.09,7,0.00
2017-07-25T20:53:00,83,73,30.09,5,0.00
2017-07-25T21:53:00,82,73,30.10,5,0.00
2017-07-25T22:00:00,82,73,30.07,5,NA
2017-07-25T22:53:00,82,74,30.11,3,0.00
2017-07-25T23:53:00,82,74,30.10,0,0.00
2017-07-26T00:53:00,81,74,30.09,0,0.00
2017-07-26T01:00:00,81,74,30.06,0,NA
2017-07-26T01:53:00,81,74,30.08,0,0.00
2017-07-26T02:53:00,82,74,30.08,0,0.00
2017-07-26T03:53:00,81,75,30.08,0,0.00
2017-07-26T04:00:00,81,75,30.05,0,NA
2017-07-26T04:53:00,81,74,30.08,0,0.00
2017-07-26T05:53:00,81,74,30.09,0,0.00
2017-07-26T06:53:00,82,75,30.10,0,0.00
2017-07-26T07:00:00,82,75,30.07,0,NA
2017-07-26T07:53:00,86,76,30.11,0,0.00
2017-07-26T08:53:00,88,77,30.11,3,0.00
2017-07-26T09:53:00,88,75,30.10,6,0.00
2017-07-26T10:00:00,88,75,30.07,6,NA
2017-07-26T10:53:00,90,76,30.10,8,0.00
2017-07-26T11:53:00,92,66,30.09,9,0.00
2017-07-26T12:53:00,92,71,30.08,7,0.00
2017-07-26T13:00:00,92,71,30.05,7,NA
2017-07-26T13:53:00,92,74,30.06,11,0.00
2017-07-26T14:53:00,92,73,30.03,10,0.00
2017-07-26T15:53:00,92,73,30.01,10,0.00
2017-07-26T16:00:00,92,73,29.98,10,NA
2017-07-26T16:53:00,91,73,30.00,10,0.00
2017-07-26T17:53:00,91,72,30.00,9,0.00
2017-07-26T18:53:00,89,71,30.01,8,0.00
2017-07-26T19:00:00,89,71,29.98,8,NA
2017-07-26T19:53:00,86,74,30.02,6,0.00
2017-07-26T20:53:00,85,74,30.02,7,0.00
2017-07-26T21:53:00,84,75,30.04,5,0.00
2017-07-26T22:00:00,84,75,30.01,5,NA
2017-07-26T22:53:00,84,75,30.04,3,0.00
2017-07-26T23:53:00,84,75,30.04,0,0.00
2017-07-27T00:53:00,84,75,30.03,3,0.00
2017-07-27T01:00:00,84,75,30.00,3,NA
2017-07-27T01:53:00,83,76,30.01,0,0.00
2017-07-27T02:53:00,84,76,30.01,0,0.00
2017-07-27T03:53:00,83,76,30.01,3,0.00
2017-07-27T04:00:00,83,76,29.98,3,NA
2017-07-27T04:53:00,82,76,30.01,3,0.00
2017-07-27T05:53:00,83,76,30.01,0,0.00
2017-07-27T06:53:00,84,76,30.03,0,0.00
2017-07-27T07:53:00,84,77,30.04,6,0.00
2017-07-27T08:53:00,86,78,30.03,7,0.00
2017-07-27T09:53:00,86,77,30.04,3,0.00
2017-07-27T10:00:00,86,77,30.01,3,NA
2017-07-27T10:53:00,88,77,30.03,7,0.00
2017-07-27T11:53:00,90,77,30.02,7,0.00
2017-07-27T12:53:00,91,77,30.01,6,0.00
2017-07-27T13:00:00,91,77,29.98,6,NA
2017-07-27T13:53:00,91,76,29.99,6,0.00
2017-07-27T14:53:00,92,73,29.97,7,0.00
2017-07-27T15:53:00,92,69,29.96,9,0.00
2017-07-27T16:00:00,92,69,29.93,9,NA
2017-07-27T16:53:00,92,67,29.95,10,0.00
2017-07-27T17:53:00,90,70,29.94,8,0.00
2017-07-27T18:53:00,88,73,29.95,6,0.00
2017-07-27T19:00:00,88,73,29.92,6,NA
2017-07-27T19:53:00,87,72,29.96,9,0.00
2017-07-27T20:53:00,86,71,29.97,5,0.00
2017-07-27T21:53:00,84,72,29.98,6,0.00
2017-07-27T22:00:00,84,72,29.95,6,NA
2017-07-27T22:53:00,84,72,29.97,6,0.00
2017-07-27T23:53:00,85,72,29.96,6,0.00
2017-07-28T00:53:00,84,73,29.96,3,0.00
2017-07-28T01:00:00,84,73,29.93,3,NA
2017-07-28T01:53:00,84,74,29.94,7,0.00
2017-07-28T02:53:00,83,74,29.93,5,0.00
2017-07-28T03:53:00,84,73,29.93,0,0.00
2017-07-28T04:00:00,84,73,29.90,0,NA
2017-07-28T04:53:00,81,75,29.94,5,0.00
2017-07-28T05:53:00,82,77,29.95,5,0.00
2017-07-28T06:53:00,84,76,29.97,0,0.00
2017-07-28T07:00:00,84,76,29.94,0,NA
2017-07-28T07:53:00,86,73,29.97,7,0.00
2017-07-28T08:53:00,88,74,29.97,8,0.00
2017-07-28T09:53:00,89,74,29.97,7,0.00
2017-07-28T10:00:00,89,74,29.94,7,NA
2017-07-28T10:53:00,91,73,29.97,8,0.00
2017-07-28T11:53:00,92,72,29.96,10,0.00
2017-07-28T12:53:00,92,70,29.95,11,0.00
2017-07-28T13:53:00,92,73,29.94,11,0.00
2017-07-28T14:53:00,91,74,29.92,13,0.00
2017-07-28T15:53:00,91,75,29.91,13,0.00
2017-07-28T16:00:00,91,75,29.88,13,NA
2017-07-28T16:53:00,89,75,29.89,11,0.00
2017-07-28T17:53:00,88,76,29.88,10,0.00
2017-07-28T18:53:00,87,73,29.91,10,0.00
2017-07-28T19:00:00,87,73,29.88,10,NA
2017-07-28T19:53:00,86,74,29.90,9,0.00
2017-07-28T20:53:00,85,74,29.91,8,0.00
2017-07-28T21:53:00,85,75,29.92,8,0.00
2017-07-28T22:00:00,85,75,29.89,8,NA
2017-07-28T22:53:00,85,75,29.91,7,0.00
2017-07-28T23:53:00,85,74,29.91,9,0.00
2017-07-29T00:53:00,84,75,29.90,7,0.00
2017-07-29T01:00:00,84,75,29.87,7,NA
2017-07-29T01:53:00,84,74,29.89,8,0.00
2017-07-29T02:53:00,84,75,29.88,9,0.00
2017-07-29T03:53:00,84,75,29.87,8,0.00
2017-07-29T04:00:00,84,75,29.84,8,NA
2017-07-29T04:53:00,84,75,29.87,10,0.00
2017-07-29T05:53:00,84,75,29.88,9,0.00
2017-07-29T06:53:00,85,75,29.90,8,0.00
2017-07-29T07:00:00,85,75,29.87,8,NA
2017-07-29T07:53:00,87,77,29.91,10,0.00
2017-07-29T08:53:00,88,78,29.92,10,0.00
2017-07-29T09:14:00,83,74,29.92,10,T
2017-07-29T09:18:00,82,74,29.92,6,0.12
2017-07-29T09:53:00,83,77,29.92,8,0.34
2017-07-29T10:00:00,83,77,29.89,8,NA
2017-07-29T10:53:00,85,75,29.92,11,0.08
2017-07-29T10:57:00,83,74,29.92,7,T
2017-07-29T11:02:00,82,73,29.92,3,0.13
2017-07-29T11:06:00,83,75,29.91,3,0.13
2017-07-29T11:29:00,88,77,29.91,8,0.13
2017-07-29T11:53:00,88,76,29.91,13,0.05
2017-07-29T12:19:00,79,72,29.91,21,0.01
2017-07-29T12:24:00,79,73,29.91,10,0.07
2017-07-29T12:45:00,83,74,29.90,7,0.07
2017-07-29T12:53:00,84,75,29.90,7,0.07
2017-07-29T13:00:00,84,75,29.87,7,NA
2017-07-29T13:53:00,90,78,29.89,16,0.00
2017-07-29T14:53:00,86,75,29.89,16,0.02
2017-07-29T15:01:00,87,73,29.89,14,NA
2017-07-29T15:15:00,85,74,29.89,9,NA
2017-07-29T15:53:00,87,75,29.88,8,0.00
2017-07-29T16:00:00,87,75,29.85,8,NA
2017-07-29T16:53:00,88,75,29.86,11,0.00
2017-07-29T17:53:00,87,75,29.86,14,0.00
2017-07-29T18:53:00,86,73,29.87,10,0.00
2017-07-29T19:00:00,86,73,29.84,10,NA
2017-07-29T19:53:00,86,73,29.88,11,0.00
2017-07-29T20:53:00,85,76,29.88,9,0.00
2017-07-29T21:53:00,85,76,29.89,8,0.00
2017-07-29T22:00:00,85,76,29.86,8,NA
2017-07-29T22:53:00,85,75,29.89,9,0.00
2017-07-29T23:53:00,84,76,29.88,8,0.00
2017-07-30T00:53:00,84,76,29.87,9,0.00
2017-07-30T01:00:00,84,76,29.84,9,NA
2017-07-30T01:53:00,84,76,29.86,8,0.00
2017-07-30T02:53:00,84,76,29.85,10,0.00
2017-07-30T03:53:00,84,76,29.85,11,0.00
2017-07-30T04:00:00,84,76,29.82,11,NA
2017-07-30T04:53:00,84,76,29.85,11,0.00
2017-07-30T05:53:00,84,74,29.86,13,0.00
2017-07-30T06:53:00,85,76,29.86,8,0.00
2017-07-30T07:00:00,85,76,29.83,8,NA
2017-07-30T07:53:00,85,76,29.88,13,0.00
2017-07-30T08:49:00,81,73,29.89,14,T
2017-07-30T08:51:00,79,73,29.89,8,NA
2017-07-30T08:53:00,79,74,29.89,9,0.06
2017-07-30T09:53:00,82,77,29.90,8,0.02
2017-07-30T10:00:00,82,77,29.87,8,NA
2017-07-30T10:53:00,86,78,29.89,11,0.00
2017-07-30T11:53:00,86,76,29.89,15,0.00
2017-07-30T12:02:00,86,77,29.89,14,NA
2017-07-30T12:53:00,84,75,29.89,7,T
2017-07-30T13:00:00,84,75,29.86,7,NA
2017-07-30T13:20:00,82,74,29.90,14,T
2017-07-30T13:27:00,79,73,29.90,18,0.04
2017-07-30T13:37:00,77,75,29.90,15,0.43
2017-07-30T13:50:00,81,75,29.89,9,0.52
2017-07-30T13:53:00,80,75,29.89,7,0.52
2017-07-30T13:58:00,80,75,29.89,6,T
2017-07-30T14:13:00,82,73,29.89,5,T
2017-07-30T14:33:00,84,75,29.88,8,T
2017-07-30T14:46:00,82,75,29.89,15,T
2017-07-30T14:48:00,81,73,29.89,14,0.01
2017-07-30T14:53:00,78,74,29.89,5,0.11
2017-07-30T15:14:00,81,76,29.89,3,0.02
2017-07-30T15:53:00,84,77,29.89,3,0.01
2017-07-30T16:00:00,84,77,29.86,3,NA
2017-07-30T16:53:00,85,77,29.88,0,0.00
2017-07-30T17:13:00,80,72,29.88,9,NA
2017-07-30T17:53:00,81,74,29.88,3,0.00
2017-07-30T18:53:00,82,75,29.86,0,T
2017-07-30T19:00:00,82,75,29.83,0,NA
2017-07-30T19:53:00,80,75,29.89,5,0.00
2017-07-30T20:41:00,81,75,29.91,0,NA
2017-07-30T20:53:00,81,76,29.91,3,0.00
2017-07-30T21:53:00,80,75,29.92,5,T
2017-07-30T22:00:00,80,75,29.89,5,NA
2017-07-30T22:14:00,78,76,29.92,7,0.05
2017-07-30T22:26:00,78,76,29.92,6,0.09
2017-07-30T22:53:00,79,77,29.92,5,0.11
2017-07-30T23:35:00,77,74,29.93,8,0.72
2017-07-30T23:53:00,76,74,29.92,5,1.50
2017-07-31T00:18:00,76,74,29.92,7,0.13
2017-07-31T00:53:00,76,74,29.91,3,0.07
2017-07-31T01:00:00,76,74,29.88,3,NA
2017-07-31T01:32:00,76,74,29.91,6,0.07
2017-07-31T01:51:00,75,73,29.90,5,NA
2017-07-31T01:53:00,76,73,29.90,3,0.13
2017-07-31T02:53:00,76,74,29.89,7,0.02
2017-07-31T03:41:00,75,73,29.89,6,0.04
2017-07-31T03:49:00,75,73,29.89,6,0.06
2017-07-31T03:53:00,75,73,29.89,7,0.07
2017-07-31T04:00:00,75,73,29.86,7,NA
2017-07-31T04:34:00,75,73,29.89,3,0.03
2017-07-31T04:51:00,75,73,29.88,5,NA
2017-07-31T04:53:00,75,73,29.88,5,0.02
2017-07-31T05:53:00,75,73,29.88,6,0.02
2017-07-31T06:51:00,75,72,29.89,7,NA
2017-07-31T06:53:00,75,73,29.89,7,T
2017-07-31T07:00:00,75,73,29.86,7,NA
2017-07-31T07:53:00,75,73,29.90,7,T
2017-07-31T08:00:00,75,73,29.91,8,T
2017-07-31T08:22:00,75,73,29.90,6,0.06
2017-07-31T08:37:00,75,73,29.91,6,0.12
2017-07-31T08:51:00,75,73,29.90,7,NA
2017-07-31T08:53:00,75,73,29.90,8,0.13
2017-07-31T08:59:00,75,73,29.90,9,T
2017-07-31T09:09:00,75,73,29.90,9,0.03
2017-07-31T09:53:00,76,74,29.89,9,0.13
2017-07-31T10:00:00,76,74,29.86,9,NA
2017-07-31T10:29:00,77,74,29.90,13,T
2017-07-31T10:53:00,77,74,29.89,9,T
2017-07-31T11:37:00,76,74,29.90,10,0.04
2017-07-31T11:51:00,75,73,29.90,11,NA
2017-07-31T11:53:00,76,74,29.90,10,0.04
2017-07-31T12:13:00,76,74,29.90,9,0.01
2017-07-31T12:35:00,77,74,29.89,10,0.07
2017-07-31T12:40:00,77,74,29.89,9,0.09
2017-07-31T12:45:00,77,75,29.88,11,0.09
2017-07-31T12:53:00,78,75,29.88,10,0.09
2017-07-31T13:00:00,78,75,29.85,10,NA
2017-07-31T13:53:00,81,75,29.89,10,0.00
2017-07-31T14:53:00,83,74,29.88,9,0.00
2017-07-31T15:53:00,83,73,29.89,10,0.00
2017-07-31T16:00:00,83,73,29.86,10,NA
2017-07-31T16:51:00,82,73,29.89,7,NA
2017-07-31T16:53:00,83,73,29.89,9,0.00
2017-07-31T17:53:00,83,73,29.90,10,0.00
2017-07-31T18:53:00,81,73,29.92,7,0.00
2017-07-31T19:00:00,81,73,29.89,7,NA
2017-07-31T19:53:00,81,73,29.94,5,0.00
2017-07-31T20:53:00,81,74,29.97,5,0.00
2017-07-31T21:53:00,80,74,29.98,6,0.00
2017-07-31T22:00:00,80,74,29.95,6,NA
2017-07-31T22:53:00,79,71,29.98,7,0.00
2017-07-31T23:53:00,78,70,29.96,5,0.00
2017-08-01T00:53:00,77,70,29.96,3,0.00
2017-08-01T01:00:00,77,70,29.93,3,NA
2017-08-01T01:53:00,76,70,29.95,5,0.00
2017-08-01T02:53:00,75,70,29.96,6,0.00
2017-08-01T03:53:00,76,71,29.96,5,0.00
2017-08-01T04:00:00,76,71,29.93,5,NA
2017-08-01T04:53:00,76,71,29.97,5,0.00
2017-08-01T05:53:00,76,71,29.98,3,0.00
2017-08-01T06:53:00,77,71,29.99,6,0.00
2017-08-01T07:00:00,77,71,29.96,6,NA
2017-08-01T07:53:00,79,72,29.99,7,0.00
2017-08-01T08:53:00,82,73,30.02,0,0.00
2017-08-01T09:53:00,83,73,30.02,0,0.00
2017-08-01T10:00:00,83,73,29.99,0,NA
2017-08-01T10:53:00,86,73,30.01,7,0.00
2017-08-01T11:53:00,86,76,30.01,9,0.00
2017-08-01T12:53:00,87,75,30.00,9,0.00
2017-08-01T13:00:00,87,75,29.97,9,NA
2017-08-01T13:53:00,88,75,29.98,9,0.00
2017-08-01T14:53:00,89,75,29.97,9,0.00
2017-08-01T15:53:00,89,73,29.96,7,0.00
2017-08-01T16:00:00,89,73,29.93,7,NA
2017-08-01T16:53:00,88,73,29.96,8,0.00
2017-08-01T17:53:00,85,73,29.98,10,0.00
2017-08-01T18:53:00,85,73,30.00,16,0.00
2017-08-01T19:00:00,85,73,29.97,16,NA
2017-08-01T19:53:00,81,74,30.03,10,0.00
2017-08-01T20:53:00,81,74,30.05,7,0.00
2017-08-01T21:53:00,81,74,30.05,7,0.00
2017-08-01T22:00:00,81,74,30.02,7,NA
2017-08-01T22:53:00,82,75,30.04,5,0.00
2017-08-01T23:53:00,81,75,30.04,9,0.00
2017-08-02T00:53:00,81,75,30.03,7,0.00
2017-08-02T01:00:00,81,75,30.00,7,NA
2017-08-02T01:53:00,81,75,30.01,5,0.00
2017-08-02T02:53:00,80,75,30.00,0,0.00
2017-08-02T03:53:00,80,75,30.00,5,0.00
2017-08-02T04:00:00,80,75,29.97,5,NA
2017-08-02T04:53:00,80,75,30.02,5,0.00
2017-08-02T05:34:00,81,76,30.03,7,NA
2017-08-02T05:51:00,79,73,30.02,5,NA
2017-08-02T05:53:00,78,73,30.02,5,0.05
2017-08-02T06:53:00,80,76,30.04,8,T
2017-08-02T07:00:00,80,76,30.01,8,NA
2017-08-02T07:46:00,80,76,30.06,8,NA
2017-08-02T07:53:00,80,76,30.06,7,0.00
2017-08-02T08:01:00,80,76,30.06,8,NA
2017-08-02T08:53:00,82,76,30.06,7,0.00
2017-08-02T09:53:00,84,77,30.07,9,0.00
2017-08-02T10:00:00,84,77,30.04,9,NA
2017-08-02T10:53:00,85,76,30.08,14,0.00
2017-08-02T11:53:00,85,76,30.08,14,0.00
2017-08-02T12:53:00,82,74,30.07,8,0.00
2017-08-02T13:00:00,82,74,30.04,8,NA
2017-08-02T13:08:00,79,73,30.08,20,NA
2017-08-02T13:13:00,77,73,30.11,24,NA
2017-08-02T13:15:00,75,73,30.10,23,0.02
2017-08-02T13:16:00,75,73,30.10,21,0.03
2017-08-02T13:21:00,75,73,30.11,14,NA
2017-08-02T13:28:00,75,72,30.10,7,NA
2017-08-02T13:38:00,75,72,30.09,0,0.29
2017-08-02T13:42:00,75,72,30.09,0,0.30
2017-08-02T13:51:00,75,72,30.08,3,NA
2017-08-02T13:53:00,75,72,30.08,0,0.39
2017-08-02T14:20:00,75,72,30.08,0,0.21
2017-08-02T14:28:00,74,72,30.08,3,0.30
2017-08-02T14:35:00,75,73,30.08,7,0.58
2017-08-02T14:53:00,76,74,30.08,15,0.97
2017-08-02T15:00:00,76,74,30.08,13,0.10
2017-08-02T15:32:00,76,73,30.07,8,0.28
2017-08-02T15:53:00,77,73,30.07,10,0.25
2017-08-02T16:00:00,77,73,30.04,10,NA
2017-08-02T16:20:00,76,73,30.05,7,0.02
2017-08-02T16:53:00,77,74,30.04,6,0.04
2017-08-02T17:53:00,78,75,30.05,6,0.00
2017-08-02T18:53:00,79,75,30.07,6,0.00
2017-08-02T19:00:00,79,75,30.04,6,NA
2017-08-02T19:53:00,78,75,30.08,3,0.00
2017-08-02T20:35:00,78,75,30.09,8,0.01
2017-08-02T20:51:00,79,75,30.10,5,0.14
2017-08-02T20:53:00,78,76,30.10,5,0.14
2017-08-02T21:02:00,78,76,30.10,6,NA
2017-08-02T21:53:00,78,76,30.11,7,0.01
2017-08-02T22:00:00,78,76,30.08,7,NA
2017-08-02T22:53:00,78,76,30.11,5,0.00
2017-08-02T23:53:00,79,76,30.10,8,0.00
2017-08-03T00:53:00,78,76,30.10,5,0.00
2017-08-03T01:00:00,78,76,30.07,5,NA
2017-08-03T01:53:00,78,75,30.09,6,0.00
2017-08-03T02:53:00,78,75,30.08,6,0.00
2017-08-03T03:53:00,77,75,30.08,6,0.00
2017-08-03T04:00:00,77,75,30.05,6,NA
2017-08-03T04:53:00,77,75,30.09,3,0.00
2017-08-03T05:53:00,78,74,30.10,5,0.00
2017-08-03T06:53:00,79,75,30.12,5,0.00
2017-08-03T07:00:00,79,75,30.09,5,NA
2017-08-03T07:53:00,80,75,30.12,5,0.00
2017-08-03T08:53:00,82,76,30.13,6,0.00
2017-08-03T09:53:00,85,77,30.14,3,0.00
2017-08-03T10:00:00,85,77,30.11,3,NA
2017-08-03T10:53:00,87,76,30.14,8,0.00
2017-08-03T11:53:00,88,78,30.13,9,0.00
2017-08-03T12:53:00,89,77,30.11,7,0.00
2017-08-03T13:00:00,89,77,30.08,7,NA
2017-08-03T13:53:00,91,76,30.10,9,0.00
2017-08-03T14:53:00,90,78,30.09,9,0.00
2017-08-03T15:53:00,90,77,30.08,9,0.00
2017-08-03T16:00:00,90,77,30.05,9,NA
2017-08-03T16:24:00,89,77,30.09,13,NA
2017-08-03T16:41:00,79,75,30.09,21,0.10
2017-08-03T16:53:00,81,75,30.10,7,0.45
2017-08-03T17:09:00,82,73,30.09,13,T
2017-08-03T17:37:00,84,72,30.12,6,T
2017-08-03T17:51:00,84,72,30.12,10,NA
2017-08-03T17:53:00,84,72,30.12,6,0.01
2017-08-03T18:53:00,81,76,30.11,5,T
2017-08-03T19:00:00,81,76,30.08,5,NA
2017-08-03T19:53:00,81,76,30.13,0,0.00
2017-08-03T20:53:00,79,75,30.16,5,0.00
2017-08-03T21:53:00,78,74,30.17,5,0.00
2017-08-03T22:00:00,78,74,30.14,5,NA
2017-08-03T22:53:00,78,74,30.16,0,0.00
2017-08-03T23:53:00,78,74,30.15,5,0.00
2017-08-04T00:53:00,78,74,30.11,0,0.00
2017-08-04T01:00:00,78,74,30.08,0,NA
2017-08-04T01:53:00,78,73,30.09,6,0.00
2017-08-04T02:53:00,78,73,30.08,5,0.00
2017-08-04T03:53:00,78,73,30.08,3,0.00
2017-08-04T04:00:00,78,73,30.05,3,NA
2017-08-04T04:53:00,78,73,30.08,5,0.00
2017-08-04T05:53:00,78,73,30.10,3,0.00
2017-08-04T06:53:00,79,73,30.12,0,0.00
2017-08-04T07:00:00,79,73,30.09,0,NA
2017-08-04T07:53:00,83,74,30.12,5,0.00
2017-08-04T08:53:00,84,75,30.13,6,0.00
2017-08-04T09:53:00,88,75,30.13,8,0.00
2017-08-04T10:00:00,88,75,30.10,8,NA
2017-08-04T10:53:00,89,76,30.13,9,0.00
2017-08-04T11:53:00,89,77,30.11,10,0.00
2017-08-04T12:53:00,89,77,30.10,9,0.00
2017-08-04T13:00:00,89,77,30.07,9,NA
2017-08-04T13:53:00,91,77,30.07,8,0.00
2017-08-04T14:53:00,91,76,30.06,7,0.00
2017-08-04T15:53:00,92,75,30.05,8,0.00
2017-08-04T16:00:00,92,75,30.02,8,NA
2017-08-04T16:53:00,90,76,30.04,11,0.00
2017-08-04T17:51:00,90,73,30.06,11,NA
2017-08-04T17:53:00,89,74,30.06,9,0.00
2017-08-04T18:06:00,89,72,30.07,10,NA
2017-08-04T18:53:00,87,74,30.08,11,0.00
2017-08-04T19:00:00,87,74,30.05,11,NA
2017-08-04T19:53:00,86,75,30.09,9,0.00
2017-08-04T20:53:00,85,76,30.11,5,0.00
2017-08-04T21:53:00,84,76,30.11,3,0.00
2017-08-04T22:00:00,84,76,30.08,3,NA
2017-08-04T22:53:00,84,76,30.10,0,0.00
2017-08-04T23:53:00,84,76,30.08,0,0.00
2017-08-05T00:53:00,84,76,30.07,0,0.00
2017-08-05T01:00:00,84,76,30.04,0,NA
2017-08-05T01:53:00,82,75,30.06,5,0.00
2017-08-05T02:53:00,82,74,30.05,3,0.00
2017-08-05T03:53:00,82,75,30.05,0,0.00
2017-08-05T04:00:00,82,75,30.02,0,NA
2017-08-05T04:53:00,82,76,30.05,3,0.00
2017-08-05T05:53:00,82,75,30.06,0,0.00
2017-08-05T06:53:00,82,76,30.07,5,0.00
2017-08-05T07:00:00,82,76,30.04,5,NA
2017-08-05T07:53:00,84,76,30.09,3,0.00
2017-08-05T08:53:00,85,78,30.10,6,0.00
2017-08-05T09:53:00,87,77,30.10,6,0.00
2017-08-05T10:00:00,87,77,30.07,6,NA
2017-08-05T10:53:00,89,76,30.10,6,0.00
2017-08-05T11:53:00,90,75,30.09,6,0.00
2017-08-05T12:05:00,90,75,30.09,5,NA
2017-08-05T12:45:00,90,74,30.08,6,NA
2017-08-05T12:53:00,90,74,30.08,6,0.00
2017-08-05T13:00:00,90,74,30.05,6,NA
2017-08-05T13:35:00,89,74,30.07,11,NA
2017-08-05T13:53:00,82,71,30.07,17,T
2017-08-05T14:53:00,85,73,30.05,5,T
2017-08-05T15:08:00,89,74,30.05,7,NA
2017-08-05T15:53:00,89,75,30.05,3,0.00
2017-08-05T16:00:00,89,75,30.02,3,NA
2017-08-05T16:53:00,86,72,30.04,5,0.00
2017-08-05T17:16:00,86,72,30.04,3,NA
2017-08-05T17:31:00,85,73,30.03,6,NA
2017-08-05T17:53:00,86,75,30.04,5,0.00
2017-08-05T18:53:00,86,74,30.05,0,0.00
2017-08-05T19:00:00,86,74,30.02,0,NA
2017-08-05T19:53:00,87,72,30.05,0,0.00
2017-08-05T20:53:00,85,73,30.05,3,0.00
2017-08-05T21:53:00,85,73,30.08,5,0.00
2017-08-05T22:00:00,85,73,30.05,5,NA
2017-08-05T22:53:00,83,74,30.08,5,0.00
2017-08-05T23:53:00,83,74,30.06,3,0.00
2017-08-06T00:53:00,82,73,30.05,5,0.00
2017-08-06T01:00:00,82,73,30.02,5,NA
2017-08-06T01:53:00,81,73,30.04,3,0.00
2017-08-06T02:53:00,81,73,30.03,0,0.00
2017-08-06T03:53:00,81,72,30.03,3,0.00
2017-08-06T04:00:00,81,72,30.00,3,NA
2017-08-06T04:53:00,80,73,30.03,5,0.00
2017-08-06T05:53:00,79,74,30.05,5,0.00
2017-08-06T06:53:00,80,75,30.06,3,0.00
2017-08-06T07:00:00,80,75,30.03,3,NA
2017-08-06T07:53:00,83,75,30.07,6,0.00
2017-08-06T08:53:00,86,75,30.08,3,0.00
2017-08-06T09:53:00,88,75,30.07,9,0.00
2017-08-06T10:00:00,88,75,30.04,9,NA
2017-08-06T10:53:00,88,76,30.08,8,0.00
2017-08-06T11:53:00,90,70,30.08,7,0.00
2017-08-06T12:53:00,91,74,30.06,8,0.00
2017-08-06T13:00:00,91,74,30.03,8,NA
2017-08-06T13:53:00,91,74,30.04,9,0.00
2017-08-06T14:53:00,91,73,30.02,7,0.00
2017-08-06T15:53:00,93,74,30.01,8,0.00
2017-08-06T16:00:00,93,74,29.98,8,NA
2017-08-06T16:51:00,90,73,30.03,16,NA
2017-08-06T16:53:00,88,73,30.04,17,T
2017-08-06T17:06:00,85,71,30.05,16,T
2017-08-06T17:38:00,80,73,30.04,0,0.06
2017-08-06T17:53:00,82,73,30.03,0,0.06
2017-08-06T18:24:00,82,74,30.04,8,NA
2017-08-06T18:53:00,82,74,30.04,8,0.00
2017-08-06T19:00:00,82,74,30.01,8,NA
2017-08-06T19:53:00,82,74,30.05,0,0.00
2017-08-06T20:53:00,83,75,30.08,7,0.00
2017-08-06T21:53:00,83,73,30.08,5,0.00
2017-08-06T22:00:00,83,73,30.05,5,NA
2017-08-06T22:53:00,82,74,30.08,3,0.00
2017-08-06T23:53:00,82,73,30.08,3,0.00
2017-08-07T00:53:00,81,73,30.06,5,0.00
2017-08-07T01:00:00,81,73,30.03,5,NA
2017-08-07T01:53:00,81,74,30.04,0,0.00
2017-08-07T02:53:00,81,76,30.03,6,0.00
2017-08-07T03:53:00,80,75,30.02,5,0.00
2017-08-07T04:00:00,80,75,29.99,5,NA
2017-08-07T04:53:00,80,76,30.03,5,0.00
2017-08-07T05:53:00,80,76,30.04,5,0.00
2017-08-07T06:53:00,81,76,30.05,7,0.00
2017-08-07T07:00:00,81,76,30.02,7,NA
2017-08-07T07:53:00,83,76,30.06,8,0.00
2017-08-07T08:53:00,85,76,30.06,10,0.00
2017-08-07T09:53:00,88,75,30.06,9,0.00
2017-08-07T10:00:00,88,75,30.03,9,NA
2017-08-07T10:53:00,89,75,30.07,10,0.00
2017-08-07T11:53:00,92,74,30.05,8,0.00
2017-08-07T12:53:00,92,73,30.03,9,0.00
2017-08-07T13:00:00,92,73,30.00,9,NA
2017-08-07T13:53:00,93,74,30.01,10,0.00
2017-08-07T14:53:00,92,75,29.99,7,0.00
2017-08-07T15:53:00,92,76,29.98,6,0.00
2017-08-07T16:00:00,92,76,29.95,6,NA
2017-08-07T16:53:00,93,75,29.96,7,0.00
2017-08-07T17:51:00,90,73,29.97,6,NA
2017-08-07T17:53:00,90,73,29.97,5,0.00
2017-08-07T18:08:00,89,74,29.97,7,NA
2017-08-07T18:53:00,86,76,29.97,3,0.00
2017-08-07T19:00:00,86,76,29.94,3,NA
2017-08-07T19:13:00,85,76,29.97,NA,NA
2017-08-07T19:37:00,81,77,30.00,5,T
2017-08-07T19:44:00,81,76,29.99,8,T
2017-08-07T19:53:00,81,77,30.00,3,T
2017-08-07T20:01:00,81,77,30.01,6,NA
2017-08-07T20:32:00,83,77,30.02,7,NA
2017-08-07T20:53:00,82,76,30.02,7,T
2017-08-07T21:09:00,82,77,30.03,6,NA
2017-08-07T21:53:00,81,75,30.05,5,0.00
2017-08-07T22:53:00,80,74,30.07,7,0.00
2017-08-07T23:53:00,80,75,30.05,5,0.00
2017-08-08T00:53:00,80,75,30.02,6,0.00
2017-08-08T01:00:00,80,75,29.99,6,NA
2017-08-08T01:53:00,81,75,29.99,3,0.00
2017-08-08T02:53:00,80,75,29.99,0,0.00
2017-08-08T03:53:00,78,75,29.98,3,0.00
2017-08-08T04:00:00,78,75,29.95,3,NA
2017-08-08T04:53:00,80,75,29.99,0,0.00
2017-08-08T05:53:00,80,75,30.00,3,0.00
2017-08-08T06:53:00,81,76,30.01,3,0.00
2017-08-08T07:00:00,81,76,29.98,3,NA
2017-08-08T07:53:00,84,76,30.03,6,0.00
2017-08-08T08:53:00,86,75,30.03,6,0.00
2017-08-08T09:53:00,88,75,30.04,5,0.00
2017-08-08T10:00:00,88,75,30.01,5,NA
2017-08-08T10:53:00,87,75,30.04,7,0.00
2017-08-08T11:53:00,89,76,30.02,9,0.00
2017-08-08T12:53:00,89,75,30.02,9,0.00
2017-08-08T13:00:00,89,75,29.99,9,NA
2017-08-08T13:53:00,90,74,29.99,6,0.00
2017-08-08T14:48:00,91,73,29.97,7,NA
2017-08-08T14:53:00,91,73,29.96,6,0.00
2017-08-08T15:04:00,92,74,29.96,6,NA
2017-08-08T15:51:00,90,75,29.96,13,NA
2017-08-08T15:53:00,90,75,29.96,14,0.00
2017-08-08T16:00:00,89,76,29.93,14,NA
2017-08-08T16:53:00,89,74,29.97,7,0.00
2017-08-08T17:34:00,90,75,29.96,7,NA
2017-08-08T17:53:00,90,75,29.96,9,0.00
2017-08-08T18:53:00,88,75,29.98,7,0.00
2017-08-08T19:00:00,88,75,29.95,7,NA
2017-08-08T19:53:00,86,75,30.01,5,0.00
2017-08-08T20:53:00,85,76,30.01,6,0.00
2017-08-08T21:53:00,85,76,30.04,6,0.00
2017-08-08T22:00:00,85,76,30.01,6,NA
2017-08-08T22:53:00,85,75,30.06,9,0.00
2017-08-08T23:22:00,83,73,30.06,7,NA
2017-08-08T23:53:00,81,75,30.05,8,0.00
2017-08-09T00:53:00,82,73,30.03,0,0.00
2017-08-09T01:00:00,82,73,30.00,0,NA
2017-08-09T01:53:00,81,73,30.01,0,0.00
2017-08-09T02:53:00,82,71,30.00,3,0.00
2017-08-09T03:53:00,81,72,30.00,0,0.00
2017-08-09T04:00:00,81,72,29.97,0,NA
2017-08-09T04:53:00,80,72,30.01,0,0.00
2017-08-09T05:53:00,79,73,30.02,5,0.00
2017-08-09T06:53:00,81,74,30.04,3,0.00
2017-08-09T07:00:00,81,74,30.01,3,NA
2017-08-09T07:53:00,83,75,30.06,5,0.00
2017-08-09T08:53:00,85,75,30.07,6,0.00
2017-08-09T09:53:00,88,77,30.08,3,0.00
2017-08-09T10:00:00,88,77,30.05,3,NA
2017-08-09T10:53:00,90,76,30.08,3,0.00
2017-08-09T11:53:00,89,77,30.07,9,0.00
2017-08-09T12:40:00,91,77,30.06,9,NA
2017-08-09T12:51:00,91,77,30.06,9,NA
2017-08-09T12:53:00,91,77,30.06,9,0.00
2017-08-09T13:00:00,91,77,30.03,9,NA
2017-08-09T13:53:00,92,73,30.04,7,T
2017-08-09T14:16:00,91,75,30.03,7,NA
2017-08-09T14:21:00,92,76,30.03,7,NA
2017-08-09T14:51:00,91,75,30.02,8,NA
2017-08-09T14:53:00,92,76,30.02,8,0.00
2017-08-09T15:43:00,91,74,30.01,8,NA
2017-08-09T15:53:00,91,73,30.02,8,0.00
2017-08-09T16:00:00,91,73,29.99,8,NA
2017-08-09T16:09:00,90,72,30.01,7,NA
2017-08-09T16:53:00,88,75,30.02,8,0.00
2017-08-09T17:03:00,88,75,30.02,9,NA
2017-08-09T17:09:00,88,75,30.02,8,NA
2017-08-09T17:47:00,84,72,30.03,10,NA
2017-08-09T17:53:00,84,71,30.03,9,0.00
2017-08-09T18:53:00,86,73,30.03,7,0.00
2017-08-09T19:00:00,86,73,30.00,7,NA
2017-08-09T19:53:00,85,73,30.05,5,0.00
2017-08-09T20:53:00,84,71,30.08,6,0.00
2017-08-09T21:53:00,84,73,30.10,6,0.00
2017-08-09T22:00:00,84,73,30.07,6,NA
2017-08-09T22:53:00,84,72,30.11,5,0.00
2017-08-09T23:53:00,83,72,30.10,7,0.00
2017-08-10T00:53:00,82,74,30.09,5,0.00
2017-08-10T01:00:00,82,74,30.06,5,NA
2017-08-10T01:53:00,83,75,30.08,5,0.00
2017-08-10T02:53:00,82,75,30.06,3,0.00
2017-08-10T03:53:00,82,75,30.06,3,0.00
2017-08-10T04:00:00,82,75,30.03,3,NA
2017-08-10T04:53:00,81,75,30.07,3,0.00
2017-08-10T05:53:00,81,75,30.08,0,0.00
2017-08-10T06:53:00,83,75,30.09,0,0.00
2017-08-10T07:00:00,83,75,30.06,0,NA
2017-08-10T07:53:00,85,76,30.10,0,0.00
2017-08-10T08:53:00,87,73,30.11,5,0.00
2017-08-10T09:53:00,89,72,30.11,3,0.00
2017-08-10T10:00:00,89,72,30.08,3,NA
2017-08-10T10:53:00,87,74,30.11,7,0.00
2017-08-10T11:53:00,89,74,30.10,8,0.00
2017-08-10T12:53:00,91,74,30.09,8,0.00
2017-08-10T13:00:00,91,74,30.06,8,NA
2017-08-10T13:53:00,93,75,30.06,10,0.00
2017-08-10T14:53:00,90,74,30.05,8,T
2017-08-10T15:17:00,88,74,30.04,7,T
2017-08-10T15:32:00,88,74,30.04,7,T
2017-08-10T15:51:00,90,75,30.03,6,NA
2017-08-10T15:53:00,89,75,30.03,6,T
2017-08-10T16:00:00,89,75,30.00,6,NA
2017-08-10T16:27:00,89,75,30.03,5,NA
2017-08-10T16:41:00,88,74,30.03,6,NA
2017-08-10T16:51:00,88,73,30.03,7,NA
2017-08-10T16:53:00,88,73,30.03,6,0.00
2017-08-10T17:46:00,84,74,30.04,10,NA
2017-08-10T17:53:00,85,74,30.04,8,0.00
2017-08-10T18:12:00,86,74,30.04,5,NA
2017-08-10T18:53:00,87,75,30.05,5,0.00
2017-08-10T19:00:00,87,75,30.02,5,NA
2017-08-10T19:53:00,85,76,30.05,3,0.00
2017-08-10T20:53:00,84,75,30.07,6,0.00
2017-08-10T21:53:00,84,75,30.08,5,0.00
2017-08-10T22:00:00,84,75,30.05,5,NA
2017-08-10T22:53:00,84,75,30.08,5,0.00
2017-08-10T23:53:00,83,74,30.05,6,0.00
2017-08-11T00:53:00,82,74,30.06,5,0.00
2017-08-11T01:00:00,82,74,30.03,5,NA
2017-08-11T01:53:00,80,74,30.06,6,0.00
2017-08-11T02:53:00,80,75,30.03,6,0.00
2017-08-11T03:53:00,80,75,30.04,0,0.00
2017-08-11T04:00:00,80,75,30.01,0,NA
2017-08-11T04:53:00,80,75,30.04,0,0.00
2017-08-11T05:53:00,79,75,30.04,0,0.00
2017-08-11T06:53:00,82,75,30.05,0,0.00
2017-08-11T07:00:00,82,75,30.02,0,NA
2017-08-11T07:53:00,84,76,30.06,5,0.00
2017-08-11T08:53:00,85,77,30.07,3,0.00
2017-08-11T09:53:00,86,77,30.08,5,0.00
2017-08-11T10:00:00,86,77,30.05,5,NA
2017-08-11T10:53:00,89,77,30.07,7,0.00
2017-08-11T11:53:00,90,75,30.05,9,T
2017-08-11T12:53:00,90,76,30.03,11,0.00
2017-08-11T13:00:00,90,76,30.00,11,NA
2017-08-11T13:53:00,89,77,30.01,13,0.03
2017-08-11T14:53:00,91,75,29.99,16,0.00
2017-08-11T15:53:00,91,75,29.99,11,0.00
2017-08-11T16:00:00,91,75,29.96,11,NA
2017-08-11T16:53:00,90,76,29.99,10,0.00
2017-08-11T17:53:00,88,74,29.99,8,0.00
2017-08-11T18:32:00,88,74,29.99,8,NA
2017-08-11T18:53:00,88,75,30.00,7,0.00
2017-08-11T19:00:00,88,75,29.97,7,NA
2017-08-11T19:53:00,86,76,30.01,6,0.00
2017-08-11T20:27:00,83,74,30.03,8,NA
2017-08-11T20:53:00,82,74,30.02,9,0.00
2017-08-11T21:37:00,81,74,30.02,3,NA
2017-08-11T21:53:00,82,72,30.02,5,0.00
2017-08-11T22:00:00,82,72,29.99,5,NA
2017-08-11T22:53:00,83,74,30.02,5,0.00
2017-08-11T23:53:00,82,75,30.01,5,0.00
2017-08-12T00:53:00,82,76,29.99,5,0.00
2017-08-12T01:00:00,82,76,29.96,5,NA
2017-08-12T01:53:00,80,76,29.98,6,0.00
2017-08-12T02:53:00,80,76,29.97,6,0.00
2017-08-12T03:53:00,80,76,29.98,6,0.00
2017-08-12T04:00:00,80,76,29.95,6,NA
2017-08-12T04:53:00,80,77,29.99,6,0.00
2017-08-12T05:53:00,80,77,29.99,6,0.00
2017-08-12T06:53:00,81,77,30.01,6,0.00
2017-08-12T07:00:00,81,77,29.98,6,NA
2017-08-12T07:53:00,84,78,30.03,6,0.00
2017-08-12T08:07:00,81,75,30.04,10,NA
2017-08-12T08:22:00,78,74,30.04,10,NA
2017-08-12T08:32:00,77,74,30.04,9,0.04
2017-08-12T08:39:00,77,74,30.04,5,0.11
2017-08-12T08:50:00,77,75,30.04,6,0.19
2017-08-12T08:51:00,77,75,30.04,6,NA
2017-08-12T08:53:00,77,75,30.04,5,0.27
2017-08-12T09:00:00,77,75,30.04,6,0.06
2017-08-12T09:10:00,77,75,30.04,0,0.08
2017-08-12T09:23:00,77,74,30.04,6,0.12
2017-08-12T09:53:00,79,76,30.04,0,0.08
2017-08-12T10:00:00,79,76,30.01,0,NA
2017-08-12T10:53:00,82,76,30.02,0,T
2017-08-12T11:53:00,85,74,30.01,3,T
2017-08-12T12:53:00,88,74,30.00,6,0.00
2017-08-12T13:00:00,88,74,29.97,6,NA
2017-08-12T13:53:00,89,75,29.98,6,0.00
2017-08-12T14:53:00,90,75,29.97,9,0.00
2017-08-12T15:53:00,90,72,29.96,8,0.00
2017-08-12T16:00:00,90,72,29.93,8,NA
2017-08-12T16:20:00,90,72,29.96,10,NA
2017-08-12T16:53:00,89,73,29.96,9,0.00
2017-08-12T17:06:00,89,73,29.96,11,NA
2017-08-12T17:21:00,88,73,29.95,7,NA
2017-08-12T17:53:00,88,74,29.95,7,0.00
2017-08-12T18:53:00,87,75,29.96,6,0.00
2017-08-12T19:00:00,87,75,29.93,6,NA
2017-08-12T19:53:00,86,75,29.97,3,0.00
2017-08-12T20:53:00,85,75,29.98,3,0.00
2017-08-12T21:53:00,86,74,29.99,3,0.00
2017-08-12T22:00:00,86,74,29.96,3,NA
2017-08-12T22:53:00,85,74,29.99,5,0.00
2017-08-12T23:53:00,84,75,29.98,3,0.00
2017-08-13T00:53:00,85,75,29.97,3,0.00
2017-08-13T01:00:00,85,75,29.94,3,NA
2017-08-13T01:53:00,81,78,29.96,7,0.00
2017-08-13T02:53:00,81,75,29.95,3,0.00
2017-08-13T03:53:00,81,74,29.95,0,0.00
2017-08-13T04:00:00,81,74,29.92,0,NA
2017-08-13T04:53:00,81,76,29.95,3,0.00
2017-08-13T05:53:00,81,77,29.97,7,0.00
2017-08-13T06:53:00,81,77,29.99,3,0.00
2017-08-13T07:00:00,81,77,29.96,3,NA
2017-08-13T07:53:00,84,78,30.00,5,0.00
2017-08-13T08:53:00,86,75,30.00,10,0.00
2017-08-13T09:53:00,88,76,30.01,9,0.00
2017-08-13T10:00:00,88,76,29.98,9,NA
2017-08-13T10:10:00,89,77,30.01,8,NA
2017-08-13T10:44:00,88,75,30.01,6,NA
2017-08-13T10:53:00,89,76,30.01,6,0.00
2017-08-13T11:53:00,85,76,30.00,7,0.02
2017-08-13T12:41:00,87,77,30.00,3,0.02
2017-08-13T12:53:00,87,76,30.00,0,T
2017-08-13T12:59:00,88,76,29.99,0,T
2017-08-13T13:00:00,87,76,29.97,0,NA
2017-08-13T13:53:00,88,75,29.98,5,0.00
2017-08-13T14:53:00,88,75,29.97,6,0.00
2017-08-13T15:53:00,88,75,29.95,10,0.00
2017-08-13T16:00:00,88,75,29.92,10,NA
2017-08-13T16:53:00,88,73,29.96,7,0.00
2017-08-13T17:53:00,88,74,29.96,8,0.00
2017-08-13T18:53:00,86,74,29.97,8,0.00
2017-08-13T19:00:00,86,74,29.94,8,NA
2017-08-13T19:53:00,85,75,29.97,7,0.00
2017-08-13T20:53:00,84,75,30.00,7,0.00
2017-08-13T21:53:00,84,75,30.00,7,0.00
2017-08-13T22:00:00,84,75,29.97,7,NA
2017-08-13T22:53:00,84,75,30.01,7,0.00
2017-08-13T23:53:00,83,74,30.00,5,0.00
2017-08-14T00:53:00,83,75,29.97,5,0.00
2017-08-14T01:00:00,83,75,29.94,5,NA
2017-08-14T01:53:00,83,76,29.95,0,0.00
2017-08-14T02:23:00,83,76,29.95,3,NA
2017-08-14T02:51:00,82,75,29.94,0,NA
2017-08-14T02:53:00,83,76,29.94,0,0.00
2017-08-14T03:53:00,83,76,29.94,5,0.00
2017-08-14T04:00:00,83,76,29.91,5,NA
2017-08-14T04:53:00,82,77,29.95,3,0.00
2017-08-14T05:53:00,82,77,29.96,3,0.00
2017-08-14T06:53:00,83,77,29.98,3,0.00
2017-08-14T07:00:00,83,77,29.95,3,NA
2017-08-14T07:53:00,85,78,29.99,5,0.00
2017-08-14T08:53:00,87,78,30.01,6,0.00
2017-08-14T09:38:00,86,77,30.01,7,NA
2017-08-14T09:53:00,88,79,30.00,3,0.00
2017-08-14T10:00:00,88,79,29.97,3,NA
2017-08-14T10:00:00,88,77,30.00,5,NA
2017-08-14T10:53:00,90,77,30.01,5,0.00
2017-08-14T11:53:00,91,75,30.00,7,T
2017-08-14T12:53:00,92,75,29.99,8,T
2017-08-14T13:00:00,92,75,29.96,8,NA
2017-08-14T13:53:00,93,75,29.97,11,0.00
2017-08-14T14:53:00,93,75,29.95,10,0.00
2017-08-14T15:53:00,91,73,29.94,9,0.00
2017-08-14T16:00:00,91,73,29.91,9,NA
2017-08-14T16:53:00,91,74,29.94,11,0.00
2017-08-14T17:53:00,89,74,29.95,10,0.00
2017-08-14T18:53:00,88,74,29.96,9,0.00
2017-08-14T19:00:00,88,74,29.93,9,NA
2017-08-14T19:53:00,86,74,29.97,8,0.00
2017-08-14T20:53:00,86,75,29.98,7,0.00
2017-08-14T21:53:00,86,75,30.00,8,0.00
2017-08-14T22:00:00,86,75,29.97,8,NA
2017-08-14T22:53:00,86,76,30.00,6,0.00
2017-08-14T23:53:00,86,75,29.99,7,0.00
2017-08-15T00:53:00,85,76,29.97,6,0.00
2017-08-15T01:00:00,85,76,29.94,6,NA
2017-08-15T01:53:00,84,76,29.96,9,0.00
2017-08-15T02:53:00,84,75,29.95,7,0.00
2017-08-15T03:53:00,83,76,29.95,6,0.00
2017-08-15T04:00:00,83,76,29.92,6,NA
2017-08-15T04:53:00,84,75,29.96,6,0.00
2017-08-15T05:53:00,84,76,29.97,8,0.00
2017-08-15T06:53:00,85,75,29.99,7,0.00
2017-08-15T07:00:00,85,75,29.96,7,NA
2017-08-15T07:53:00,87,76,30.01,8,0.00
2017-08-15T08:53:00,89,77,30.02,8,0.00
2017-08-15T09:53:00,90,75,30.03,7,0.00
2017-08-15T10:00:00,90,75,30.00,7,NA
2017-08-15T10:53:00,91,76,30.03,7,0.00
2017-08-15T11:53:00,92,75,30.02,11,0.00
2017-08-15T12:53:00,92,76,30.01,10,0.00
2017-08-15T13:53:00,92,76,29.99,9,0.00
2017-08-15T14:53:00,92,75,29.98,11,0.00
2017-08-15T15:53:00,92,75,29.97,13,0.00
2017-08-15T16:00:00,92,75,29.94,13,NA
2017-08-15T16:53:00,92,75,29.97,10,0.00
2017-08-15T17:53:00,90,74,29.98,10,0.00
2017-08-15T18:53:00,88,74,30.00,8,0.00
2017-08-15T19:00:00,88,74,29.97,8,NA
2017-08-15T19:53:00,87,75,30.01,7,0.00
2017-08-15T20:53:00,86,74,30.03,6,0.00
2017-08-15T21:53:00,86,75,30.05,6,0.00
2017-08-15T22:00:00,86,75,30.02,6,NA
2017-08-15T22:53:00,85,75,30.06,3,0.00
2017-08-15T23:53:00,85,75,30.05,0,0.00
2017-08-16T00:53:00,84,76,30.02,0,0.00
2017-08-16T01:00:00,84,76,29.99,0,NA
2017-08-16T01:53:00,84,75,30.01,3,0.00
2017-08-16T02:53:00,83,76,30.01,0,0.00
2017-08-16T03:53:00,83,76,30.01,0,0.00
2017-08-16T04:00:00,83,76,29.98,0,NA
2017-08-16T04:53:00,83,76,30.03,0,0.00
2017-08-16T05:53:00,83,76,30.04,3,0.00
2017-08-16T06:53:00,85,76,30.07,0,0.00
2017-08-16T07:00:00,85,76,30.04,0,NA
2017-08-16T07:53:00,88,76,30.09,5,0.00
2017-08-16T08:53:00,90,76,30.10,6,0.00
2017-08-16T09:53:00,90,76,30.10,7,0.00
2017-08-16T10:00:00,90,76,30.07,7,NA
2017-08-16T10:45:00,90,76,30.11,8,0.01
2017-08-16T10:53:00,85,73,30.11,22,0.01
2017-08-16T11:16:00,87,72,30.10,8,NA
2017-08-16T11:53:00,92,76,30.09,6,0.00
2017-08-16T12:53:00,91,77,30.07,8,0.00
2017-08-16T13:00:00,91,77,30.04,8,NA
2017-08-16T13:53:00,92,76,30.05,10,0.00
2017-08-16T14:00:00,91,75,30.05,9,NA
2017-08-16T14:42:00,85,74,30.06,11,0.25
2017-08-16T14:53:00,82,72,30.06,11,0.25
2017-08-16T15:20:00,83,75,30.04,6,T
2017-08-16T15:53:00,84,76,30.05,5,T
2017-08-16T16:00:00,84,76,30.02,5,NA
2017-08-16T16:02:00,84,76,30.04,3,T
2017-08-16T16:20:00,84,76,30.04,3,T
2017-08-16T16:53:00,86,77,30.04,3,T
2017-08-16T17:53:00,88,77,30.04,3,T
2017-08-16T18:53:00,87,77,30.04,3,0.00
2017-08-16T19:00:00,87,77,30.01,3,NA
2017-08-16T19:53:00,86,76,30.04,0,0.00
2017-08-16T20:53:00,86,76,30.06,7,0.00
2017-08-16T21:53:00,85,76,30.08,0,0.00
2017-08-16T22:00:00,85,76,30.05,0,NA
2017-08-16T22:53:00,85,76,30.08,3,0.00
2017-08-16T23:53:00,84,77,30.08,3,0.00
2017-08-17T00:53:00,83,75,30.07,0,0.00
2017-08-17T01:00:00,83,75,30.04,0,NA
2017-08-17T01:53:00,82,75,30.06,3,0.00
2017-08-17T02:53:00,83,75,30.05,0,0.00
2017-08-17T03:53:00,82,75,30.04,0,0.00
2017-08-17T04:00:00,82,75,30.01,0,NA
2017-08-17T04:53:00,83,74,30.06,0,0.00
2017-08-17T05:53:00,83,75,30.08,0,0.00
2017-08-17T06:53:00,83,75,30.09,0,0.00
2017-08-17T07:00:00,83,75,30.06,0,NA
2017-08-17T07:53:00,85,77,30.09,0,0.00
2017-08-17T08:53:00,87,76,30.09,0,0.00
2017-08-17T09:53:00,87,76,30.09,5,0.00
2017-08-17T10:00:00,87,76,30.06,5,NA
2017-08-17T10:49:00,90,77,30.09,7,NA
2017-08-17T10:53:00,90,77,30.08,8,0.00
2017-08-17T11:01:00,90,76,30.08,8,NA
2017-08-17T11:18:00,90,75,30.07,8,NA
2017-08-17T11:40:00,91,76,30.08,10,NA
2017-08-17T11:49:00,88,73,30.09,9,T
2017-08-17T11:53:00,87,74,30.09,8,0.08
2017-08-17T12:29:00,84,76,30.08,5,0.23
2017-08-17T12:53:00,87,77,30.07,0,0.16
2017-08-17T13:00:00,87,77,30.04,0,NA
2017-08-17T13:40:00,90,77,30.05,6,NA
2017-08-17T13:53:00,90,77,30.05,16,0.00
2017-08-17T14:06:00,85,74,30.06,13,T
2017-08-17T14:51:00,90,75,30.04,7,T
2017-08-17T14:53:00,90,77,30.04,3,T
2017-08-17T15:13:00,88,75,30.03,13,NA
2017-08-17T15:38:00,84,74,30.03,8,T
2017-08-17T15:51:00,84,75,30.02,5,NA
2017-08-17T15:53:00,85,75,30.02,5,T
2017-08-17T16:00:00,85,75,29.99,5,NA
2017-08-17T16:02:00,87,76,30.02,6,NA
2017-08-17T16:24:00,86,75,30.02,5,NA
2017-08-17T16:53:00,84,75,30.01,6,0.00
2017-08-17T17:53:00,84,78,30.01,6,T
2017-08-17T18:53:00,85,77,30.02,0,0.00
2017-08-17T19:00:00,85,77,29.99,0,NA
2017-08-17T19:53:00,84,77,30.05,6,T
2017-08-17T20:53:00,82,75,30.06,5,T
2017-08-17T21:53:00,81,76,30.07,5,0.00
2017-08-17T22:00:00,81,76,30.04,5,NA
2017-08-17T22:53:00,80,76,30.05,6,0.00
2017-08-17T23:53:00,80,76,30.04,0,0.00
2017-08-18T00:53:00,80,76,30.03,0,0.00
2017-08-18T01:00:00,80,76,30.00,0,NA
2017-08-18T01:53:00,79,76,30.00,0,0.00
2017-08-18T02:53:00,80,75,30.00,3,0.00
2017-08-18T03:53:00,80,75,29.99,0,0.00
2017-08-18T04:00:00,80,75,29.96,0,NA
2017-08-18T04:53:00,81,74,30.00,0,0.00
2017-08-18T05:53:00,81,75,30.01,3,0.00
2017-08-18T06:53:00,82,75,30.02,3,0.00
2017-08-18T07:00:00,82,75,29.99,3,NA
2017-08-18T07:53:00,85,76,30.02,0,0.00
2017-08-18T08:53:00,87,77,30.04,3,0.00
2017-08-18T09:53:00,87,78,30.03,7,0.00
2017-08-18T10:00:00,87,78,30.00,7,NA
2017-08-18T10:53:00,89,77,30.03,7,0.00
2017-08-18T11:09:00,89,76,30.02,7,NA
2017-08-18T11:53:00,82,73,30.04,16,T
2017-08-18T12:51:00,81,73,30.03,6,NA
2017-08-18T12:53:00,81,75,30.03,6,0.01
2017-08-18T13:00:00,81,75,30.00,6,NA
2017-08-18T13:53:00,88,76,30.01,8,T
2017-08-18T14:53:00,86,75,30.01,9,0.00
2017-08-18T15:53:00,85,75,29.99,10,0.00
2017-08-18T16:00:00,85,75,29.96,10,NA
2017-08-18T16:53:00,84,75,29.98,8,0.00
2017-08-18T17:53:00,85,76,29.98,10,0.00
2017-08-18T18:53:00,83,76,30.01,0,0.00
2017-08-18T19:00:00,83,76,29.98,0,NA
2017-08-18T19:53:00,83,75,30.01,5,0.00
2017-08-18T20:53:00,83,75,30.00,6,0.00
2017-08-18T21:53:00,82,75,30.02,5,0.00
2017-08-18T22:00:00,82,75,29.99,5,NA
2017-08-18T22:53:00,82,75,30.02,8,0.00
2017-08-18T23:53:00,83,75,30.00,0,0.00
2017-08-19T00:53:00,82,75,29.99,3,0.00
2017-08-19T01:00:00,82,75,29.96,3,NA
2017-08-19T01:53:00,81,74,29.98,3,0.00
2017-08-19T02:53:00,79,75,29.97,6,0.00
2017-08-19T03:53:00,78,73,29.97,0,0.00
2017-08-19T04:00:00,78,73,29.94,0,NA
2017-08-19T04:53:00,77,73,29.97,0,0.00
2017-08-19T05:53:00,78,72,29.98,0,0.00
2017-08-19T06:53:00,80,71,29.99,0,0.00
2017-08-19T07:00:00,80,71,29.96,0,NA
2017-08-19T07:53:00,84,70,30.01,0,0.00
2017-08-19T08:53:00,85,72,30.01,0,0.00
2017-08-19T09:53:00,87,74,30.01,6,0.00
2017-08-19T10:00:00,87,74,29.98,6,NA
2017-08-19T10:53:00,88,75,30.00,7,0.00
2017-08-19T11:53:00,89,75,30.00,7,0.00
2017-08-19T12:16:00,90,75,29.99,8,NA
2017-08-19T12:22:00,90,75,29.99,8,NA
2017-08-19T12:48:00,90,75,29.99,8,NA
2017-08-19T12:53:00,90,76,29.98,9,0.00
2017-08-19T13:00:00,90,76,29.95,9,NA
2017-08-19T13:27:00,89,76,29.98,15,NA
2017-08-19T13:33:00,90,77,29.98,11,NA
2017-08-19T13:53:00,90,77,29.98,8,0.00
2017-08-19T14:39:00,90,74,29.96,10,NA
2017-08-19T14:53:00,91,74,29.95,9,0.00
2017-08-19T15:53:00,91,71,29.94,5,0.00
2017-08-19T16:00:00,91,71,29.91,5,NA
2017-08-19T16:53:00,91,73,29.92,7,0.00
2017-08-19T17:53:00,91,75,29.92,8,0.00
2017-08-19T18:53:00,87,73,29.93,8,T
2017-08-19T19:00:00,87,73,29.90,8,NA
2017-08-19T19:53:00,86,74,29.96,7,0.00
2017-08-19T20:53:00,85,75,29.97,7,0.00
2017-08-19T21:53:00,84,75,29.99,5,0.00
2017-08-19T22:00:00,84,75,29.96,5,NA
2017-08-19T22:53:00,84,75,29.99,3,0.00
2017-08-19T23:53:00,84,75,30.00,5,0.00
2017-08-20T00:53:00,83,74,29.98,5,0.00
2017-08-20T01:00:00,83,74,29.95,5,NA
2017-08-20T01:53:00,82,74,29.97,5,0.00
2017-08-20T02:53:00,83,75,29.96,0,0.00
2017-08-20T03:53:00,81,75,29.97,0,0.00
2017-08-20T04:00:00,81,75,29.94,0,NA
2017-08-20T04:53:00,81,75,29.98,0,0.00
2017-08-20T05:53:00,81,75,30.00,0,0.00
2017-08-20T06:53:00,82,76,30.02,0,0.00
2017-08-20T07:00:00,82,76,29.99,0,NA
2017-08-20T07:53:00,84,76,30.02,5,0.00
2017-08-20T08:53:00,87,76,30.03,7,0.00
2017-08-20T09:53:00,89,75,30.03,0,0.00
2017-08-20T10:00:00,89,75,30.00,0,NA
2017-08-20T10:53:00,91,74,30.05,3,0.00
2017-08-20T11:53:00,94,73,30.04,3,0.00
2017-08-20T12:53:00,93,69,30.02,8,0.00
2017-08-20T13:00:00,93,69,29.99,8,NA
2017-08-20T13:53:00,94,69,30.01,6,0.00
2017-08-20T14:53:00,93,69,30.00,7,0.00
2017-08-20T15:34:00,92,72,30.00,6,NA
2017-08-20T15:51:00,90,70,30.00,6,NA
2017-08-20T15:53:00,89,72,30.00,5,0.00
2017-08-20T16:00:00,89,71,29.97,5,NA
2017-08-20T16:53:00,92,72,29.99,9,0.00
2017-08-20T17:53:00,87,70,30.02,11,0.00
2017-08-20T18:53:00,84,74,30.03,10,0.00
2017-08-20T19:53:00,83,75,30.05,7,0.00
2017-08-20T20:53:00,83,76,30.07,6,0.00
2017-08-20T21:53:00,83,74,30.10,5,0.00
2017-08-20T22:00:00,83,74,30.07,5,NA
2017-08-20T22:53:00,83,75,30.11,7,0.00
2017-08-20T23:53:00,82,75,30.10,6,0.00
2017-08-21T00:53:00,82,74,30.08,6,0.00
2017-08-21T01:00:00,82,74,30.05,6,NA
2017-08-21T01:53:00,80,74,30.06,7,0.00
2017-08-21T02:53:00,80,75,30.03,5,0.00
2017-08-21T03:53:00,79,75,30.04,5,0.00
2017-08-21T04:00:00,79,75,30.01,5,NA
2017-08-21T04:53:00,80,75,30.06,5,0.00
2017-08-21T05:53:00,79,75,30.07,3,0.00
2017-08-21T06:53:00,80,76,30.09,3,0.00
2017-08-21T07:00:00,80,76,30.06,3,NA
2017-08-21T07:02:00,80,76,30.09,5,NA
2017-08-21T07:53:00,83,76,30.11,8,0.00
2017-08-21T08:53:00,85,75,30.11,5,0.00
2017-08-21T09:53:00,89,75,30.13,8,0.00
2017-08-21T10:00:00,89,75,30.10,8,NA
2017-08-21T10:53:00,90,74,30.12,8,0.00
2017-08-21T11:53:00,91,73,30.10,8,0.00
2017-08-21T12:53:00,93,72,30.09,7,0.00
2017-08-21T13:00:00,93,72,30.06,7,NA
2017-08-21T13:53:00,91,71,30.06,5,0.00
2017-08-21T14:53:00,93,71,30.05,7,0.00
2017-08-21T15:53:00,93,69,30.05,7,0.00
2017-08-21T16:00:00,93,69,30.02,7,NA
2017-08-21T16:53:00,94,70,30.05,6,0.00
2017-08-21T17:53:00,93,71,30.05,6,0.00
2017-08-21T18:53:00,91,69,30.07,5,0.00
2017-08-21T19:00:00,91,69,30.04,5,NA
2017-08-21T19:53:00,89,69,30.09,6,0.00
2017-08-21T20:53:00,88,70,30.10,6,0.00
2017-08-21T21:53:00,86,72,30.11,5,0.00
2017-08-21T22:00:00,86,72,30.08,5,NA
2017-08-21T22:53:00,85,73,30.11,5,0.00
2017-08-21T23:53:00,83,74,30.10,7,0.00
2017-08-22T00:53:00,82,74,30.09,5,0.00
2017-08-22T01:00:00,82,74,30.06,5,NA
2017-08-22T01:53:00,82,74,30.07,3,0.00
2017-08-22T02:53:00,80,74,30.03,3,0.00
2017-08-22T03:53:00,80,74,30.02,7,0.00
2017-08-22T04:00:00,80,74,29.99,7,NA
2017-08-22T04:53:00,79,74,30.04,6,0.00
2017-08-22T05:53:00,79,74,30.05,5,0.00
2017-08-22T06:53:00,79,74,30.07,3,0.00
2017-08-22T07:00:00,79,74,30.04,3,NA
2017-08-22T07:53:00,82,74,30.08,9,0.00
2017-08-22T08:53:00,86,73,30.08,6,0.00
2017-08-22T09:53:00,89,71,30.08,7,0.00
2017-08-22T10:00:00,89,71,30.05,7,NA
2017-08-22T10:53:00,91,71,30.07,5,0.00
2017-08-22T11:53:00,92,71,30.06,8,0.00
2017-08-22T12:53:00,95,70,30.04,3,0.00
2017-08-22T13:00:00,95,70,30.01,3,NA
2017-08-22T13:53:00,96,69,30.02,5,0.00
2017-08-22T14:53:00,94,67,30.01,10,0.00
2017-08-22T15:53:00,96,68,29.98,0,0.00
2017-08-22T16:00:00,96,68,29.95,0,NA
2017-08-22T16:53:00,95,66,29.97,5,0.00
2017-08-22T17:53:00,94,66,29.97,6,0.00
2017-08-22T18:53:00,92,67,29.96,7,0.00
2017-08-22T19:00:00,92,67,29.93,7,NA
2017-08-22T19:53:00,90,67,29.98,7,0.00
2017-08-22T20:53:00,89,66,29.99,6,0.00
2017-08-22T21:53:00,87,70,30.00,5,0.00
2017-08-22T22:00:00,87,70,29.97,5,NA
2017-08-22T22:53:00,85,74,29.99,7,0.00
2017-08-22T23:53:00,83,75,29.99,5,0.00
2017-08-23T00:53:00,83,75,29.97,5,0.00
2017-08-23T01:00:00,83,75,29.94,5,NA
2017-08-23T01:53:00,82,75,29.97,0,0.00
2017-08-23T02:53:00,81,75,29.94,3,0.00
2017-08-23T03:53:00,81,75,29.94,5,0.00
2017-08-23T04:00:00,81,75,29.91,5,NA
2017-08-23T04:53:00,79,75,29.94,3,0.00
2017-08-23T05:53:00,79,75,29.95,0,0.00
2017-08-23T06:53:00,80,76,29.96,8,0.00
2017-08-23T07:00:00,80,76,29.93,8,NA
2017-08-23T07:53:00,82,76,29.96,8,0.00
2017-08-23T08:53:00,84,76,29.96,6,0.00
2017-08-23T09:53:00,88,74,29.96,3,0.00
2017-08-23T10:00:00,88,74,29.93,3,NA
2017-08-23T10:53:00,90,72,29.96,5,0.00
2017-08-23T11:53:00,92,73,29.94,10,0.00
2017-08-23T12:53:00,91,73,29.91,6,0.00
2017-08-23T13:00:00,91,73,29.88,6,NA
2017-08-23T13:53:00,94,73,29.88,8,0.00
2017-08-23T14:47:00,95,72,29.85,9,NA
2017-08-23T14:53:00,95,72,29.85,8,0.00
2017-08-23T14:56:00,95,72,29.85,8,NA
2017-08-23T15:53:00,88,74,29.85,16,0.08s
2017-08-23T16:00:00,88,74,29.82,16,NA
2017-08-23T16:18:00,84,76,29.83,3,0.21
2017-08-23T16:34:00,87,77,29.83,3,0.21
2017-08-23T16:53:00,87,76,29.84,7,0.13
2017-08-23T17:50:00,88,75,29.85,5,NA
2017-08-23T17:53:00,88,75,29.86,5,0.00
2017-08-23T18:17:00,79,73,29.88,16,T
2017-08-23T18:53:00,79,75,29.88,7,0.24
2017-08-23T19:00:00,79,76,29.85,7,NA
2017-08-23T19:49:00,79,75,29.88,0,0.01
2017-08-23T19:53:00,79,76,29.88,0,0.01
2017-08-23T20:53:00,80,76,29.90,0,T
2017-08-23T21:53:00,80,76,29.91,5,T
2017-08-23T22:00:00,80,76,29.88,5,NA
2017-08-23T22:53:00,80,76,29.89,3,0.00
2017-08-23T23:53:00,81,75,29.88,0,0.00
2017-08-24T00:53:00,80,76,29.87,0,0.00
2017-08-24T01:00:00,80,76,29.84,0,NA
2017-08-24T01:53:00,80,75,29.87,3,0.00
2017-08-24T02:53:00,79,76,29.86,5,0.00
2017-08-24T03:53:00,79,76,29.86,6,0.00
2017-08-24T04:00:00,79,76,29.83,6,NA
2017-08-24T04:53:00,78,75,29.86,5,0.00
2017-08-24T05:53:00,78,75,29.87,3,0.00
2017-08-24T06:53:00,79,75,29.87,3,0.00
2017-08-24T07:00:00,79,75,29.84,3,NA
2017-08-24T07:53:00,81,75,29.88,5,0.00
2017-08-24T08:53:00,84,74,29.89,3,0.00
2017-08-24T09:53:00,86,75,29.90,6,0.00
2017-08-24T10:00:00,86,75,29.87,6,NA
2017-08-24T10:53:00,87,75,29.89,7,0.00
2017-08-24T11:53:00,89,74,29.88,5,0.00
2017-08-24T12:53:00,90,72,29.86,3,0.00
2017-08-24T13:00:00,90,72,29.83,3,NA
2017-08-24T13:53:00,92,73,29.84,3,0.00
2017-08-24T14:53:00,93,74,29.83,3,0.00
2017-08-24T15:51:00,90,75,29.81,7,NA
2017-08-24T15:53:00,90,75,29.81,7,0.00
2017-08-24T15:57:00,90,75,29.81,3,NA
2017-08-24T16:00:00,90,75,29.78,7,NA
2017-08-24T16:53:00,82,74,29.81,7,0.01
2017-08-24T17:30:00,83,75,29.82,5,NA
2017-08-24T17:53:00,82,77,29.84,5,T
2017-08-24T18:53:00,82,75,29.84,8,0.00
2017-08-24T19:00:00,82,75,29.81,8,NA
2017-08-24T19:53:00,82,74,29.84,0,0.00
2017-08-24T20:53:00,82,74,29.87,3,0.00
2017-08-24T21:05:00,82,74,29.87,0,NA
2017-08-24T21:53:00,82,74,29.89,6,0.00
2017-08-24T22:00:00,82,74,29.86,6,NA
2017-08-24T22:53:00,81,75,29.88,6,0.00
2017-08-24T23:53:00,80,74,29.86,0,0.00
2017-08-25T00:53:00,79,75,29.86,5,0.00
2017-08-25T01:00:00,79,75,29.83,5,NA
2017-08-25T01:53:00,79,74,29.86,6,0.00
2017-08-25T02:51:00,79,73,29.85,6,NA
2017-08-25T02:53:00,78,74,29.85,5,0.00
2017-08-25T03:51:00,79,73,29.86,3,NA
2017-08-25T03:53:00,79,74,29.86,3,0.00
2017-08-25T04:00:00,79,74,29.83,3,NA
2017-08-25T04:53:00,79,74,29.86,5,0.00
2017-08-25T05:51:00,79,73,29.88,5,NA
2017-08-25T05:53:00,78,74,29.88,3,0.00
2017-08-25T06:51:00,79,73,29.90,7,NA
2017-08-25T06:53:00,79,74,29.90,6,0.00
2017-08-25T07:00:00,79,74,29.87,6,NA
2017-08-25T07:22:00,79,74,29.90,3,NA
2017-08-25T07:53:00,78,74,29.91,5,0.00
2017-08-25T08:30:00,82,74,29.91,0,NA
2017-08-25T08:51:00,82,73,29.92,5,NA
2017-08-25T08:53:00,82,74,29.92,3,0.00
2017-08-25T09:53:00,83,75,29.92,3,0.00
2017-08-25T10:00:00,83,75,29.89,3,NA
2017-08-25T10:26:00,83,74,29.92,5,NA
2017-08-25T10:53:00,84,75,29.93,7,0.00
2017-08-25T11:53:00,84,75,29.93,6,0.00
2017-08-25T12:53:00,85,75,29.92,6,0.00
2017-08-25T13:00:00,85,75,29.89,6,NA
2017-08-25T13:53:00,88,75,29.90,7,0.00
2017-08-25T14:53:00,89,76,29.88,8,0.00
2017-08-25T15:53:00,90,77,29.88,10,0.00
2017-08-25T16:00:00,90,77,29.85,10,NA
2017-08-25T16:53:00,86,76,29.88,11,0.00
2017-08-25T17:13:00,83,78,29.88,10,0.03
2017-08-25T17:23:00,83,78,29.89,6,0.03
2017-08-25T17:53:00,86,77,29.89,9,0.03
2017-08-25T18:53:00,81,76,29.92,8,0.08s
2017-08-25T19:00:00,81,76,29.89,8,NA
2017-08-25T19:15:00,78,76,29.93,7,0.49
2017-08-25T19:25:00,78,76,29.92,5,NA
2017-08-25T19:32:00,77,75,29.91,3,0.87
2017-08-25T19:51:00,77,75,29.91,0,NA
2017-08-25T19:53:00,77,75,29.91,0,0.81
2017-08-25T20:02:00,77,74,29.91,3,T
2017-08-25T20:53:00,79,75,29.93,5,0.02
2017-08-25T21:53:00,79,75,29.95,3,T
2017-08-25T22:00:00,79,75,29.92,3,NA
2017-08-25T22:53:00,79,76,29.94,3,0.00
2017-08-25T23:53:00,79,76,29.94,3,0.00
2017-08-26T00:53:00,79,76,29.92,0,0.00
2017-08-26T01:00:00,79,76,29.89,0,NA
2017-08-26T01:06:00,79,76,29.92,3,NA
2017-08-26T01:15:00,79,76,29.92,3,NA
2017-08-26T01:51:00,79,75,29.91,0,NA
2017-08-26T01:53:00,79,76,29.91,3,0.00
2017-08-26T02:05:00,79,75,29.91,3,NA
2017-08-26T02:53:00,79,75,29.90,0,0.00
2017-08-26T03:00:00,79,75,29.90,0,NA
2017-08-26T03:53:00,79,76,29.91,5,0.00
2017-08-26T04:00:00,79,76,29.88,5,NA
2017-08-26T04:53:00,78,76,29.92,5,0.00
2017-08-26T05:50:00,79,75,29.92,3,NA
2017-08-26T05:53:00,78,76,29.92,5,0.00
2017-08-26T06:53:00,79,76,29.93,0,0.00
2017-08-26T07:00:00,79,76,29.90,0,NA
2017-08-26T07:53:00,81,77,29.94,0,0.00
2017-08-26T08:17:00,80,76,29.94,5,NA
2017-08-26T08:53:00,82,77,29.94,0,0.00
2017-08-26T09:37:00,83,77,29.94,3,NA
2017-08-26T09:53:00,85,77,29.94,3,0.00
2017-08-26T10:00:00,85,77,29.91,3,NA
2017-08-26T10:14:00,85,76,29.95,3,NA
2017-08-26T10:34:00,86,76,29.94,5,NA
2017-08-26T10:50:00,88,75,29.94,5,NA
2017-08-26T10:53:00,87,76,29.93,5,0.00
2017-08-26T11:53:00,87,77,29.94,5,0.00
2017-08-26T12:53:00,88,77,29.91,6,0.00
2017-08-26T13:00:00,88,77,29.88,6,NA
2017-08-26T13:53:00,86,76,29.90,8,0.00
2017-08-26T14:09:00,85,77,29.89,7,0.06
2017-08-26T14:24:00,83,77,29.89,9,0.26
2017-08-26T14:33:00,83,77,29.88,13,0.26
2017-08-26T14:49:00,88,79,29.88,11,0.26
2017-08-26T14:53:00,90,78,29.88,11,0.26
2017-08-26T15:48:00,88,75,29.88,7,T
2017-08-26T15:53:00,87,76,29.87,6,T
2017-08-26T16:00:00,87,76,29.84,6,NA
2017-08-26T16:25:00,87,76,29.87,7,NA
2017-08-26T16:51:00,88,77,29.87,8,NA
2017-08-26T16:53:00,88,76,29.87,7,0.00
2017-08-26T17:07:00,88,76,29.87,8,NA
2017-08-26T17:21:00,88,76,29.88,5,NA
2017-08-26T17:37:00,88,76,29.87,13,NA
2017-08-26T17:53:00,85,77,29.87,20,0.00
2017-08-26T18:49:00,81,73,29.88,3,T
2017-08-26T18:53:00,80,75,29.88,3,T
2017-08-26T19:00:00,80,75,29.85,3,NA
2017-08-26T19:53:00,80,75,29.89,5,T
2017-08-26T20:53:00,80,76,29.91,0,0.00
2017-08-26T21:17:00,81,76,29.91,0,NA
2017-08-26T21:32:00,80,76,29.91,5,T
2017-08-26T21:51:00,81,77,29.91,0,NA
2017-08-26T21:53:00,80,77,29.91,0,0.01
2017-08-26T22:00:00,80,77,29.88,0,NA
2017-08-26T22:09:00,80,77,29.90,3,0.01
2017-08-26T22:53:00,80,77,29.90,5,0.03
2017-08-26T23:51:00,81,77,29.88,9,NA
2017-08-26T23:53:00,80,77,29.88,9,T
2017-08-27T00:16:00,81,76,29.88,7,NA
2017-08-27T00:53:00,81,77,29.88,7,0.00
2017-08-27T01:00:00,81,77,29.85,7,NA
2017-08-27T01:51:00,82,77,29.85,5,NA
2017-08-27T01:53:00,82,78,29.85,5,0.00
2017-08-27T02:53:00,81,78,29.83,5,0.00
2017-08-27T03:09:00,81,78,29.83,0,NA
2017-08-27T03:53:00,80,77,29.83,3,0.00
2017-08-27T04:00:00,80,77,29.80,3,NA
2017-08-27T04:33:00,80,77,29.84,5,NA
2017-08-27T04:51:00,81,77,29.84,0,NA
2017-08-27T04:53:00,80,77,29.84,0,T
2017-08-27T05:04:00,79,77,29.85,0,0.01
2017-08-27T05:51:00,79,77,29.85,7,NA
2017-08-27T05:53:00,79,77,29.85,7,0.01
2017-08-27T06:25:00,79,77,29.85,3,NA
2017-08-27T06:44:00,79,77,29.86,6,NA
2017-08-27T06:53:00,79,77,29.86,5,0.00
2017-08-27T07:00:00,79,77,29.83,5,NA
2017-08-27T07:43:00,80,77,29.86,0,NA
2017-08-27T07:53:00,80,77,29.86,5,0.00
2017-08-27T08:53:00,81,77,29.87,5,0.00
2017-08-27T09:53:00,81,76,29.87,8,T
2017-08-27T10:00:00,81,76,29.84,8,NA
2017-08-27T10:16:00,82,77,29.87,11,NA
2017-08-27T10:43:00,84,77,29.87,13,NA
2017-08-27T10:53:00,84,77,29.87,13,0.00
2017-08-27T11:53:00,85,78,29.85,15,0.00
2017-08-27T12:28:00,84,77,29.85,16,NA
2017-08-27T12:53:00,85,77,29.85,16,0.00
2017-08-27T13:00:00,85,77,29.82,16,NA
2017-08-27T13:53:00,86,78,29.81,11,0.00
2017-08-27T14:53:00,84,77,29.80,13,0.00
2017-08-27T15:39:00,82,78,29.79,18,T
2017-08-27T15:42:00,81,78,29.79,22,T
2017-08-27T15:45:00,80,77,29.80,17,0.02
2017-08-27T15:48:00,79,77,29.80,17,0.12
2017-08-27T15:51:00,79,77,29.80,20,NA
2017-08-27T15:53:00,79,77,29.80,15,0.68s
2017-08-27T16:00:00,79,77,29.77,15,NA
2017-08-27T16:03:00,79,77,29.80,5,0.39
2017-08-27T16:07:00,78,77,29.80,0,0.53
2017-08-27T16:15:00,78,76,29.80,6,0.79
2017-08-27T16:23:00,78,76,29.80,0,1.06
2017-08-27T16:30:00,79,76,29.80,0,1.11
2017-08-27T16:37:00,80,78,29.80,0,1.12
2017-08-27T16:41:00,79,77,29.80,0,1.13
2017-08-27T16:51:00,79,77,29.80,0,NA
2017-08-27T16:53:00,79,77,29.80,3,0.86
2017-08-27T17:19:00,80,77,29.80,3,0.02
2017-08-27T17:53:00,80,76,29.79,5,0.02
2017-08-27T18:51:00,79,75,29.80,5,NA
2017-08-27T18:53:00,79,76,29.80,5,0.00
2017-08-27T19:00:00,79,76,29.77,5,NA
2017-08-27T19:53:00,79,76,29.81,3,0.00
2017-08-27T20:53:00,79,76,29.83,5,0.00
2017-08-27T21:53:00,79,76,29.83,5,0.00
2017-08-27T22:00:00,79,76,29.80,5,NA
2017-08-27T22:04:00,79,76,29.83,5,NA
2017-08-27T22:20:00,79,76,29.83,7,NA
2017-08-27T22:33:00,79,76,29.83,7,NA
2017-08-27T22:53:00,78,76,29.83,7,0.00
2017-08-27T23:51:00,79,75,29.82,6,NA
2017-08-27T23:53:00,78,76,29.82,6,0.00
2017-08-28T00:43:00,78,76,29.81,5,NA
2017-08-28T00:53:00,78,76,29.81,5,0.00
2017-08-28T01:00:00,78,76,29.78,5,NA
2017-08-28T01:53:00,78,75,29.80,5,0.00
2017-08-28T02:53:00,78,75,29.78,0,0.00
2017-08-28T03:53:00,78,75,29.78,0,0.00
2017-08-28T04:00:00,78,75,29.75,0,NA
2017-08-28T04:53:00,78,75,29.79,3,0.00
2017-08-28T05:27:00,78,75,29.80,5,NA
2017-08-28T05:53:00,78,75,29.80,0,0.00
2017-08-28T06:28:00,78,75,29.81,0,NA
2017-08-28T06:53:00,79,76,29.82,0,0.00
2017-08-28T07:00:00,79,76,29.79,0,NA
2017-08-28T07:23:00,80,75,29.83,0,NA
2017-08-28T07:51:00,81,75,29.83,0,NA
2017-08-28T07:53:00,80,76,29.83,0,0.00
2017-08-28T08:53:00,83,77,29.83,6,0.00
2017-08-28T09:53:00,84,77,29.83,5,0.00
2017-08-28T10:00:00,84,77,29.80,5,NA
2017-08-28T10:08:00,84,76,29.83,13,NA
2017-08-28T10:21:00,84,77,29.83,11,NA
2017-08-28T10:53:00,83,77,29.83,5,0.02
2017-08-28T10:55:00,83,77,29.83,7,T
2017-08-28T10:57:00,82,77,29.83,9,0.01
2017-08-28T11:04:00,80,76,29.83,13,0.10
2017-08-28T11:07:00,80,76,29.83,10,0.18
2017-08-28T11:15:00,81,77,29.83,6,0.44
2017-08-28T11:21:00,81,78,29.83,5,0.45
2017-08-28T11:47:00,81,75,29.83,16,0.54
2017-08-28T11:53:00,80,77,29.83,16,1.05
2017-08-28T12:09:00,80,77,29.83,11,0.43
2017-08-28T12:30:00,81,77,29.83,17,0.45
2017-08-28T12:42:00,81,77,29.83,13,0.50
2017-08-28T12:51:00,81,79,29.83,8,NA
2017-08-28T12:53:00,82,78,29.84,8,0.18
2017-08-28T13:00:00,82,78,29.81,8,NA
2017-08-28T13:13:00,81,78,29.84,7,0.01
2017-08-28T13:29:00,81,77,29.83,9,0.02
2017-08-28T13:53:00,82,76,29.83,14,0.04
2017-08-28T14:45:00,80,77,29.83,10,0.01
2017-08-28T14:53:00,80,77,29.83,10,0.01
2017-08-28T15:03:00,79,76,29.84,9,T
2017-08-28T15:18:00,78,76,29.83,3,0.06
2017-08-28T15:38:00,78,76,29.83,8,0.15
2017-08-28T15:53:00,78,76,29.84,7,0.26s
2017-08-28T16:00:00,78,76,29.81,7,NA
2017-08-28T16:07:00,78,76,29.84,7,0.42
2017-08-28T16:26:00,77,75,29.83,9,0.78
2017-08-28T16:39:00,77,75,29.83,5,0.80
2017-08-28T16:53:00,77,75,29.83,3,0.75
2017-08-28T17:14:00,78,75,29.85,3,0.03
2017-08-28T17:33:00,78,75,29.86,8,0.07
2017-08-28T17:53:00,78,76,29.86,7,0.14
2017-08-28T18:51:00,77,75,29.89,17,0.67
2017-08-28T18:52:00,77,76,29.89,15,0.87
2017-08-28T19:00:00,77,76,29.86,15,NA
2017-08-28T19:00:00,78,76,29.89,16,0.17
2017-08-28T19:17:00,76,74,29.90,21,0.20
2017-08-28T19:24:00,76,74,29.90,17,0.24
2017-08-28T19:51:00,75,72,29.91,10,NA
2017-08-28T19:53:00,75,72,29.91,10,0.19
2017-08-28T20:53:00,77,74,29.91,8,0.02
2017-08-28T21:53:00,79,75,29.92,8,0.00
2017-08-28T22:00:00,79,75,29.89,8,NA
2017-08-28T22:53:00,79,75,29.92,6,0.00
2017-08-28T23:53:00,80,75,29.91,6,0.00
2017-08-29T00:53:00,81,75,29.88,9,0.00
2017-08-29T01:00:00,81,75,29.85,9,NA
2017-08-29T01:53:00,81,75,29.87,9,0.00
2017-08-29T02:53:00,81,76,29.87,9,0.00
2017-08-29T03:53:00,81,76,29.87,6,0.00
2017-08-29T04:00:00,81,76,29.84,6,NA
2017-08-29T04:53:00,81,76,29.89,7,0.00
2017-08-29T05:38:00,82,76,29.90,6,NA
2017-08-29T05:53:00,81,76,29.90,6,0.00
2017-08-29T06:15:00,82,74,29.91,9,NA
2017-08-29T06:53:00,82,76,29.92,8,0.00
2017-08-29T07:00:00,82,76,29.89,8,NA
2017-08-29T07:53:00,84,77,29.94,7,0.00
2017-08-29T08:51:00,84,77,29.95,7,NA
2017-08-29T08:53:00,85,77,29.95,9,0.00
2017-08-29T09:53:00,87,77,29.95,10,0.00
2017-08-29T10:00:00,87,77,29.92,10,NA
2017-08-29T10:31:00,82,76,29.95,15,NA
2017-08-29T10:51:00,82,73,29.96,9,NA
2017-08-29T10:53:00,82,74,29.96,10,T
2017-08-29T11:53:00,86,78,29.96,0,0.01
2017-08-29T12:06:00,82,76,29.96,3,NA
2017-08-29T12:38:00,82,77,29.96,11,0.05
2017-08-29T12:53:00,79,77,29.96,11,0.08
2017-08-29T12:59:00,79,77,29.96,8,0.01
2017-08-29T13:00:00,79,77,29.93,11,NA
2017-08-29T13:23:00,80,77,29.96,7,0.01
2017-08-29T13:40:00,81,77,29.97,11,0.01
2017-08-29T13:47:00,81,77,29.96,11,0.01
2017-08-29T13:53:00,80,76,29.96,13,0.02
2017-08-29T14:53:00,82,77,29.95,6,T
2017-08-29T15:53:00,86,77,29.95,7,0.00
2017-08-29T16:00:00,86,77,29.92,7,NA
2017-08-29T16:27:00,80,74,29.96,10,0.10
2017-08-29T16:51:00,82,77,29.96,8,0.10
2017-08-29T16:53:00,82,77,29.95,9,0.10
2017-08-29T17:51:00,82,75,29.97,5,NA
2017-08-29T17:53:00,82,76,29.97,7,0.00
2017-08-29T18:53:00,81,76,29.97,3,0.00
2017-08-29T19:00:00,81,76,29.94,3,NA
2017-08-29T19:37:00,77,74,30.00,11,0.01
2017-08-29T19:51:00,75,73,30.00,14,0.28
2017-08-29T19:53:00,76,74,30.00,14,0.34
2017-08-29T19:55:00,75,74,30.00,11,0.02
2017-08-29T19:57:00,76,74,30.00,11,0.03
2017-08-29T20:00:00,76,74,30.00,10,0.04
2017-08-29T20:13:00,76,74,30.00,5,0.05
2017-08-29T20:53:00,76,73,30.01,8,0.07
2017-08-29T21:53:00,76,73,30.00,3,T
2017-08-29T22:00:00,76,73,29.97,3,NA
2017-08-29T22:53:00,76,73,30.00,0,0.00
2017-08-29T23:53:00,76,74,29.99,3,0.00
2017-08-30T00:53:00,76,74,29.98,0,0.00
2017-08-30T01:00:00,76,74,29.95,0,NA
2017-08-30T01:53:00,76,74,29.96,0,0.00
2017-08-30T02:53:00,76,74,29.96,0,0.00
2017-08-30T03:53:00,77,74,29.96,0,0.00
2017-08-30T04:00:00,77,74,29.93,0,NA
2017-08-30T04:53:00,76,74,29.96,0,0.00
2017-08-30T05:53:00,76,73,29.97,0,0.00
2017-08-30T06:53:00,77,75,29.99,5,0.00
2017-08-30T07:00:00,77,75,29.96,5,NA
2017-08-30T07:53:00,80,75,30.00,5,0.00
2017-08-30T08:53:00,83,76,30.01,3,0.00
2017-08-30T09:53:00,85,76,30.03,0,0.00
2017-08-30T10:00:00,85,76,30.00,0,NA
2017-08-30T10:53:00,86,76,30.04,6,0.00
2017-08-30T11:53:00,87,75,30.03,5,0.00
2017-08-30T12:53:00,89,73,30.03,7,T
2017-08-30T13:00:00,89,73,30.00,7,NA
2017-08-30T13:53:00,89,73,30.01,6,0.00
2017-08-30T14:53:00,91,71,29.99,7,0.00
2017-08-30T15:53:00,90,72,29.99,5,0.00
2017-08-30T16:00:00,90,72,29.96,5,NA
2017-08-30T16:53:00,90,72,29.98,6,0.00
2017-08-30T17:53:00,89,71,29.98,7,0.00
2017-08-30T18:53:00,87,73,29.99,7,0.00
2017-08-30T19:00:00,87,73,29.96,7,NA
2017-08-30T19:53:00,85,75,30.00,7,0.00
2017-08-30T20:53:00,84,76,30.03,3,0.00
2017-08-30T21:53:00,83,76,30.05,5,0.00
2017-08-30T22:00:00,83,76,30.02,5,NA
2017-08-30T22:53:00,83,77,30.04,5,0.00
2017-08-30T23:53:00,83,77,30.03,3,0.00
2017-08-31T00:53:00,82,77,30.03,3,0.00
2017-08-31T01:00:00,82,77,30.00,3,NA
2017-08-31T01:53:00,81,76,30.01,3,0.00
2017-08-31T02:53:00,81,76,30.01,0,0.00
2017-08-31T03:53:00,81,75,30.01,0,0.00
2017-08-31T04:00:00,81,75,29.98,0,NA
2017-08-31T04:53:00,81,75,30.02,0,0.00
2017-08-31T05:53:00,81,76,30.03,0,0.00
2017-08-31T06:53:00,82,76,30.04,3,0.00
2017-08-31T07:00:00,82,76,30.01,3,NA
2017-08-31T07:53:00,84,77,30.05,7,0.00
2017-08-31T08:53:00,86,78,30.04,6,0.00
2017-08-31T09:53:00,88,78,30.05,8,0.00
2017-08-31T10:00:00,88,78,30.02,8,NA
2017-08-31T10:53:00,91,77,30.05,7,0.00
2017-08-31T11:53:00,90,80,30.04,8,0.00
2017-08-31T12:53:00,92,80,30.03,8,0.00
2017-08-31T13:00:00,92,80,30.00,8,NA
2017-08-31T13:53:00,92,78,30.00,8,0.00
2017-08-31T14:53:00,91,75,29.97,8,0.00
2017-08-31T15:53:00,92,76,29.98,9,0.00
2017-08-31T16:00:00,92,76,29.95,9,NA
2017-08-31T16:29:00,92,76,29.96,10,NA
2017-08-31T16:53:00,90,75,29.98,10,0.00
2017-08-31T17:14:00,90,75,29.98,9,NA
2017-08-31T17:27:00,90,75,29.99,8,NA
2017-08-31T17:42:00,90,76,29.99,8,NA
2017-08-31T17:53:00,91,75,29.99,9,0.00
2017-08-31T18:12:00,86,74,29.99,8,NA
2017-08-31T18:27:00,85,74,29.98,3,NA
2017-08-31T18:53:00,86,74,29.97,5,0.00
2017-08-31T19:00:00,86,74,29.94,5,NA
2017-08-31T19:53:00,85,74,30.00,7,0.00
2017-08-31T20:53:00,84,74,30.02,5,0.00
2017-08-31T21:53:00,84,74,30.02,0,0.00
2017-08-31T22:00:00,84,74,29.99,0,NA
2017-08-31T22:53:00,84,74,30.03,6,0.00
2017-08-31T23:53:00,83,73,30.02,5,0.00
2017-09-01T00:53:00,83,73,30.01,0,0.00
2017-09-01T01:00:00,83,73,29.98,0,NA
2017-09-01T01:53:00,83,74,30.01,0,0.00
2017-09-01T02:53:00,82,75,29.99,5,0.00
2017-09-01T03:53:00,81,75,29.99,6,0.00
2017-09-01T04:00:00,81,75,29.96,6,NA
2017-09-01T04:53:00,81,74,30.00,0,0.00
2017-09-01T05:53:00,80,74,30.02,5,0.00
2017-09-01T06:53:00,80,76,30.03,6,0.00
2017-09-01T07:00:00,80,76,30.00,6,NA
2017-09-01T07:53:00,83,76,30.03,5,0.00
2017-09-01T08:53:00,87,76,30.05,6,0.00
2017-09-01T09:53:00,88,77,30.05,8,0.00
2017-09-01T10:00:00,88,77,30.02,8,NA
2017-09-01T10:53:00,89,77,30.03,7,0.00
2017-09-01T11:53:00,90,76,30.02,9,0.00
2017-09-01T12:53:00,91,77,30.01,9,0.00
2017-09-01T13:00:00,91,77,29.98,9,NA
2017-09-01T13:53:00,93,76,29.98,10,0.00
2017-09-01T13:56:00,93,76,29.98,11,NA
2017-09-01T14:11:00,92,77,29.99,10,NA
2017-09-01T14:53:00,90,77,29.96,8,0.00
2017-09-01T15:10:00,92,77,29.94,10,NA
2017-09-01T15:38:00,83,72,29.99,11,NA
2017-09-01T15:53:00,83,72,29.99,15,0.00
2017-09-01T16:00:00,83,72,29.96,15,NA
2017-09-01T16:18:00,77,73,30.00,14,0.49
2017-09-01T16:31:00,78,74,29.99,10,0.52
2017-09-01T16:38:00,79,74,29.99,7,0.52
2017-09-01T16:42:00,80,74,29.99,6,0.52
2017-09-01T16:53:00,82,74,29.98,10,0.52
2017-09-01T17:22:00,79,72,29.99,10,NA
2017-09-01T17:34:00,78,74,29.99,9,0.13
2017-09-01T17:42:00,78,74,29.99,9,0.16
2017-09-01T17:53:00,79,75,29.99,6,0.16
2017-09-01T18:24:00,80,73,30.01,6,NA
2017-09-01T18:53:00,80,74,30.03,3,0.00
2017-09-01T19:00:00,80,74,30.00,3,NA
2017-09-01T19:53:00,80,71,30.03,5,0.00
2017-09-01T20:53:00,78,71,30.04,5,0.00
2017-09-01T21:03:00,78,71,30.06,3,NA
2017-09-01T21:08:00,78,71,30.05,0,NA
2017-09-01T21:39:00,78,71,30.08,3,T
2017-09-01T21:53:00,78,72,30.09,5,T
2017-09-01T22:00:00,78,72,30.06,5,NA
2017-09-01T22:25:00,77,73,30.08,3,0.02
2017-09-01T22:40:00,77,73,30.10,0,0.04
2017-09-01T22:53:00,77,73,30.12,5,0.07
2017-09-01T22:57:00,77,74,30.12,6,T
2017-09-01T23:53:00,75,73,30.08,7,0.16
2017-09-02T00:03:00,75,73,30.08,5,0.02
2017-09-02T00:53:00,75,73,30.05,0,0.12
2017-09-02T01:00:00,75,73,30.02,0,NA
2017-09-02T01:53:00,75,73,30.03,0,T
2017-09-02T02:53:00,75,73,29.99,5,0.00
2017-09-02T03:53:00,75,73,29.96,6,T
2017-09-02T04:00:00,75,73,29.93,6,NA
2017-09-02T04:53:00,76,73,30.00,3,T
2017-09-02T05:53:00,77,74,30.03,5,0.00
2017-09-02T06:53:00,77,74,30.03,5,0.00
2017-09-02T07:00:00,77,74,30.00,5,NA
2017-09-02T07:53:00,79,73,30.06,0,0.00
2017-09-02T08:49:00,81,72,30.07,0,NA
2017-09-02T08:53:00,81,72,30.07,0,0.00
2017-09-02T09:53:00,82,75,30.08,0,0.00
2017-09-02T10:00:00,82,75,30.05,0,NA
2017-09-02T10:53:00,84,73,30.07,0,0.00
2017-09-02T11:53:00,85,74,30.06,0,0.00
2017-09-02T12:27:00,85,74,30.05,8,NA
2017-09-02T12:53:00,85,73,30.05,8,0.00
2017-09-02T13:00:00,85,73,30.02,8,NA
2017-09-02T13:23:00,83,74,30.06,13,NA
2017-09-02T13:38:00,82,74,30.05,9,NA
2017-09-02T13:51:00,81,73,30.07,10,NA
2017-09-02T13:53:00,81,74,30.07,11,0.00
2017-09-02T14:25:00,78,75,30.06,9,T
2017-09-02T14:53:00,77,74,30.04,9,0.08
2017-09-02T15:53:00,76,73,30.02,6,0.06
2017-09-02T16:00:00,76,73,29.99,6,NA
2017-09-02T16:53:00,78,74,30.02,3,0.02
2017-09-02T17:53:00,78,74,30.03,5,T
2017-09-02T18:53:00,78,74,30.05,6,0.00
2017-09-02T19:00:00,78,74,30.02,6,NA
2017-09-02T19:53:00,78,74,30.06,0,0.00
2017-09-02T20:53:00,77,74,30.07,0,0.00
2017-09-02T21:53:00,79,75,30.09,3,0.00
2017-09-02T22:00:00,79,75,30.06,3,NA
2017-09-02T22:53:00,79,75,30.08,0,0.00
2017-09-02T23:53:00,79,75,30.07,3,0.00
2017-09-03T00:53:00,78,75,30.06,0,0.00
2017-09-03T01:00:00,78,75,30.03,0,NA
2017-09-03T01:53:00,78,75,30.05,0,0.00
2017-09-03T02:53:00,78,74,30.04,3,0.00
2017-09-03T03:53:00,78,74,30.05,3,0.00
2017-09-03T04:00:00,78,74,30.02,3,NA
2017-09-03T04:53:00,78,74,30.05,0,0.00
2017-09-03T05:53:00,78,73,30.08,3,0.00
2017-09-03T06:53:00,79,69,30.09,6,0.00
2017-09-03T07:00:00,79,69,30.06,6,NA
2017-09-03T07:53:00,80,71,30.09,0,0.00
2017-09-03T08:53:00,84,72,30.10,0,0.00
2017-09-03T09:53:00,83,70,30.10,3,0.00
2017-09-03T10:00:00,83,70,30.07,3,NA
2017-09-03T10:53:00,83,71,30.11,5,0.00
2017-09-03T11:53:00,84,76,30.10,9,0.00
2017-09-03T12:53:00,84,75,30.09,6,0.00
2017-09-03T13:00:00,84,75,30.06,6,NA
2017-09-03T13:53:00,86,75,30.07,3,0.00
2017-09-03T14:53:00,85,73,30.04,6,0.00
2017-09-03T15:53:00,85,72,30.04,5,0.00
2017-09-03T16:00:00,85,72,30.01,5,NA
2017-09-03T16:53:00,86,69,30.03,6,0.00
2017-09-03T17:53:00,86,71,30.04,8,0.00
2017-09-03T18:53:00,83,73,30.04,3,0.00
2017-09-03T19:00:00,83,73,30.01,3,NA
2017-09-03T19:53:00,82,74,30.05,3,0.00
2017-09-03T20:53:00,82,74,30.07,6,0.00
2017-09-03T21:53:00,81,74,30.08,3,0.00
2017-09-03T22:00:00,81,74,30.05,3,NA
2017-09-03T22:53:00,80,74,30.08,0,0.00
2017-09-03T23:53:00,80,74,30.07,0,0.00
2017-09-04T00:53:00,79,74,30.06,0,0.00
2017-09-04T01:00:00,79,74,30.03,0,NA
2017-09-04T01:53:00,78,74,30.04,0,0.00
2017-09-04T02:53:00,78,73,30.03,3,0.00
2017-09-04T03:53:00,78,73,30.04,3,0.00
2017-09-04T04:00:00,78,73,30.01,3,NA
2017-09-04T04:53:00,78,73,30.04,0,0.00
2017-09-04T05:53:00,78,73,30.05,0,0.00
2017-09-04T06:53:00,79,74,30.06,0,0.00
2017-09-04T07:00:00,79,74,30.03,0,NA
2017-09-04T07:53:00,82,74,30.06,0,0.00
2017-09-04T08:53:00,84,75,30.07,6,0.00
2017-09-04T09:53:00,86,75,30.08,7,0.00
2017-09-04T10:00:00,86,75,30.05,7,NA
2017-09-04T10:53:00,86,77,30.08,7,0.00
2017-09-04T11:53:00,88,76,30.06,8,0.00
2017-09-04T12:53:00,89,70,30.05,9,0.00
2017-09-04T13:00:00,89,70,30.02,9,NA
2017-09-04T13:53:00,89,72,30.03,7,0.00
2017-09-04T14:53:00,90,70,30.01,6,0.00
2017-09-04T15:53:00,89,72,29.99,6,0.00
2017-09-04T16:00:00,89,72,29.96,6,NA
2017-09-04T16:53:00,89,73,29.98,10,0.00
2017-09-04T17:53:00,87,72,30.00,8,0.00
2017-09-04T18:53:00,84,73,30.00,5,0.00
2017-09-04T19:00:00,84,73,29.97,5,NA
2017-09-04T19:53:00,84,74,30.01,3,0.00
2017-09-04T20:53:00,84,73,30.04,3,0.00
2017-09-04T21:53:00,83,73,30.03,5,0.00
2017-09-04T22:00:00,83,73,30.00,5,NA
2017-09-04T22:53:00,82,73,30.03,0,0.00
2017-09-04T23:53:00,82,73,30.02,3,0.00
2017-09-05T00:53:00,81,73,30.01,0,0.00
2017-09-05T01:00:00,81,73,29.98,0,NA
2017-09-05T01:53:00,80,73,30.00,5,0.00
2017-09-05T02:53:00,80,73,29.98,0,0.00
2017-09-05T03:53:00,80,74,29.98,0,0.00
2017-09-05T04:00:00,80,74,29.95,0,NA
2017-09-05T04:53:00,79,74,29.99,0,0.00
2017-09-05T05:53:00,80,75,30.00,0,0.00
2017-09-05T06:53:00,81,76,30.00,3,0.00
2017-09-05T07:00:00,81,76,29.97,3,NA
2017-09-05T07:53:00,83,76,30.02,3,0.00
2017-09-05T08:53:00,83,75,30.02,5,0.00
2017-09-05T09:53:00,85,77,30.03,7,0.00
2017-09-05T10:00:00,85,77,30.00,7,NA
2017-09-05T10:53:00,85,76,30.02,5,0.00
2017-09-05T11:53:00,88,74,30.01,7,0.00
2017-09-05T11:59:00,88,74,30.00,5,NA
2017-09-05T12:53:00,86,74,29.99,7,0.00
2017-09-05T13:00:00,86,74,29.96,7,NA
2017-09-05T13:11:00,85,76,29.98,6,T
2017-09-05T13:53:00,86,72,29.97,8,T
2017-09-05T14:53:00,88,72,29.95,6,0.00
2017-09-05T15:53:00,88,73,29.92,8,0.00
2017-09-05T16:00:00,88,73,29.89,8,NA
2017-09-05T16:53:00,88,70,29.91,7,0.00
2017-09-05T17:53:00,88,68,29.91,5,0.00
2017-09-05T18:53:00,87,73,29.93,6,0.00
2017-09-05T18:58:00,88,74,29.93,7,NA
2017-09-05T19:00:00,87,73,29.90,6,NA
2017-09-05T19:15:00,86,73,29.93,5,NA
2017-09-05T19:32:00,85,74,29.95,6,T
2017-09-05T19:45:00,83,72,29.95,7,T
2017-09-05T19:51:00,82,72,29.95,10,NA
2017-09-05T19:53:00,82,70,29.95,10,T
2017-09-05T19:58:00,81,69,29.95,8,NA
2017-09-05T20:02:00,81,70,29.95,7,NA
2017-09-05T20:53:00,80,68,29.95,5,0.00
2017-09-05T21:53:00,81,67,29.97,0,0.00
2017-09-05T22:00:00,81,67,29.94,0,NA
2017-09-05T22:53:00,81,69,29.97,0,0.00
2017-09-05T23:53:00,82,70,29.96,0,0.00
2017-09-06T00:53:00,83,72,29.95,0,0.00
2017-09-06T01:00:00,83,72,29.92,0,NA
2017-09-06T01:53:00,81,73,29.94,0,0.00
2017-09-06T02:53:00,81,72,29.92,0,0.00
2017-09-06T03:53:00,81,72,29.90,3,0.00
2017-09-06T04:00:00,81,72,29.87,3,NA
2017-09-06T04:53:00,80,72,29.90,0,0.00
2017-09-06T05:53:00,80,74,29.91,3,0.00
2017-09-06T06:53:00,80,75,29.93,5,T
2017-09-06T07:00:00,80,75,29.90,5,NA
2017-09-06T07:53:00,79,75,29.93,7,T
2017-09-06T08:53:00,80,76,29.95,7,T
2017-09-06T09:53:00,80,74,29.97,7,0.00
2017-09-06T10:00:00,80,74,29.94,7,NA
2017-09-06T10:53:00,81,74,29.97,6,T
2017-09-06T11:53:00,80,75,29.95,3,0.03
2017-09-06T12:53:00,81,76,29.94,6,0.02
2017-09-06T13:00:00,81,76,29.91,6,NA
2017-09-06T13:53:00,83,76,29.93,0,0.00
2017-09-06T14:53:00,85,77,29.91,3,0.00
2017-09-06T15:53:00,86,75,29.89,6,0.00
2017-09-06T16:00:00,86,75,29.86,6,NA
2017-09-06T16:53:00,85,74,29.89,6,0.00
2017-09-06T17:53:00,85,73,29.91,0,0.00
2017-09-06T18:53:00,84,73,29.92,3,0.00
2017-09-06T19:00:00,84,73,29.89,3,NA
2017-09-06T19:53:00,83,74,29.94,5,0.00
2017-09-06T20:53:00,82,74,29.96,0,0.00
2017-09-06T21:53:00,81,74,29.97,0,0.00
2017-09-06T22:00:00,81,74,29.94,0,NA
2017-09-06T22:53:00,81,74,29.97,0,0.00
2017-09-06T23:53:00,80,75,29.97,0,0.00
2017-09-07T00:53:00,80,75,29.96,0,0.00
2017-09-07T01:00:00,80,75,29.93,0,NA
2017-09-07T01:53:00,79,75,29.94,5,0.00
2017-09-07T02:53:00,79,75,29.94,0,0.00
2017-09-07T03:53:00,78,75,29.94,3,0.00
2017-09-07T04:00:00,78,75,29.91,3,NA
2017-09-07T04:53:00,78,75,29.94,3,0.00
2017-09-07T05:53:00,78,75,29.95,0,0.00
2017-09-07T06:53:00,78,75,29.95,0,0.00
2017-09-07T07:00:00,78,75,29.92,0,NA
2017-09-07T07:53:00,82,75,29.96,0,0.00
2017-09-07T08:53:00,85,75,29.98,3,0.00
2017-09-07T09:53:00,88,74,29.98,3,0.00
2017-09-07T10:00:00,88,74,29.95,3,NA
2017-09-07T10:53:00,89,73,29.99,3,0.00
2017-09-07T11:53:00,89,76,29.98,6,0.00
2017-09-07T12:53:00,91,76,29.97,7,0.00
2017-09-07T13:00:00,91,76,29.94,7,NA
2017-09-07T13:53:00,91,75,29.96,7,0.00
2017-09-07T14:53:00,91,74,29.94,8,0.00
2017-09-07T15:53:00,92,72,29.92,9,0.00
2017-09-07T16:00:00,92,72,29.89,9,NA
2017-09-07T16:53:00,90,76,29.93,15,0.00
2017-09-07T17:53:00,89,75,29.93,9,0.00
2017-09-07T18:53:00,87,73,29.94,7,0.00
2017-09-07T19:00:00,87,73,29.91,7,NA
2017-09-07T19:50:00,86,75,29.96,9,NA
2017-09-07T19:53:00,86,75,29.97,7,0.00
2017-09-07T20:49:00,82,75,30.00,7,NA
2017-09-07T20:51:00,82,75,30.00,8,NA
2017-09-07T20:53:00,82,75,30.00,8,0.00
2017-09-07T21:47:00,81,72,30.01,3,NA
2017-09-07T21:53:00,80,72,30.01,5,0.00
2017-09-07T22:00:00,80,72,29.98,5,NA
2017-09-07T22:09:00,80,72,30.02,5,NA
2017-09-07T22:33:00,80,74,30.01,6,NA
2017-09-07T22:53:00,80,74,30.00,5,0.00
2017-09-07T23:13:00,81,75,30.00,5,NA
2017-09-07T23:53:00,80,75,29.99,6,0.00
2017-09-08T00:00:00,80,75,29.99,6,NA
2017-09-08T00:53:00,81,76,29.97,5,0.00
2017-09-08T01:00:00,81,76,29.94,5,NA
2017-09-08T01:53:00,80,76,29.96,7,0.00
2017-09-08T02:53:00,79,76,29.95,6,0.00
2017-09-08T03:53:00,79,75,29.95,7,0.00
2017-09-08T04:00:00,79,75,29.92,7,NA
2017-09-08T04:51:00,79,75,29.96,8,NA
2017-09-08T04:53:00,79,75,29.96,6,0.00
2017-09-08T05:53:00,78,75,29.97,7,0.00
2017-09-08T06:53:00,79,75,29.97,7,0.00
2017-09-08T07:00:00,79,75,29.94,7,NA
2017-09-08T07:45:00,81,76,29.98,8,NA
2017-09-08T07:53:00,81,76,29.99,8,0.00
2017-09-08T08:38:00,83,76,29.99,8,NA
2017-09-08T08:45:00,84,76,29.99,9,NA
2017-09-08T08:51:00,84,75,29.99,8,NA
2017-09-08T08:53:00,84,76,29.99,7,0.00
2017-09-08T09:51:00,84,75,29.99,7,NA
2017-09-08T09:53:00,86,77,29.99,8,0.00
2017-09-08T10:00:00,86,77,29.96,8,NA
2017-09-08T10:41:00,88,76,29.98,8,NA
2017-09-08T10:53:00,90,76,29.99,8,0.00
2017-09-08T11:53:00,91,76,29.97,9,0.00
2017-09-08T12:53:00,92,74,29.95,10,0.00
2017-09-08T13:00:00,92,74,29.92,10,NA
2017-09-08T13:53:00,93,74,29.92,13,0.00
2017-09-08T14:00:00,91,73,29.93,17,NA
2017-09-08T14:44:00,83,75,29.91,7,0.01
2017-09-08T14:51:00,82,75,29.91,8,NA
2017-09-08T14:53:00,84,75,29.91,5,0.01
2017-09-08T15:07:00,84,74,29.91,5,T
2017-09-08T15:53:00,86,74,29.91,6,T
2017-09-08T16:00:00,86,74,29.88,6,NA
2017-09-08T16:53:00,86,76,29.90,3,0.00
2017-09-08T17:30:00,87,75,29.92,10,NA
2017-09-08T17:53:00,84,74,29.92,9,T
2017-09-08T18:00:00,84,73,29.92,13,NA
2017-09-08T18:53:00,83,74,29.92,11,0.00
2017-09-08T19:00:00,83,74,29.89,11,NA
2017-09-08T19:53:00,81,73,29.92,8,0.00
2017-09-08T20:53:00,80,73,29.92,8,0.00
2017-09-08T21:53:00,79,72,29.93,8,0.00
2017-09-08T22:00:00,79,72,29.90,8,NA
2017-09-08T22:53:00,78,73,29.93,9,0.00
2017-09-08T23:53:00,78,74,29.90,10,0.00
2017-09-09T00:53:00,78,74,29.89,10,0.00
2017-09-09T01:00:00,78,74,29.86,10,NA
2017-09-09T01:53:00,79,74,29.89,8,0.00
2017-09-09T02:53:00,79,75,29.88,11,0.00
2017-09-09T03:53:00,79,75,29.87,11,0.00
2017-09-09T04:00:00,79,75,29.84,11,NA
2017-09-09T04:53:00,79,74,29.88,13,0.00
2017-09-09T05:53:00,79,74,29.88,10,0.00
2017-09-09T06:07:00,79,74,29.87,8,NA
2017-09-09T06:53:00,79,74,29.88,8,0.00
2017-09-09T07:00:00,79,74,29.85,8,NA
2017-09-09T07:53:00,81,74,29.87,10,0.00
2017-09-09T08:53:00,84,74,29.88,11,0.00
2017-09-09T09:53:00,86,74,29.88,13,0.00
2017-09-09T10:00:00,86,74,29.85,13,NA
2017-09-09T10:53:00,88,74,29.88,14,0.00
2017-09-09T11:23:00,89,74,29.88,10,NA
2017-09-09T11:41:00,90,74,29.86,13,NA
2017-09-09T11:53:00,90,75,29.86,10,0.00
2017-09-09T12:53:00,90,74,29.82,10,0.00
2017-09-09T13:00:00,90,74,29.79,10,NA
2017-09-09T13:53:00,91,74,29.81,14,0.00
2017-09-09T14:53:00,90,73,29.80,10,0.00
2017-09-09T15:53:00,88,72,29.78,16,0.00
2017-09-09T16:00:00,88,72,29.75,16,NA
2017-09-09T16:43:00,86,73,29.79,11,NA
2017-09-09T16:53:00,85,73,29.80,16,0.00
2017-09-09T17:53:00,83,72,29.81,16,0.00
2017-09-09T18:53:00,82,72,29.79,14,0.00
2017-09-09T19:00:00,82,72,29.76,14,NA
2017-09-09T19:32:00,81,72,29.78,15,NA
2017-09-09T19:53:00,81,72,29.79,13,0.00
2017-09-09T20:53:00,81,72,29.81,14,0.00
2017-09-09T21:53:00,80,72,29.81,10,0.00
2017-09-09T22:00:00,80,72,29.78,10,NA
2017-09-09T22:53:00,80,73,29.81,15,0.00
2017-09-09T23:17:00,80,73,29.79,11,NA
2017-09-09T23:53:00,81,73,29.79,15,0.00
2017-09-10T00:00:00,81,73,29.79,10,NA
2017-09-10T00:53:00,79,74,29.78,9,T
2017-09-10T01:00:00,79,74,29.75,9,NA
2017-09-10T01:38:00,78,75,29.77,9,0.01
2017-09-10T01:53:00,78,75,29.76,9,0.01
2017-09-10T02:25:00,78,75,29.75,8,NA
2017-09-10T02:53:00,79,74,29.73,10,0.00
2017-09-10T03:53:00,79,73,29.74,8,0.00
2017-09-10T04:00:00,79,73,29.71,8,NA
2017-09-10T04:53:00,79,74,29.74,13,0.01
2017-09-10T05:53:00,78,74,29.72,10,0.01
2017-09-10T06:53:00,78,74,29.71,14,T
2017-09-10T07:00:00,78,74,29.68,14,NA
2017-09-10T07:53:00,78,75,29.73,11,0.05
2017-09-10T08:53:00,79,76,29.73,14,0.10
2017-09-10T09:19:00,79,76,29.73,10,0.01
2017-09-10T09:51:00,81,75,29.72,17,NA
2017-09-10T09:53:00,80,76,29.72,13,0.04
2017-09-10T10:00:00,80,76,29.69,13,NA
2017-09-10T10:16:00,80,76,29.72,10,T
2017-09-10T10:27:00,80,76,29.72,9,T
2017-09-10T10:50:00,79,75,29.72,13,0.03
2017-09-10T10:53:00,79,76,29.72,13,0.08
2017-09-10T11:10:00,78,75,29.71,11,0.09
2017-09-10T11:53:00,76,72,29.69,17,0.10
2017-09-10T12:53:00,76,72,29.65,15,0.07
2017-09-10T13:00:00,76,72,29.62,15,NA
2017-09-10T13:53:00,76,72,29.60,22,0.05
2017-09-10T14:07:00,75,71,29.58,18,0.03
2017-09-10T14:14:00,75,71,29.57,24,0.06
2017-09-10T14:53:00,76,72,29.54,24,0.08
2017-09-10T15:09:00,76,72,29.54,23,0.04
2017-09-10T15:19:00,76,73,29.51,22,0.09
2017-09-10T15:46:00,75,72,29.49,25,0.23
2017-09-10T15:51:00,75,72,29.48,24,NA
2017-09-10T15:53:00,75,72,29.48,24,0.24
2017-09-10T16:00:00,75,72,29.45,24,NA
2017-09-10T16:07:00,75,72,29.48,29,0.02
2017-09-10T16:27:00,75,72,29.46,25,0.07
2017-09-10T16:33:00,75,72,29.46,24,0.10
2017-09-10T16:37:00,75,72,29.45,26,0.11
2017-09-10T16:42:00,75,72,29.45,26,0.13
2017-09-10T16:51:00,75,72,29.44,25,NA
2017-09-10T16:53:00,75,72,29.44,23,0.19
2017-09-10T16:59:00,75,72,29.42,26,0.04
2017-09-10T17:10:00,75,72,29.41,20,0.10
2017-09-10T17:18:00,75,72,29.40,25,0.13
2017-09-10T17:22:00,76,72,29.40,24,0.13
2017-09-10T17:31:00,75,72,29.39,25,0.18
2017-09-10T17:39:00,75,72,29.37,29,0.22
2017-09-10T17:53:00,75,73,29.35,30,0.30
2017-09-10T18:05:00,76,73,29.34,29,0.07
2017-09-10T18:53:00,75,73,29.28,29,0.52
2017-09-10T19:00:00,75,73,29.25,29,NA
2017-09-10T19:13:00,76,72,29.22,33,0.15
2017-09-10T19:18:00,75,72,29.21,31,0.17
2017-09-10T19:23:00,75,72,29.20,34,0.20
2017-09-10T19:39:00,75,73,29.18,34,0.32
2017-09-10T19:46:00,75,73,29.18,33,0.37
2017-09-10T19:51:00,75,73,29.17,33,NA
2017-09-10T19:53:00,75,73,29.17,34,0.42
2017-09-10T20:36:00,74,72,29.11,32,0.64
2017-09-10T20:38:00,74,72,29.11,32,0.66
2017-09-10T20:46:00,75,72,29.10,36,0.73
2017-09-10T20:53:00,75,72,29.09,31,0.75
2017-09-10T21:03:00,75,73,29.06,32,0.15
2017-09-10T21:06:00,75,73,29.05,34,0.17
2017-09-10T21:14:00,75,73,29.02,37,0.24
2017-09-10T21:40:00,76,73,28.99,37,0.50
2017-09-10T21:53:00,75,73,28.96,41,0.55
2017-09-10T22:00:00,75,73,28.93,41,NA
2017-09-10T22:02:00,75,73,28.92,44,0.06
2017-09-10T22:09:00,74,72,28.92,46,0.15
2017-09-10T22:18:00,75,72,28.90,45,0.16
2017-09-10T22:23:00,75,73,28.90,40,0.20
2017-09-10T22:53:00,75,73,28.84,40,0.45
2017-09-10T23:12:00,75,73,28.81,37,0.08
2017-09-10T23:21:00,75,73,28.79,41,0.16
2017-09-10T23:30:00,76,73,28.76,40,0.20
2017-09-10T23:44:00,76,74,28.71,33,0.23
2017-09-10T23:51:00,75,73,28.70,36,NA
2017-09-10T23:53:00,76,74,28.70,31,0.22
2017-09-11T00:53:00,75,72,28.69,26,0.08
2017-09-11T01:00:00,75,72,NA,26,NA
2017-09-11T01:40:00,75,73,NA,23,0.02
2017-09-11T01:53:00,75,72,NA,18,0.01
2017-09-11T02:53:00,75,72,NA,25,0.00
2017-09-11T03:41:00,75,71,28.92,21,NA
2017-09-11T03:53:00,75,71,28.94,20,0.00
2017-09-11T04:00:00,75,71,28.91,20,NA
2017-09-11T04:20:00,75,72,29.01,28,0.03
2017-09-11T04:29:00,75,72,29.03,24,0.05
2017-09-11T04:39:00,74,72,29.05,25,0.07
2017-09-11T04:42:00,74,72,29.05,25,0.07
2017-09-11T04:51:00,73,72,29.07,24,NA
2017-09-11T04:53:00,74,72,29.08,23,0.09
2017-09-11T05:10:00,74,72,29.12,26,0.03
2017-09-11T05:17:00,73,71,29.14,24,0.03
2017-09-11T05:31:00,73,71,29.17,25,0.05
2017-09-11T05:43:00,73,71,29.19,25,0.05
2017-09-11T05:51:00,73,72,29.21,25,NA
2017-09-11T05:53:00,73,71,29.21,26,0.07
2017-09-11T06:18:00,74,71,29.25,26,0.06
2017-09-11T06:53:00,74,71,29.31,24,0.04
2017-09-11T07:00:00,74,71,29.28,24,NA
2017-09-11T07:34:00,74,71,29.37,29,0.01
2017-09-11T07:51:00,73,72,29.39,23,0.01
2017-09-11T07:53:00,74,71,29.39,23,0.01
2017-09-11T08:01:00,74,71,29.40,25,T
2017-09-11T08:53:00,76,70,29.46,28,T
2017-09-11T09:01:00,76,70,29.47,28,NA
2017-09-11T09:53:00,77,69,29.51,25,T
2017-09-11T10:00:00,77,69,29.48,25,NA
2017-09-11T10:40:00,76,69,29.55,22,T
2017-09-11T10:53:00,75,69,29.55,20,T
2017-09-11T11:53:00,79,70,29.57,24,T
2017-09-11T12:12:00,79,70,29.58,21,NA
2017-09-11T12:53:00,80,71,29.58,23,T
2017-09-11T13:00:00,80,71,29.55,23,NA
2017-09-11T13:49:00,81,72,29.60,20,T
2017-09-11T13:53:00,79,71,29.60,18,T
2017-09-11T14:44:00,80,72,29.60,20,T
2017-09-11T14:53:00,79,72,29.60,18,T
2017-09-11T15:53:00,79,72,29.61,22,T
2017-09-11T16:00:00,79,72,29.58,22,NA
2017-09-11T16:53:00,80,70,29.63,16,T
2017-09-11T17:53:00,78,71,29.65,9,0.00
2017-09-11T18:53:00,77,72,29.67,13,0.03
2017-09-11T19:00:00,77,72,29.64,13,NA
2017-09-11T19:53:00,78,71,29.69,11,0.00
2017-09-11T20:53:00,77,71,29.72,10,0.00
2017-09-11T21:53:00,77,71,29.73,10,T
2017-09-11T22:00:00,77,71,29.70,10,NA
2017-09-11T22:53:00,77,71,29.74,9,0.00
2017-09-11T23:53:00,76,71,29.76,8,0.00
2017-09-12T00:53:00,77,71,29.76,8,0.00
2017-09-12T01:00:00,77,71,29.73,8,NA
2017-09-12T01:53:00,77,70,29.76,9,0.00
2017-09-12T02:53:00,77,70,29.76,9,0.00
2017-09-12T03:53:00,77,70,29.77,9,0.00
2017-09-12T04:00:00,77,70,29.74,9,NA
2017-09-12T04:53:00,76,70,29.78,7,0.00
2017-09-12T05:53:00,76,71,29.80,8,T
2017-09-12T06:53:00,77,71,29.82,7,0.00
2017-09-12T07:00:00,77,71,29.79,7,NA
2017-09-12T07:53:00,79,71,29.84,7,0.00
2017-09-12T08:53:00,82,71,29.86,9,0.00
2017-09-12T09:53:00,83,72,29.88,10,0.00
2017-09-12T10:00:00,83,72,29.85,10,NA
2017-09-12T10:53:00,83,71,29.88,10,0.00
2017-09-12T11:53:00,85,70,29.88,10,0.00
2017-09-12T12:53:00,85,71,29.88,10,0.00
2017-09-12T13:00:00,85,71,29.85,10,NA
2017-09-12T13:53:00,86,70,29.88,10,0.00
2017-09-12T14:53:00,86,70,29.86,10,0.00
2017-09-12T15:53:00,85,69,29.86,10,0.00
2017-09-12T16:00:00,85,69,29.83,10,NA
2017-09-12T16:53:00,85,69,29.86,10,0.00
2017-09-12T17:53:00,83,68,29.86,5,0.00
2017-09-12T18:53:00,81,68,29.87,5,0.00
2017-09-12T19:00:00,81,68,29.84,5,NA
2017-09-12T19:53:00,80,68,29.88,5,0.00
2017-09-12T20:53:00,79,70,29.90,0,0.00
2017-09-12T21:53:00,78,69,29.90,3,0.00
2017-09-12T22:00:00,78,69,29.87,3,NA
2017-09-12T22:53:00,77,70,29.90,0,0.00
2017-09-12T23:53:00,76,69,29.91,0,0.00
2017-09-13T00:53:00,75,70,29.90,0,0.00
2017-09-13T01:00:00,75,70,29.87,0,NA
2017-09-13T01:53:00,76,69,29.90,3,0.00
2017-09-13T02:53:00,75,69,29.90,3,0.00
2017-09-13T03:53:00,75,69,29.90,0,0.00
2017-09-13T04:00:00,75,69,29.87,0,NA
2017-09-13T04:53:00,73,68,29.91,0,0.00
2017-09-13T05:53:00,74,69,29.93,0,0.00
2017-09-13T06:53:00,75,69,29.95,5,0.00
2017-09-13T07:00:00,75,69,29.92,5,NA
2017-09-13T07:53:00,78,69,29.95,7,0.00
2017-09-13T08:53:00,81,70,29.96,6,0.00
2017-09-13T09:53:00,83,68,29.97,3,0.00
2017-09-13T10:00:00,83,68,29.94,3,NA
2017-09-13T10:53:00,85,70,29.97,8,0.00
2017-09-13T11:53:00,85,72,29.96,7,0.00
2017-09-13T12:53:00,86,71,29.95,9,0.00
2017-09-13T13:00:00,86,71,29.92,9,NA
2017-09-13T13:53:00,87,70,29.92,8,0.00
2017-09-13T14:53:00,88,68,29.91,9,0.00
2017-09-13T15:53:00,87,70,29.90,9,0.00
2017-09-13T16:00:00,87,70,29.87,9,NA
2017-09-13T16:53:00,86,69,29.90,8,0.00
2017-09-13T17:53:00,83,70,29.90,7,0.00
2017-09-13T18:53:00,81,71,29.91,7,0.00
2017-09-13T19:00:00,81,71,29.88,7,NA
2017-09-13T19:53:00,81,72,29.92,5,0.00
2017-09-13T20:53:00,81,73,29.93,0,0.00
2017-09-13T21:53:00,79,74,29.94,3,0.00
2017-09-13T22:00:00,79,74,29.91,3,NA
2017-09-13T22:53:00,79,74,29.96,5,0.00
2017-09-13T23:53:00,80,75,29.95,0,0.00
2017-09-14T00:53:00,80,74,29.94,0,0.00
2017-09-14T01:00:00,80,74,29.91,0,NA
2017-09-14T01:53:00,79,74,29.94,0,0.00
2017-09-14T02:53:00,80,74,29.93,0,0.00
2017-09-14T03:53:00,79,73,29.93,0,0.00
2017-09-14T04:00:00,79,73,29.90,0,NA
2017-09-14T04:53:00,78,73,29.94,0,0.00
2017-09-14T05:53:00,78,73,29.95,5,0.00
2017-09-14T06:53:00,79,73,29.97,3,0.00
2017-09-14T07:00:00,79,73,29.94,3,NA
2017-09-14T07:53:00,81,73,29.98,5,0.00
2017-09-14T08:53:00,82,74,30.00,3,0.00
2017-09-14T09:53:00,86,75,30.01,3,0.00
2017-09-14T10:00:00,86,75,29.98,3,NA
2017-09-14T10:53:00,88,75,30.00,5,0.00
2017-09-14T11:53:00,87,76,29.98,8,0.00
2017-09-14T12:53:00,88,74,29.97,7,0.00
2017-09-14T13:00:00,88,74,29.94,7,NA
2017-09-14T13:53:00,88,73,29.94,7,0.00
2017-09-14T14:53:00,89,73,29.93,6,0.00
2017-09-14T15:30:00,84,75,29.92,14,T
2017-09-14T15:53:00,78,72,29.95,14,0.22s
2017-09-14T16:00:00,78,72,29.92,14,NA
2017-09-14T16:11:00,77,73,29.95,6,0.19
2017-09-14T16:44:00,78,73,29.95,3,0.44
2017-09-14T16:53:00,78,73,29.95,3,0.42
2017-09-14T17:30:00,80,73,29.95,0,T
2017-09-14T17:53:00,81,74,29.95,3,T
2017-09-14T18:53:00,80,74,29.96,0,0.00
2017-09-14T19:00:00,80,74,29.93,0,NA
2017-09-14T19:53:00,79,75,29.97,0,0.00
2017-09-14T20:53:00,80,75,29.97,0,0.00
2017-09-14T21:53:00,80,74,29.98,5,0.00
2017-09-14T22:00:00,80,74,29.95,5,NA
2017-09-14T22:53:00,79,75,29.98,6,0.00
2017-09-14T23:53:00,79,73,29.97,3,0.00
2017-09-15T00:53:00,78,74,29.98,3,0.00
2017-09-15T01:00:00,78,74,29.95,3,NA
2017-09-15T01:53:00,78,74,29.98,0,0.00
2017-09-15T02:53:00,78,74,29.96,0,0.00
2017-09-15T03:53:00,78,74,29.96,0,0.00
2017-09-15T04:00:00,78,74,29.93,0,NA
2017-09-15T04:53:00,77,74,29.96,5,0.00
2017-09-15T05:53:00,77,74,29.98,5,0.00
2017-09-15T06:53:00,78,74,30.00,3,0.00
2017-09-15T07:00:00,78,74,29.97,3,NA
2017-09-15T07:53:00,80,75,30.01,3,0.00
2017-09-15T08:53:00,83,76,30.02,5,0.00
2017-09-15T09:53:00,86,75,30.03,0,0.00
2017-09-15T10:00:00,86,75,30.00,0,NA
2017-09-15T10:53:00,85,77,30.02,6,0.00
2017-09-15T11:53:00,86,77,30.01,7,0.00
2017-09-15T12:53:00,88,77,29.99,8,0.00
2017-09-15T13:00:00,88,77,29.96,8,NA
2017-09-15T13:43:00,89,77,29.98,6,NA
2017-09-15T13:53:00,90,77,29.97,5,0.00
2017-09-15T14:13:00,91,77,29.97,0,NA
2017-09-15T14:53:00,92,76,29.95,5,0.00
2017-09-15T15:51:00,90,75,29.95,6,NA
2017-09-15T15:53:00,90,77,29.95,6,0.00
2017-09-15T16:00:00,90,77,29.92,6,NA
2017-09-15T16:01:00,91,77,29.94,7,NA
2017-09-15T16:32:00,83,73,29.95,14,NA
2017-09-15T16:40:00,84,72,29.95,8,NA
2017-09-15T16:44:00,85,72,29.95,9,NA
2017-09-15T16:47:00,84,72,29.95,9,NA
2017-09-15T16:53:00,86,71,29.95,8,0.00
2017-09-15T17:53:00,83,75,29.97,3,T
2017-09-15T18:32:00,81,74,29.95,3,T
2017-09-15T18:53:00,81,74,29.96,7,T
2017-09-15T19:00:00,81,74,29.93,7,NA
2017-09-15T19:53:00,82,72,29.98,6,0.00
2017-09-15T20:53:00,83,72,30.00,3,0.00
2017-09-15T21:53:00,83,75,30.01,0,0.00
2017-09-15T22:00:00,83,75,29.98,0,NA
2017-09-15T22:53:00,81,76,30.03,7,0.00
2017-09-15T23:53:00,81,74,30.00,3,0.00
2017-09-16T00:53:00,81,73,29.99,5,0.00
2017-09-16T01:00:00,81,73,29.96,5,NA
2017-09-16T01:53:00,80,73,29.98,3,0.00
2017-09-16T02:53:00,79,73,29.98,5,0.00
2017-09-16T03:53:00,79,73,29.98,3,0.00
2017-09-16T04:00:00,79,73,29.95,3,NA
2017-09-16T04:53:00,78,74,29.99,3,0.00
2017-09-16T05:53:00,78,74,30.01,5,0.00
2017-09-16T06:53:00,79,74,30.02,5,0.00
2017-09-16T07:00:00,79,74,29.99,5,NA
2017-09-16T07:53:00,82,74,30.03,5,0.00
2017-09-16T08:53:00,84,74,30.05,7,0.00
2017-09-16T09:53:00,86,73,30.05,8,0.00
2017-09-16T10:00:00,86,73,30.02,8,NA
2017-09-16T10:53:00,88,70,30.04,7,0.00
2017-09-16T11:53:00,90,71,30.02,8,0.00
2017-09-16T12:53:00,91,69,30.00,8,0.00
2017-09-16T13:00:00,91,69,29.97,8,NA
2017-09-16T13:53:00,92,70,29.98,9,0.00
2017-09-16T14:53:00,92,70,29.97,5,0.00
2017-09-16T15:53:00,94,71,29.95,3,0.00
2017-09-16T16:00:00,94,71,29.92,3,NA
2017-09-16T16:53:00,92,69,29.95,5,0.00
2017-09-16T17:53:00,91,70,29.95,6,0.00
2017-09-16T18:53:00,86,73,29.97,9,0.00
2017-09-16T19:00:00,86,73,29.94,9,NA
2017-09-16T19:53:00,86,73,29.98,6,0.00
2017-09-16T20:53:00,85,72,30.00,9,0.00
2017-09-16T21:53:00,83,71,30.01,5,0.00
2017-09-16T22:00:00,83,71,29.98,5,NA
2017-09-16T22:53:00,82,71,30.01,5,0.00
2017-09-16T23:53:00,81,71,30.00,0,0.00
2017-09-17T00:53:00,80,71,29.99,3,0.00
2017-09-17T01:00:00,80,71,29.96,3,NA
2017-09-17T01:53:00,80,71,29.98,3,0.00
2017-09-17T02:53:00,79,72,29.97,3,0.00
2017-09-17T03:53:00,78,72,29.97,3,0.00
2017-09-17T04:00:00,78,72,29.94,3,NA
2017-09-17T04:53:00,77,72,29.98,6,0.00
2017-09-17T05:53:00,76,72,30.01,3,0.00
2017-09-17T06:53:00,77,72,30.02,5,0.00
2017-09-17T07:00:00,77,72,29.99,5,NA
2017-09-17T07:53:00,80,72,30.03,5,0.00
2017-09-17T08:53:00,83,70,30.04,8,0.00
2017-09-17T09:53:00,85,69,30.04,9,0.00
2017-09-17T10:00:00,85,69,30.01,9,NA
2017-09-17T10:53:00,88,68,30.03,7,0.00
2017-09-17T11:53:00,89,68,30.02,7,0.00
2017-09-17T12:53:00,89,67,29.99,5,0.00
2017-09-17T13:00:00,89,67,29.96,5,NA
2017-09-17T13:53:00,90,67,29.97,13,0.00
2017-09-17T14:53:00,91,66,29.95,8,0.00
2017-09-17T15:53:00,89,71,29.95,9,0.00
2017-09-17T16:00:00,89,71,29.92,9,NA
2017-09-17T16:53:00,88,70,29.94,11,0.00
2017-09-17T17:53:00,86,70,29.95,9,0.00
2017-09-17T18:53:00,83,70,29.96,10,0.00
2017-09-17T19:00:00,83,70,29.93,10,NA
2017-09-17T19:53:00,82,71,29.97,8,0.00
2017-09-17T20:53:00,80,72,29.98,7,0.00
2017-09-17T21:53:00,80,73,29.99,6,0.00
2017-09-17T22:00:00,80,73,29.96,6,NA
2017-09-17T22:53:00,80,73,30.00,5,0.00
2017-09-17T23:53:00,80,73,29.99,5,0.00
2017-09-18T00:53:00,79,71,29.98,5,0.00
2017-09-18T01:00:00,79,71,29.95,5,NA
2017-09-18T01:53:00,78,69,29.96,0,0.00
2017-09-18T02:53:00,78,68,29.95,3,0.00
2017-09-18T03:53:00,76,69,29.94,3,0.00
2017-09-18T04:00:00,76,69,29.91,3,NA
2017-09-18T04:53:00,75,70,29.94,5,0.00
2017-09-18T05:53:00,74,69,29.96,3,0.00
2017-09-18T06:53:00,76,70,29.97,6,0.00
2017-09-18T07:00:00,76,70,29.94,6,NA
2017-09-18T07:53:00,80,70,29.99,7,0.00
2017-09-18T08:53:00,83,69,30.00,9,0.00
2017-09-18T09:53:00,85,68,30.00,13,0.00
2017-09-18T10:00:00,85,68,29.97,13,NA
2017-09-18T10:53:00,87,67,29.99,14,0.00
2017-09-18T11:53:00,88,68,29.97,11,0.00
2017-09-18T12:53:00,88,67,29.95,13,0.00
2017-09-18T13:00:00,88,67,29.92,13,NA
2017-09-18T13:53:00,90,68,29.94,11,0.00
2017-09-18T14:53:00,88,69,29.92,9,0.00
2017-09-18T15:53:00,88,69,29.91,11,0.00
2017-09-18T16:00:00,88,69,29.88,11,NA
2017-09-18T16:53:00,88,69,29.91,13,0.00
2017-09-18T17:53:00,85,69,29.92,10,0.00
2017-09-18T18:53:00,84,70,29.93,10,0.00
2017-09-18T19:00:00,84,70,29.90,10,NA
2017-09-18T19:53:00,82,70,29.95,7,0.00
2017-09-18T20:53:00,82,69,29.96,5,0.00
2017-09-18T21:53:00,80,69,29.97,3,0.00
2017-09-18T22:00:00,80,69,29.94,3,NA
2017-09-18T22:53:00,80,69,29.97,5,0.00
2017-09-18T23:53:00,79,69,29.97,3,0.00
2017-09-19T00:53:00,76,70,29.95,5,0.00
2017-09-19T01:00:00,76,70,29.92,5,NA
2017-09-19T01:53:00,76,70,29.94,3,0.00
2017-09-19T02:53:00,76,71,29.93,5,0.00
2017-09-19T03:53:00,76,71,29.93,0,0.00
2017-09-19T04:00:00,76,71,29.90,0,NA
2017-09-19T04:53:00,74,70,29.95,3,0.00
2017-09-19T05:53:00,75,71,29.96,3,0.00
2017-09-19T06:53:00,75,71,29.97,5,0.00
2017-09-19T07:00:00,75,71,29.94,5,NA
2017-09-19T07:53:00,78,72,29.98,3,0.00
2017-09-19T08:53:00,81,73,29.99,7,0.00
2017-09-19T09:53:00,85,73,29.99,7,0.00
2017-09-19T10:00:00,85,73,29.96,7,NA
2017-09-19T10:53:00,88,71,29.99,9,0.00
2017-09-19T11:53:00,86,69,29.97,6,0.00
2017-09-19T12:53:00,89,69,29.95,7,0.00
2017-09-19T13:00:00,89,69,29.92,7,NA
2017-09-19T13:53:00,92,63,29.93,11,T
2017-09-19T14:53:00,92,62,29.92,11,0.00
2017-09-19T15:53:00,91,64,29.91,6,0.00
2017-09-19T16:00:00,91,64,29.88,6,NA
2017-09-19T16:53:00,91,61,29.91,10,0.00
2017-09-19T17:53:00,88,69,29.92,6,0.00
2017-09-19T18:53:00,86,66,29.94,6,0.00
2017-09-19T19:00:00,86,66,29.91,6,NA
2017-09-19T19:53:00,86,65,29.95,3,0.00
2017-09-19T20:53:00,84,69,29.96,5,0.00
2017-09-19T21:53:00,84,70,29.98,5,0.00
2017-09-19T22:00:00,84,70,29.95,5,NA
2017-09-19T22:53:00,81,70,29.98,6,0.00
2017-09-19T23:53:00,81,70,29.98,0,0.00
2017-09-20T00:53:00,80,70,29.98,0,0.00
2017-09-20T01:00:00,80,70,29.95,0,NA
2017-09-20T01:53:00,79,70,29.97,3,0.00
2017-09-20T02:53:00,76,70,29.97,3,0.00
2017-09-20T03:53:00,75,71,29.97,3,0.00
2017-09-20T04:00:00,75,71,29.94,3,NA
2017-09-20T04:53:00,76,71,29.97,3,0.00
2017-09-20T05:53:00,76,71,29.99,3,0.00
2017-09-20T06:53:00,77,71,30.00,5,0.00
2017-09-20T07:00:00,77,71,29.97,5,NA
2017-09-20T07:53:00,79,73,30.02,6,0.00
2017-09-20T08:53:00,83,72,30.02,6,0.00
2017-09-20T09:53:00,87,72,30.03,3,0.00
2017-09-20T10:00:00,87,72,30.00,3,NA
2017-09-20T10:53:00,89,70,30.02,5,0.00
2017-09-20T11:53:00,92,69,30.00,8,0.00
2017-09-20T12:53:00,91,66,29.98,7,0.00
2017-09-20T13:00:00,91,66,29.95,7,NA
2017-09-20T13:53:00,92,66,29.96,6,0.00
2017-09-20T14:53:00,93,66,29.95,9,0.00
2017-09-20T15:53:00,93,66,29.93,8,0.00
2017-09-20T16:00:00,93,66,29.90,8,NA
2017-09-20T16:53:00,92,66,29.93,9,0.00
2017-09-20T17:53:00,90,66,29.93,6,0.00
2017-09-20T18:53:00,88,66,29.94,5,0.00
2017-09-20T19:00:00,88,66,29.91,5,NA
2017-09-20T19:53:00,87,67,29.97,7,0.00
2017-09-20T20:53:00,85,69,29.99,7,0.00
2017-09-20T21:53:00,81,69,30.00,5,0.00
2017-09-20T22:00:00,81,69,29.97,5,NA
2017-09-20T22:53:00,81,69,30.00,8,0.00
2017-09-20T23:53:00,80,70,29.99,5,0.00
2017-09-21T00:53:00,79,70,29.98,5,0.00
2017-09-21T01:00:00,79,70,29.95,5,NA
2017-09-21T01:53:00,78,70,29.97,6,0.00
2017-09-21T02:53:00,78,70,29.96,3,0.00
2017-09-21T03:53:00,77,71,29.96,0,0.00
2017-09-21T04:00:00,77,71,29.93,0,NA
2017-09-21T04:53:00,77,71,29.96,3,0.00
2017-09-21T05:53:00,77,71,29.98,0,0.00
2017-09-21T06:53:00,77,71,29.99,3,0.00
2017-09-21T07:00:00,77,71,29.96,3,NA
2017-09-21T07:53:00,80,72,30.01,3,0.00
2017-09-21T08:53:00,83,72,30.01,5,0.00
2017-09-21T09:53:00,85,69,30.01,5,0.00
2017-09-21T10:00:00,85,69,29.98,5,NA
2017-09-21T10:53:00,88,66,30.01,8,0.00
2017-09-21T11:53:00,89,66,29.99,7,0.00
2017-09-21T12:53:00,91,67,29.98,7,0.00
2017-09-21T13:00:00,91,67,29.95,7,NA
2017-09-21T13:53:00,92,66,29.95,6,0.00
2017-09-21T14:53:00,90,66,29.92,8,0.00
2017-09-21T15:53:00,92,65,29.91,6,0.00
2017-09-21T16:00:00,92,65,29.88,6,NA
2017-09-21T16:53:00,91,64,29.90,6,0.00
2017-09-21T17:53:00,89,66,29.91,5,0.00
2017-09-21T18:53:00,88,66,29.91,6,0.00
2017-09-21T19:00:00,88,66,29.88,6,NA
2017-09-21T19:53:00,86,68,29.94,6,0.00
2017-09-21T20:53:00,84,68,29.95,8,0.00
2017-09-21T21:53:00,83,68,29.96,5,0.00
2017-09-21T22:00:00,83,68,29.93,5,NA
2017-09-21T22:53:00,81,68,29.96,5,0.00
2017-09-21T23:53:00,80,68,29.95,5,0.00
2017-09-22T00:53:00,79,68,29.95,3,0.00
2017-09-22T01:00:00,79,68,29.92,3,NA
2017-09-22T01:53:00,77,69,29.93,5,0.00
2017-09-22T02:53:00,77,69,29.92,0,0.00
2017-09-22T03:53:00,76,70,29.92,5,0.00
2017-09-22T04:00:00,76,70,29.89,5,NA
2017-09-22T04:53:00,76,70,29.93,5,0.00
2017-09-22T05:53:00,76,70,29.94,5,0.00
2017-09-22T06:53:00,77,71,29.95,6,0.00
2017-09-22T07:00:00,77,71,29.92,6,NA
2017-09-22T07:53:00,80,71,29.95,7,0.00
2017-09-22T08:53:00,83,71,29.95,7,0.00
2017-09-22T09:53:00,86,72,29.96,9,0.00
2017-09-22T10:00:00,86,72,29.93,9,NA
2017-09-22T10:53:00,88,72,29.95,5,0.00
2017-09-22T11:53:00,88,71,29.93,9,0.00
2017-09-22T12:53:00,91,71,29.91,9,0.00
2017-09-22T13:00:00,91,71,29.88,9,NA
2017-09-22T13:53:00,90,70,29.89,8,0.00
2017-09-22T14:53:00,90,70,29.87,8,0.00
2017-09-22T15:53:00,85,72,29.85,0,0.04
2017-09-22T16:00:00,85,72,29.82,0,NA
2017-09-22T16:53:00,87,72,29.85,11,0.01
2017-09-22T17:07:00,87,71,29.84,10,NA
2017-09-22T17:15:00,86,72,29.85,7,NA
2017-09-22T17:53:00,82,72,29.86,5,0.00
2017-09-22T18:21:00,83,72,29.86,0,NA
2017-09-22T18:53:00,82,72,29.89,6,0.00
2017-09-22T19:00:00,82,72,29.86,6,NA
2017-09-22T19:53:00,82,73,29.90,6,0.00
2017-09-22T20:53:00,81,71,29.90,6,0.00
2017-09-22T21:53:00,80,72,29.90,7,0.00
2017-09-22T22:00:00,80,72,29.87,7,NA
2017-09-22T22:53:00,79,72,29.90,6,0.00
2017-09-22T23:53:00,79,73,29.90,7,0.00
2017-09-23T00:53:00,78,73,29.89,6,0.00
2017-09-23T01:00:00,78,73,29.86,6,NA
2017-09-23T01:53:00,77,73,29.88,5,0.00
2017-09-23T02:53:00,77,73,29.87,3,0.00
2017-09-23T03:53:00,76,72,29.86,7,0.00
2017-09-23T04:00:00,76,72,29.83,7,NA
2017-09-23T04:53:00,76,72,29.87,8,0.00
2017-09-23T05:53:00,76,72,29.89,8,0.00
2017-09-23T06:53:00,76,72,29.89,6,0.00
2017-09-23T07:00:00,76,72,29.86,6,NA
2017-09-23T07:53:00,79,72,29.91,7,0.00
2017-09-23T08:53:00,83,72,29.91,8,0.00
2017-09-23T09:53:00,85,72,29.92,9,0.00
2017-09-23T10:00:00,85,72,29.89,9,NA
2017-09-23T10:53:00,86,70,29.91,8,0.00
2017-09-23T11:53:00,88,68,29.90,9,0.00
2017-09-23T12:53:00,91,68,29.88,11,0.00
2017-09-23T13:00:00,91,68,29.85,11,NA
2017-09-23T13:53:00,92,67,29.86,10,0.00
2017-09-23T14:53:00,91,67,29.84,7,0.00
2017-09-23T15:53:00,90,69,29.82,5,0.00
2017-09-23T16:00:00,90,69,29.79,5,NA
2017-09-23T16:46:00,90,69,29.83,9,NA
2017-09-23T16:50:00,90,72,29.84,9,NA
2017-09-23T16:53:00,89,71,29.85,13,0.00
2017-09-23T17:53:00,78,74,29.85,7,0.09
2017-09-23T18:15:00,79,73,29.85,3,NA
2017-09-23T18:25:00,79,73,29.85,6,NA
2017-09-23T18:53:00,79,70,29.86,3,0.00
2017-09-23T19:00:00,79,70,29.83,3,NA
2017-09-23T19:53:00,79,70,29.88,3,0.00
2017-09-23T20:53:00,79,71,29.89,0,0.00
2017-09-23T21:53:00,79,72,29.89,3,0.00
2017-09-23T22:00:00,79,72,29.86,3,NA
2017-09-23T22:53:00,79,72,29.88,5,0.00
2017-09-23T23:53:00,78,72,29.87,6,0.00
2017-09-24T00:53:00,77,71,29.87,6,0.00
2017-09-24T01:00:00,77,71,29.84,6,NA
2017-09-24T01:53:00,77,72,29.87,6,0.00
2017-09-24T02:53:00,77,72,29.87,3,0.00
2017-09-24T03:53:00,77,72,29.87,6,0.00
2017-09-24T04:00:00,77,72,29.84,6,NA
2017-09-24T04:53:00,76,72,29.86,5,0.00
2017-09-24T05:53:00,76,73,29.88,6,0.00
2017-09-24T06:53:00,77,73,29.90,5,0.00
2017-09-24T07:00:00,77,73,29.87,5,NA
2017-09-24T07:53:00,80,73,29.90,6,0.00
2017-09-24T08:53:00,83,74,29.90,9,0.00
2017-09-24T09:53:00,85,73,29.91,6,0.00
2017-09-24T10:00:00,85,73,29.88,6,NA
2017-09-24T10:53:00,86,72,29.91,8,0.00
2017-09-24T11:53:00,88,72,29.91,6,0.00
2017-09-24T12:53:00,88,71,29.88,5,0.00
2017-09-24T13:00:00,88,71,29.85,5,NA
2017-09-24T13:53:00,91,73,29.86,0,0.00
2017-09-24T14:53:00,86,74,29.84,7,0.00
2017-09-24T15:21:00,83,73,29.85,9,T
2017-09-24T15:53:00,81,76,29.85,8,0.03
2017-09-24T15:58:00,81,75,29.85,9,NA
2017-09-24T16:00:00,81,76,29.82,8,NA
2017-09-24T16:53:00,79,73,29.85,7,T
2017-09-24T17:01:00,78,73,29.84,6,T
2017-09-24T17:53:00,79,73,29.85,5,T
2017-09-24T18:53:00,80,74,29.86,5,0.00
2017-09-24T19:00:00,80,74,29.83,5,NA
2017-09-24T19:53:00,80,74,29.88,5,0.00
2017-09-24T20:53:00,81,74,29.89,3,0.00
2017-09-24T21:53:00,80,74,29.90,5,0.00
2017-09-24T22:00:00,80,74,29.87,5,NA
2017-09-24T22:53:00,80,73,29.90,3,0.00
2017-09-24T23:53:00,80,73,29.88,5,0.00
2017-09-25T00:53:00,80,73,29.87,3,0.00
2017-09-25T01:00:00,80,73,29.84,3,NA
2017-09-25T01:53:00,79,73,29.87,3,0.00
2017-09-25T02:53:00,79,73,29.87,3,0.00
2017-09-25T03:53:00,79,74,29.87,3,0.00
2017-09-25T04:00:00,79,74,29.84,3,NA
2017-09-25T04:53:00,78,73,29.88,5,0.00
2017-09-25T05:53:00,78,73,29.89,5,0.00
2017-09-25T06:53:00,78,73,29.90,5,0.00
2017-09-25T07:00:00,78,73,29.87,5,NA
2017-09-25T07:53:00,79,73,29.91,7,0.00
2017-09-25T08:53:00,81,73,29.92,3,0.00
2017-09-25T09:53:00,83,72,29.92,3,0.00
2017-09-25T10:00:00,83,72,29.89,3,NA
2017-09-25T10:53:00,87,73,29.92,0,0.00
2017-09-25T11:53:00,87,74,29.91,8,0.00
2017-09-25T12:53:00,87,72,29.88,8,0.00
2017-09-25T13:00:00,87,72,29.85,8,NA
2017-09-25T13:53:00,90,69,29.85,8,0.00
2017-09-25T14:53:00,91,70,29.84,9,0.00
2017-09-25T15:53:00,90,72,29.82,13,0.00
2017-09-25T16:00:00,90,72,29.79,13,NA
2017-09-25T16:53:00,88,70,29.82,9,0.00
2017-09-25T17:53:00,87,69,29.83,9,0.00
2017-09-25T18:53:00,84,69,29.85,6,0.00
2017-09-25T19:00:00,84,69,29.82,6,NA
2017-09-25T19:53:00,82,69,29.86,5,0.00
2017-09-25T20:53:00,81,70,29.88,6,0.00
2017-09-25T21:53:00,79,71,29.89,0,0.00
2017-09-25T22:00:00,79,71,29.86,0,NA
2017-09-25T22:53:00,80,72,29.88,5,0.00
2017-09-25T23:53:00,79,73,29.88,0,0.00
2017-09-26T00:53:00,80,72,29.89,3,0.00
2017-09-26T01:00:00,80,72,29.86,3,NA
2017-09-26T01:53:00,80,72,29.87,0,0.00
2017-09-26T02:53:00,80,72,29.87,0,0.00
2017-09-26T03:53:00,78,72,29.86,0,0.00
2017-09-26T04:00:00,78,72,29.83,0,NA
2017-09-26T04:53:00,78,72,29.87,0,0.00
2017-09-26T05:53:00,78,72,29.89,0,0.00
2017-09-26T06:53:00,79,73,29.91,0,0.00
2017-09-26T07:00:00,79,73,29.88,0,NA
2017-09-26T07:53:00,82,73,29.93,0,0.00
2017-09-26T08:53:00,84,74,29.93,5,0.00
2017-09-26T09:53:00,86,74,29.94,3,0.00
2017-09-26T10:00:00,86,74,29.91,3,NA
2017-09-26T10:53:00,87,75,29.93,7,0.00
2017-09-26T11:53:00,87,75,29.91,8,0.00
2017-09-26T12:53:00,90,73,29.88,8,0.00
2017-09-26T13:00:00,90,73,29.85,8,NA
2017-09-26T13:43:00,87,69,29.86,6,NA
2017-09-26T13:53:00,87,69,29.86,5,0.00
2017-09-26T14:38:00,88,72,29.85,7,NA
2017-09-26T14:53:00,87,73,29.85,8,0.00
2017-09-26T15:39:00,89,75,29.84,9,NA
2017-09-26T15:53:00,90,73,29.84,9,0.00
2017-09-26T16:00:00,90,73,29.81,9,NA
2017-09-26T16:08:00,90,72,29.84,10,NA
2017-09-26T16:53:00,89,71,29.84,10,0.00
2017-09-26T17:53:00,89,70,29.85,9,0.00
2017-09-26T18:53:00,84,70,29.86,5,0.00
2017-09-26T19:00:00,84,70,29.83,5,NA
2017-09-26T19:53:00,83,71,29.88,5,0.00
2017-09-26T20:53:00,82,72,29.90,5,0.00
2017-09-26T21:53:00,82,72,29.90,3,0.00
2017-09-26T22:00:00,82,72,29.87,3,NA
2017-09-26T22:53:00,82,72,29.90,0,0.00
2017-09-26T23:53:00,81,72,29.89,0,0.00
2017-09-27T00:53:00,81,73,29.88,3,0.00
2017-09-27T01:00:00,81,73,29.85,3,NA
2017-09-27T01:53:00,80,73,29.88,5,0.00
2017-09-27T02:53:00,79,73,29.87,5,0.00
2017-09-27T03:53:00,78,73,29.87,3,0.00
2017-09-27T04:00:00,78,73,29.84,3,NA
2017-09-27T04:53:00,78,73,29.88,5,0.00
2017-09-27T05:53:00,77,73,29.88,5,0.00
2017-09-27T06:53:00,78,73,29.89,6,0.00
2017-09-27T07:00:00,78,73,29.86,6,NA
2017-09-27T07:53:00,81,74,29.90,5,0.00
2017-09-27T08:53:00,84,74,29.91,5,0.00
2017-09-27T09:53:00,88,72,29.91,5,0.00
2017-09-27T10:00:00,88,72,29.88,5,NA
2017-09-27T10:53:00,88,75,29.90,8,0.00
2017-09-27T11:53:00,88,75,29.89,8,0.00
2017-09-27T12:53:00,90,74,29.88,8,0.00
2017-09-27T13:00:00,90,74,29.85,8,NA
2017-09-27T13:53:00,91,73,29.86,9,0.00
2017-09-27T14:53:00,92,72,29.84,9,0.00
2017-09-27T15:53:00,91,73,29.84,11,0.00
2017-09-27T16:00:00,91,73,29.81,11,NA
2017-09-27T16:53:00,90,71,29.85,8,0.00
2017-09-27T17:53:00,88,68,29.85,10,0.00
2017-09-27T18:53:00,85,67,29.87,7,0.00
2017-09-27T19:00:00,85,67,29.84,7,NA
2017-09-27T19:53:00,83,68,29.89,5,0.00
2017-09-27T20:53:00,82,69,29.89,7,0.00
2017-09-27T21:53:00,82,70,29.90,3,0.00
2017-09-27T22:00:00,82,70,29.87,3,NA
2017-09-27T22:53:00,82,70,29.91,5,0.00
2017-09-27T23:53:00,81,70,29.90,5,0.00
2017-09-28T00:53:00,80,71,29.89,5,0.00
2017-09-28T01:00:00,80,71,29.86,5,NA
2017-09-28T01:53:00,80,72,29.88,5,0.00
2017-09-28T02:53:00,79,72,29.88,0,0.00
2017-09-28T03:53:00,79,72,29.87,0,0.00
2017-09-28T04:00:00,79,72,29.84,0,NA
2017-09-28T04:53:00,78,73,29.88,0,0.00
2017-09-28T05:53:00,78,73,29.89,0,0.00
2017-09-28T06:53:00,78,73,29.90,0,0.00
2017-09-28T07:00:00,78,73,29.87,0,NA
2017-09-28T07:53:00,81,73,29.92,3,0.00
2017-09-28T08:53:00,85,73,29.92,3,0.00
2017-09-28T09:53:00,88,71,29.93,5,0.00
2017-09-28T10:00:00,88,71,29.90,5,NA
2017-09-28T10:53:00,91,68,29.92,0,0.00
2017-09-28T11:53:00,88,74,29.90,7,0.00
2017-09-28T12:53:00,89,74,29.88,9,0.00
2017-09-28T13:00:00,89,74,29.85,9,NA
2017-09-28T13:53:00,93,72,29.86,7,0.00
2017-09-28T14:53:00,92,71,29.85,7,0.00
2017-09-28T15:53:00,92,72,29.84,10,0.00
2017-09-28T16:00:00,92,72,29.81,10,NA
2017-09-28T16:53:00,90,72,29.84,8,0.00
2017-09-28T17:53:00,89,72,29.85,9,0.00
2017-09-28T18:53:00,88,71,29.87,6,0.00
2017-09-28T19:00:00,88,71,29.84,6,NA
2017-09-28T19:53:00,85,71,29.90,5,0.00
2017-09-28T20:53:00,86,71,29.92,6,0.00
2017-09-28T21:53:00,85,73,29.92,8,0.00
2017-09-28T22:00:00,85,73,29.89,8,NA
2017-09-28T22:53:00,83,74,29.91,7,0.00
2017-09-28T23:53:00,82,74,29.92,5,0.00
2017-09-29T00:53:00,81,75,29.92,3,0.00
2017-09-29T01:00:00,81,75,29.89,3,NA
2017-09-29T01:53:00,81,75,29.91,3,0.00
2017-09-29T02:53:00,80,74,29.90,3,0.00
2017-09-29T03:53:00,80,74,29.90,3,0.00
2017-09-29T04:00:00,80,74,29.87,3,NA
2017-09-29T04:53:00,79,74,29.90,0,0.00
2017-09-29T05:53:00,79,73,29.91,3,0.00
2017-09-29T06:53:00,78,73,29.93,6,0.00
2017-09-29T07:00:00,78,73,29.90,6,NA
2017-09-29T07:53:00,79,74,29.94,5,0.00
2017-09-29T08:53:00,82,75,29.95,3,0.00
2017-09-29T09:53:00,86,73,29.94,5,0.00
2017-09-29T10:00:00,86,73,29.91,5,NA
2017-09-29T10:53:00,89,71,29.95,0,0.00
2017-09-29T11:53:00,88,73,29.92,9,0.00
2017-09-29T12:53:00,87,74,29.90,7,0.00
2017-09-29T13:00:00,87,74,29.87,7,NA
2017-09-29T13:53:00,88,72,29.88,6,0.00
2017-09-29T14:53:00,90,72,29.87,5,T
2017-09-29T15:53:00,89,73,29.86,7,0.00
2017-09-29T16:00:00,89,73,29.83,7,NA
2017-09-29T16:53:00,83,73,29.88,8,T
2017-09-29T17:03:00,83,73,29.89,7,T
2017-09-29T17:19:00,83,73,29.89,7,T
2017-09-29T17:37:00,83,72,29.91,6,T
2017-09-29T17:50:00,82,72,29.92,7,T
2017-09-29T17:53:00,82,73,29.92,7,T
2017-09-29T18:10:00,81,74,29.92,8,T
2017-09-29T18:53:00,80,74,29.94,7,T
2017-09-29T19:00:00,80,74,29.91,7,NA
2017-09-29T19:53:00,78,72,29.95,0,T
2017-09-29T20:53:00,78,71,29.94,0,T
2017-09-29T21:53:00,78,72,29.93,0,0.00
2017-09-29T22:00:00,78,72,29.90,0,NA
2017-09-29T22:53:00,79,70,29.94,0,0.00
2017-09-29T23:53:00,79,71,29.93,0,0.00
2017-09-30T00:53:00,79,72,29.92,0,0.00
2017-09-30T01:00:00,79,72,29.89,0,NA
2017-09-30T01:53:00,78,72,29.91,5,0.00
2017-09-30T02:53:00,77,72,29.91,5,0.00
2017-09-30T03:53:00,78,72,29.91,0,0.00
2017-09-30T04:00:00,78,72,29.88,0,NA
2017-09-30T04:53:00,78,72,29.92,0,0.00
2017-09-30T05:53:00,77,72,29.92,0,0.00
2017-09-30T06:53:00,77,72,29.94,3,0.00
2017-09-30T07:00:00,77,72,29.91,3,NA
2017-09-30T07:53:00,80,72,29.95,5,0.00
2017-09-30T08:53:00,80,71,29.96,5,0.00
2017-09-30T09:53:00,83,72,29.97,3,0.00
2017-09-30T10:00:00,83,72,29.94,3,NA
2017-09-30T10:49:00,84,72,29.96,0,NA
2017-09-30T10:53:00,86,72,29.96,0,0.00
2017-09-30T11:48:00,84,73,29.95,9,NA
2017-09-30T11:53:00,85,74,29.95,8,0.00
2017-09-30T12:53:00,87,74,29.92,8,0.00
2017-09-30T13:00:00,87,74,29.89,8,NA
2017-09-30T13:53:00,86,72,29.91,6,0.00
2017-09-30T14:53:00,84,74,29.90,10,0.00
2017-09-30T15:53:00,83,72,29.90,10,T
2017-09-30T16:00:00,83,72,29.87,10,NA
2017-09-30T16:53:00,81,71,29.90,8,0.00
2017-09-30T17:53:00,79,73,29.92,0,0.03
2017-09-30T18:53:00,79,74,29.93,6,T
2017-09-30T19:00:00,79,74,29.90,6,NA
2017-09-30T19:53:00,80,75,29.93,6,0.00
2017-09-30T20:53:00,79,74,29.94,6,0.00
2017-09-30T21:53:00,78,73,29.94,10,0.00
2017-09-30T22:00:00,78,73,29.91,10,NA
2017-09-30T22:53:00,77,71,29.94,7,0.00
2017-09-30T23:53:00,77,71,29.93,5,0.00
2017-10-01T00:53:00,76,71,29.92,7,0.00
2017-10-01T01:00:00,76,71,29.89,7,NA
2017-10-01T01:05:00,76,71,29.92,7,NA
2017-10-01T01:53:00,76,72,29.92,5,0.00
2017-10-01T02:53:00,76,72,29.91,5,0.00
2017-10-01T03:28:00,76,72,29.90,3,NA
2017-10-01T03:53:00,76,72,29.90,3,0.00
2017-10-01T04:00:00,76,72,29.87,3,NA
2017-10-01T04:53:00,76,73,29.90,5,0.00
2017-10-01T05:53:00,76,73,29.91,5,0.00
2017-10-01T06:53:00,77,74,29.92,6,0.00
2017-10-01T07:00:00,77,74,29.89,6,NA
2017-10-01T07:53:00,80,73,29.94,3,0.00
2017-10-01T08:53:00,82,74,29.96,8,0.00
2017-10-01T09:53:00,85,74,29.97,7,0.00
2017-10-01T10:00:00,85,74,29.94,7,NA
2017-10-01T10:53:00,87,73,29.97,8,0.00
2017-10-01T11:53:00,90,72,29.95,8,0.00
2017-10-01T12:53:00,91,69,29.94,7,0.00
2017-10-01T13:00:00,91,69,29.91,7,NA
2017-10-01T13:53:00,92,69,29.91,5,0.00
2017-10-01T14:53:00,91,70,29.90,5,T
2017-10-01T15:14:00,79,74,29.91,17,0.23
2017-10-01T15:15:00,79,74,29.91,14,0.26
2017-10-01T15:24:00,78,73,29.92,5,0.50
2017-10-01T15:33:00,78,74,29.93,8,0.61
2017-10-01T15:36:00,79,74,29.92,10,0.62
2017-10-01T15:43:00,79,74,29.92,6,0.62
2017-10-01T15:53:00,79,74,29.93,5,0.62
2017-10-01T16:00:00,79,74,29.90,5,NA
2017-10-01T16:13:00,79,73,29.92,5,NA
2017-10-01T16:53:00,78,72,29.92,7,0.00
2017-10-01T17:53:00,79,73,29.94,6,0.00
2017-10-01T18:53:00,80,74,29.95,7,0.00
2017-10-01T19:00:00,80,74,29.92,7,NA
2017-10-01T19:53:00,80,75,29.96,5,0.00
2017-10-01T20:53:00,79,73,29.99,6,0.00
2017-10-01T21:53:00,79,73,30.00,7,0.00
2017-10-01T22:00:00,79,73,29.97,7,NA
2017-10-01T22:53:00,78,73,30.01,5,0.00
2017-10-01T23:53:00,78,73,30.01,5,0.00
2017-10-02T00:53:00,77,73,30.01,6,0.00
2017-10-02T01:00:00,77,73,29.98,6,NA
2017-10-02T01:53:00,77,72,30.00,7,0.00
2017-10-02T02:53:00,77,72,29.99,7,0.00
2017-10-02T03:53:00,77,73,30.00,5,0.00
2017-10-02T04:00:00,77,73,29.97,5,NA
2017-10-02T04:53:00,77,73,30.00,6,0.00
2017-10-02T05:48:00,79,73,30.01,8,NA
2017-10-02T05:53:00,78,73,30.02,6,0.00
2017-10-02T06:15:00,78,72,30.02,7,NA
2017-10-02T06:53:00,78,71,30.04,9,0.00
2017-10-02T07:00:00,78,71,30.01,9,NA
2017-10-02T07:10:00,78,71,30.05,8,NA
2017-10-02T07:51:00,79,72,30.06,8,NA
2017-10-02T07:53:00,78,71,30.06,7,0.00
2017-10-02T08:53:00,81,69,30.08,11,0.00
2017-10-02T09:53:00,84,69,30.08,14,0.00
2017-10-02T10:00:00,84,69,30.05,14,NA
2017-10-02T10:53:00,84,70,30.10,9,0.00
2017-10-02T11:53:00,85,69,30.09,11,0.00
2017-10-02T12:53:00,86,68,30.07,11,0.00
2017-10-02T13:00:00,86,68,30.04,11,NA
2017-10-02T13:53:00,87,67,30.05,10,0.00
2017-10-02T14:53:00,87,66,30.03,9,0.00
2017-10-02T15:53:00,86,66,30.04,10,0.00
2017-10-02T16:00:00,86,66,30.01,10,NA
2017-10-02T16:53:00,85,65,30.05,9,0.00
2017-10-02T17:53:00,84,63,30.07,8,0.00
2017-10-02T18:53:00,82,65,30.08,14,0.00
2017-10-02T19:00:00,82,65,30.05,14,NA
2017-10-02T19:53:00,81,66,30.10,7,0.00
2017-10-02T20:53:00,79,65,30.11,7,0.00
2017-10-02T21:53:00,78,64,30.12,6,0.00
2017-10-02T22:00:00,78,64,30.09,6,NA
2017-10-02T22:53:00,76,65,30.13,5,0.00
2017-10-02T23:53:00,75,65,30.11,6,0.00
2017-10-03T00:53:00,74,66,30.11,8,0.00
2017-10-03T01:00:00,74,66,30.08,8,NA
2017-10-03T01:53:00,74,67,30.10,8,0.00
2017-10-03T02:53:00,75,67,30.09,7,0.00
2017-10-03T03:53:00,76,67,30.09,7,0.00
2017-10-03T04:00:00,76,67,30.06,7,NA
2017-10-03T04:53:00,75,67,30.10,7,0.00
2017-10-03T05:53:00,75,67,30.11,6,0.00
2017-10-03T06:53:00,75,66,30.11,9,0.00
2017-10-03T07:00:00,75,66,30.08,9,NA
2017-10-03T07:53:00,78,67,30.13,9,0.00
2017-10-03T08:53:00,81,68,30.14,8,0.00
2017-10-03T09:53:00,83,69,30.15,14,0.00
2017-10-03T10:00:00,83,69,30.12,14,NA
2017-10-03T10:53:00,84,68,30.15,14,0.00
2017-10-03T11:53:00,85,69,30.14,14,0.00
2017-10-03T12:53:00,85,69,30.13,14,0.00
2017-10-03T13:00:00,85,69,30.10,14,NA
2017-10-03T13:51:00,82,72,30.13,15,T
2017-10-03T13:53:00,81,71,30.12,13,0.01
2017-10-03T14:13:00,81,73,30.11,13,0.01
2017-10-03T14:53:00,83,70,30.10,15,T
2017-10-03T15:53:00,83,70,30.11,10,T
2017-10-03T16:00:00,83,70,30.08,10,NA
2017-10-03T16:53:00,79,73,30.11,10,T
2017-10-03T17:53:00,81,70,30.11,9,0.00
2017-10-03T18:53:00,80,70,30.12,9,0.00
2017-10-03T19:00:00,80,70,30.09,9,NA
2017-10-03T19:53:00,79,70,30.14,9,0.00
2017-10-03T20:53:00,79,70,30.15,9,0.00
2017-10-03T21:53:00,78,70,30.15,8,0.00
2017-10-03T22:00:00,78,70,30.12,8,NA
2017-10-03T22:53:00,78,69,30.16,11,0.00
2017-10-03T23:53:00,78,69,30.15,10,0.00
2017-10-04T00:53:00,78,68,30.13,10,0.00
2017-10-04T01:00:00,78,68,30.10,10,NA
2017-10-04T01:53:00,77,68,30.12,8,0.00
2017-10-04T02:53:00,77,66,30.10,8,0.00
2017-10-04T03:53:00,76,66,30.10,9,0.00
2017-10-04T04:00:00,76,66,30.07,9,NA
2017-10-04T04:53:00,75,65,30.10,8,0.00
2017-10-04T05:53:00,75,65,30.11,6,0.00
2017-10-04T06:53:00,74,65,30.12,6,0.00
2017-10-04T07:00:00,74,65,30.09,6,NA
2017-10-04T07:53:00,77,65,30.13,9,0.00
2017-10-04T08:53:00,80,66,30.13,10,0.00
2017-10-04T09:53:00,83,66,30.12,15,0.00
2017-10-04T10:00:00,83,66,30.09,15,NA
2017-10-04T10:53:00,84,67,30.12,15,0.00
2017-10-04T11:53:00,86,67,30.09,11,0.00
2017-10-04T12:53:00,86,67,30.07,13,0.00
2017-10-04T13:00:00,86,67,30.04,13,NA
2017-10-04T13:53:00,82,69,30.07,17,T
2017-10-04T14:53:00,80,70,30.07,16,T
2017-10-04T15:01:00,79,70,30.07,16,T
2017-10-04T15:41:00,81,69,30.06,13,T
2017-10-04T15:53:00,82,68,30.05,16,T
2017-10-04T16:00:00,82,68,30.02,16,NA
2017-10-04T16:53:00,81,68,30.05,14,0.00
2017-10-04T17:53:00,80,69,30.05,14,0.00
2017-10-04T18:53:00,80,68,30.05,8,0.00
2017-10-04T19:00:00,80,68,30.02,8,NA
2017-10-04T19:53:00,79,67,30.06,10,0.00
2017-10-04T20:53:00,79,68,30.06,8,0.00
2017-10-04T21:53:00,77,68,30.07,8,0.00
2017-10-04T22:00:00,77,68,30.04,8,NA
2017-10-04T22:53:00,77,67,30.06,9,0.00
2017-10-04T23:53:00,77,66,30.04,10,0.00
2017-10-05T00:53:00,76,66,30.02,13,0.00
2017-10-05T01:00:00,76,66,29.99,13,NA
2017-10-05T01:53:00,75,67,30.00,10,0.00
2017-10-05T02:53:00,75,67,29.98,10,0.00
2017-10-05T03:53:00,75,67,29.97,13,0.00
2017-10-05T04:00:00,75,67,29.94,13,NA
2017-10-05T04:53:00,75,68,29.96,10,0.00
2017-10-05T05:53:00,75,68,29.95,10,0.00
2017-10-05T06:31:00,76,69,29.96,11,NA
2017-10-05T06:47:00,75,70,29.96,11,NA
2017-10-05T06:53:00,76,69,29.96,9,0.00
2017-10-05T07:00:00,76,69,29.93,9,NA
2017-10-05T07:23:00,76,69,29.96,10,NA
2017-10-05T07:53:00,77,70,29.96,13,0.00
2017-10-05T08:19:00,78,70,29.96,11,NA
2017-10-05T08:53:00,78,71,29.96,9,T
2017-10-05T09:53:00,79,71,29.97,11,T
2017-10-05T10:00:00,79,71,29.94,11,NA
2017-10-05T10:53:00,82,70,29.96,13,0.00
2017-10-05T11:05:00,82,70,29.96,15,NA
2017-10-05T11:51:00,84,72,29.93,9,NA
2017-10-05T11:53:00,84,71,29.93,14,0.00
2017-10-05T12:53:00,80,73,29.93,9,0.02
2017-10-05T13:00:00,80,73,29.90,9,NA
2017-10-05T13:51:00,82,73,29.90,6,NA
2017-10-05T13:53:00,82,73,29.90,9,T
2017-10-05T14:53:00,81,72,29.89,10,0.00
2017-10-05T15:53:00,81,71,29.88,11,0.00
2017-10-05T16:00:00,81,71,29.85,11,NA
2017-10-05T16:53:00,81,70,29.89,9,0.00
2017-10-05T17:53:00,81,71,29.89,6,0.00
2017-10-05T18:53:00,80,71,29.90,8,0.00
2017-10-05T19:00:00,80,71,29.87,8,NA
2017-10-05T19:53:00,79,72,29.92,8,0.00
2017-10-05T20:53:00,78,72,29.93,8,0.00
2017-10-05T21:53:00,78,72,29.94,8,0.00
2017-10-05T22:00:00,78,72,29.91,8,NA
2017-10-05T22:53:00,78,72,29.95,9,0.00
2017-10-05T23:53:00,77,72,29.94,8,0.00
2017-10-06T00:53:00,77,72,29.94,7,0.00
2017-10-06T01:00:00,77,72,29.91,7,NA
2017-10-06T01:53:00,77,72,29.93,5,0.00
2017-10-06T02:53:00,76,72,29.91,5,0.00
2017-10-06T03:24:00,76,73,29.90,6,NA
2017-10-06T03:53:00,76,73,29.91,0,0.00
2017-10-06T04:00:00,76,73,29.88,0,NA
2017-10-06T04:53:00,77,73,29.92,5,0.00
2017-10-06T05:53:00,77,74,29.93,6,0.00
2017-10-06T06:53:00,78,74,29.94,7,0.00
2017-10-06T07:00:00,78,74,29.91,7,NA
2017-10-06T07:53:00,79,75,29.93,8,0.00
2017-10-06T08:03:00,80,75,29.94,7,NA
2017-10-06T08:49:00,81,75,29.95,6,NA
2017-10-06T08:53:00,81,75,29.95,7,0.00
2017-10-06T09:35:00,82,76,29.96,6,NA
2017-10-06T09:53:00,83,75,29.96,6,0.00
2017-10-06T10:00:00,83,75,29.93,6,NA
2017-10-06T10:53:00,86,76,29.96,6,0.00
2017-10-06T11:53:00,89,74,29.96,10,0.00
2017-10-06T12:32:00,89,74,29.94,5,NA
2017-10-06T12:53:00,89,74,29.93,6,0.00
2017-10-06T13:00:00,89,74,29.90,6,NA
2017-10-06T13:53:00,91,74,29.91,8,0.00
2017-10-06T14:53:00,92,73,29.89,7,0.00
2017-10-06T15:53:00,89,74,29.88,8,0.00
2017-10-06T16:00:00,89,74,29.85,8,NA
2017-10-06T16:53:00,90,74,29.89,7,0.00
2017-10-06T17:53:00,89,72,29.88,5,0.00
2017-10-06T18:53:00,88,73,29.89,7,0.00
2017-10-06T19:00:00,88,73,29.86,7,NA
2017-10-06T19:53:00,85,74,29.89,7,0.00
2017-10-06T20:53:00,84,75,29.91,5,0.00
2017-10-06T21:53:00,82,75,29.92,5,0.00
2017-10-06T22:00:00,82,75,29.89,5,NA
2017-10-06T22:53:00,82,75,29.94,5,0.00
2017-10-06T23:53:00,82,75,29.93,5,0.00
2017-10-07T00:53:00,82,75,29.93,7,0.00
2017-10-07T01:00:00,82,75,29.90,7,NA
2017-10-07T01:53:00,81,76,29.92,9,T
2017-10-07T02:53:00,81,77,29.92,6,0.00
2017-10-07T03:53:00,81,77,29.89,9,0.00
2017-10-07T04:00:00,81,77,29.86,9,NA
2017-10-07T04:53:00,81,77,29.89,8,0.00
2017-10-07T05:53:00,81,77,29.89,8,0.00
2017-10-07T06:53:00,81,77,29.91,7,T
2017-10-07T07:00:00,81,77,29.88,7,NA
2017-10-07T07:44:00,82,77,29.93,9,NA
2017-10-07T07:53:00,83,77,29.92,10,0.00
2017-10-07T08:17:00,83,77,29.93,10,NA
2017-10-07T08:53:00,84,76,29.94,9,0.00
2017-10-07T09:53:00,87,77,29.94,8,0.00
2017-10-07T10:00:00,87,77,29.91,8,NA
2017-10-07T10:53:00,90,76,29.92,10,0.00
2017-10-07T11:53:00,90,75,29.91,9,0.00
2017-10-07T12:53:00,91,75,29.90,11,0.00
2017-10-07T13:00:00,91,75,29.87,11,NA
2017-10-07T13:53:00,91,76,29.89,8,0.00
2017-10-07T14:53:00,89,78,29.88,9,0.00
2017-10-07T15:53:00,89,77,29.88,9,0.00
2017-10-07T16:00:00,89,77,29.85,9,NA
2017-10-07T16:53:00,88,75,29.88,13,0.00
2017-10-07T17:53:00,89,72,29.87,9,0.00
2017-10-07T18:53:00,87,71,29.90,7,0.00
2017-10-07T19:00:00,87,71,29.87,7,NA
2017-10-07T19:53:00,84,73,29.94,10,0.00
2017-10-07T20:53:00,83,74,29.94,8,0.00
2017-10-07T21:53:00,82,74,29.96,9,0.00
2017-10-07T22:00:00,82,74,29.93,9,NA
2017-10-07T22:53:00,82,74,29.95,8,0.00
2017-10-07T23:53:00,81,74,29.94,6,0.00
2017-10-08T00:53:00,81,75,29.93,6,0.00
2017-10-08T01:00:00,81,75,29.90,6,NA
2017-10-08T01:53:00,81,76,29.91,6,0.00
2017-10-08T02:53:00,81,76,29.90,8,0.00
2017-10-08T03:53:00,81,76,29.89,9,0.00
2017-10-08T04:00:00,81,76,29.86,9,NA
2017-10-08T04:51:00,81,75,29.91,7,NA
2017-10-08T04:53:00,81,76,29.91,7,0.00
2017-10-08T05:27:00,81,76,29.90,7,NA
2017-10-08T05:53:00,81,76,29.90,8,0.00
2017-10-08T06:53:00,81,76,29.91,8,0.00
2017-10-08T07:00:00,81,76,29.88,8,NA
2017-10-08T07:53:00,81,77,29.92,10,0.00
2017-10-08T08:53:00,84,76,29.93,10,0.00
2017-10-08T09:53:00,86,76,29.94,8,0.00
2017-10-08T10:00:00,86,76,29.91,8,NA
2017-10-08T10:53:00,88,76,29.95,14,0.00
2017-10-08T11:53:00,90,77,29.94,14,0.00
2017-10-08T12:53:00,90,77,29.91,11,0.00
2017-10-08T13:00:00,90,77,29.88,11,NA
2017-10-08T13:53:00,90,75,29.90,14,0.00
2017-10-08T14:53:00,89,74,29.88,16,0.00
2017-10-08T15:53:00,89,74,29.87,16,0.00
2017-10-08T16:00:00,89,74,29.84,16,NA
2017-10-08T16:53:00,86,76,29.88,8,0.00
2017-10-08T17:53:00,84,76,29.89,9,0.00
2017-10-08T18:53:00,83,77,29.90,7,0.00
2017-10-08T19:00:00,83,77,29.87,7,NA
2017-10-08T19:53:00,83,77,29.92,6,0.00
2017-10-08T20:53:00,83,75,29.93,6,0.00
2017-10-08T21:53:00,82,75,29.94,6,0.00
2017-10-08T22:00:00,82,75,29.91,6,NA
2017-10-08T22:53:00,82,75,29.94,6,0.00
2017-10-08T23:53:00,82,76,29.93,3,0.00
2017-10-09T00:53:00,81,75,29.93,5,0.00
2017-10-09T01:00:00,81,75,29.90,5,NA
2017-10-09T01:53:00,80,74,29.93,6,0.00
2017-10-09T02:53:00,80,75,29.92,5,0.00
2017-10-09T03:53:00,80,75,29.93,7,0.00
2017-10-09T04:00:00,80,75,29.90,7,NA
2017-10-09T04:53:00,80,75,29.94,6,0.00
2017-10-09T05:53:00,80,75,29.96,6,0.00
2017-10-09T06:53:00,80,75,29.97,0,0.00
2017-10-09T07:00:00,80,75,29.94,0,NA
2017-10-09T07:53:00,82,75,29.99,5,0.00
2017-10-09T08:53:00,84,76,29.99,0,0.00
2017-10-09T09:53:00,87,77,30.00,3,0.00
2017-10-09T10:00:00,87,77,29.97,3,NA
2017-10-09T10:53:00,85,77,30.00,7,0.00
2017-10-09T11:53:00,88,77,29.99,7,0.00
2017-10-09T12:53:00,89,76,29.96,9,0.00
2017-10-09T13:00:00,89,76,29.93,9,NA
2017-10-09T13:53:00,90,77,29.93,8,0.00
2017-10-09T14:53:00,89,75,29.92,8,0.00
2017-10-09T15:53:00,89,73,29.92,6,0.00
2017-10-09T16:00:00,89,73,29.89,6,NA
2017-10-09T16:53:00,88,76,29.93,7,0.00
2017-10-09T17:53:00,86,77,29.94,11,T
2017-10-09T18:04:00,83,78,29.95,10,0.06
2017-10-09T18:11:00,82,78,29.94,10,0.18
2017-10-09T18:20:00,84,76,29.95,0,0.18
2017-10-09T18:53:00,80,76,29.97,13,0.28s
2017-10-09T19:00:00,80,76,29.94,13,NA
2017-10-09T19:53:00,81,76,29.98,5,T
2017-10-09T20:53:00,81,77,30.00,0,0.00
2017-10-09T21:53:00,81,77,30.01,0,0.00
2017-10-09T22:00:00,81,77,29.98,0,NA
2017-10-09T22:53:00,81,75,30.01,3,0.00
2017-10-09T23:53:00,81,75,30.00,3,0.00
2017-10-10T00:53:00,81,75,29.99,6,0.00
2017-10-10T01:00:00,81,75,29.96,6,NA
2017-10-10T01:53:00,80,75,29.98,5,0.00
2017-10-10T02:53:00,80,75,29.97,5,0.00
2017-10-10T03:53:00,80,75,29.98,3,0.00
2017-10-10T04:00:00,80,75,29.95,3,NA
2017-10-10T04:53:00,79,75,30.00,6,0.00
2017-10-10T05:53:00,78,75,30.02,5,0.00
2017-10-10T06:53:00,78,75,30.04,7,0.00
2017-10-10T07:00:00,78,75,30.01,7,NA
2017-10-10T07:53:00,81,76,30.05,3,0.00
2017-10-10T08:53:00,83,75,30.06,7,0.00
2017-10-10T09:53:00,85,73,30.06,8,0.00
2017-10-10T10:00:00,85,73,30.03,8,NA
2017-10-10T10:53:00,88,73,30.06,8,0.00
2017-10-10T11:53:00,88,72,30.04,7,0.00
2017-10-10T12:53:00,92,71,30.01,8,0.00
2017-10-10T13:00:00,92,71,29.98,8,NA
2017-10-10T13:53:00,91,71,29.99,9,0.00
2017-10-10T14:53:00,93,70,29.98,6,0.00
2017-10-10T15:53:00,92,68,29.97,3,0.00
2017-10-10T16:00:00,92,68,29.94,3,NA
2017-10-10T16:53:00,92,68,29.97,6,0.00
2017-10-10T17:53:00,90,68,29.98,3,0.00
2017-10-10T18:53:00,87,72,30.00,5,0.00
2017-10-10T19:00:00,87,72,29.97,5,NA
2017-10-10T19:53:00,86,71,30.01,8,0.00
2017-10-10T20:53:00,85,71,30.04,7,0.00
2017-10-10T21:53:00,83,72,30.04,6,0.00
2017-10-10T22:00:00,83,72,30.01,6,NA
2017-10-10T22:53:00,82,72,30.05,6,0.00
2017-10-10T23:53:00,81,72,30.03,6,0.00
2017-10-11T00:53:00,80,72,30.02,5,0.00
2017-10-11T01:00:00,80,72,29.99,5,NA
2017-10-11T01:53:00,79,73,30.01,0,0.00
2017-10-11T02:53:00,78,73,30.00,5,0.00
2017-10-11T03:53:00,77,73,29.99,5,0.00
2017-10-11T04:00:00,77,73,29.96,5,NA
2017-10-11T04:53:00,77,73,30.00,5,0.00
2017-10-11T05:53:00,77,73,30.01,3,0.00
2017-10-11T06:53:00,76,73,30.01,5,0.00
2017-10-11T07:00:00,76,73,29.98,5,NA
2017-10-11T07:53:00,79,73,30.03,6,0.00
2017-10-11T08:53:00,83,72,30.03,6,0.00
2017-10-11T09:53:00,85,72,30.04,8,0.00
2017-10-11T10:00:00,85,72,30.01,8,NA
2017-10-11T10:53:00,87,71,30.03,8,0.00
2017-10-11T11:53:00,89,70,30.01,9,0.00
2017-10-11T12:53:00,90,69,29.99,7,0.00
2017-10-11T13:00:00,90,69,29.96,7,NA
2017-10-11T13:53:00,91,69,29.96,5,0.00
2017-10-11T14:53:00,93,69,29.94,8,0.00
2017-10-11T15:53:00,91,67,29.94,8,0.00
2017-10-11T16:00:00,91,67,29.91,8,NA
2017-10-11T16:53:00,90,68,29.94,6,0.00
2017-10-11T17:53:00,88,68,29.95,6,0.00
2017-10-11T18:53:00,86,68,29.97,6,0.00
2017-10-11T19:00:00,86,68,29.94,6,NA
2017-10-11T19:53:00,84,68,29.99,8,0.00
2017-10-11T20:53:00,83,69,30.00,9,0.00
2017-10-11T21:53:00,81,70,30.01,6,0.00
2017-10-11T22:00:00,81,70,29.98,6,NA
2017-10-11T22:53:00,80,69,30.00,6,0.00
2017-10-11T23:53:00,78,70,29.99,3,0.00
2017-10-12T00:53:00,77,70,29.97,0,0.00
2017-10-12T01:00:00,77,70,29.94,0,NA
2017-10-12T01:53:00,76,70,29.96,3,0.00
2017-10-12T02:53:00,75,70,29.96,5,0.00
2017-10-12T03:53:00,75,70,29.96,6,0.00
2017-10-12T04:00:00,75,70,29.93,6,NA
2017-10-12T04:53:00,74,70,29.97,3,0.00
2017-10-12T05:53:00,74,70,29.98,5,0.00
2017-10-12T06:53:00,74,70,29.98,5,0.00
2017-10-12T07:00:00,74,70,29.95,5,NA
2017-10-12T07:53:00,77,69,29.99,6,0.00
2017-10-12T08:53:00,81,68,30.00,10,0.00
2017-10-12T09:53:00,82,66,30.00,7,0.00
2017-10-12T10:00:00,82,66,29.97,7,NA
2017-10-12T10:53:00,85,66,29.99,9,0.00
2017-10-12T11:53:00,86,67,29.97,8,0.00
2017-10-12T12:53:00,89,66,29.95,9,0.00
2017-10-12T13:00:00,89,66,29.92,9,NA
2017-10-12T13:53:00,89,64,29.93,8,0.00
2017-10-12T14:53:00,90,65,29.92,8,0.00
2017-10-12T15:53:00,90,65,29.91,9,0.00
2017-10-12T16:00:00,90,65,29.88,9,NA
2017-10-12T16:53:00,88,66,29.92,7,0.00
2017-10-12T17:53:00,86,66,29.93,9,0.00
2017-10-12T18:53:00,84,67,29.95,7,0.00
2017-10-12T19:00:00,84,67,29.92,7,NA
2017-10-12T19:53:00,83,69,29.97,7,0.00
2017-10-12T20:53:00,81,69,29.98,8,0.00
2017-10-12T21:53:00,80,69,29.99,8,0.00
2017-10-12T22:00:00,80,69,29.96,8,NA
2017-10-12T22:53:00,79,69,29.99,6,0.00
2017-10-12T23:53:00,78,69,29.99,8,0.00
2017-10-13T00:53:00,77,69,29.98,7,0.00
2017-10-13T01:00:00,77,69,29.95,7,NA
2017-10-13T01:53:00,76,69,29.98,9,0.00
2017-10-13T02:53:00,76,70,29.97,5,0.00
2017-10-13T03:53:00,76,71,29.97,6,0.00
2017-10-13T04:00:00,76,71,29.94,6,NA
2017-10-13T04:53:00,76,71,29.98,6,0.00
2017-10-13T05:53:00,76,71,30.00,5,0.00
2017-10-13T06:53:00,76,71,30.01,8,0.00
2017-10-13T07:00:00,76,71,29.98,8,NA
2017-10-13T07:53:00,79,72,30.03,6,0.00
2017-10-13T08:53:00,83,73,30.03,11,0.00
2017-10-13T09:53:00,85,72,30.04,11,0.00
2017-10-13T10:00:00,85,72,30.01,11,NA
2017-10-13T10:53:00,86,72,30.03,8,0.00
2017-10-13T11:53:00,86,73,30.02,6,T
2017-10-13T12:53:00,90,73,29.99,9,0.00
2017-10-13T13:00:00,90,73,29.96,9,NA
2017-10-13T13:53:00,83,73,29.97,10,T
2017-10-13T14:53:00,89,73,29.96,8,T
2017-10-13T15:02:00,88,72,29.96,8,NA
2017-10-13T15:15:00,88,72,29.96,9,NA
2017-10-13T15:53:00,81,74,29.98,11,0.04s
2017-10-13T16:00:00,81,74,29.95,11,NA
2017-10-13T16:23:00,80,75,29.97,0,0.10
2017-10-13T16:53:00,82,75,29.97,6,0.06
2017-10-13T17:53:00,82,74,29.98,7,T
2017-10-13T18:53:00,81,74,30.00,7,0.00
2017-10-13T19:00:00,81,74,29.97,7,NA
2017-10-13T19:53:00,81,72,30.02,7,0.00
2017-10-13T20:53:00,80,73,30.03,6,0.00
2017-10-13T21:36:00,79,73,30.04,3,NA
2017-10-13T21:53:00,79,73,30.04,7,0.00
2017-10-13T22:00:00,79,73,30.01,7,NA
2017-10-13T22:53:00,78,73,30.04,8,0.00
2017-10-13T23:00:00,78,73,30.04,7,NA
2017-10-13T23:53:00,78,73,30.03,8,0.00
2017-10-14T00:53:00,78,74,30.03,5,0.00
2017-10-14T01:00:00,78,74,30.00,5,NA
2017-10-14T01:10:00,78,74,30.03,5,NA
2017-10-14T01:53:00,78,74,30.03,5,0.00
2017-10-14T02:53:00,77,74,30.02,5,0.00
2017-10-14T03:53:00,77,74,30.02,5,0.00
2017-10-14T04:00:00,77,74,29.99,5,NA
2017-10-14T04:53:00,77,74,30.03,7,0.00
2017-10-14T05:34:00,77,74,30.05,7,NA
2017-10-14T05:53:00,77,74,30.05,7,0.00
2017-10-14T06:53:00,78,75,30.07,6,0.00
2017-10-14T07:00:00,78,75,30.04,6,NA
2017-10-14T07:53:00,79,75,30.08,6,0.00
2017-10-14T08:03:00,79,75,30.09,6,NA
2017-10-14T08:53:00,81,74,30.10,6,0.00
2017-10-14T09:09:00,83,74,30.10,8,NA
2017-10-14T09:53:00,83,73,30.10,7,0.00
2017-10-14T10:00:00,83,73,30.07,7,NA
2017-10-14T10:53:00,86,74,30.09,9,0.00
2017-10-14T11:50:00,86,73,30.08,9,NA
2017-10-14T11:53:00,86,73,30.08,9,0.00
2017-10-14T12:53:00,85,72,30.06,9,0.00
2017-10-14T13:00:00,85,72,30.03,9,NA
2017-10-14T13:30:00,83,74,30.05,7,T
2017-10-14T13:47:00,84,73,30.04,9,T
2017-10-14T13:53:00,84,73,30.03,8,T
2017-10-14T14:53:00,85,74,30.02,8,T
2017-10-14T15:53:00,86,72,30.02,6,0.00
2017-10-14T16:00:00,86,72,29.99,6,NA
2017-10-14T16:53:00,87,68,30.02,13,0.00
2017-10-14T17:53:00,86,67,30.04,7,0.00
2017-10-14T18:53:00,83,68,30.05,7,0.00
2017-10-14T19:00:00,83,68,30.02,7,NA
2017-10-14T19:53:00,82,68,30.07,7,0.00
2017-10-14T20:53:00,80,68,30.09,8,0.00
2017-10-14T21:53:00,79,68,30.10,5,0.00
2017-10-14T22:00:00,79,68,30.07,5,NA
2017-10-14T22:53:00,78,68,30.10,5,0.00
2017-10-14T23:53:00,77,69,30.08,5,0.00
2017-10-15T00:53:00,75,68,30.07,3,0.00
2017-10-15T01:00:00,75,68,30.04,3,NA
2017-10-15T01:53:00,75,69,30.05,6,0.00
2017-10-15T02:53:00,75,69,30.04,0,0.00
2017-10-15T03:53:00,74,70,30.03,6,0.00
2017-10-15T04:00:00,74,70,30.00,6,NA
2017-10-15T04:53:00,75,70,30.04,3,0.00
2017-10-15T05:53:00,74,71,30.05,6,0.00
2017-10-15T06:53:00,74,71,30.06,3,0.00
2017-10-15T07:00:00,74,71,30.03,3,NA
2017-10-15T07:53:00,77,72,30.08,5,0.00
2017-10-15T08:53:00,81,73,30.09,5,0.00
2017-10-15T09:38:00,83,74,30.09,6,NA
2017-10-15T09:45:00,84,74,30.08,5,NA
2017-10-15T09:53:00,84,73,30.08,7,0.00
2017-10-15T10:00:00,84,73,30.05,7,NA
2017-10-15T10:02:00,85,74,30.08,6,NA
2017-10-15T10:53:00,87,73,30.08,6,0.00
2017-10-15T11:53:00,88,71,30.05,6,0.00
2017-10-15T12:53:00,91,70,30.03,5,0.00
2017-10-15T13:00:00,91,70,30.00,5,NA
2017-10-15T13:53:00,88,73,30.00,11,0.00
2017-10-15T14:53:00,87,72,29.97,9,0.00
2017-10-15T15:53:00,87,74,29.97,11,0.02
2017-10-15T16:00:00,87,74,29.94,11,NA
2017-10-15T16:00:00,83,75,29.98,5,0.04
2017-10-15T16:21:00,79,74,29.96,13,0.44
2017-10-15T16:25:00,78,72,29.97,11,0.48
2017-10-15T16:37:00,81,75,29.96,7,0.50
2017-10-15T16:49:00,84,77,29.99,6,0.50
2017-10-15T16:51:00,82,75,29.99,8,NA
2017-10-15T16:53:00,81,75,29.99,9,0.48
2017-10-15T17:53:00,78,73,29.98,7,0.01
2017-10-15T17:58:00,78,73,29.98,6,NA
2017-10-15T18:53:00,79,74,29.99,0,0.00
2017-10-15T19:00:00,79,74,29.96,0,NA
2017-10-15T19:53:00,79,74,30.00,0,0.00
2017-10-15T20:53:00,78,74,30.02,0,0.00
2017-10-15T21:53:00,79,75,30.03,3,0.00
2017-10-15T22:00:00,79,75,30.00,3,NA
2017-10-15T22:53:00,79,75,30.02,0,0.00
2017-10-15T23:53:00,79,74,29.99,0,0.00
2017-10-16T00:53:00,78,74,29.99,3,0.00
2017-10-16T01:00:00,78,74,29.96,3,NA
2017-10-16T01:53:00,77,73,29.98,0,0.00
2017-10-16T02:53:00,77,73,29.96,0,0.00
2017-10-16T03:53:00,76,73,29.96,3,0.00
2017-10-16T04:00:00,76,73,29.93,3,NA
2017-10-16T04:53:00,76,73,29.97,3,0.00
2017-10-16T05:53:00,76,73,29.98,3,0.00
2017-10-16T06:53:00,76,73,30.00,3,0.00
2017-10-16T07:00:00,76,73,29.97,3,NA
2017-10-16T07:53:00,78,74,30.02,3,0.00
2017-10-16T08:53:00,80,75,30.02,5,0.00
2017-10-16T09:53:00,84,75,30.01,3,0.00
2017-10-16T10:00:00,84,75,29.98,3,NA
2017-10-16T10:53:00,84,75,30.01,5,0.00
2017-10-16T11:53:00,87,74,29.99,3,0.00
2017-10-16T12:53:00,87,74,29.96,8,0.00
2017-10-16T13:00:00,87,74,29.93,8,NA
2017-10-16T13:53:00,88,72,29.93,7,0.00
2017-10-16T14:53:00,89,72,29.91,8,0.00
2017-10-16T15:53:00,88,72,29.90,9,0.00
2017-10-16T16:00:00,88,72,29.87,9,NA
2017-10-16T16:53:00,89,72,29.89,8,0.00
2017-10-16T17:49:00,82,72,29.91,7,T
2017-10-16T17:53:00,83,72,29.91,8,T
2017-10-16T18:06:00,83,71,29.91,6,NA
2017-10-16T18:53:00,82,71,29.93,9,0.00
2017-10-16T19:00:00,82,71,29.90,9,NA
2017-10-16T19:53:00,81,73,29.96,8,0.00
2017-10-16T20:53:00,81,75,29.98,7,0.00
2017-10-16T21:53:00,80,75,29.99,6,0.00
2017-10-16T22:00:00,80,75,29.96,6,NA
2017-10-16T22:53:00,80,72,29.98,7,0.00
2017-10-16T23:53:00,80,72,29.97,3,0.00
2017-10-17T00:53:00,79,72,29.97,6,0.00
2017-10-17T01:00:00,79,72,29.94,6,NA
2017-10-17T01:53:00,79,73,29.97,6,0.00
2017-10-17T02:51:00,79,73,29.96,5,NA
2017-10-17T02:53:00,78,73,29.96,5,0.00
2017-10-17T03:20:00,78,72,29.96,7,NA
2017-10-17T03:43:00,77,73,29.96,11,NA
2017-10-17T03:53:00,77,74,29.97,16,0.02s
2017-10-17T04:00:00,77,74,29.94,16,NA
2017-10-17T04:03:00,74,71,29.99,18,0.10
2017-10-17T04:38:00,72,70,29.99,13,1.07
2017-10-17T04:49:00,72,70,30.00,10,1.08
2017-10-17T04:53:00,72,70,30.00,10,1.09
2017-10-17T05:23:00,73,70,30.00,9,0.06
2017-10-17T05:49:00,73,70,30.02,6,0.06
2017-10-17T05:53:00,73,70,30.02,7,0.04
2017-10-17T06:53:00,73,70,30.03,11,T
2017-10-17T07:00:00,73,70,30.00,11,NA
2017-10-17T07:53:00,73,70,30.05,8,0.01
2017-10-17T08:53:00,74,71,30.06,9,0.01
2017-10-17T09:07:00,74,71,30.07,8,0.01
2017-10-17T09:33:00,75,71,30.07,7,0.01
2017-10-17T09:53:00,75,71,30.07,11,T
2017-10-17T10:00:00,75,71,30.04,11,NA
2017-10-17T10:51:00,77,72,30.07,10,NA
2017-10-17T10:53:00,77,71,30.07,8,0.00
2017-10-17T11:00:00,77,71,30.07,11,NA
2017-10-17T11:23:00,78,71,30.06,11,NA
2017-10-17T11:53:00,78,71,30.05,8,0.00
2017-10-17T12:53:00,79,71,30.03,11,0.00
2017-10-17T13:00:00,79,71,30.00,11,NA
2017-10-17T13:53:00,79,71,30.02,9,0.00
2017-10-17T14:53:00,79,70,30.02,9,T
2017-10-17T15:53:00,79,70,30.01,10,T
2017-10-17T16:00:00,79,70,29.98,10,NA
2017-10-17T16:53:00,78,69,30.01,9,0.00
2017-10-17T17:53:00,78,69,30.03,8,0.00
2017-10-17T18:53:00,76,68,30.04,11,0.00
2017-10-17T19:00:00,76,68,30.01,11,NA
2017-10-17T19:50:00,75,68,30.07,8,NA
2017-10-17T19:53:00,75,68,30.07,9,0.00
2017-10-17T20:53:00,75,67,30.09,11,0.00
2017-10-17T21:53:00,74,67,30.09,10,0.00
2017-10-17T22:00:00,74,67,30.06,10,NA
2017-10-17T22:51:00,73,66,30.09,9,NA
2017-10-17T22:53:00,73,66,30.09,9,0.00
2017-10-17T23:53:00,73,66,30.08,10,0.00
2017-10-18T00:53:00,71,65,30.06,8,0.00
2017-10-18T01:00:00,71,65,30.03,8,NA
2017-10-18T01:53:00,71,65,30.06,9,0.00
2017-10-18T02:53:00,70,65,30.05,8,0.00
2017-10-18T03:53:00,69,65,30.04,8,0.00
2017-10-18T04:00:00,69,65,30.01,8,NA
2017-10-18T04:53:00,70,66,30.05,7,0.00
2017-10-18T05:01:00,70,66,30.05,9,NA
2017-10-18T05:43:00,70,67,30.06,8,NA
2017-10-18T05:53:00,70,67,30.06,8,0.00
2017-10-18T06:53:00,71,67,30.07,6,0.00
2017-10-18T07:00:00,71,67,30.04,6,NA
2017-10-18T07:53:00,72,68,30.09,9,0.00
2017-10-18T08:25:00,73,68,30.10,7,NA
2017-10-18T08:53:00,75,68,30.11,9,0.00
2017-10-18T09:53:00,76,69,30.12,9,0.00
2017-10-18T10:00:00,76,69,30.09,9,NA
2017-10-18T10:14:00,77,69,30.12,10,NA
2017-10-18T10:53:00,79,69,30.11,9,0.00
2017-10-18T11:02:00,80,70,30.11,9,NA
2017-10-18T11:53:00,82,70,30.09,11,0.00
2017-10-18T12:53:00,83,69,30.07,9,0.00
2017-10-18T13:00:00,83,69,30.04,9,NA
2017-10-18T13:53:00,83,68,30.05,10,0.00
2017-10-18T14:53:00,82,68,30.05,11,0.00
2017-10-18T15:53:00,83,67,30.05,10,0.00
2017-10-18T16:00:00,83,67,30.02,10,NA
2017-10-18T16:53:00,82,67,30.05,9,0.00
2017-10-18T17:53:00,80,66,30.06,8,0.00
2017-10-18T18:53:00,79,63,30.08,9,0.00
2017-10-18T19:00:00,79,63,30.05,9,NA
2017-10-18T19:53:00,78,63,30.10,8,0.00
2017-10-18T20:53:00,76,64,30.11,6,0.00
2017-10-18T21:53:00,75,66,30.12,6,0.00
2017-10-18T22:00:00,75,66,30.09,6,NA
2017-10-18T22:53:00,74,67,30.12,8,0.00
2017-10-18T23:53:00,73,68,30.10,8,0.00
2017-10-19T00:53:00,73,68,30.09,8,0.00
2017-10-19T01:00:00,73,68,30.06,8,NA
2017-10-19T01:53:00,72,68,30.08,10,0.00
2017-10-19T02:53:00,71,67,30.06,8,0.00
2017-10-19T03:53:00,71,67,30.06,7,0.00
2017-10-19T04:00:00,71,67,30.03,7,NA
2017-10-19T04:53:00,71,67,30.07,7,0.00
2017-10-19T05:53:00,71,66,30.08,7,0.00
2017-10-19T06:53:00,71,66,30.09,7,0.00
2017-10-19T07:00:00,71,66,30.06,7,NA
2017-10-19T07:47:00,72,66,30.10,8,NA
2017-10-19T07:53:00,72,67,30.10,10,0.00
2017-10-19T08:04:00,72,68,30.10,9,NA
2017-10-19T08:19:00,73,68,30.10,9,NA
2017-10-19T08:53:00,76,69,30.10,9,0.00
2017-10-19T09:53:00,81,70,30.11,9,0.00
2017-10-19T10:00:00,81,70,30.08,9,NA
2017-10-19T10:53:00,83,70,30.11,10,0.00
2017-10-19T11:53:00,86,70,30.09,8,0.00
2017-10-19T12:53:00,87,68,30.06,7,0.00
2017-10-19T13:00:00,87,68,30.03,7,NA
2017-10-19T13:53:00,87,69,30.04,8,0.00
2017-10-19T14:53:00,87,68,30.03,8,0.00
2017-10-19T15:53:00,86,67,30.02,13,0.00
2017-10-19T16:00:00,86,67,29.99,13,NA
2017-10-19T16:53:00,87,68,30.03,13,0.00
2017-10-19T17:53:00,84,68,30.04,10,0.00
2017-10-19T18:53:00,80,70,30.06,14,0.00
2017-10-19T19:00:00,80,70,30.03,14,NA
2017-10-19T19:53:00,79,69,30.07,8,0.00
2017-10-19T20:53:00,78,69,30.09,9,0.00
2017-10-19T21:53:00,77,69,30.10,8,0.00
2017-10-19T22:00:00,77,69,30.07,8,NA
2017-10-19T22:53:00,76,70,30.10,8,0.00
2017-10-19T23:53:00,75,70,30.10,6,0.00
2017-10-20T00:53:00,74,70,30.10,7,0.00
2017-10-20T01:00:00,74,70,30.07,7,NA
2017-10-20T01:53:00,74,70,30.09,5,0.00
2017-10-20T02:53:00,73,70,30.08,7,0.00
2017-10-20T03:53:00,73,69,30.08,7,0.00
2017-10-20T04:00:00,73,69,30.05,7,NA
2017-10-20T04:53:00,73,69,30.09,7,0.00
2017-10-20T05:53:00,73,69,30.10,5,0.00
2017-10-20T06:53:00,73,69,30.11,6,0.00
2017-10-20T07:00:00,73,69,30.08,6,NA
2017-10-20T07:53:00,76,69,30.12,6,0.00
2017-10-20T08:53:00,79,68,30.13,9,0.00
2017-10-20T09:53:00,82,67,30.12,11,0.00
2017-10-20T10:00:00,82,67,30.09,11,NA
2017-10-20T10:53:00,83,66,30.11,11,0.00
2017-10-20T11:53:00,86,66,30.09,10,0.00
2017-10-20T12:53:00,87,64,30.07,11,0.00
2017-10-20T13:00:00,87,64,30.04,11,NA
2017-10-20T13:53:00,86,64,30.04,9,0.00
2017-10-20T14:53:00,86,65,30.04,10,0.00
2017-10-20T15:53:00,86,64,30.04,11,0.00
2017-10-20T16:00:00,86,64,30.01,11,NA
2017-10-20T16:53:00,86,64,30.04,10,0.00
2017-10-20T17:53:00,83,64,30.05,7,0.00
2017-10-20T18:53:00,82,65,30.06,6,0.00
2017-10-20T19:00:00,82,65,30.03,6,NA
2017-10-20T19:53:00,80,65,30.08,9,0.00
2017-10-20T20:53:00,79,65,30.09,10,0.00
2017-10-20T21:53:00,77,66,30.10,6,0.00
2017-10-20T22:00:00,77,66,30.07,6,NA
2017-10-20T22:53:00,76,66,30.11,5,0.00
2017-10-20T23:53:00,75,67,30.09,6,0.00
2017-10-21T00:53:00,74,67,30.08,7,0.00
2017-10-21T01:00:00,74,67,30.05,7,NA
2017-10-21T01:53:00,74,68,30.07,5,0.00
2017-10-21T02:53:00,73,68,30.06,3,0.00
2017-10-21T03:53:00,73,68,30.06,5,0.00
2017-10-21T04:00:00,73,68,30.03,5,NA
2017-10-21T04:53:00,73,68,30.07,5,0.00
2017-10-21T05:53:00,73,68,30.07,3,0.00
2017-10-21T06:53:00,74,68,30.09,3,0.00
2017-10-21T07:00:00,74,68,30.06,3,NA
2017-10-21T07:53:00,76,68,30.12,6,0.00
2017-10-21T08:53:00,79,67,30.13,10,0.00
2017-10-21T09:53:00,82,67,30.13,10,0.00
2017-10-21T10:00:00,82,67,30.10,10,NA
2017-10-21T10:53:00,84,64,30.14,9,0.00
2017-10-21T11:53:00,86,63,30.12,10,0.00
2017-10-21T12:53:00,87,62,30.09,9,0.00
2017-10-21T13:00:00,87,62,30.06,9,NA
2017-10-21T13:53:00,88,65,30.07,11,0.00
2017-10-21T14:53:00,86,66,30.07,13,0.00
2017-10-21T15:53:00,86,66,30.07,11,0.00
2017-10-21T16:00:00,86,66,30.04,11,NA
2017-10-21T16:53:00,84,66,30.08,10,0.00
2017-10-21T17:53:00,83,66,30.10,8,0.00
2017-10-21T18:53:00,81,67,30.11,7,0.00
2017-10-21T19:00:00,81,67,30.08,7,NA
2017-10-21T19:53:00,80,67,30.11,6,0.00
2017-10-21T20:53:00,79,68,30.12,8,0.00
2017-10-21T21:53:00,78,68,30.14,7,0.00
2017-10-21T22:00:00,78,68,30.11,7,NA
2017-10-21T22:53:00,77,69,30.13,6,0.00
2017-10-21T23:53:00,77,69,30.10,8,0.00
2017-10-22T00:53:00,76,69,30.09,6,0.00
2017-10-22T01:00:00,76,69,30.06,6,NA
2017-10-22T01:53:00,76,70,30.09,5,0.00
2017-10-22T02:53:00,75,70,30.07,6,0.00
2017-10-22T03:53:00,75,70,30.08,6,0.00
2017-10-22T04:00:00,75,70,30.05,6,NA
2017-10-22T04:53:00,76,71,30.07,7,0.00
2017-10-22T05:53:00,76,71,30.07,5,0.00
2017-10-22T06:53:00,75,71,30.10,3,0.00
2017-10-22T07:00:00,75,71,30.07,3,NA
2017-10-22T07:53:00,77,71,30.11,6,0.00
2017-10-22T08:53:00,80,73,30.12,6,0.00
2017-10-22T09:47:00,82,73,30.12,10,NA
2017-10-22T09:53:00,84,74,30.12,8,0.00
2017-10-22T10:00:00,84,74,30.09,8,NA
2017-10-22T10:53:00,86,73,30.11,13,0.00
2017-10-22T11:17:00,88,72,30.11,13,NA
2017-10-22T11:53:00,89,73,30.09,11,0.00
2017-10-22T12:53:00,90,69,30.07,11,0.00
2017-10-22T13:00:00,90,69,30.04,11,NA
2017-10-22T13:53:00,90,69,30.05,10,0.00
2017-10-22T14:53:00,89,70,30.03,9,0.00
2017-10-22T15:53:00,89,69,30.03,8,0.00
2017-10-22T16:00:00,89,69,30.00,8,NA
2017-10-22T16:53:00,88,70,30.02,6,0.00
2017-10-22T17:53:00,87,71,30.03,5,0.00
2017-10-22T18:53:00,84,73,30.04,8,0.12
2017-10-22T19:00:00,84,73,30.01,8,NA
2017-10-22T19:53:00,83,72,30.06,6,0.00
2017-10-22T20:53:00,82,72,30.07,6,0.00
2017-10-22T21:53:00,81,72,30.07,9,0.00
2017-10-22T22:00:00,81,72,30.04,9,NA
2017-10-22T22:53:00,81,72,30.08,8,0.00
2017-10-22T23:53:00,80,72,30.06,9,0.00
2017-10-23T00:53:00,79,72,30.05,8,0.00
2017-10-23T01:00:00,79,72,30.02,8,NA
2017-10-23T01:53:00,79,72,30.04,8,0.00
2017-10-23T02:53:00,79,73,30.03,7,0.00
2017-10-23T03:53:00,79,73,30.02,7,0.00
2017-10-23T04:00:00,79,73,29.99,7,NA
2017-10-23T04:53:00,79,73,30.02,9,0.00
2017-10-23T05:53:00,78,73,30.02,7,0.00
2017-10-23T06:53:00,78,74,30.02,7,0.00
2017-10-23T07:00:00,78,74,29.99,7,NA
2017-10-23T07:53:00,79,74,30.02,8,0.00
2017-10-23T08:53:00,80,74,30.03,7,0.00
2017-10-23T09:53:00,82,74,30.03,13,0.00
2017-10-23T10:00:00,82,74,30.00,13,NA
2017-10-23T10:53:00,84,74,30.00,11,0.00
2017-10-23T11:53:00,84,73,29.99,10,0.00
2017-10-23T12:53:00,83,74,29.96,9,0.00
2017-10-23T13:00:00,83,74,29.93,9,NA
2017-10-23T13:53:00,83,73,29.94,14,0.00
2017-10-23T14:53:00,81,75,29.93,8,0.02
2017-10-23T15:22:00,81,75,29.93,11,0.02
2017-10-23T15:33:00,81,75,29.93,14,0.02
2017-10-23T15:53:00,79,73,29.92,14,0.02
2017-10-23T16:00:00,79,73,29.89,14,NA
2017-10-23T16:53:00,79,69,29.93,9,T
2017-10-23T17:10:00,78,71,29.94,6,T
2017-10-23T17:23:00,77,73,29.95,21,0.01
2017-10-23T17:53:00,75,72,29.94,13,0.04
2017-10-23T18:13:00,75,71,29.95,9,T
2017-10-23T18:53:00,73,69,29.96,15,0.06
2017-10-23T19:00:00,73,69,29.93,15,NA
2017-10-23T19:53:00,73,68,29.96,7,0.02
2017-10-23T20:53:00,76,73,29.96,0,0.00
2017-10-23T21:53:00,75,71,29.97,0,0.00
2017-10-23T22:00:00,75,71,29.94,0,NA
2017-10-23T22:53:00,76,72,29.96,6,0.00
2017-10-23T23:53:00,76,72,29.95,6,0.00
2017-10-24T00:53:00,76,72,29.92,7,0.00
2017-10-24T01:00:00,76,72,29.89,7,NA
2017-10-24T01:53:00,77,72,29.92,10,0.00
2017-10-24T02:53:00,77,73,29.91,6,0.00
2017-10-24T03:53:00,78,74,29.90,7,0.00
2017-10-24T04:00:00,78,74,29.87,7,NA
2017-10-24T04:53:00,78,75,29.90,6,0.00
2017-10-24T05:53:00,75,71,29.92,6,0.00
2017-10-24T06:53:00,74,68,29.93,7,0.00
2017-10-24T07:00:00,74,68,29.90,7,NA
2017-10-24T07:10:00,74,68,29.92,6,NA
2017-10-24T07:53:00,74,67,29.94,9,0.00
2017-10-24T08:53:00,74,66,29.96,13,0.00
2017-10-24T09:19:00,74,65,29.97,10,NA
2017-10-24T09:53:00,75,65,29.96,10,0.00
2017-10-24T10:00:00,75,65,29.93,10,NA
2017-10-24T10:53:00,77,63,29.97,11,0.00
2017-10-24T11:53:00,79,59,29.95,10,0.00
2017-10-24T12:53:00,79,60,29.93,8,0.00
2017-10-24T13:00:00,79,60,29.90,8,NA
2017-10-24T13:53:00,79,59,29.90,6,0.00
2017-10-24T14:53:00,79,62,29.88,13,0.00
2017-10-24T15:53:00,77,60,29.88,11,0.00
2017-10-24T16:00:00,77,60,29.85,11,NA
2017-10-24T16:53:00,75,57,29.88,11,0.00
2017-10-24T17:53:00,71,58,29.89,10,0.00
2017-10-24T18:53:00,70,59,29.92,5,0.00
2017-10-24T19:00:00,70,59,29.89,5,NA
2017-10-24T19:53:00,69,59,29.93,3,0.00
2017-10-24T20:53:00,69,60,29.95,5,0.00
2017-10-24T21:53:00,67,60,29.95,5,0.00
2017-10-24T22:00:00,67,60,29.92,5,NA
2017-10-24T22:53:00,67,59,29.94,6,0.00
2017-10-24T23:53:00,66,58,29.93,5,0.00
2017-10-25T00:53:00,68,57,29.92,0,0.00
2017-10-25T01:00:00,68,57,29.89,0,NA
2017-10-25T01:53:00,66,57,29.91,3,0.00
2017-10-25T02:53:00,66,57,29.90,0,0.00
2017-10-25T03:53:00,66,54,29.92,15,0.00
2017-10-25T04:00:00,66,54,29.89,15,NA
2017-10-25T04:53:00,64,49,29.95,10,0.00
2017-10-25T05:53:00,62,45,29.98,10,0.00
2017-10-25T06:53:00,63,42,30.00,13,0.00
2017-10-25T07:00:00,63,42,29.97,13,NA
2017-10-25T07:53:00,64,39,30.01,13,0.00
2017-10-25T08:53:00,66,37,30.01,13,0.00
2017-10-25T09:53:00,69,38,30.01,15,0.00
2017-10-25T10:00:00,69,38,29.98,15,NA
2017-10-25T10:53:00,71,41,30.00,14,0.00
2017-10-25T11:53:00,72,44,29.98,10,0.00
2017-10-25T12:53:00,72,44,29.96,15,0.00
2017-10-25T13:00:00,72,44,29.93,15,NA
2017-10-25T13:53:00,71,45,29.95,13,0.00
2017-10-25T14:53:00,70,46,29.93,13,0.00
2017-10-25T15:53:00,70,48,29.93,11,0.00
2017-10-25T16:00:00,70,48,29.90,11,NA
2017-10-25T16:53:00,68,45,29.94,13,0.00
2017-10-25T17:53:00,65,44,29.94,8,0.00
2017-10-25T18:53:00,66,44,29.96,11,0.00
2017-10-25T19:00:00,66,44,29.93,11,NA
2017-10-25T19:53:00,65,45,29.97,5,0.00
2017-10-25T20:53:00,65,47,29.98,5,0.00
2017-10-25T21:53:00,62,49,30.00,3,0.00
2017-10-25T22:00:00,62,49,29.97,3,NA
2017-10-25T22:53:00,62,49,30.00,0,0.00
2017-10-25T23:53:00,59,50,29.99,3,0.00
2017-10-26T00:53:00,59,51,29.98,0,0.00
2017-10-26T01:00:00,59,51,29.95,0,NA
2017-10-26T01:53:00,60,49,29.99,7,0.00
2017-10-26T02:53:00,59,44,29.98,5,0.00
2017-10-26T03:53:00,59,42,29.99,9,0.00
2017-10-26T04:53:00,58,42,30.00,6,0.00
2017-10-26T05:53:00,58,40,30.03,9,0.00
2017-10-26T06:53:00,57,39,30.05,9,0.00
2017-10-26T07:00:00,57,39,30.02,9,NA
2017-10-26T07:53:00,60,39,30.07,8,0.00
2017-10-26T08:53:00,62,37,30.08,13,0.00
2017-10-26T09:53:00,65,37,30.08,13,0.00
2017-10-26T10:00:00,65,37,30.05,13,NA
2017-10-26T10:53:00,67,36,30.07,9,0.00
2017-10-26T11:53:00,70,37,30.05,8,0.00
2017-10-26T12:53:00,72,37,30.03,6,0.00
2017-10-26T13:00:00,72,37,30.00,6,NA
2017-10-26T13:53:00,74,36,30.01,6,0.00
2017-10-26T14:53:00,75,36,30.00,5,0.00
2017-10-26T15:53:00,75,38,30.00,6,0.00
2017-10-26T16:00:00,75,38,29.97,6,NA
2017-10-26T16:53:00,74,38,30.00,3,0.00
2017-10-26T17:53:00,72,35,30.01,5,0.00
2017-10-26T18:53:00,69,38,30.02,5,0.00
2017-10-26T19:00:00,69,38,29.99,5,NA
2017-10-26T19:53:00,66,42,30.04,0,0.00
2017-10-26T20:53:00,67,42,30.05,3,0.00
2017-10-26T21:53:00,64,44,30.06,0,0.00
2017-10-26T22:00:00,64,44,30.03,0,NA
2017-10-26T22:53:00,64,43,30.06,0,0.00
2017-10-26T23:53:00,63,48,30.06,3,0.00
2017-10-27T00:53:00,61,48,30.06,3,0.00
2017-10-27T01:53:00,59,49,30.04,5,0.00
2017-10-27T02:53:00,60,50,30.03,6,0.00
2017-10-27T03:53:00,59,50,30.03,7,0.00
2017-10-27T04:00:00,59,50,30.00,7,NA
2017-10-27T04:53:00,58,50,30.04,3,0.00
2017-10-27T05:53:00,59,49,30.05,6,0.00
2017-10-27T06:53:00,59,49,30.05,5,0.00
2017-10-27T07:00:00,59,49,30.02,5,NA
2017-10-27T07:53:00,63,49,30.07,8,0.00
2017-10-27T08:53:00,68,50,30.08,6,0.00
2017-10-27T09:53:00,73,52,30.08,7,0.00
2017-10-27T10:00:00,73,52,30.05,7,NA
2017-10-27T10:53:00,75,53,30.07,6,0.00
2017-10-27T11:53:00,78,54,30.05,16,0.00
2017-10-27T12:53:00,79,54,30.02,9,0.00
2017-10-27T13:00:00,79,54,29.99,9,NA
2017-10-27T13:53:00,81,54,29.99,7,0.00
2017-10-27T14:53:00,80,53,29.97,8,0.00
2017-10-27T15:53:00,81,53,29.97,8,0.00
2017-10-27T16:00:00,81,53,29.94,8,NA
2017-10-27T16:53:00,79,53,29.97,7,0.00
2017-10-27T17:53:00,77,54,29.98,5,0.00
2017-10-27T18:53:00,75,55,29.98,5,0.00
2017-10-27T19:00:00,75,55,29.95,5,NA
2017-10-27T19:53:00,74,56,29.99,8,0.00
2017-10-27T20:53:00,73,56,29.99,6,0.00
2017-10-27T21:53:00,72,57,29.99,6,0.00
2017-10-27T22:00:00,72,57,29.96,6,NA
2017-10-27T22:53:00,71,57,29.98,7,0.00
2017-10-27T23:53:00,70,58,29.96,5,0.00
2017-10-28T00:53:00,69,58,29.96,3,0.00
2017-10-28T01:00:00,69,58,29.93,3,NA
2017-10-28T01:53:00,67,58,29.95,5,0.00
2017-10-28T02:53:00,65,58,29.93,0,0.00
2017-10-28T03:53:00,66,58,29.91,3,0.00
2017-10-28T04:00:00,66,58,29.88,3,NA
2017-10-28T04:53:00,66,58,29.91,5,0.00
2017-10-28T05:53:00,66,58,29.92,3,0.00
2017-10-28T06:53:00,66,57,29.92,3,0.00
2017-10-28T07:00:00,66,57,29.89,3,NA
2017-10-28T07:53:00,67,58,29.93,5,0.00
2017-10-28T08:53:00,73,61,29.93,6,0.00
2017-10-28T09:53:00,78,64,29.90,5,0.00
2017-10-28T10:00:00,78,64,29.87,5,NA
2017-10-28T10:53:00,80,66,29.90,6,0.00
2017-10-28T11:53:00,80,66,29.87,6,0.00
2017-10-28T12:53:00,80,66,29.84,6,0.00
2017-10-28T13:00:00,80,66,29.81,6,NA
2017-10-28T13:53:00,79,67,29.81,6,0.00
2017-10-28T14:53:00,79,68,29.80,3,0.00
2017-10-28T15:53:00,75,69,29.78,7,0.01
2017-10-28T16:00:00,75,69,29.75,7,NA
2017-10-28T16:53:00,74,70,29.76,0,T
2017-10-28T17:53:00,73,70,29.77,3,0.03
2017-10-28T18:51:00,73,70,29.78,0,NA
2017-10-28T18:53:00,73,70,29.78,0,0.01
2017-10-28T19:00:00,73,70,29.75,0,NA
2017-10-28T19:53:00,71,67,29.78,3,T
2017-10-28T20:47:00,72,66,29.79,5,NA
2017-10-28T20:53:00,71,67,29.79,5,0.00
2017-10-28T21:53:00,70,67,29.78,3,0.00
2017-10-28T22:00:00,70,67,29.75,3,NA
2017-10-28T22:51:00,70,66,29.76,3,NA
2017-10-28T22:53:00,70,67,29.76,3,0.00
2017-10-28T23:53:00,69,67,29.74,0,0.00
2017-10-29T00:53:00,68,66,29.72,0,0.00
2017-10-29T01:00:00,68,66,29.69,0,NA
2017-10-29T01:53:00,67,66,29.71,0,0.00
2017-10-29T02:53:00,67,66,29.69,0,0.00
2017-10-29T03:42:00,68,67,29.70,10,T
2017-10-29T03:51:00,68,66,29.70,13,0.01
2017-10-29T03:53:00,68,67,29.70,13,0.01
2017-10-29T04:00:00,68,67,29.67,13,NA
2017-10-29T04:51:00,68,66,29.71,15,NA
2017-10-29T04:53:00,68,66,29.71,15,0.01
2017-10-29T05:02:00,67,66,29.72,11,0.01
2017-10-29T05:34:00,67,65,29.73,11,0.01
2017-10-29T05:43:00,67,65,29.73,9,0.01
2017-10-29T05:51:00,66,64,29.73,11,0.01
2017-10-29T05:53:00,67,65,29.74,9,0.01
2017-10-29T06:22:00,66,61,29.76,15,T
2017-10-29T06:53:00,65,59,29.77,18,T
2017-10-29T07:00:00,65,59,29.74,18,NA
2017-10-29T07:24:00,64,58,29.79,17,NA
2017-10-29T07:53:00,64,56,29.80,13,0.00
2017-10-29T08:41:00,62,52,29.82,17,NA
2017-10-29T08:50:00,63,52,29.82,16,NA
2017-10-29T08:53:00,63,51,29.82,18,0.00
2017-10-29T09:53:00,64,50,29.83,22,0.00
2017-10-29T10:00:00,64,50,29.80,22,NA
2017-10-29T10:53:00,64,49,29.85,20,0.00
2017-10-29T11:53:00,66,48,29.83,18,T
2017-10-29T12:53:00,66,47,29.82,18,T
2017-10-29T13:00:00,66,47,29.79,18,NA
2017-10-29T13:53:00,66,44,29.81,22,0.00
2017-10-29T14:53:00,65,44,29.82,20,0.00
2017-10-29T15:53:00,64,45,29.84,17,0.00
2017-10-29T16:00:00,64,45,29.81,17,NA
2017-10-29T16:53:00,63,44,29.85,16,0.00
2017-10-29T17:53:00,61,44,29.86,10,0.00
2017-10-29T18:53:00,60,45,29.87,7,0.00
2017-10-29T19:00:00,60,45,29.84,7,NA
2017-10-29T19:53:00,59,45,29.90,5,0.00
2017-10-29T20:53:00,57,45,29.93,0,0.00
2017-10-29T21:53:00,57,46,29.94,3,0.00
2017-10-29T22:00:00,57,46,29.91,3,NA
2017-10-29T22:53:00,57,46,29.95,3,0.00
2017-10-29T23:53:00,56,47,29.96,5,0.00
2017-10-30T00:53:00,56,44,29.98,6,0.00
2017-10-30T01:00:00,56,44,29.95,6,NA
2017-10-30T01:53:00,54,41,29.99,7,0.00
2017-10-30T02:53:00,52,40,30.00,6,0.00
2017-10-30T03:53:00,51,36,30.01,7,0.00
2017-10-30T04:00:00,51,36,29.98,7,NA
2017-10-30T04:53:00,50,35,30.03,9,0.00
2017-10-30T05:53:00,50,34,30.05,7,0.00
2017-10-30T06:53:00,49,35,30.08,7,0.00
2017-10-30T07:00:00,49,35,30.05,7,NA
2017-10-30T07:53:00,52,35,30.10,7,0.00
2017-10-30T08:53:00,57,34,30.12,7,0.00
2017-10-30T09:53:00,59,31,30.12,10,0.00
2017-10-30T10:00:00,59,31,30.09,10,NA
2017-10-30T10:53:00,63,31,30.12,9,0.00
2017-10-30T11:53:00,65,28,30.10,13,0.00
2017-10-30T12:53:00,68,31,30.07,8,0.00
2017-10-30T13:00:00,68,31,30.04,8,NA
2017-10-30T13:53:00,69,31,30.05,13,0.00
2017-10-30T14:53:00,69,27,30.05,10,0.00
2017-10-30T15:53:00,67,24,30.05,10,0.00
2017-10-30T16:00:00,67,24,30.02,10,NA
2017-10-30T16:53:00,66,27,30.06,11,0.00
2017-10-30T17:53:00,61,29,30.07,8,0.00
2017-10-30T18:53:00,59,34,30.09,5,0.00
2017-10-30T19:00:00,59,34,30.06,5,NA
2017-10-30T19:53:00,58,38,30.11,5,0.00
2017-10-30T20:53:00,58,39,30.12,9,0.00
2017-10-30T21:53:00,58,41,30.13,3,0.00
2017-10-30T22:00:00,58,41,30.10,3,NA
2017-10-30T22:53:00,57,42,30.13,5,0.00
2017-10-30T23:53:00,57,44,30.13,5,0.00
2017-10-31T00:53:00,56,43,30.14,5,0.00
2017-10-31T01:00:00,56,43,30.11,5,NA
2017-10-31T01:53:00,55,43,30.13,5,0.00
2017-10-31T02:53:00,54,42,30.13,5,0.00
2017-10-31T03:53:00,55,42,30.13,5,0.00
2017-10-31T04:00:00,55,42,30.10,5,NA
2017-10-31T04:53:00,54,41,30.15,5,0.00
2017-10-31T05:53:00,54,41,30.17,5,0.00
2017-10-31T06:53:00,54,41,30.19,5,0.00
2017-10-31T07:00:00,54,41,30.16,5,NA
2017-10-31T07:53:00,57,41,30.20,3,0.00
2017-10-31T08:53:00,63,41,30.22,5,0.00
2017-10-31T09:53:00,68,39,30.22,5,0.00
2017-10-31T10:00:00,68,39,30.19,5,NA
2017-10-31T10:53:00,71,37,30.20,5,0.00
2017-10-31T11:53:00,73,42,30.16,6,0.00
2017-10-31T12:53:00,74,40,30.13,5,0.00
2017-10-31T13:00:00,74,40,30.10,5,NA
2017-10-31T13:53:00,76,40,30.10,0,0.00
2017-10-31T14:53:00,73,48,30.09,6,0.00
2017-10-31T15:53:00,73,48,30.08,9,0.00
2017-10-31T16:00:00,73,48,30.05,9,NA
2017-10-31T16:53:00,72,48,30.09,6,0.00
2017-10-31T17:53:00,70,49,30.09,3,0.00
2017-10-31T18:53:00,66,50,30.10,3,0.00
2017-10-31T19:00:00,66,50,30.07,3,NA
2017-10-31T19:53:00,63,49,30.12,7,0.00
2017-10-31T20:53:00,63,50,30.12,3,0.00
2017-10-31T21:53:00,63,51,30.13,3,0.00
2017-10-31T22:00:00,63,51,30.10,3,NA
2017-10-31T22:53:00,62,50,30.13,0,0.00
2017-10-31T23:53:00,63,50,30.13,3,0.00
2017-11-01T00:53:00,61,51,30.12,3,0.00
2017-11-01T01:00:00,61,51,30.09,3,NA
2017-11-01T01:53:00,61,52,30.12,5,0.00
2017-11-01T02:53:00,59,52,30.11,0,0.00
2017-11-01T03:53:00,60,53,30.11,5,0.00
2017-11-01T04:00:00,60,53,30.08,5,NA
2017-11-01T04:53:00,60,53,30.11,6,0.00
2017-11-01T05:53:00,60,54,30.12,5,0.00
2017-11-01T06:53:00,60,54,30.13,3,0.00
2017-11-01T07:00:00,60,54,30.10,3,NA
2017-11-01T07:53:00,63,55,30.16,3,0.00
2017-11-01T08:53:00,69,57,30.17,5,0.00
2017-11-01T09:53:00,73,58,30.16,7,0.00
2017-11-01T10:00:00,73,58,30.13,7,NA
2017-11-01T10:53:00,77,56,30.15,7,0.00
2017-11-01T11:53:00,77,54,30.14,6,0.00
2017-11-01T12:53:00,80,55,30.10,5,0.00
2017-11-01T13:00:00,80,55,30.07,5,NA
2017-11-01T13:53:00,79,55,30.08,3,0.00
2017-11-01T14:53:00,80,55,30.07,8,0.00
2017-11-01T15:53:00,79,55,30.07,6,0.00
2017-11-01T16:00:00,79,55,30.04,6,NA
2017-11-01T16:53:00,78,55,30.07,5,0.00
2017-11-01T17:53:00,78,55,30.08,3,0.00
2017-11-01T18:53:00,75,56,30.09,0,0.00
2017-11-01T19:00:00,75,56,30.06,0,NA
2017-11-01T19:53:00,70,57,30.12,7,0.00
2017-11-01T20:53:00,70,55,30.14,7,0.00
2017-11-01T21:53:00,69,55,30.15,5,0.00
2017-11-01T22:00:00,69,55,30.12,5,NA
2017-11-01T22:53:00,68,56,30.14,0,0.00
2017-11-01T23:53:00,68,57,30.13,0,0.00
2017-11-02T00:53:00,67,58,30.13,0,0.00
2017-11-02T01:00:00,67,58,30.10,0,NA
2017-11-02T01:53:00,65,58,30.11,0,0.00
2017-11-02T02:53:00,64,58,30.10,0,0.00
2017-11-02T03:53:00,64,58,30.09,3,0.00
2017-11-02T04:00:00,64,58,30.06,3,NA
2017-11-02T04:53:00,62,58,30.10,3,0.00
2017-11-02T05:53:00,62,58,30.11,0,0.00
2017-11-02T06:53:00,62,57,30.13,0,0.00
2017-11-02T07:00:00,62,57,30.10,0,NA
2017-11-02T07:53:00,66,59,30.16,3,0.00
2017-11-02T08:53:00,72,60,30.18,6,0.00
2017-11-02T09:53:00,76,62,30.19,6,0.00
2017-11-02T10:00:00,76,62,30.16,6,NA
2017-11-02T10:53:00,79,60,30.18,3,0.00
2017-11-02T11:53:00,81,58,30.16,5,0.00
2017-11-02T12:53:00,82,58,30.14,9,0.00
2017-11-02T13:00:00,82,58,30.11,9,NA
2017-11-02T13:53:00,83,58,30.11,8,0.00
2017-11-02T14:53:00,84,58,30.09,5,0.00
2017-11-02T15:53:00,82,61,30.09,8,0.00
2017-11-02T16:00:00,82,61,30.06,8,NA
2017-11-02T16:53:00,83,61,30.09,3,0.00
2017-11-02T17:51:00,81,61,30.10,5,NA
2017-11-02T17:53:00,81,61,30.10,5,0.00
2017-11-02T18:53:00,78,62,30.12,3,0.00
2017-11-02T19:00:00,78,62,30.09,3,NA
2017-11-02T19:53:00,77,62,30.13,5,0.00
2017-11-02T20:53:00,76,62,30.14,5,0.00
2017-11-02T21:53:00,74,61,30.14,5,0.00
2017-11-02T22:00:00,74,61,30.11,5,NA
2017-11-02T22:53:00,72,61,30.14,3,0.00
2017-11-02T23:53:00,70,62,30.13,5,0.00
2017-11-03T00:53:00,68,61,30.14,3,0.00
2017-11-03T01:00:00,68,61,30.11,3,NA
2017-11-03T01:53:00,67,61,30.12,5,0.00
2017-11-03T02:53:00,66,61,30.11,5,0.00
2017-11-03T03:53:00,65,61,30.10,3,0.00
2017-11-03T04:00:00,65,61,30.07,3,NA
2017-11-03T04:53:00,66,61,30.10,3,0.00
2017-11-03T05:53:00,66,61,30.11,5,0.00
2017-11-03T06:53:00,66,61,30.12,5,0.00
2017-11-03T07:00:00,66,61,30.09,5,NA
2017-11-03T07:53:00,69,62,30.14,5,0.00
2017-11-03T08:53:00,74,63,30.15,6,0.00
2017-11-03T09:53:00,78,64,30.15,8,0.00
2017-11-03T10:00:00,78,64,30.12,8,NA
2017-11-03T10:53:00,81,62,30.14,10,0.00
2017-11-03T11:53:00,83,62,30.12,7,0.00
2017-11-03T12:53:00,84,62,30.09,9,0.00
2017-11-03T13:00:00,84,62,30.06,9,NA
2017-11-03T13:53:00,85,62,30.07,11,0.00
2017-11-03T14:53:00,85,62,30.05,10,0.00
2017-11-03T15:53:00,83,61,30.05,7,0.00
2017-11-03T16:00:00,83,61,30.02,7,NA
2017-11-03T16:53:00,83,62,30.05,6,0.00
2017-11-03T17:53:00,77,61,30.06,9,0.00
2017-11-03T18:53:00,75,61,30.07,8,0.00
2017-11-03T19:00:00,75,61,30.04,8,NA
2017-11-03T19:53:00,73,61,30.08,6,0.00
2017-11-03T20:53:00,72,62,30.08,6,0.00
2017-11-03T21:53:00,72,62,30.08,5,0.00
2017-11-03T22:00:00,72,62,30.05,5,NA
2017-11-03T22:53:00,71,63,30.08,3,0.00
2017-11-03T23:53:00,71,62,30.07,0,0.00
2017-11-04T00:53:00,69,63,30.06,3,0.00
2017-11-04T01:00:00,69,63,30.03,3,NA
2017-11-04T01:53:00,68,62,30.06,3,0.00
2017-11-04T02:53:00,67,62,30.05,5,0.00
2017-11-04T03:53:00,66,63,30.04,3,0.00
2017-11-04T04:00:00,66,63,30.01,3,NA
2017-11-04T04:53:00,65,63,30.04,3,0.00
2017-11-04T05:53:00,66,62,30.06,5,0.00
2017-11-04T06:53:00,66,62,30.07,5,0.00
2017-11-04T07:00:00,66,62,30.04,5,NA
2017-11-04T07:53:00,68,63,30.08,5,0.00
2017-11-04T08:53:00,73,64,30.09,5,0.00
2017-11-04T09:53:00,77,65,30.09,8,0.00
2017-11-04T10:00:00,77,65,30.06,8,NA
2017-11-04T10:53:00,80,65,30.08,7,0.00
2017-11-04T11:53:00,82,65,30.06,5,0.00
2017-11-04T12:53:00,84,63,30.02,9,0.00
2017-11-04T13:00:00,84,63,29.99,9,NA
2017-11-04T13:53:00,86,63,30.00,8,0.00
2017-11-04T14:53:00,85,62,29.99,10,0.00
2017-11-04T15:53:00,86,61,29.99,6,0.00
2017-11-04T16:00:00,86,61,29.96,6,NA
2017-11-04T16:53:00,82,63,29.99,7,0.00
2017-11-04T17:53:00,77,63,30.00,10,0.00
2017-11-04T18:53:00,75,63,30.02,7,0.00
2017-11-04T19:00:00,75,63,29.99,7,NA
2017-11-04T19:53:00,72,63,30.03,6,0.00
2017-11-04T20:53:00,72,64,30.04,6,0.00
2017-11-04T21:53:00,71,64,30.05,5,0.00
2017-11-04T22:00:00,71,64,30.02,5,NA
2017-11-04T22:53:00,69,64,30.05,3,0.00
2017-11-04T23:53:00,69,63,30.05,0,0.00
2017-11-05T00:53:00,67,63,30.04,3,0.00
2017-11-05T01:00:00,67,63,30.01,3,NA
2017-11-05T01:53:00,65,62,30.04,0,0.00
2017-11-05T02:53:00,65,62,30.03,3,0.00
2017-11-05T03:53:00,63,61,30.03,3,0.00
2017-11-05T04:00:00,63,61,30.00,3,NA
2017-11-05T04:53:00,62,61,30.03,0,0.00
2017-11-05T05:43:00,61,60,30.04,3,NA
2017-11-05T05:51:00,61,61,30.04,5,NA
2017-11-05T05:53:00,61,59,30.04,5,0.00
2017-11-05T06:16:00,62,60,30.05,5,NA
2017-11-05T06:51:00,63,61,30.05,6,NA
2017-11-05T06:53:00,62,61,30.05,6,0.00
2017-11-05T07:00:00,62,61,30.02,6,NA
2017-11-05T07:18:00,62,61,30.06,5,NA
2017-11-05T07:45:00,63,61,30.06,6,NA
2017-11-05T07:53:00,64,62,30.06,5,0.00
2017-11-05T07:59:00,65,62,30.06,6,NA
2017-11-05T08:53:00,68,64,30.08,7,0.00
2017-11-05T09:53:00,73,64,30.08,7,0.00
2017-11-05T10:00:00,73,64,30.05,7,NA
2017-11-05T10:53:00,78,65,30.07,6,0.00
2017-11-05T11:53:00,81,67,30.05,6,0.00
2017-11-05T12:53:00,83,66,30.03,8,0.00
2017-11-05T13:00:00,83,66,30.00,8,NA
2017-11-05T13:53:00,83,65,30.01,11,0.00
2017-11-05T14:53:00,84,64,30.00,8,0.00
2017-11-05T15:53:00,84,64,30.00,3,0.00
2017-11-05T16:00:00,84,64,29.97,3,NA
2017-11-05T16:53:00,83,66,30.01,5,0.00
2017-11-05T17:53:00,80,66,30.01,3,0.00
2017-11-05T18:53:00,76,66,30.03,7,0.00
2017-11-05T19:00:00,76,66,30.00,7,NA
2017-11-05T19:53:00,75,67,30.05,6,0.00
2017-11-05T20:53:00,73,67,30.06,7,0.00
2017-11-05T21:53:00,72,67,30.07,5,0.00
2017-11-05T22:00:00,72,67,30.04,5,NA
2017-11-05T22:53:00,71,67,30.06,3,0.00
2017-11-05T23:53:00,72,67,30.06,5,0.00
2017-11-06T00:53:00,71,68,30.05,3,0.00
2017-11-06T01:00:00,71,68,30.02,3,NA
2017-11-06T01:53:00,71,68,30.04,6,0.00
2017-11-06T02:47:00,70,66,30.03,7,NA
2017-11-06T02:51:00,70,66,30.03,7,NA
2017-11-06T02:53:00,70,67,30.03,5,0.00
2017-11-06T03:53:00,69,68,30.04,6,0.00
2017-11-06T04:00:00,69,68,30.01,6,NA
2017-11-06T04:53:00,70,68,30.04,6,0.00
2017-11-06T05:53:00,70,69,30.05,5,0.00
2017-11-06T06:53:00,70,68,30.07,6,0.00
2017-11-06T07:00:00,70,68,30.04,6,NA
2017-11-06T07:53:00,71,69,30.10,5,0.00
2017-11-06T08:27:00,71,69,30.10,6,NA
2017-11-06T08:40:00,72,69,30.10,5,NA
2017-11-06T08:51:00,72,70,30.10,6,NA
2017-11-06T08:53:00,72,69,30.11,7,0.00
2017-11-06T09:47:00,75,70,30.11,3,NA
2017-11-06T09:53:00,77,70,30.11,5,0.00
2017-11-06T10:00:00,77,70,30.08,5,NA
2017-11-06T10:53:00,79,69,30.10,5,0.00
2017-11-06T11:24:00,77,70,30.09,8,NA
2017-11-06T11:40:00,79,71,30.09,7,NA
2017-11-06T11:53:00,79,71,30.09,6,0.00
2017-11-06T12:53:00,80,69,30.06,8,0.00
2017-11-06T13:00:00,80,69,30.03,8,NA
2017-11-06T13:53:00,81,70,30.03,8,0.00
2017-11-06T14:53:00,81,70,30.01,8,0.00
2017-11-06T15:53:00,81,70,30.01,8,0.00
2017-11-06T16:00:00,81,70,29.98,8,NA
2017-11-06T16:53:00,81,68,30.01,9,0.00
2017-11-06T17:53:00,77,67,30.03,7,0.00
2017-11-06T18:53:00,74,67,30.05,9,0.00
2017-11-06T19:00:00,74,67,30.02,9,NA
2017-11-06T19:53:00,73,68,30.06,10,0.00
2017-11-06T20:53:00,73,68,30.07,8,0.00
2017-11-06T21:53:00,72,68,30.08,5,0.00
2017-11-06T22:00:00,72,68,30.05,5,NA
2017-11-06T22:53:00,71,68,30.08,5,0.00
2017-11-06T23:53:00,72,68,30.07,5,0.00
2017-11-07T00:53:00,71,68,30.06,3,0.00
2017-11-07T01:00:00,71,68,30.03,3,NA
2017-11-07T01:53:00,71,67,30.06,3,0.00
2017-11-07T02:53:00,70,67,30.06,0,0.00
2017-11-07T03:53:00,69,66,30.06,0,0.00
2017-11-07T04:00:00,69,66,30.03,0,NA
2017-11-07T04:53:00,69,66,30.06,5,0.00
2017-11-07T05:53:00,68,66,30.06,3,0.00
2017-11-07T06:53:00,70,66,30.07,0,0.00
2017-11-07T07:00:00,70,66,30.04,0,NA
2017-11-07T07:53:00,71,67,30.08,5,0.00
2017-11-07T08:53:00,77,66,30.09,5,0.00
2017-11-07T09:53:00,81,67,30.10,5,0.00
2017-11-07T10:00:00,81,67,30.07,5,NA
2017-11-07T10:53:00,82,65,30.08,5,0.00
2017-11-07T11:53:00,84,64,30.07,7,0.00
2017-11-07T12:53:00,83,66,30.04,5,0.00
2017-11-07T13:00:00,83,66,30.01,5,NA
2017-11-07T13:53:00,85,63,30.01,3,0.00
2017-11-07T14:53:00,82,68,29.99,10,0.00
2017-11-07T15:53:00,85,65,29.99,9,0.00
2017-11-07T16:00:00,85,65,29.96,9,NA
2017-11-07T16:53:00,82,64,30.00,9,0.00
2017-11-07T17:53:00,77,61,30.01,9,0.00
2017-11-07T18:12:00,77,62,30.01,7,NA
2017-11-07T18:53:00,74,63,30.02,8,0.00
2017-11-07T19:00:00,74,63,29.99,8,NA
2017-11-07T19:53:00,73,65,30.02,5,0.00
2017-11-07T20:53:00,72,65,30.03,5,0.00
2017-11-07T21:53:00,71,66,30.04,3,0.00
2017-11-07T22:00:00,71,66,30.01,3,NA
2017-11-07T22:53:00,71,66,30.02,3,0.00
2017-11-07T23:53:00,70,66,30.01,3,0.00
2017-11-08T00:53:00,69,66,30.03,0,0.00
2017-11-08T01:00:00,69,66,30.00,0,NA
2017-11-08T01:53:00,69,66,30.02,3,0.00
2017-11-08T02:53:00,69,65,30.02,5,0.00
2017-11-08T03:53:00,68,65,30.01,0,0.00
2017-11-08T04:00:00,68,65,29.98,0,NA
2017-11-08T04:53:00,68,64,30.01,0,0.00
2017-11-08T05:53:00,67,63,30.03,0,0.00
2017-11-08T06:53:00,68,63,30.03,0,0.00
2017-11-08T07:00:00,68,63,30.00,0,NA
2017-11-08T07:53:00,70,65,30.05,3,0.00
2017-11-08T08:53:00,74,68,30.06,7,0.00
2017-11-08T09:53:00,77,65,30.07,6,0.00
2017-11-08T10:00:00,77,65,30.04,6,NA
2017-11-08T10:53:00,81,64,30.05,0,0.00
2017-11-08T11:53:00,80,67,30.03,9,0.00
2017-11-08T12:53:00,80,68,30.00,8,0.00
2017-11-08T13:00:00,80,68,29.97,8,NA
2017-11-08T13:53:00,82,66,29.98,8,0.00
2017-11-08T14:53:00,82,66,29.96,10,0.00
2017-11-08T15:53:00,81,65,29.95,8,0.00
2017-11-08T16:00:00,81,65,29.92,8,NA
2017-11-08T16:53:00,80,61,29.96,8,0.00
2017-11-08T17:53:00,79,62,29.96,7,0.00
2017-11-08T18:53:00,75,63,29.98,7,0.00
2017-11-08T19:00:00,75,63,29.95,7,NA
2017-11-08T19:53:00,74,66,30.00,6,0.00
2017-11-08T20:53:00,72,67,30.01,3,0.00
2017-11-08T21:53:00,72,68,30.02,3,0.00
2017-11-08T22:00:00,72,68,29.99,3,NA
2017-11-08T22:53:00,72,68,30.03,5,0.00
2017-11-08T23:53:00,72,68,30.02,6,0.00
2017-11-09T00:53:00,71,67,30.01,3,0.00
2017-11-09T01:00:00,71,67,29.98,3,NA
2017-11-09T01:53:00,70,67,30.00,0,0.00
2017-11-09T02:53:00,70,66,29.99,0,0.00
2017-11-09T03:53:00,69,66,29.98,0,0.00
2017-11-09T04:00:00,69,66,29.95,0,NA
2017-11-09T04:53:00,69,66,30.00,0,0.00
2017-11-09T05:53:00,69,65,30.00,3,0.00
2017-11-09T06:53:00,69,65,30.02,5,0.00
2017-11-09T07:00:00,69,65,29.99,5,NA
2017-11-09T07:53:00,72,66,30.03,3,0.00
2017-11-09T08:53:00,75,67,30.04,0,0.00
2017-11-09T09:53:00,79,69,30.03,0,0.00
2017-11-09T10:00:00,79,69,30.00,0,NA
2017-11-09T10:53:00,80,69,30.02,6,0.00
2017-11-09T11:53:00,81,67,30.00,7,0.00
2017-11-09T12:53:00,82,66,29.98,7,0.00
2017-11-09T13:00:00,82,66,29.95,7,NA
2017-11-09T13:53:00,83,63,29.96,6,0.00
2017-11-09T14:53:00,82,67,29.96,7,0.00
2017-11-09T15:53:00,81,67,29.96,9,0.00
2017-11-09T16:00:00,81,67,29.93,9,NA
2017-11-09T16:53:00,79,67,29.97,9,0.00
2017-11-09T17:53:00,77,67,29.98,7,0.00
2017-11-09T18:53:00,76,68,30.00,8,0.00
2017-11-09T19:00:00,76,68,29.97,8,NA
2017-11-09T19:53:00,74,68,30.01,7,0.00
2017-11-09T20:53:00,73,68,30.02,6,0.00
2017-11-09T21:53:00,73,68,30.03,5,0.00
2017-11-09T22:00:00,73,68,30.00,5,NA
2017-11-09T22:53:00,72,68,30.02,5,0.00
2017-11-09T23:53:00,71,68,30.02,5,0.00
2017-11-10T00:14:00,71,68,30.01,6,NA
2017-11-10T00:23:00,72,69,30.01,7,NA
2017-11-10T00:53:00,72,68,30.01,7,0.00
2017-11-10T01:00:00,72,68,29.98,7,NA
2017-11-10T01:06:00,71,68,30.01,5,NA
2017-11-10T01:53:00,71,67,30.01,5,0.00
2017-11-10T02:53:00,69,64,30.01,8,0.00
2017-11-10T03:51:00,66,63,30.02,10,NA
2017-11-10T03:53:00,67,63,30.02,13,0.00
2017-11-10T04:00:00,67,63,29.99,13,NA
2017-11-10T04:22:00,67,63,30.02,8,NA
2017-11-10T04:53:00,67,64,30.02,6,0.00
2017-11-10T05:53:00,67,64,30.03,9,0.00
2017-11-10T06:53:00,67,65,30.05,6,0.00
2017-11-10T07:00:00,67,65,30.02,6,NA
2017-11-10T07:53:00,67,64,30.07,7,0.00
2017-11-10T08:53:00,68,63,30.08,10,0.00
2017-11-10T09:08:00,68,62,30.08,9,NA
2017-11-10T09:53:00,70,62,30.09,7,0.00
2017-11-10T10:00:00,70,62,30.06,7,NA
2017-11-10T10:53:00,71,62,30.09,8,0.00
2017-11-10T11:14:00,72,63,30.09,8,NA
2017-11-10T11:53:00,72,63,30.08,7,0.00
2017-11-10T12:53:00,73,62,30.06,8,0.00
2017-11-10T13:00:00,73,62,30.03,8,NA
2017-11-10T13:53:00,74,62,30.05,8,0.00
2017-11-10T14:53:00,74,62,30.04,7,0.00
2017-11-10T15:53:00,73,62,30.05,6,0.00
2017-11-10T16:00:00,73,62,30.02,6,NA
2017-11-10T16:53:00,73,62,30.06,8,0.00
2017-11-10T17:53:00,72,62,30.08,6,0.00
2017-11-10T18:53:00,71,61,30.10,11,0.00
2017-11-10T19:00:00,71,61,30.07,11,NA
2017-11-10T19:53:00,70,60,30.11,8,0.00
2017-11-10T20:16:00,70,60,30.12,10,NA
2017-11-10T20:53:00,69,59,30.12,8,0.00
2017-11-10T21:53:00,68,58,30.13,9,0.00
2017-11-10T22:00:00,68,58,30.10,9,NA
2017-11-10T22:53:00,67,57,30.14,9,0.00
2017-11-10T23:53:00,65,57,30.13,8,0.00
2017-11-11T00:53:00,64,57,30.12,9,0.00
2017-11-11T01:00:00,64,57,30.09,9,NA
2017-11-11T01:53:00,63,57,30.10,8,0.00
2017-11-11T02:53:00,63,57,30.10,7,0.00
2017-11-11T03:53:00,63,57,30.10,8,0.00
2017-11-11T04:00:00,63,57,30.07,8,NA
2017-11-11T04:53:00,62,57,30.11,8,0.00
2017-11-11T05:53:00,62,57,30.12,7,0.00
2017-11-11T06:53:00,62,57,30.13,7,0.00
2017-11-11T07:00:00,62,57,30.10,7,NA
2017-11-11T07:53:00,65,58,30.15,8,0.00
2017-11-11T08:53:00,71,60,30.16,7,0.00
2017-11-11T09:53:00,76,62,30.17,10,0.00
2017-11-11T10:00:00,76,62,30.14,10,NA
2017-11-11T10:53:00,79,63,30.16,9,0.00
2017-11-11T11:53:00,82,63,30.14,8,0.00
2017-11-11T12:53:00,82,63,30.11,9,0.00
2017-11-11T13:00:00,82,63,30.08,9,NA
2017-11-11T13:53:00,84,63,30.08,6,0.00
2017-11-11T14:53:00,83,64,30.08,10,0.00
2017-11-11T15:53:00,81,65,30.09,13,0.00
2017-11-11T16:00:00,81,65,30.06,13,NA
2017-11-11T16:53:00,78,65,30.10,9,0.00
2017-11-11T17:53:00,75,68,30.11,6,0.00
2017-11-11T18:53:00,74,68,30.13,5,0.00
2017-11-11T19:00:00,74,68,30.10,5,NA
2017-11-11T19:51:00,75,66,30.14,9,NA
2017-11-11T19:53:00,75,67,30.14,10,0.00
2017-11-11T20:53:00,74,67,30.15,5,0.00
2017-11-11T21:53:00,73,67,30.16,6,0.00
2017-11-11T22:00:00,73,67,30.13,6,NA
2017-11-11T22:53:00,73,67,30.15,5,0.00
2017-11-11T23:53:00,72,67,30.14,5,0.00
2017-11-12T00:53:00,72,66,30.14,5,0.00
2017-11-12T01:00:00,72,66,30.11,5,NA
2017-11-12T01:53:00,71,66,30.13,6,0.00
2017-11-12T02:53:00,72,66,30.13,8,0.00
2017-11-12T03:53:00,71,66,30.12,9,0.00
2017-11-12T04:00:00,71,66,30.09,9,NA
2017-11-12T04:53:00,72,66,30.13,8,0.00
2017-11-12T05:53:00,72,66,30.15,9,0.00
2017-11-12T06:53:00,72,66,30.16,8,0.00
2017-11-12T07:00:00,72,66,30.13,8,NA
2017-11-12T07:53:00,73,66,30.17,10,0.00
2017-11-12T08:26:00,73,66,30.18,10,NA
2017-11-12T08:53:00,73,67,30.18,11,T
2017-11-12T09:26:00,73,67,30.18,6,T
2017-11-12T09:53:00,73,67,30.19,14,T
2017-11-12T10:00:00,73,67,30.16,14,NA
2017-11-12T10:04:00,73,68,30.19,10,T
2017-11-12T10:20:00,72,69,30.19,7,0.01
2017-11-12T10:26:00,73,69,30.19,10,0.01
2017-11-12T10:53:00,74,69,30.17,11,0.01
2017-11-12T11:10:00,76,69,30.16,8,T
2017-11-12T11:14:00,76,69,30.16,9,T
2017-11-12T11:26:00,76,68,30.16,10,T
2017-11-12T11:53:00,77,67,30.15,10,T
2017-11-12T12:53:00,76,67,30.13,11,T
2017-11-12T13:00:00,76,67,30.10,11,NA
2017-11-12T13:07:00,76,68,30.12,8,T
2017-11-12T13:53:00,77,68,30.12,8,T
2017-11-12T14:53:00,77,66,30.11,9,T
2017-11-12T15:53:00,77,65,30.11,10,T
2017-11-12T16:00:00,77,65,30.08,10,NA
2017-11-12T16:53:00,76,66,30.11,8,T
2017-11-12T17:53:00,73,65,30.13,7,T
2017-11-12T18:53:00,73,66,30.15,6,T
2017-11-12T19:00:00,73,66,30.12,6,NA
2017-11-12T19:53:00,73,67,30.16,6,0.00
2017-11-12T20:53:00,73,66,30.16,6,0.00
2017-11-12T21:53:00,74,66,30.17,5,0.00
2017-11-12T22:00:00,74,66,30.14,5,NA
2017-11-12T22:53:00,74,65,30.15,5,0.00
2017-11-12T23:53:00,74,65,30.14,5,0.00
2017-11-13T00:53:00,73,65,30.13,6,0.00
2017-11-13T01:00:00,73,65,30.10,6,NA
2017-11-13T01:53:00,73,65,30.12,8,0.00
2017-11-13T02:53:00,72,64,30.11,7,0.00
2017-11-13T03:53:00,72,64,30.11,7,0.00
2017-11-13T04:00:00,72,64,30.08,7,NA
2017-11-13T04:53:00,72,64,30.10,9,0.00
2017-11-13T05:53:00,72,64,30.10,7,0.00
2017-11-13T06:53:00,71,65,30.12,8,0.00
2017-11-13T07:00:00,71,65,30.09,8,NA
2017-11-13T07:53:00,72,65,30.13,7,0.00
2017-11-13T08:53:00,74,65,30.14,7,0.00
2017-11-13T09:53:00,79,66,30.14,9,0.00
2017-11-13T10:00:00,79,66,30.11,9,NA
2017-11-13T10:53:00,82,64,30.13,8,0.00
2017-11-13T11:53:00,84,64,30.11,5,0.00
2017-11-13T12:53:00,84,64,30.08,6,0.00
2017-11-13T13:00:00,84,64,30.05,6,NA
2017-11-13T13:53:00,85,62,30.06,9,0.00
2017-11-13T14:53:00,86,62,30.05,7,0.00
2017-11-13T15:53:00,85,64,30.04,6,0.00
2017-11-13T16:00:00,85,64,30.01,16,NA
2017-11-13T16:53:00,82,65,30.04,13,0.00
2017-11-13T17:53:00,78,65,30.06,14,0.00
2017-11-13T18:53:00,76,65,30.08,13,0.00
2017-11-13T19:00:00,76,65,30.05,13,NA
2017-11-13T19:53:00,74,62,30.09,15,0.00
2017-11-13T20:53:00,72,61,30.10,9,0.00
2017-11-13T21:53:00,71,61,30.11,8,0.00
2017-11-13T22:00:00,71,61,30.08,8,NA
2017-11-13T22:53:00,69,62,30.10,11,0.00
2017-11-13T23:53:00,68,62,30.09,10,0.00
2017-11-14T00:53:00,68,62,30.07,9,0.00
2017-11-14T01:00:00,68,62,30.04,9,NA
2017-11-14T01:53:00,67,62,30.06,10,0.00
2017-11-14T02:53:00,67,61,30.06,8,0.00
2017-11-14T03:53:00,66,60,30.05,8,0.00
2017-11-14T04:00:00,66,60,30.02,8,NA
2017-11-14T04:53:00,66,60,30.05,9,0.00
2017-11-14T05:53:00,66,60,30.06,10,0.00
2017-11-14T06:53:00,65,60,30.07,10,0.00
2017-11-14T07:00:00,65,60,30.04,10,NA
2017-11-14T07:53:00,67,60,30.08,10,0.00
2017-11-14T08:53:00,70,61,30.09,13,0.00
2017-11-14T09:53:00,74,62,30.09,11,0.00
2017-11-14T10:00:00,74,62,30.06,11,NA
2017-11-14T10:53:00,77,62,30.08,8,0.00
2017-11-14T11:53:00,80,63,30.04,9,0.00
2017-11-14T12:53:00,81,63,30.01,8,0.00
2017-11-14T13:00:00,81,63,29.98,8,NA
2017-11-14T13:53:00,82,62,29.98,10,0.00
2017-11-14T14:53:00,82,61,29.96,11,0.00
2017-11-14T15:53:00,81,60,29.96,10,0.00
2017-11-14T16:00:00,81,60,29.93,10,NA
2017-11-14T16:53:00,79,59,29.96,9,0.00
2017-11-14T17:53:00,75,61,29.98,16,0.00
2017-11-14T18:53:00,71,60,30.01,17,0.00
2017-11-14T19:00:00,71,60,29.98,17,NA
2017-11-14T19:53:00,69,59,30.02,11,0.00
2017-11-14T20:53:00,68,59,30.03,13,0.00
2017-11-14T21:53:00,66,58,30.04,8,0.00
2017-11-14T22:00:00,66,58,30.01,8,NA
2017-11-14T22:53:00,65,57,30.03,9,0.00
2017-11-14T23:53:00,63,55,30.03,10,0.00
2017-11-15T00:53:00,62,54,30.01,9,0.00
2017-11-15T01:00:00,62,54,29.98,9,NA
2017-11-15T01:53:00,61,53,29.99,11,0.00
2017-11-15T02:53:00,60,53,29.99,9,0.00
2017-11-15T03:53:00,59,53,29.99,10,0.00
2017-11-15T04:00:00,59,53,29.96,10,NA
2017-11-15T04:53:00,59,53,29.99,8,0.00
2017-11-15T05:53:00,59,53,30.00,8,0.00
2017-11-15T06:53:00,59,52,30.02,7,0.00
2017-11-15T07:00:00,59,52,29.99,7,NA
2017-11-15T07:53:00,60,53,30.04,8,0.00
2017-11-15T08:53:00,64,54,30.04,14,0.00
2017-11-15T09:53:00,68,56,30.04,8,0.00
2017-11-15T10:00:00,68,56,30.01,8,NA
2017-11-15T10:53:00,72,57,30.03,9,0.00
2017-11-15T11:53:00,75,57,30.01,9,0.00
2017-11-15T12:53:00,77,55,29.98,6,0.00
2017-11-15T13:00:00,77,55,29.95,6,NA
2017-11-15T13:53:00,79,52,29.96,9,0.00
2017-11-15T14:53:00,79,49,29.95,9,0.00
2017-11-15T15:53:00,79,48,29.95,10,0.00
2017-11-15T16:00:00,79,48,29.92,10,NA
2017-11-15T16:53:00,77,49,29.97,8,0.00
2017-11-15T17:53:00,71,56,29.99,14,0.00
2017-11-15T18:53:00,69,57,30.00,10,0.00
2017-11-15T19:00:00,69,57,29.97,10,NA
2017-11-15T19:53:00,68,57,30.01,8,0.00
2017-11-15T20:53:00,67,59,30.02,8,0.00
2017-11-15T21:53:00,65,58,30.03,8,0.00
2017-11-15T22:00:00,65,58,30.00,8,NA
2017-11-15T22:53:00,64,58,30.03,8,0.00
2017-11-15T23:53:00,62,58,30.04,6,0.00
2017-11-16T00:51:00,63,57,30.03,9,NA
2017-11-16T00:53:00,62,58,30.03,10,0.00
2017-11-16T01:00:00,62,58,30.00,10,NA
2017-11-16T01:53:00,62,58,30.03,8,0.00
2017-11-16T02:53:00,62,58,30.03,8,0.00
2017-11-16T03:53:00,61,58,30.02,7,0.00
2017-11-16T04:00:00,61,58,29.99,7,NA
2017-11-16T04:53:00,61,57,30.03,10,0.00
2017-11-16T05:53:00,62,58,30.04,6,0.00
2017-11-16T06:53:00,62,57,30.07,11,0.00
2017-11-16T07:00:00,62,57,30.04,11,NA
2017-11-16T07:12:00,62,57,30.07,9,NA
2017-11-16T07:51:00,63,55,30.07,7,NA
2017-11-16T07:53:00,63,56,30.07,6,0.00
2017-11-16T08:18:00,63,56,30.07,7,NA
2017-11-16T08:53:00,65,56,30.07,6,0.00
2017-11-16T09:53:00,68,57,30.07,9,0.00
2017-11-16T10:00:00,68,57,30.04,9,NA
2017-11-16T10:53:00,72,57,30.06,8,0.00
2017-11-16T11:53:00,74,57,30.04,10,0.00
2017-11-16T12:53:00,76,56,30.01,11,0.00
2017-11-16T13:00:00,76,56,29.98,11,NA
2017-11-16T13:53:00,77,53,29.99,13,0.00
2017-11-16T14:53:00,78,52,29.98,8,0.00
2017-11-16T15:53:00,77,51,29.98,9,0.00
2017-11-16T16:00:00,77,51,29.95,9,NA
2017-11-16T16:53:00,76,52,30.00,7,0.00
2017-11-16T17:53:00,69,53,30.01,6,0.00
2017-11-16T18:53:00,66,53,30.04,8,0.00
2017-11-16T19:00:00,66,53,30.01,8,NA
2017-11-16T19:53:00,66,53,30.05,7,0.00
2017-11-16T20:53:00,63,52,30.06,6,0.00
2017-11-16T21:53:00,64,52,30.07,5,0.00
2017-11-16T22:00:00,64,52,30.04,5,NA
2017-11-16T22:53:00,64,50,30.07,6,0.00
2017-11-16T23:53:00,64,50,30.08,5,0.00
2017-11-17T00:53:00,62,51,30.07,6,0.00
2017-11-17T01:00:00,62,51,30.04,6,NA
2017-11-17T01:53:00,61,51,30.07,5,0.00
2017-11-17T02:53:00,59,51,30.07,3,0.00
2017-11-17T03:53:00,59,52,30.07,5,0.00
2017-11-17T04:00:00,59,52,30.04,5,NA
2017-11-17T04:53:00,59,52,30.07,5,0.00
2017-11-17T05:53:00,60,52,30.07,5,0.00
2017-11-17T06:53:00,59,51,30.09,5,0.00
2017-11-17T07:00:00,59,51,30.06,5,NA
2017-11-17T07:53:00,62,51,30.10,6,0.00
2017-11-17T08:53:00,66,51,30.11,7,0.00
2017-11-17T09:53:00,70,52,30.12,9,0.00
2017-11-17T10:00:00,70,52,30.09,9,NA
2017-11-17T10:53:00,73,53,30.11,6,0.00
2017-11-17T11:53:00,76,54,30.09,0,0.00
2017-11-17T12:53:00,78,52,30.07,5,0.00
2017-11-17T13:00:00,78,52,30.04,5,NA
2017-11-17T13:53:00,79,49,30.05,6,0.00
2017-11-17T14:53:00,79,49,30.03,5,0.00
2017-11-17T15:53:00,79,49,30.02,5,0.00
2017-11-17T16:00:00,79,49,29.99,5,NA
2017-11-17T16:53:00,77,51,30.02,7,0.00
2017-11-17T17:53:00,71,53,30.03,8,0.00
2017-11-17T18:53:00,68,54,30.05,9,0.00
2017-11-17T19:00:00,68,54,30.02,9,NA
2017-11-17T19:53:00,67,54,30.06,6,0.00
2017-11-17T20:53:00,66,55,30.07,6,0.00
2017-11-17T21:53:00,65,55,30.08,5,0.00
2017-11-17T22:00:00,65,55,30.05,5,NA
2017-11-17T22:53:00,63,55,30.08,3,0.00
2017-11-17T23:53:00,63,55,30.06,0,0.00
2017-11-18T00:53:00,64,55,30.05,0,0.00
2017-11-18T01:00:00,64,55,30.02,0,NA
2017-11-18T01:53:00,62,55,30.02,0,0.00
2017-11-18T02:53:00,62,56,30.01,0,0.00
2017-11-18T03:53:00,59,54,30.01,0,0.00
2017-11-18T04:00:00,59,54,29.98,0,NA
2017-11-18T04:53:00,60,55,30.02,0,0.00
2017-11-18T05:53:00,61,56,30.02,0,0.00
2017-11-18T06:53:00,61,56,30.03,0,0.00
2017-11-18T07:00:00,61,56,30.00,0,NA
2017-11-18T07:53:00,63,56,30.05,0,0.00
2017-11-18T08:53:00,68,58,30.05,3,0.00
2017-11-18T09:53:00,73,56,30.05,7,0.00
2017-11-18T10:00:00,73,56,30.02,7,NA
2017-11-18T10:53:00,76,57,30.04,8,0.00
2017-11-18T11:53:00,77,59,30.02,9,0.00
2017-11-18T12:53:00,78,59,29.98,7,0.00
2017-11-18T13:00:00,78,59,29.95,7,NA
2017-11-18T13:53:00,78,57,29.96,5,0.00
2017-11-18T14:53:00,78,54,29.94,5,0.00
2017-11-18T15:53:00,78,53,29.93,5,0.00
2017-11-18T16:00:00,78,53,29.90,5,NA
2017-11-18T16:53:00,76,58,29.94,6,0.00
2017-11-18T17:53:00,74,58,29.95,5,0.00
2017-11-18T18:53:00,71,61,29.95,6,0.00
2017-11-18T19:00:00,71,61,29.92,6,NA
2017-11-18T19:53:00,71,60,29.96,5,0.00
2017-11-18T20:53:00,70,62,29.97,5,0.00
2017-11-18T21:53:00,70,62,29.97,3,0.00
2017-11-18T22:00:00,70,62,29.94,3,NA
2017-11-18T22:53:00,70,62,29.96,0,0.00
2017-11-18T23:53:00,69,63,29.96,3,0.00
2017-11-19T00:53:00,69,64,29.96,5,0.00
2017-11-19T01:00:00,69,64,29.93,5,NA
2017-11-19T01:53:00,69,64,29.94,7,0.00
2017-11-19T02:53:00,69,64,29.93,5,0.00
2017-11-19T03:53:00,69,65,29.93,7,0.00
2017-11-19T04:00:00,69,65,29.90,7,NA
2017-11-19T04:53:00,70,65,29.91,6,0.00
2017-11-19T05:53:00,69,65,29.92,7,0.00
2017-11-19T06:53:00,69,66,29.93,5,0.00
2017-11-19T07:00:00,69,66,29.90,5,NA
2017-11-19T07:53:00,71,67,29.93,7,0.00
2017-11-19T08:53:00,73,68,29.94,9,0.00
2017-11-19T09:53:00,77,67,29.95,10,0.00
2017-11-19T10:00:00,77,67,29.92,10,NA
2017-11-19T10:53:00,78,65,29.95,10,0.00
2017-11-19T11:53:00,78,65,29.93,10,0.00
2017-11-19T12:53:00,75,67,29.92,15,T
2017-11-19T13:00:00,75,67,29.89,15,NA
2017-11-19T13:00:00,73,68,29.92,8,T
2017-11-19T13:29:00,72,69,29.91,6,0.03
2017-11-19T13:36:00,72,69,29.91,5,0.03
2017-11-19T13:44:00,72,69,29.90,5,0.03
2017-11-19T13:53:00,72,69,29.90,7,0.03
2017-11-19T14:28:00,73,69,29.89,7,NA
2017-11-19T14:46:00,72,68,29.89,11,NA
2017-11-19T14:53:00,70,67,29.89,13,0.00
2017-11-19T15:53:00,69,64,29.90,8,0.00
2017-11-19T16:00:00,69,64,29.87,8,NA
2017-11-19T16:12:00,69,63,29.91,9,NA
2017-11-19T16:53:00,68,62,29.92,11,0.00
2017-11-19T17:17:00,67,61,29.93,11,NA
2017-11-19T17:34:00,68,60,29.93,9,NA
2017-11-19T17:53:00,66,59,29.94,6,0.00
2017-11-19T18:53:00,64,59,29.95,7,0.00
2017-11-19T19:00:00,64,59,29.92,7,NA
2017-11-19T19:53:00,63,59,29.98,7,0.00
2017-11-19T20:53:00,63,58,30.00,10,0.00
2017-11-19T21:53:00,62,52,30.03,10,0.00
2017-11-19T22:00:00,62,52,30.00,10,NA
2017-11-19T22:53:00,61,47,30.05,10,0.00
2017-11-19T23:53:00,58,46,30.07,9,0.00
2017-11-20T00:53:00,57,44,30.07,10,0.00
2017-11-20T01:00:00,57,44,30.04,10,NA
2017-11-20T01:53:00,56,42,30.07,7,0.00
2017-11-20T02:53:00,55,40,30.08,9,0.00
2017-11-20T03:53:00,53,40,30.08,10,0.00
2017-11-20T04:00:00,53,40,30.05,10,NA
2017-11-20T04:53:00,52,39,30.08,8,0.00
2017-11-20T05:53:00,52,38,30.09,8,0.00
2017-11-20T06:53:00,51,38,30.10,8,0.00
2017-11-20T07:00:00,51,38,30.07,8,NA
2017-11-20T07:53:00,53,39,30.12,9,0.00
2017-11-20T08:53:00,57,42,30.13,9,0.00
2017-11-20T09:53:00,63,47,30.14,9,0.00
2017-11-20T10:00:00,63,47,30.11,9,NA
2017-11-20T10:53:00,70,52,30.13,6,0.00
2017-11-20T11:53:00,73,54,30.10,9,0.00
2017-11-20T12:53:00,75,53,30.08,8,0.00
2017-11-20T13:00:00,75,53,30.05,8,NA
2017-11-20T13:53:00,78,54,30.06,8,0.00
2017-11-20T14:53:00,79,52,30.05,8,0.00
2017-11-20T15:53:00,79,54,30.04,8,0.00
2017-11-20T16:00:00,79,54,30.01,8,NA
2017-11-20T16:53:00,78,53,30.05,8,0.00
2017-11-20T17:53:00,75,56,30.06,7,0.00
2017-11-20T18:53:00,73,56,30.07,7,0.00
2017-11-20T19:00:00,73,56,30.04,7,NA
2017-11-20T19:53:00,71,56,30.08,8,0.00
2017-11-20T20:53:00,70,56,30.08,8,0.00
2017-11-20T21:53:00,70,56,30.08,9,0.00
2017-11-20T22:00:00,70,56,30.05,9,NA
2017-11-20T22:53:00,70,56,30.07,8,0.00
2017-11-20T23:53:00,68,56,30.07,6,0.00
2017-11-21T00:53:00,67,57,30.06,5,0.00
2017-11-21T01:00:00,67,57,30.03,5,NA
2017-11-21T01:53:00,66,57,30.04,6,0.00
2017-11-21T02:53:00,66,57,30.03,7,0.00
2017-11-21T03:53:00,66,57,30.01,6,0.00
2017-11-21T04:00:00,66,57,29.98,6,NA
2017-11-21T04:53:00,66,58,29.99,7,0.00
2017-11-21T05:53:00,66,58,30.00,5,0.00
2017-11-21T06:53:00,66,59,30.00,5,0.00
2017-11-21T07:00:00,66,59,29.97,5,NA
2017-11-21T07:53:00,67,60,30.02,5,0.00
2017-11-21T08:53:00,70,61,30.02,5,0.00
2017-11-21T09:53:00,74,63,30.02,9,0.00
2017-11-21T10:00:00,74,63,29.99,9,NA
2017-11-21T10:53:00,75,63,30.01,8,0.00
2017-11-21T11:53:00,74,64,30.00,8,0.00
2017-11-21T12:53:00,75,65,29.96,9,0.00
2017-11-21T13:00:00,75,65,29.93,9,NA
2017-11-21T13:53:00,74,64,29.94,5,0.00
2017-11-21T14:53:00,75,64,29.92,6,0.00
2017-11-21T15:53:00,76,64,29.92,5,0.00
2017-11-21T16:00:00,76,64,29.89,5,NA
2017-11-21T16:53:00,76,65,29.91,6,0.00
2017-11-21T17:53:00,74,65,29.93,3,0.00
2017-11-21T18:53:00,73,65,29.94,3,0.00
2017-11-21T19:00:00,73,65,29.91,3,NA
2017-11-21T19:53:00,72,64,29.95,0,0.00
2017-11-21T20:53:00,71,64,29.96,3,0.00
2017-11-21T21:53:00,70,64,29.96,3,0.00
2017-11-21T22:00:00,70,64,29.93,3,NA
2017-11-21T22:53:00,69,64,29.95,0,0.00
2017-11-21T23:53:00,67,63,29.94,0,0.00
2017-11-22T00:53:00,66,63,29.94,0,0.00
2017-11-22T01:00:00,66,63,29.91,0,NA
2017-11-22T01:53:00,66,63,29.94,0,0.00
2017-11-22T02:53:00,66,63,29.93,3,0.00
2017-11-22T03:53:00,65,63,29.93,0,0.00
2017-11-22T04:00:00,65,63,29.90,0,NA
2017-11-22T04:53:00,65,63,29.92,3,0.00
2017-11-22T05:53:00,65,62,29.93,5,0.00
2017-11-22T06:53:00,65,62,29.94,5,0.00
2017-11-22T07:00:00,65,62,29.91,5,NA
2017-11-22T07:32:00,64,62,29.95,6,NA
2017-11-22T07:43:00,64,62,29.95,6,NA
2017-11-22T07:53:00,64,62,29.95,0,0.00
2017-11-22T08:43:00,66,63,29.96,5,NA
2017-11-22T08:49:00,66,64,29.96,3,NA
2017-11-22T08:53:00,67,64,29.96,5,0.00
2017-11-22T09:53:00,74,65,29.98,0,0.00
2017-11-22T10:00:00,74,65,29.95,0,NA
2017-11-22T10:53:00,78,65,29.97,6,0.00
2017-11-22T11:53:00,79,65,29.96,5,0.00
2017-11-22T12:53:00,80,63,29.93,3,0.00
2017-11-22T13:00:00,80,63,29.90,3,NA
2017-11-22T13:53:00,78,66,29.91,7,0.00
2017-11-22T14:53:00,77,65,29.90,8,0.00
2017-11-22T15:53:00,77,64,29.91,6,0.00
2017-11-22T16:00:00,77,64,29.88,6,NA
2017-11-22T16:53:00,77,65,29.92,6,0.00
2017-11-22T17:53:00,76,66,29.93,7,0.00
2017-11-22T18:53:00,77,63,29.94,3,0.00
2017-11-22T19:00:00,77,63,29.91,3,NA
2017-11-22T19:53:00,76,63,29.95,5,0.00
2017-11-22T20:53:00,74,64,29.95,6,0.00
2017-11-22T21:23:00,74,64,29.95,9,NA
2017-11-22T21:30:00,73,64,29.96,7,T
2017-11-22T21:53:00,72,65,29.96,6,0.02
2017-11-22T22:00:00,72,65,29.93,6,NA
2017-11-22T22:16:00,72,65,29.97,3,T
2017-11-22T22:53:00,71,65,29.96,6,0.00
2017-11-22T23:53:00,71,64,29.94,5,0.00
2017-11-23T00:53:00,70,64,29.93,5,T
2017-11-23T01:00:00,70,64,29.90,5,NA
2017-11-23T01:53:00,69,64,29.89,6,T
2017-11-23T02:53:00,69,65,29.87,5,0.00
2017-11-23T03:53:00,70,66,29.87,5,0.00
2017-11-23T04:00:00,70,66,29.84,5,NA
2017-11-23T04:53:00,71,66,29.85,7,0.00
2017-11-23T05:53:00,71,66,29.86,6,0.00
2017-11-23T06:53:00,71,67,29.86,8,0.00
2017-11-23T07:00:00,71,67,29.83,8,NA
2017-11-23T07:53:00,71,67,29.87,5,0.01
2017-11-23T08:53:00,71,68,29.87,6,0.01
2017-11-23T09:53:00,72,68,29.87,10,0.00
2017-11-23T10:00:00,72,68,29.84,10,NA
2017-11-23T10:53:00,73,68,29.85,8,0.00
2017-11-23T11:53:00,76,68,29.82,10,0.00
2017-11-23T12:04:00,76,69,29.81,10,NA
2017-11-23T12:51:00,77,68,29.79,16,NA
2017-11-23T12:53:00,77,68,29.78,18,0.00
2017-11-23T13:00:00,77,68,29.75,18,NA
2017-11-23T13:53:00,78,68,29.76,15,0.00
2017-11-23T14:53:00,76,68,29.76,14,0.00
2017-11-23T15:48:00,75,68,29.75,14,NA
2017-11-23T15:53:00,75,68,29.76,11,0.00
2017-11-23T16:00:00,75,68,29.73,11,NA
2017-11-23T16:53:00,73,69,29.77,8,T
2017-11-23T17:30:00,73,68,29.77,6,NA
2017-11-23T17:53:00,72,67,29.77,7,0.00
2017-11-23T18:53:00,71,68,29.78,3,0.00
2017-11-23T19:00:00,71,68,29.75,3,NA
2017-11-23T19:30:00,71,68,29.80,6,NA
2017-11-23T19:53:00,71,68,29.80,7,0.00
2017-11-23T20:46:00,68,65,29.81,8,NA
2017-11-23T20:53:00,68,65,29.82,8,0.00
2017-11-23T21:53:00,68,65,29.83,9,0.00
2017-11-23T22:00:00,68,65,29.80,9,NA
2017-11-23T22:53:00,69,65,29.84,8,0.00
2017-11-23T23:53:00,68,65,29.84,7,T
2017-11-24T00:53:00,67,65,29.83,9,0.01
2017-11-24T01:00:00,67,65,29.80,9,NA
2017-11-24T01:53:00,67,64,29.83,8,0.00
2017-11-24T02:53:00,67,65,29.82,8,T
2017-11-24T03:53:00,66,64,29.83,8,0.01
2017-11-24T04:00:00,66,64,29.80,8,NA
2017-11-24T04:53:00,65,63,29.84,9,0.01
2017-11-24T05:53:00,64,62,29.85,10,0.00
2017-11-24T06:53:00,63,61,29.87,7,T
2017-11-24T06:57:00,63,62,29.88,8,T
2017-11-24T07:00:00,63,61,29.84,7,NA
2017-11-24T07:11:00,63,62,29.88,6,T
2017-11-24T07:23:00,63,62,29.88,6,0.01
2017-11-24T07:33:00,63,61,29.89,9,0.01
2017-11-24T07:51:00,63,61,29.89,11,NA
2017-11-24T07:53:00,63,61,29.90,11,0.01
2017-11-24T08:12:00,62,61,29.91,9,NA
2017-11-24T08:34:00,62,60,29.91,9,NA
2017-11-24T08:41:00,63,60,29.92,8,NA
2017-11-24T08:53:00,62,60,29.92,10,T
2017-11-24T09:06:00,62,60,29.92,9,NA
2017-11-24T09:53:00,62,59,29.94,8,0.00
2017-11-24T10:00:00,62,59,29.91,8,NA
2017-11-24T10:01:00,63,60,29.94,7,NA
2017-11-24T10:29:00,62,60,29.94,9,NA
2017-11-24T10:51:00,63,61,29.94,7,NA
2017-11-24T10:53:00,63,60,29.94,8,0.00
2017-11-24T11:53:00,65,60,29.94,6,0.00
2017-11-24T12:04:00,64,61,29.93,7,NA
2017-11-24T12:11:00,64,61,29.93,6,T
2017-11-24T12:53:00,66,61,29.91,7,T
2017-11-24T13:00:00,66,61,29.88,7,NA
2017-11-24T13:53:00,67,61,29.91,6,0.00
2017-11-24T14:00:00,67,61,29.90,5,NA
2017-11-24T14:23:00,68,61,29.89,5,NA
2017-11-24T14:53:00,70,61,29.89,7,0.00
2017-11-24T15:53:00,69,62,29.90,5,0.00
2017-11-24T16:00:00,69,62,29.87,5,NA
2017-11-24T16:53:00,69,61,29.91,8,0.00
2017-11-24T17:53:00,66,61,29.93,11,0.00
2017-11-24T18:53:00,63,60,29.95,7,0.00
2017-11-24T19:00:00,63,60,29.92,7,NA
2017-11-24T19:53:00,63,60,29.97,3,0.00
2017-11-24T20:53:00,62,59,29.99,5,0.00
2017-11-24T21:53:00,62,59,30.00,0,0.00
2017-11-24T22:00:00,62,59,29.97,0,NA
2017-11-24T22:22:00,62,60,30.00,0,NA
2017-11-24T22:43:00,62,60,30.00,0,NA
2017-11-24T22:53:00,61,59,29.99,0,0.00
2017-11-24T23:53:00,60,59,29.99,0,0.00
2017-11-25T00:53:00,60,58,29.98,0,0.00
2017-11-25T01:00:00,60,58,29.95,0,NA
2017-11-25T01:53:00,58,57,29.99,0,0.00
2017-11-25T02:06:00,57,57,29.99,0,NA
2017-11-25T02:24:00,57,56,29.99,0,NA
2017-11-25T02:26:00,57,56,29.99,0,NA
2017-11-25T02:53:00,56,56,29.98,0,0.00
2017-11-25T03:53:00,57,56,29.99,0,0.00
2017-11-25T04:00:00,57,56,29.96,0,NA
2017-11-25T04:53:00,55,54,30.00,0,0.00
2017-11-25T05:53:00,56,55,30.01,0,0.00
2017-11-25T06:53:00,57,56,30.02,0,0.00
2017-11-25T07:00:00,57,56,29.99,0,NA
2017-11-25T07:53:00,59,58,30.04,0,0.00
2017-11-25T08:53:00,65,58,30.06,0,0.00
2017-11-25T09:53:00,68,57,30.06,3,0.00
2017-11-25T10:00:00,68,57,30.03,3,NA
2017-11-25T10:53:00,72,54,30.05,8,0.00
2017-11-25T11:53:00,73,54,30.03,5,0.00
2017-11-25T12:53:00,75,53,30.00,5,0.00
2017-11-25T13:00:00,75,53,29.97,5,NA
2017-11-25T13:53:00,74,58,29.98,8,0.00
2017-11-25T14:53:00,74,56,29.98,8,0.00
2017-11-25T15:53:00,77,55,29.97,5,0.00
2017-11-25T16:00:00,77,55,29.94,5,NA
2017-11-25T16:53:00,75,55,29.99,8,0.00
2017-11-25T17:53:00,72,55,30.00,7,0.00
2017-11-25T18:53:00,71,56,30.03,6,0.00
2017-11-25T19:00:00,71,56,30.00,6,NA
2017-11-25T19:53:00,70,56,30.04,5,0.00
2017-11-25T20:53:00,70,56,30.04,3,0.00
2017-11-25T21:53:00,68,57,30.05,0,0.00
2017-11-25T22:00:00,68,57,30.02,0,NA
2017-11-25T22:53:00,67,57,30.06,0,0.00
2017-11-25T23:53:00,67,57,30.04,0,0.00
2017-11-26T00:53:00,65,58,30.04,0,0.00
2017-11-26T01:00:00,65,58,30.01,0,NA
2017-11-26T01:53:00,63,58,30.04,3,0.00
2017-11-26T02:53:00,63,58,30.04,0,0.00
2017-11-26T03:53:00,63,57,30.04,5,0.00
2017-11-26T04:53:00,63,58,30.05,3,0.00
2017-11-26T05:53:00,62,56,30.06,6,0.00
2017-11-26T06:53:00,61,56,30.08,3,0.00
2017-11-26T07:53:00,62,56,30.09,6,0.00
2017-11-26T08:53:00,65,56,30.11,5,0.00
2017-11-26T09:53:00,70,57,30.12,6,0.00
2017-11-26T10:00:00,70,57,30.09,6,NA
2017-11-26T10:53:00,73,58,30.11,6,0.00
2017-11-26T11:53:00,74,58,30.09,7,0.00
2017-11-26T12:53:00,75,55,30.06,5,0.00
2017-11-26T13:53:00,77,53,30.04,5,0.00
2017-11-26T14:53:00,76,54,30.02,8,0.00
2017-11-26T15:53:00,75,56,30.02,9,0.00
2017-11-26T16:00:00,75,56,29.99,9,NA
2017-11-26T16:53:00,72,54,30.03,9,0.00
2017-11-26T17:53:00,67,54,30.04,6,0.00
2017-11-26T18:53:00,65,56,30.05,3,0.00
2017-11-26T19:00:00,65,56,30.02,3,NA
2017-11-26T19:53:00,65,57,30.07,6,0.00
2017-11-26T20:53:00,64,57,30.08,3,0.00
2017-11-26T21:53:00,63,57,30.08,5,0.00
2017-11-26T22:00:00,63,57,30.05,5,NA
2017-11-26T22:53:00,63,54,30.10,6,0.00
2017-11-26T23:53:00,62,55,30.09,5,0.00
2017-11-27T00:53:00,61,55,30.07,5,0.00
2017-11-27T01:00:00,61,55,30.04,5,NA
2017-11-27T01:53:00,60,54,30.06,8,0.00
2017-11-27T02:53:00,59,53,30.06,5,0.00
2017-11-27T03:53:00,58,52,30.06,7,0.00
2017-11-27T04:00:00,58,52,30.03,7,NA
2017-11-27T04:53:00,58,52,30.07,3,0.00
2017-11-27T05:53:00,58,53,30.07,5,0.00
2017-11-27T06:53:00,59,54,30.09,6,0.00
2017-11-27T07:00:00,59,54,30.06,6,NA
2017-11-27T07:53:00,58,54,30.11,7,0.00
2017-11-27T08:53:00,63,56,30.12,6,0.00
2017-11-27T09:53:00,69,54,30.13,6,0.00
2017-11-27T10:00:00,69,54,30.10,6,NA
2017-11-27T10:53:00,71,53,30.12,6,0.00
2017-11-27T11:53:00,73,54,30.10,5,0.00
2017-11-27T12:53:00,76,54,30.07,6,0.00
2017-11-27T13:00:00,76,54,30.04,6,NA
2017-11-27T13:53:00,77,53,30.05,5,0.00
2017-11-27T14:53:00,80,53,30.04,6,0.00
2017-11-27T15:53:00,79,51,30.04,5,0.00
2017-11-27T16:00:00,79,51,30.01,5,NA
2017-11-27T16:53:00,78,49,30.05,5,0.00
2017-11-27T17:53:00,75,51,30.07,0,0.00
2017-11-27T18:53:00,73,53,30.08,3,0.00
2017-11-27T19:00:00,73,53,30.05,3,NA
2017-11-27T19:53:00,71,54,30.09,3,0.00
2017-11-27T20:53:00,69,54,30.10,3,0.00
2017-11-27T21:53:00,67,55,30.13,6,0.00
2017-11-27T22:00:00,67,55,30.10,6,NA
2017-11-27T22:53:00,66,58,30.13,6,0.00
2017-11-27T23:53:00,65,58,30.12,6,0.00
2017-11-28T00:53:00,64,58,30.11,7,0.00
2017-11-28T01:00:00,64,58,30.08,7,NA
2017-11-28T01:53:00,63,57,30.11,7,0.00
2017-11-28T02:53:00,63,58,30.10,6,0.00
2017-11-28T03:53:00,62,58,30.10,7,0.00
2017-11-28T04:00:00,62,58,30.07,7,NA
2017-11-28T04:53:00,62,58,30.10,7,0.00
2017-11-28T05:53:00,62,58,30.12,5,0.00
2017-11-28T06:53:00,62,58,30.13,7,0.00
2017-11-28T07:00:00,62,58,30.10,7,NA
2017-11-28T07:53:00,64,59,30.15,7,0.00
2017-11-28T08:53:00,69,61,30.17,6,0.00
2017-11-28T09:53:00,74,63,30.17,6,0.00
2017-11-28T10:00:00,74,63,30.14,6,NA
2017-11-28T10:53:00,79,63,30.17,3,0.00
2017-11-28T11:53:00,81,63,30.15,7,0.00
2017-11-28T12:53:00,83,63,30.13,6,0.00
2017-11-28T13:00:00,83,63,30.10,6,NA
2017-11-28T13:53:00,84,62,30.11,8,0.00
2017-11-28T14:53:00,84,61,30.09,5,0.00
2017-11-28T15:53:00,84,60,30.09,7,0.00
2017-11-28T16:00:00,84,60,30.06,7,NA
2017-11-28T16:53:00,82,60,30.10,6,0.00
2017-11-28T17:53:00,80,64,30.11,6,0.00
2017-11-28T18:53:00,78,65,30.14,5,0.00
2017-11-28T19:00:00,78,65,30.11,5,NA
2017-11-28T19:53:00,76,65,30.16,6,0.00
2017-11-28T20:53:00,75,65,30.17,8,0.00
2017-11-28T21:53:00,74,65,30.17,6,0.00
2017-11-28T22:00:00,74,65,30.14,6,NA
2017-11-28T22:53:00,73,65,30.17,5,0.00
2017-11-28T23:53:00,72,65,30.17,3,0.00
2017-11-29T00:53:00,71,65,30.16,3,0.00
2017-11-29T01:00:00,71,65,30.13,3,NA
2017-11-29T01:53:00,70,65,30.15,5,0.00
2017-11-29T02:53:00,69,65,30.14,7,0.00
2017-11-29T03:53:00,70,66,30.14,6,0.00
2017-11-29T04:00:00,70,66,30.11,6,NA
2017-11-29T04:53:00,69,65,30.14,5,0.00
2017-11-29T05:53:00,69,66,30.15,7,0.00
2017-11-29T06:51:00,68,64,30.16,6,NA
2017-11-29T06:53:00,68,65,30.16,6,0.00
2017-11-29T07:00:00,68,65,30.13,6,NA
2017-11-29T07:53:00,69,65,30.18,5,0.00
2017-11-29T08:53:00,73,66,30.18,5,0.00
2017-11-29T09:53:00,78,67,30.18,7,0.00
2017-11-29T10:00:00,78,67,30.15,7,NA
2017-11-29T10:53:00,80,66,30.17,8,0.00
2017-11-29T11:42:00,82,65,30.16,9,NA
2017-11-29T11:53:00,82,65,30.15,10,0.00
2017-11-29T12:53:00,82,65,30.12,10,0.00
2017-11-29T13:00:00,82,65,30.09,10,NA
2017-11-29T13:53:00,83,63,30.10,11,0.00
2017-11-29T14:53:00,83,62,30.09,7,0.00
2017-11-29T15:53:00,83,61,30.08,9,0.00
2017-11-29T16:00:00,83,61,30.05,9,NA
2017-11-29T16:53:00,81,60,30.08,9,0.00
2017-11-29T17:53:00,79,60,30.10,6,0.00
2017-11-29T18:53:00,77,61,30.12,7,0.00
2017-11-29T19:00:00,77,61,30.09,7,NA
2017-11-29T19:53:00,76,61,30.14,8,0.00
2017-11-29T20:53:00,74,62,30.14,9,0.00
2017-11-29T21:53:00,72,62,30.15,9,0.00
2017-11-29T22:00:00,72,62,30.12,9,NA
2017-11-29T22:15:00,72,62,30.14,6,NA
2017-11-29T22:53:00,71,62,30.15,6,0.00
2017-11-29T23:53:00,69,63,30.15,6,0.00
2017-11-30T00:53:00,68,63,30.13,7,0.00
2017-11-30T01:00:00,68,63,30.10,7,NA
2017-11-30T01:53:00,67,64,30.12,6,0.00
2017-11-30T02:53:00,67,64,30.11,6,0.00
2017-11-30T03:53:00,66,64,30.11,5,0.00
2017-11-30T04:00:00,66,64,30.08,5,NA
2017-11-30T04:29:00,66,63,30.11,6,NA
2017-11-30T04:51:00,66,63,30.12,5,NA
2017-11-30T04:53:00,66,63,30.12,6,0.00
2017-11-30T05:53:00,66,63,30.12,8,0.00
2017-11-30T06:53:00,66,63,30.13,3,0.00
2017-11-30T07:00:00,66,63,30.10,3,NA
2017-11-30T07:01:00,66,63,30.13,5,NA
2017-11-30T07:53:00,66,64,30.15,6,0.00
2017-11-30T08:51:00,68,64,30.16,5,NA
2017-11-30T08:53:00,68,65,30.16,6,0.00
2017-11-30T09:02:00,69,65,30.16,7,NA
2017-11-30T09:22:00,71,65,30.16,6,NA
2017-11-30T09:53:00,73,65,30.17,6,0.00
2017-11-30T10:00:00,73,65,30.14,6,NA
2017-11-30T10:53:00,78,64,30.14,5,0.00
2017-11-30T11:53:00,80,61,30.12,3,0.00
2017-11-30T12:53:00,82,59,30.08,5,0.00
2017-11-30T13:00:00,82,59,30.05,5,NA
2017-11-30T13:53:00,83,57,30.06,6,0.00
2017-11-30T14:53:00,83,56,30.04,7,0.00
2017-11-30T15:53:00,82,57,30.03,8,0.00
2017-11-30T16:00:00,82,57,30.00,8,NA
2017-11-30T16:53:00,81,56,30.04,9,0.00
2017-11-30T17:53:00,78,55,30.05,7,0.00
2017-11-30T18:53:00,74,59,30.07,5,0.00
2017-11-30T19:00:00,74,59,30.04,5,NA
2017-11-30T19:53:00,73,56,30.08,3,0.00
2017-11-30T20:53:00,71,57,30.09,5,0.00
2017-11-30T21:53:00,71,57,30.10,6,0.00
2017-11-30T22:00:00,71,57,30.07,6,NA
2017-11-30T22:53:00,69,58,30.10,0,0.00
2017-11-30T23:53:00,67,57,30.10,5,0.00
2017-12-01T00:53:00,65,57,30.09,5,0.00
2017-12-01T01:00:00,65,57,30.06,5,NA
2017-12-01T01:53:00,65,57,30.08,7,0.00
2017-12-01T02:53:00,64,57,30.08,6,0.00
2017-12-01T03:53:00,64,57,30.08,5,0.00
2017-12-01T04:00:00,64,57,30.05,5,NA
2017-12-01T04:53:00,62,56,30.08,5,0.00
2017-12-01T05:53:00,63,56,30.09,6,0.00
2017-12-01T06:53:00,63,57,30.11,5,0.00
2017-12-01T07:53:00,65,58,30.13,6,0.00
2017-12-01T08:53:00,71,60,30.13,0,0.00
2017-12-01T09:53:00,76,61,30.14,0,0.00
2017-12-01T10:00:00,76,61,30.11,0,NA
2017-12-01T10:53:00,79,60,30.14,0,0.00
2017-12-01T11:53:00,80,59,30.11,5,0.00
2017-12-01T12:53:00,82,58,30.09,5,0.00
2017-12-01T13:00:00,82,58,30.06,5,NA
2017-12-01T13:53:00,79,61,30.07,8,0.00
2017-12-01T14:53:00,79,60,30.06,8,0.00
2017-12-01T15:53:00,80,61,30.06,6,0.00
2017-12-01T16:00:00,80,61,30.03,6,NA
2017-12-01T16:53:00,77,63,30.06,3,0.00
2017-12-01T17:53:00,76,62,30.08,0,0.00
2017-12-01T18:53:00,74,60,30.10,8,0.00
2017-12-01T19:00:00,74,60,30.07,8,NA
2017-12-01T19:53:00,72,61,30.11,7,0.00
2017-12-01T20:53:00,70,61,30.13,6,0.00
2017-12-01T21:53:00,70,61,30.14,0,0.00
2017-12-01T22:00:00,70,61,30.11,0,NA
2017-12-01T22:53:00,68,61,30.14,0,0.00
2017-12-01T23:53:00,67,61,30.13,0,0.00
2017-12-02T00:53:00,65,60,30.13,0,0.00
2017-12-02T01:00:00,65,60,30.10,0,NA
2017-12-02T01:53:00,63,58,30.12,0,0.00
2017-12-02T02:53:00,64,60,30.12,0,0.00
2017-12-02T03:53:00,64,60,30.12,3,0.00
2017-12-02T04:00:00,64,60,30.09,3,NA
2017-12-02T04:53:00,64,60,30.12,3,0.00
2017-12-02T05:53:00,64,60,30.13,0,0.00
2017-12-02T06:53:00,65,60,30.14,3,0.00
2017-12-02T07:00:00,65,60,30.11,3,NA
2017-12-02T07:53:00,66,61,30.17,3,0.00
2017-12-02T08:53:00,70,62,30.18,3,0.00
2017-12-02T09:53:00,74,62,30.18,5,0.00
2017-12-02T10:00:00,74,62,30.15,5,NA
2017-12-02T10:53:00,76,64,30.17,3,0.00
2017-12-02T11:53:00,77,64,30.15,7,0.00
2017-12-02T12:53:00,78,65,30.12,9,0.00
2017-12-02T13:00:00,78,65,30.09,9,NA
2017-12-02T13:53:00,79,62,30.10,8,0.00
2017-12-02T14:53:00,79,61,30.09,7,0.00
2017-12-02T15:53:00,79,63,30.08,9,0.00
2017-12-02T16:00:00,79,63,30.05,9,NA
2017-12-02T16:53:00,78,62,30.08,7,0.00
2017-12-02T17:53:00,74,61,30.09,7,0.00
2017-12-02T18:53:00,71,60,30.11,6,0.00
2017-12-02T19:00:00,71,60,30.08,6,NA
2017-12-02T19:53:00,70,62,30.13,7,0.00
2017-12-02T20:53:00,69,62,30.15,6,0.00
2017-12-02T21:53:00,68,62,30.15,5,0.00
2017-12-02T22:00:00,68,62,30.12,5,NA
2017-12-02T22:53:00,68,62,30.15,3,0.00
2017-12-02T23:53:00,68,61,30.14,3,0.00
2017-12-03T00:53:00,65,60,30.13,5,0.00
2017-12-03T01:00:00,65,60,30.10,5,NA
2017-12-03T01:53:00,64,60,30.12,3,0.00
2017-12-03T02:53:00,64,60,30.11,3,0.00
2017-12-03T03:53:00,63,59,30.11,0,0.00
2017-12-03T04:00:00,63,59,30.08,0,NA
2017-12-03T04:53:00,63,58,30.11,0,0.00
2017-12-03T05:53:00,64,59,30.12,0,0.00
2017-12-03T06:53:00,63,58,30.13,0,0.00
2017-12-03T07:00:00,63,58,30.10,0,NA
2017-12-03T07:53:00,66,57,30.14,0,0.00
2017-12-03T08:53:00,70,58,30.15,0,0.00
2017-12-03T09:53:00,75,58,30.16,3,0.00
2017-12-03T10:00:00,75,58,30.13,3,NA
2017-12-03T10:53:00,78,58,30.15,0,0.00
2017-12-03T11:53:00,77,61,30.13,7,0.00
2017-12-03T12:53:00,77,60,30.10,7,0.00
2017-12-03T13:00:00,77,60,30.07,7,NA
2017-12-03T13:53:00,78,59,30.08,8,0.00
2017-12-03T14:53:00,79,55,30.07,8,0.00
2017-12-03T15:53:00,80,54,30.07,7,0.00
2017-12-03T16:00:00,80,54,30.04,7,NA
2017-12-03T16:53:00,77,58,30.08,6,0.00
2017-12-03T17:53:00,74,54,30.08,8,0.00
2017-12-03T18:53:00,72,55,30.10,8,0.00
2017-12-03T19:00:00,72,55,30.07,8,NA
2017-12-03T19:53:00,71,59,30.11,6,0.00
2017-12-03T20:53:00,70,62,30.12,5,0.00
2017-12-03T21:53:00,69,62,30.13,6,0.00
2017-12-03T22:00:00,69,62,30.10,6,NA
2017-12-03T22:53:00,69,63,30.13,5,0.00
2017-12-03T23:53:00,69,63,30.14,6,0.00
2017-12-04T00:53:00,68,62,30.13,5,0.00
2017-12-04T01:00:00,68,62,30.10,5,NA
2017-12-04T01:53:00,67,63,30.13,5,0.00
2017-12-04T02:53:00,66,62,30.12,3,0.00
2017-12-04T03:53:00,65,62,30.12,5,0.00
2017-12-04T04:00:00,65,62,30.09,5,NA
2017-12-04T04:51:00,64,63,30.12,5,NA
2017-12-04T04:53:00,65,62,30.12,5,0.00
2017-12-04T05:53:00,64,61,30.15,5,0.00
2017-12-04T06:37:00,64,61,30.16,3,NA
2017-12-04T06:53:00,64,61,30.16,3,0.00
2017-12-04T06:59:00,64,61,30.17,6,NA
2017-12-04T07:00:00,64,61,30.13,3,NA
2017-12-04T07:51:00,64,61,30.18,5,NA
2017-12-04T07:53:00,64,61,30.18,6,0.00
2017-12-04T08:53:00,65,61,30.20,7,0.00
2017-12-04T09:53:00,69,62,30.20,6,0.00
2017-12-04T10:00:00,69,62,30.17,6,NA
2017-12-04T10:53:00,74,62,30.20,5,0.00
2017-12-04T11:53:00,78,62,30.17,7,0.00
2017-12-04T12:53:00,79,61,30.14,7,0.00
2017-12-04T13:00:00,79,61,30.11,7,NA
2017-12-04T13:53:00,79,61,30.13,5,0.00
2017-12-04T14:53:00,79,60,30.14,5,0.00
2017-12-04T15:53:00,80,62,30.14,8,0.00
2017-12-04T16:00:00,80,62,30.11,8,NA
2017-12-04T16:53:00,78,62,30.14,5,0.00
2017-12-04T17:53:00,76,62,30.15,7,0.00
2017-12-04T18:53:00,75,63,30.15,5,0.00
2017-12-04T19:00:00,75,63,30.12,5,NA
2017-12-04T19:53:00,73,63,30.17,5,0.00
2017-12-04T20:53:00,73,63,30.18,5,0.00
2017-12-04T21:53:00,73,62,30.18,5,0.00
2017-12-04T22:00:00,73,62,30.15,5,NA
2017-12-04T22:53:00,73,63,30.18,5,0.00
2017-12-04T23:53:00,71,63,30.17,3,0.00
2017-12-05T00:53:00,70,63,30.16,5,0.00
2017-12-05T01:00:00,70,63,30.13,5,NA
2017-12-05T01:53:00,69,62,30.17,3,0.00
2017-12-05T02:53:00,68,62,30.16,3,0.00
2017-12-05T03:53:00,67,62,30.17,3,0.00
2017-12-05T04:00:00,67,62,30.14,3,NA
2017-12-05T04:53:00,66,62,30.17,3,0.00
2017-12-05T05:53:00,67,62,30.17,3,0.00
2017-12-05T06:53:00,67,62,30.18,0,0.00
2017-12-05T07:00:00,67,62,30.15,0,NA
2017-12-05T07:53:00,68,62,30.20,0,0.00
2017-12-05T08:53:00,72,64,30.21,0,0.00
2017-12-05T09:53:00,77,65,30.22,6,0.00
2017-12-05T10:00:00,77,65,30.19,6,NA
2017-12-05T10:53:00,79,66,30.21,7,0.00
2017-12-05T11:53:00,80,65,30.19,6,0.00
2017-12-05T12:53:00,81,63,30.16,5,0.00
2017-12-05T13:00:00,81,63,30.13,5,NA
2017-12-05T13:53:00,81,65,30.12,6,0.00
2017-12-05T14:53:00,81,64,30.11,6,0.00
2017-12-05T15:53:00,81,62,30.11,6,0.00
2017-12-05T16:00:00,81,62,30.08,6,NA
2017-12-05T16:53:00,80,61,30.11,3,0.00
2017-12-05T17:53:00,78,61,30.11,3,0.00
2017-12-05T18:53:00,75,65,30.12,3,0.00
2017-12-05T19:00:00,75,65,30.09,3,NA
2017-12-05T19:53:00,74,65,30.14,0,0.00
2017-12-05T20:53:00,73,64,30.15,5,0.00
2017-12-05T21:53:00,73,64,30.15,0,0.00
2017-12-05T22:00:00,73,64,30.12,0,NA
2017-12-05T22:53:00,72,65,30.15,0,0.00
2017-12-05T23:53:00,72,64,30.13,3,0.00
2017-12-06T00:53:00,71,64,30.13,0,0.00
2017-12-06T01:00:00,71,64,30.10,0,NA
2017-12-06T01:53:00,69,64,30.12,0,0.00
2017-12-06T02:53:00,70,64,30.11,0,0.00
2017-12-06T03:53:00,68,63,30.10,0,0.00
2017-12-06T04:00:00,68,63,30.07,0,NA
2017-12-06T04:53:00,67,63,30.09,0,0.00
2017-12-06T05:53:00,67,63,30.09,0,0.00
2017-12-06T06:53:00,68,64,30.09,0,0.00
2017-12-06T07:00:00,68,64,30.06,0,NA
2017-12-06T07:53:00,70,66,30.10,6,0.00
2017-12-06T08:53:00,73,67,30.11,3,0.00
2017-12-06T09:53:00,77,68,30.12,5,0.00
2017-12-06T10:00:00,77,68,30.09,5,NA
2017-12-06T10:53:00,79,67,30.11,9,0.00
2017-12-06T11:53:00,79,67,30.10,9,0.00
2017-12-06T12:53:00,79,67,30.07,9,0.00
2017-12-06T13:00:00,79,67,30.04,9,NA
2017-12-06T13:53:00,81,67,30.05,11,0.00
2017-12-06T14:53:00,80,69,30.05,11,0.00
2017-12-06T15:53:00,79,67,30.04,11,0.00
2017-12-06T16:00:00,79,67,30.01,11,NA
2017-12-06T16:53:00,77,67,30.04,8,0.00
2017-12-06T17:53:00,75,68,30.03,6,0.00
2017-12-06T18:53:00,73,69,30.04,5,0.00
2017-12-06T19:00:00,73,69,30.01,5,NA
2017-12-06T19:53:00,73,69,30.04,3,0.00
2017-12-06T20:53:00,72,69,30.05,6,0.00
2017-12-06T21:23:00,72,69,30.05,5,NA
2017-12-06T21:53:00,71,69,30.05,5,0.00
2017-12-06T22:00:00,71,69,30.02,5,NA
2017-12-06T22:09:00,72,70,30.05,3,NA
2017-12-06T22:51:00,72,70,30.04,6,NA
2017-12-06T22:53:00,72,70,30.04,7,0.00
2017-12-06T23:53:00,72,69,30.04,6,0.00
2017-12-07T00:53:00,71,68,30.03,5,0.00
2017-12-07T01:00:00,71,68,30.00,5,NA
2017-12-07T01:53:00,71,68,30.02,6,0.00
2017-12-07T02:53:00,71,68,30.01,0,0.00
2017-12-07T03:35:00,71,68,30.00,6,NA
2017-12-07T03:53:00,71,68,30.00,6,0.00
2017-12-07T04:00:00,71,68,29.97,6,NA
2017-12-07T04:01:00,71,68,30.00,7,NA
2017-12-07T04:09:00,71,68,29.99,5,NA
2017-12-07T04:53:00,71,68,29.99,6,0.00
2017-12-07T05:16:00,70,68,29.99,3,NA
2017-12-07T05:31:00,70,68,29.99,0,NA
2017-12-07T05:53:00,70,68,29.99,3,0.00
2017-12-07T05:55:00,70,68,29.99,3,NA
2017-12-07T06:02:00,70,68,29.99,3,NA
2017-12-07T06:14:00,70,69,30.00,0,NA
2017-12-07T06:53:00,70,69,30.00,0,0.00
2017-12-07T07:00:00,70,69,29.97,0,NA
2017-12-07T07:53:00,70,68,30.01,3,0.00
2017-12-07T08:53:00,70,69,30.02,3,0.00
2017-12-07T09:07:00,70,69,30.03,5,NA
2017-12-07T09:30:00,71,69,30.03,6,NA
2017-12-07T09:53:00,71,69,30.03,5,0.00
2017-12-07T10:00:00,71,69,30.00,5,NA
2017-12-07T10:02:00,71,69,30.03,7,NA
2017-12-07T10:11:00,71,69,30.03,5,NA
2017-12-07T10:53:00,74,68,30.02,6,0.00
2017-12-07T11:53:00,74,69,30.00,5,0.00
2017-12-07T12:30:00,74,70,29.98,3,T
2017-12-07T12:51:00,75,70,29.96,3,NA
2017-12-07T12:53:00,76,70,29.96,5,T
2017-12-07T13:00:00,76,70,29.93,5,NA
2017-12-07T13:53:00,78,67,29.94,0,0.00
2017-12-07T14:53:00,76,67,29.93,10,0.00
2017-12-07T15:53:00,76,67,29.92,7,0.00
2017-12-07T16:00:00,76,67,29.89,7,NA
2017-12-07T16:53:00,73,66,29.92,5,0.00
2017-12-07T17:53:00,71,65,29.93,6,0.00
2017-12-07T18:53:00,70,64,29.95,5,0.00
2017-12-07T19:00:00,70,64,29.92,5,NA
2017-12-07T19:53:00,69,64,29.95,7,0.00
2017-12-07T20:53:00,69,63,29.97,6,0.00
2017-12-07T21:13:00,69,63,29.97,5,NA
2017-12-07T21:53:00,69,63,29.96,3,0.00
2017-12-07T22:00:00,69,63,29.93,3,NA
2017-12-07T22:12:00,69,63,29.95,6,NA
2017-12-07T22:44:00,68,63,29.95,5,NA
2017-12-07T22:53:00,68,63,29.95,7,0.00
2017-12-07T23:53:00,68,63,29.93,7,0.00
2017-12-08T00:53:00,67,63,29.90,6,0.00
2017-12-08T01:00:00,67,63,29.87,6,NA
2017-12-08T01:08:00,67,63,29.90,6,NA
2017-12-08T01:20:00,67,63,29.90,6,NA
2017-12-08T01:32:00,67,64,29.90,5,NA
2017-12-08T01:48:00,66,64,29.90,6,NA
2017-12-08T01:53:00,68,64,29.90,7,0.00
2017-12-08T02:53:00,68,65,29.89,3,0.00
2017-12-08T03:53:00,68,65,29.89,7,0.00
2017-12-08T04:00:00,68,65,29.86,7,NA
2017-12-08T04:15:00,67,64,29.89,8,NA
2017-12-08T04:53:00,67,64,29.87,7,T
2017-12-08T05:24:00,67,64,29.88,5,T
2017-12-08T05:53:00,67,64,29.87,7,T
2017-12-08T06:53:00,68,65,29.87,3,0.00
2017-12-08T07:00:00,68,65,29.84,3,NA
2017-12-08T07:51:00,70,66,29.87,5,NA
2017-12-08T07:53:00,69,66,29.87,3,0.00
2017-12-08T08:51:00,72,66,29.87,5,NA
2017-12-08T08:53:00,71,67,29.87,3,0.00
2017-12-08T09:21:00,74,69,29.86,5,NA
2017-12-08T09:53:00,78,72,29.86,11,0.00
2017-12-08T10:00:00,78,72,29.83,11,NA
2017-12-08T10:51:00,79,72,29.86,15,NA
2017-12-08T10:53:00,79,72,29.86,14,0.00
2017-12-08T11:53:00,80,72,29.83,16,0.00
2017-12-08T12:53:00,80,71,29.81,15,0.00
2017-12-08T13:00:00,80,71,29.78,15,NA
2017-12-08T13:53:00,79,71,29.77,14,0.00
2017-12-08T14:53:00,78,71,29.75,16,0.00
2017-12-08T15:53:00,79,70,29.74,15,0.00
2017-12-08T16:00:00,79,70,29.71,15,NA
2017-12-08T16:53:00,78,70,29.74,17,0.00
2017-12-08T17:53:00,78,71,29.75,14,T
2017-12-08T18:34:00,77,72,29.77,18,T
2017-12-08T18:53:00,77,72,29.77,16,T
2017-12-08T19:00:00,77,72,29.74,16,NA
2017-12-08T19:53:00,77,73,29.77,15,0.00
2017-12-08T20:25:00,77,73,29.77,14,NA
2017-12-08T20:51:00,77,73,29.77,16,NA
2017-12-08T20:53:00,77,73,29.77,15,0.00
2017-12-08T21:05:00,77,73,29.77,18,NA
2017-12-08T21:53:00,78,72,29.76,18,0.00
2017-12-08T22:00:00,78,72,29.73,18,NA
2017-12-08T22:31:00,77,72,29.76,22,T
2017-12-08T22:39:00,76,73,29.77,20,NA
2017-12-08T22:41:00,76,73,29.76,20,0.12
2017-12-08T22:47:00,75,72,29.78,24,0.12
2017-12-08T22:53:00,76,72,29.79,31,0.21
2017-12-08T22:58:00,74,70,29.80,28,0.03
2017-12-08T23:03:00,73,70,29.81,24,0.20
2017-12-08T23:15:00,73,71,29.80,14,0.43
2017-12-08T23:17:00,72,70,29.79,13,0.43
2017-12-08T23:24:00,70,68,29.80,11,0.43
2017-12-08T23:43:00,67,65,29.80,11,0.43
2017-12-08T23:53:00,66,64,29.80,13,0.35
2017-12-09T00:53:00,63,60,29.80,8,0.01
2017-12-09T01:00:00,63,60,29.77,8,NA
2017-12-09T01:53:00,61,59,29.79,8,0.01
2017-12-09T02:28:00,61,59,29.82,11,T
2017-12-09T02:51:00,61,57,29.83,8,NA
2017-12-09T02:53:00,60,58,29.83,9,0.10
2017-12-09T03:53:00,60,58,29.83,10,0.04
2017-12-09T04:00:00,60,58,29.80,10,NA
2017-12-09T04:53:00,60,57,29.87,8,0.00
2017-12-09T05:53:00,59,56,29.88,14,T
2017-12-09T06:40:00,59,55,29.89,11,T
2017-12-09T06:53:00,59,55,29.90,11,T
2017-12-09T07:00:00,59,55,29.87,11,NA
2017-12-09T07:53:00,59,54,29.94,13,0.00
2017-12-09T08:53:00,60,54,29.97,8,T
2017-12-09T09:13:00,60,54,29.97,8,T
2017-12-09T09:53:00,61,53,29.98,13,0.00
2017-12-09T10:00:00,61,53,29.95,13,NA
2017-12-09T10:24:00,61,53,30.01,11,T
2017-12-09T10:53:00,60,53,30.01,10,T
2017-12-09T11:39:00,59,55,30.01,8,T
2017-12-09T11:50:00,59,55,30.01,10,0.01
2017-12-09T11:53:00,59,55,30.01,10,0.01
2017-12-09T12:22:00,58,55,30.01,16,0.01
2017-12-09T12:53:00,57,53,30.01,16,0.01
2017-12-09T13:00:00,57,53,29.98,16,NA
2017-12-09T13:51:00,57,52,30.00,16,NA
2017-12-09T13:53:00,58,52,30.00,15,T
2017-12-09T14:26:00,58,50,30.00,13,NA
2017-12-09T14:53:00,57,51,30.00,11,T
2017-12-09T15:51:00,59,48,30.02,15,NA
2017-12-09T15:53:00,59,48,30.02,15,0.00
2017-12-09T16:00:00,59,48,29.99,15,NA
2017-12-09T16:53:00,57,46,30.04,15,0.00
2017-12-09T17:53:00,54,41,30.06,10,0.00
2017-12-09T18:53:00,53,38,30.10,11,0.00
2017-12-09T19:00:00,53,38,30.07,11,NA
2017-12-09T19:53:00,53,38,30.13,8,0.00
2017-12-09T20:53:00,52,38,30.15,7,0.00
2017-12-09T21:53:00,51,39,30.16,6,0.00
2017-12-09T22:00:00,51,39,30.13,6,NA
2017-12-09T22:53:00,49,40,30.19,5,0.00
2017-12-09T23:53:00,50,40,30.19,5,0.00
2017-12-10T00:53:00,47,40,30.21,5,0.00
2017-12-10T01:00:00,47,40,30.18,5,NA
2017-12-10T01:53:00,46,39,30.22,6,0.00
2017-12-10T02:53:00,45,38,30.23,6,0.00
2017-12-10T03:53:00,45,33,30.25,10,0.00
2017-12-10T04:00:00,45,33,30.22,10,NA
2017-12-10T04:53:00,45,27,30.25,8,0.00
2017-12-10T05:53:00,44,28,30.28,6,0.00
2017-12-10T06:53:00,43,29,30.31,8,0.00
2017-12-10T07:00:00,43,29,30.28,8,NA
2017-12-10T07:53:00,44,29,30.32,8,0.00
2017-12-10T08:53:00,48,30,30.33,10,0.00
2017-12-10T09:53:00,50,30,30.35,14,0.00
2017-12-10T10:00:00,50,30,30.32,14,NA
2017-12-10T10:53:00,54,34,30.34,9,0.00
2017-12-10T11:53:00,55,35,30.32,10,0.00
2017-12-10T12:53:00,58,35,30.29,7,0.00
2017-12-10T13:53:00,59,33,30.28,10,0.00
2017-12-10T14:53:00,57,28,30.27,11,0.00
2017-12-10T15:53:00,57,28,30.27,13,0.00
2017-12-10T16:00:00,57,28,30.24,13,NA
2017-12-10T16:53:00,55,33,30.28,8,0.00
2017-12-10T17:53:00,51,33,30.29,7,0.00
2017-12-10T18:53:00,50,36,30.30,0,0.00
2017-12-10T19:00:00,50,36,30.27,0,NA
2017-12-10T19:53:00,50,36,30.31,3,0.00
2017-12-10T20:53:00,50,37,30.32,0,0.00
2017-12-10T21:53:00,49,37,30.32,0,0.00
2017-12-10T22:00:00,49,37,30.29,0,NA
2017-12-10T22:53:00,49,37,30.32,0,0.00
2017-12-10T23:53:00,48,37,30.31,0,0.00
2017-12-11T00:53:00,48,38,30.30,0,0.00
2017-12-11T01:00:00,48,38,30.27,0,NA
2017-12-11T01:53:00,45,37,30.29,0,0.00
2017-12-11T02:53:00,45,40,30.29,0,0.00
2017-12-11T03:53:00,46,37,30.29,5,0.00
2017-12-11T04:00:00,46,37,30.26,5,NA
2017-12-11T04:53:00,46,36,30.29,3,0.00
2017-12-11T05:53:00,45,35,30.29,5,0.00
2017-12-11T06:53:00,45,35,30.30,7,0.00
2017-12-11T07:00:00,45,35,30.27,7,NA
2017-12-11T07:53:00,46,36,30.31,3,0.00
2017-12-11T08:53:00,50,33,30.32,7,0.00
2017-12-11T09:53:00,55,32,30.31,7,0.00
2017-12-11T10:00:00,55,32,30.28,7,NA
2017-12-11T10:53:00,58,33,30.29,9,0.00
2017-12-11T11:53:00,61,34,30.27,7,0.00
2017-12-11T12:53:00,63,33,30.23,8,0.00
2017-12-11T13:00:00,63,33,30.20,8,NA
2017-12-11T13:53:00,62,39,30.20,7,0.00
2017-12-11T14:53:00,64,36,30.19,9,0.00
2017-12-11T15:53:00,64,33,30.18,9,0.00
2017-12-11T16:00:00,64,33,30.15,9,NA
2017-12-11T16:53:00,61,32,30.18,7,0.00
2017-12-11T17:53:00,57,42,30.19,5,0.00
2017-12-11T18:53:00,55,42,30.19,5,0.00
2017-12-11T19:00:00,55,42,30.16,5,NA
2017-12-11T19:53:00,54,41,30.20,3,0.00
2017-12-11T20:53:00,54,41,30.19,0,0.00
2017-12-11T21:53:00,53,42,30.18,0,0.00
2017-12-11T22:00:00,53,42,30.15,0,NA
2017-12-11T22:53:00,52,42,30.17,0,0.00
2017-12-11T23:53:00,53,43,30.14,3,0.00
2017-12-12T00:53:00,53,44,30.13,3,0.00
2017-12-12T01:00:00,53,44,30.10,3,NA
2017-12-12T01:53:00,53,47,30.10,5,0.00
2017-12-12T02:53:00,53,48,30.09,5,0.00
2017-12-12T03:53:00,56,50,30.08,6,0.00
2017-12-12T04:00:00,56,50,30.05,6,NA
2017-12-12T04:53:00,53,49,30.07,3,0.00
2017-12-12T05:53:00,55,50,30.06,5,0.00
2017-12-12T06:53:00,55,51,30.06,3,0.00
2017-12-12T07:00:00,55,51,30.03,3,NA
2017-12-12T07:53:00,57,52,30.06,0,0.00
2017-12-12T08:53:00,61,55,30.06,9,0.00
2017-12-12T09:53:00,66,57,30.05,8,0.00
2017-12-12T10:00:00,66,57,30.02,8,NA
2017-12-12T10:53:00,72,55,30.03,11,0.00
2017-12-12T11:53:00,73,55,30.00,15,0.00
2017-12-12T12:53:00,73,55,29.97,14,0.00
2017-12-12T13:00:00,73,55,29.94,14,NA
2017-12-12T13:53:00,73,53,29.94,20,0.00
2017-12-12T14:53:00,73,51,29.94,17,0.00
2017-12-12T15:53:00,73,52,29.92,17,0.00
2017-12-12T16:00:00,73,52,29.89,17,NA
2017-12-12T16:53:00,71,52,29.92,15,0.00
2017-12-12T17:53:00,66,57,29.93,11,0.00
2017-12-12T18:53:00,65,50,29.96,11,0.00
2017-12-12T19:00:00,65,50,29.93,11,NA
2017-12-12T19:53:00,63,47,29.98,14,0.00
2017-12-12T20:53:00,61,46,30.00,10,0.00
2017-12-12T21:53:00,59,47,30.00,6,0.00
2017-12-12T22:00:00,59,47,29.97,6,NA
2017-12-12T22:53:00,56,46,30.02,6,0.00
2017-12-12T23:53:00,54,45,30.03,5,0.00
2017-12-13T00:53:00,54,44,30.02,3,0.00
2017-12-13T01:00:00,54,44,29.99,3,NA
2017-12-13T01:53:00,51,42,30.03,0,0.00
2017-12-13T02:53:00,51,42,30.04,0,0.00
2017-12-13T03:53:00,50,41,30.04,5,0.00
2017-12-13T04:00:00,50,41,30.01,5,NA
2017-12-13T04:53:00,50,39,30.05,6,0.00
2017-12-13T05:53:00,49,39,30.08,7,0.00
2017-12-13T06:53:00,49,38,30.10,6,0.00
2017-12-13T07:00:00,49,38,30.07,6,NA
2017-12-13T07:53:00,50,37,30.12,6,0.00
2017-12-13T08:53:00,53,36,30.15,8,0.00
2017-12-13T09:53:00,56,32,30.16,11,0.00
2017-12-13T10:00:00,56,32,30.13,11,NA
2017-12-13T10:53:00,58,31,30.16,10,0.00
2017-12-13T11:53:00,60,34,30.13,0,0.00
2017-12-13T12:53:00,60,39,30.09,9,0.00
2017-12-13T13:00:00,60,39,30.06,9,NA
2017-12-13T13:53:00,62,34,30.07,9,0.00
2017-12-13T14:53:00,62,29,30.06,10,0.00
2017-12-13T15:53:00,61,35,30.06,10,0.00
2017-12-13T16:00:00,61,35,30.03,10,NA
2017-12-13T16:53:00,59,33,30.07,8,0.00
2017-12-13T17:53:00,57,38,30.08,5,0.00
2017-12-13T18:53:00,54,41,30.09,5,0.00
2017-12-13T19:00:00,54,41,30.06,5,NA
2017-12-13T19:53:00,53,42,30.08,0,0.00
2017-12-13T20:53:00,52,43,30.08,0,0.00
2017-12-13T21:53:00,54,43,30.07,3,0.00
2017-12-13T22:00:00,54,43,30.04,3,NA
2017-12-13T22:53:00,53,44,30.07,0,0.00
2017-12-13T23:53:00,54,47,30.05,5,0.00
2017-12-14T00:53:00,56,49,30.04,6,0.00
2017-12-14T01:00:00,56,49,30.01,6,NA
2017-12-14T01:53:00,54,49,30.03,7,0.00
2017-12-14T02:53:00,55,50,30.02,8,0.00
2017-12-14T03:53:00,54,50,30.01,6,0.00
2017-12-14T04:00:00,54,50,29.98,6,NA
2017-12-14T04:53:00,55,51,30.00,6,0.00
2017-12-14T05:53:00,55,52,30.02,5,0.00
2017-12-14T06:53:00,54,52,30.03,7,0.00
2017-12-14T07:00:00,54,52,30.00,7,NA
2017-12-14T07:53:00,55,53,30.04,3,0.00
2017-12-14T08:53:00,58,54,30.04,6,0.00
2017-12-14T09:53:00,64,55,30.06,6,0.00
2017-12-14T10:00:00,64,55,30.03,6,NA
2017-12-14T10:53:00,68,56,30.06,9,0.00
2017-12-14T11:53:00,70,57,30.04,10,0.00
2017-12-14T12:53:00,72,56,30.01,9,0.00
2017-12-14T13:00:00,72,56,29.98,9,NA
2017-12-14T13:53:00,73,55,30.00,8,0.00
2017-12-14T14:53:00,73,54,29.99,7,0.00
2017-12-14T15:53:00,69,59,30.01,14,0.00
2017-12-14T16:00:00,69,59,29.98,14,NA
2017-12-14T16:53:00,68,59,30.01,11,0.00
2017-12-14T17:53:00,67,59,30.02,9,0.00
2017-12-14T18:53:00,67,58,30.03,7,0.00
2017-12-14T19:00:00,67,58,30.00,7,NA
2017-12-14T19:53:00,66,57,30.05,8,0.00
2017-12-14T20:53:00,66,57,30.05,6,0.00
2017-12-14T21:53:00,67,58,30.07,9,0.00
2017-12-14T22:00:00,67,58,30.04,9,NA
2017-12-14T22:53:00,66,58,30.06,8,0.00
2017-12-14T23:53:00,67,58,30.05,7,0.00
2017-12-15T00:53:00,66,58,30.05,8,0.00
2017-12-15T01:00:00,66,58,30.02,8,NA
2017-12-15T01:53:00,65,58,30.03,7,0.00
2017-12-15T02:53:00,65,58,30.03,5,0.00
2017-12-15T03:53:00,66,59,30.04,7,0.00
2017-12-15T04:00:00,66,59,30.01,7,NA
2017-12-15T04:53:00,64,59,30.03,7,0.00
2017-12-15T05:53:00,63,58,30.04,6,0.00
2017-12-15T06:53:00,63,58,30.05,6,0.00
2017-12-15T07:00:00,63,58,30.02,6,NA
2017-12-15T07:53:00,65,59,30.06,6,0.00
2017-12-15T08:29:00,65,60,30.08,8,0.01
2017-12-15T08:35:00,65,60,30.08,7,0.01
2017-12-15T08:51:00,64,61,30.08,7,NA
2017-12-15T08:53:00,65,61,30.08,6,0.01
2017-12-15T09:53:00,69,62,30.09,6,0.00
2017-12-15T10:00:00,69,62,30.06,6,NA
2017-12-15T10:53:00,72,62,30.10,13,0.00
2017-12-15T11:53:00,73,63,30.09,10,0.00
2017-12-15T12:53:00,73,59,30.07,9,0.00
2017-12-15T13:00:00,73,59,30.04,9,NA
2017-12-15T13:53:00,75,55,30.06,8,0.00
2017-12-15T14:53:00,75,56,30.06,6,0.00
2017-12-15T15:53:00,75,57,30.06,8,0.00
2017-12-15T16:00:00,75,57,30.03,8,NA
2017-12-15T16:53:00,73,57,30.08,7,0.00
2017-12-15T17:53:00,71,57,30.09,3,0.00
2017-12-15T18:53:00,69,56,30.11,5,0.00
2017-12-15T19:00:00,69,56,30.08,5,NA
2017-12-15T19:53:00,68,56,30.13,0,0.00
2017-12-15T20:53:00,67,56,30.15,0,0.00
2017-12-15T21:53:00,66,57,30.16,0,0.00
2017-12-15T22:00:00,66,57,30.13,0,NA
2017-12-15T22:53:00,66,56,30.16,3,0.00
2017-12-15T23:53:00,62,55,30.16,0,0.00
2017-12-16T00:53:00,61,56,30.17,5,0.00
2017-12-16T01:00:00,61,56,30.14,5,NA
2017-12-16T01:53:00,62,58,30.16,0,0.00
2017-12-16T02:53:00,61,57,30.16,0,0.00
2017-12-16T03:53:00,60,57,30.15,0,0.00
2017-12-16T04:00:00,60,57,30.12,0,NA
2017-12-16T04:53:00,60,56,30.15,3,0.00
2017-12-16T05:53:00,61,57,30.17,5,0.00
2017-12-16T06:47:00,61,55,30.19,8,NA
2017-12-16T06:53:00,61,56,30.19,7,0.00
2017-12-16T07:00:00,61,56,30.16,7,NA
2017-12-16T07:23:00,61,56,30.20,6,NA
2017-12-16T07:53:00,61,55,30.22,8,0.00
2017-12-16T08:53:00,62,53,30.23,7,0.00
2017-12-16T09:53:00,65,52,30.24,6,0.00
2017-12-16T10:00:00,65,52,30.21,6,NA
2017-12-16T10:53:00,69,54,30.24,6,0.00
2017-12-16T11:53:00,72,55,30.23,5,0.00
2017-12-16T12:53:00,74,56,30.20,3,0.00
2017-12-16T13:00:00,74,56,30.17,3,NA
2017-12-16T13:53:00,73,58,30.18,3,0.00
2017-12-16T14:53:00,77,57,30.17,0,0.00
2017-12-16T15:53:00,77,56,30.17,0,0.00
2017-12-16T16:00:00,77,56,30.14,0,NA
2017-12-16T16:53:00,72,58,30.18,3,0.00
2017-12-16T17:53:00,73,56,30.19,0,0.00
2017-12-16T18:53:00,71,55,30.21,5,0.00
2017-12-16T19:00:00,71,55,30.18,5,NA
2017-12-16T19:53:00,69,55,30.23,5,0.00
2017-12-16T20:53:00,67,54,30.24,5,0.00
2017-12-16T21:53:00,66,54,30.25,6,0.00
2017-12-16T22:00:00,66,54,30.22,6,NA
2017-12-16T22:53:00,65,54,30.25,6,0.00
2017-12-16T23:53:00,64,54,30.25,0,0.00
2017-12-17T00:53:00,62,54,30.25,3,0.00
2017-12-17T01:00:00,62,54,30.22,3,NA
2017-12-17T01:53:00,61,54,30.25,5,0.00
2017-12-17T02:53:00,60,54,30.24,5,0.00
2017-12-17T03:53:00,59,54,30.22,7,0.00
2017-12-17T04:00:00,59,54,30.19,7,NA
2017-12-17T04:53:00,59,53,30.21,6,0.00
2017-12-17T05:53:00,58,53,30.21,6,0.00
2017-12-17T06:53:00,58,53,30.22,6,0.00
2017-12-17T07:00:00,58,53,30.19,6,NA
2017-12-17T07:53:00,59,54,30.24,5,0.00
2017-12-17T08:53:00,62,56,30.26,5,0.00
2017-12-17T09:53:00,69,59,30.26,7,0.00
2017-12-17T10:00:00,69,59,30.23,7,NA
2017-12-17T10:53:00,74,61,30.26,5,0.00
2017-12-17T11:53:00,77,61,30.24,8,0.00
2017-12-17T12:53:00,78,60,30.21,10,0.00
2017-12-17T13:00:00,78,60,30.18,10,NA
2017-12-17T13:53:00,77,61,30.19,7,0.00
2017-12-17T14:53:00,79,62,30.18,7,0.00
2017-12-17T15:53:00,78,61,30.19,5,0.00
2017-12-17T16:00:00,78,61,30.16,5,NA
2017-12-17T16:53:00,77,60,30.18,3,0.00
2017-12-17T17:53:00,74,60,30.18,0,0.00
2017-12-17T18:53:00,73,60,30.20,0,0.00
2017-12-17T19:00:00,73,60,30.17,0,NA
2017-12-17T19:53:00,73,62,30.21,0,0.00
2017-12-17T20:53:00,71,62,30.22,0,0.00
2017-12-17T21:53:00,69,61,30.22,0,0.00
2017-12-17T22:00:00,69,61,30.19,0,NA
2017-12-17T22:53:00,69,62,30.23,0,0.00
2017-12-17T23:53:00,65,60,30.22,0,0.00
2017-12-18T00:53:00,69,61,30.21,3,0.00
2017-12-18T01:00:00,69,61,30.18,3,NA
2017-12-18T01:53:00,67,61,30.21,0,0.00
2017-12-18T02:53:00,64,60,30.21,0,0.00
2017-12-18T03:53:00,65,61,30.20,0,0.00
2017-12-18T04:00:00,65,61,30.17,0,NA
2017-12-18T04:53:00,64,61,30.18,0,0.00
2017-12-18T05:53:00,67,64,30.19,3,0.00
2017-12-18T06:53:00,67,64,30.20,6,0.00
2017-12-18T07:00:00,67,64,30.17,6,NA
2017-12-18T07:53:00,68,65,30.22,0,0.00
2017-12-18T08:53:00,70,66,30.23,5,0.00
2017-12-18T09:53:00,75,67,30.24,6,0.00
2017-12-18T10:00:00,75,67,30.21,6,NA
2017-12-18T10:53:00,75,67,30.26,3,0.00
2017-12-18T11:53:00,79,67,30.24,3,0.00
2017-12-18T12:53:00,79,67,30.22,5,0.00
2017-12-18T13:00:00,79,67,30.19,5,NA
2017-12-18T13:53:00,80,67,30.20,7,0.00
2017-12-18T14:53:00,80,67,30.19,8,0.00
2017-12-18T15:53:00,79,67,30.19,5,0.00
2017-12-18T16:00:00,79,67,30.16,5,NA
2017-12-18T16:53:00,78,67,30.20,6,0.00
2017-12-18T17:53:00,76,66,30.21,7,0.00
2017-12-18T18:53:00,74,66,30.23,6,0.00
2017-12-18T19:00:00,74,66,30.20,6,NA
2017-12-18T19:53:00,74,66,30.24,3,0.00
2017-12-18T20:53:00,72,66,30.25,3,0.00
2017-12-18T21:53:00,72,66,30.26,3,0.00
2017-12-18T22:00:00,72,66,30.23,3,NA
2017-12-18T22:53:00,70,66,30.26,0,0.00
2017-12-18T23:53:00,69,66,30.24,0,0.00
2017-12-19T00:53:00,69,66,30.24,0,0.00
2017-12-19T01:00:00,69,66,30.21,0,NA
2017-12-19T01:45:00,68,65,30.23,0,NA
2017-12-19T01:53:00,67,65,30.23,0,0.00
2017-12-19T02:36:00,65,62,30.22,0,NA
2017-12-19T02:53:00,67,64,30.22,0,0.00
2017-12-19T03:27:00,66,64,30.23,3,NA
2017-12-19T03:36:00,66,65,30.23,5,NA
2017-12-19T03:45:00,67,65,30.23,3,NA
2017-12-19T03:51:00,66,64,30.23,3,NA
2017-12-19T03:53:00,67,65,30.23,5,0.00
2017-12-19T04:00:00,67,65,30.20,5,NA
2017-12-19T04:08:00,67,65,30.23,3,NA
2017-12-19T04:28:00,67,66,30.23,3,NA
2017-12-19T04:53:00,67,66,30.22,3,0.00
2017-12-19T05:14:00,68,66,30.22,0,NA
2017-12-19T05:42:00,67,66,30.22,0,NA
2017-12-19T05:51:00,66,66,30.23,0,NA
2017-12-19T05:53:00,67,66,30.23,0,0.00
2017-12-19T06:15:00,67,65,30.23,0,NA
2017-12-19T06:53:00,67,65,30.23,0,0.00
2017-12-19T07:00:00,67,65,30.20,0,NA
2017-12-19T07:08:00,66,65,30.24,0,NA
2017-12-19T07:12:00,66,65,30.24,5,NA
2017-12-19T07:36:00,66,65,30.25,3,NA
2017-12-19T07:53:00,66,65,30.25,0,0.00
2017-12-19T08:22:00,67,65,30.25,0,NA
2017-12-19T08:29:00,67,65,30.26,3,NA
2017-12-19T08:53:00,67,66,30.26,3,0.00
2017-12-19T09:17:00,67,66,30.27,3,NA
2017-12-19T09:29:00,68,67,30.27,3,NA
2017-12-19T09:37:00,69,67,30.27,0,NA
2017-12-19T09:53:00,69,67,30.27,3,0.00
2017-12-19T10:00:00,69,67,30.24,3,NA
2017-12-19T10:53:00,78,66,30.26,3,0.00
2017-12-19T11:53:00,81,66,30.24,0,0.00
2017-12-19T12:53:00,80,67,30.20,7,0.00
2017-12-19T13:00:00,80,67,30.17,7,NA
2017-12-19T13:53:00,80,65,30.17,8,0.00
2017-12-19T14:53:00,80,65,30.16,7,0.00
2017-12-19T15:53:00,81,64,30.15,6,0.00
2017-12-19T16:00:00,81,64,30.12,6,NA
2017-12-19T16:53:00,79,63,30.14,5,0.00
2017-12-19T17:53:00,77,66,30.15,7,0.00
2017-12-19T18:53:00,74,65,30.17,5,0.00
2017-12-19T19:00:00,74,65,30.14,5,NA
2017-12-19T19:53:00,73,65,30.18,3,0.00
2017-12-19T20:53:00,71,65,30.18,3,0.00
2017-12-19T21:53:00,70,66,30.18,3,0.00
2017-12-19T22:00:00,70,66,30.15,3,NA
2017-12-19T22:53:00,68,65,30.17,3,0.00
2017-12-19T23:53:00,67,65,30.16,0,0.00
2017-12-20T00:53:00,68,65,30.15,0,0.00
2017-12-20T01:00:00,68,65,30.12,0,NA
2017-12-20T01:53:00,68,65,30.13,0,0.00
2017-12-20T02:53:00,64,62,30.12,0,0.00
2017-12-20T03:53:00,66,63,30.11,0,0.00
2017-12-20T04:00:00,66,63,30.08,0,NA
2017-12-20T04:53:00,66,64,30.10,0,0.00
2017-12-20T05:53:00,68,65,30.09,0,0.00
2017-12-20T06:51:00,66,63,30.11,0,NA
2017-12-20T06:53:00,67,64,30.11,0,0.00
2017-12-20T07:00:00,67,64,30.08,0,NA
2017-12-20T07:53:00,67,64,30.13,3,0.00
2017-12-20T08:53:00,69,65,30.14,9,0.00
2017-12-20T09:53:00,72,66,30.15,10,0.00
2017-12-20T10:00:00,72,66,30.12,10,NA
2017-12-20T10:53:00,74,66,30.15,6,0.00
2017-12-20T11:53:00,76,66,30.12,8,0.00
2017-12-20T12:53:00,76,66,30.10,8,0.00
2017-12-20T13:00:00,76,66,30.07,8,NA
2017-12-20T13:53:00,78,66,30.07,11,0.00
2017-12-20T14:53:00,78,66,30.04,11,0.00
2017-12-20T15:53:00,76,67,30.02,13,0.00
2017-12-20T16:00:00,76,67,29.99,13,NA
2017-12-20T16:53:00,74,67,30.02,13,0.00
2017-12-20T17:53:00,72,67,30.02,7,0.00
2017-12-20T18:53:00,71,67,30.04,5,0.00
2017-12-20T19:00:00,71,67,30.01,5,NA
2017-12-20T19:53:00,71,67,30.04,5,0.00
2017-12-20T20:53:00,70,67,30.05,5,0.00
2017-12-20T21:42:00,70,67,30.04,5,NA
2017-12-20T21:53:00,70,67,30.04,3,0.00
2017-12-20T21:58:00,70,68,30.04,3,NA
2017-12-20T22:00:00,70,67,30.01,3,NA
2017-12-20T22:53:00,72,69,30.04,9,0.00
2017-12-20T23:53:00,71,69,30.03,7,0.00
2017-12-21T00:53:00,71,69,30.03,7,0.00
2017-12-21T01:00:00,71,69,30.00,7,NA
2017-12-21T01:00:00,71,69,30.02,7,NA
2017-12-21T01:53:00,71,69,30.01,6,0.00
2017-12-21T02:09:00,71,69,30.01,7,NA
2017-12-21T02:53:00,71,69,30.01,3,0.00
2017-12-21T03:53:00,70,69,30.01,3,0.00
2017-12-21T03:58:00,71,69,30.01,3,NA
2017-12-21T04:00:00,70,69,29.98,3,NA
2017-12-21T04:09:00,70,69,30.00,5,NA
2017-12-21T04:25:00,71,70,30.00,5,NA
2017-12-21T04:53:00,71,70,30.01,5,0.00
2017-12-21T05:09:00,70,69,30.01,3,NA
2017-12-21T05:53:00,70,69,30.02,5,0.00
2017-12-21T06:51:00,70,70,30.04,6,NA
2017-12-21T06:53:00,70,69,30.04,5,0.00
2017-12-21T07:00:00,70,69,30.01,5,NA
2017-12-21T07:53:00,71,70,30.06,6,0.00
2017-12-21T08:53:00,72,71,30.08,6,0.00
2017-12-21T08:55:00,72,71,30.08,7,NA
2017-12-21T09:51:00,72,72,30.10,5,NA
2017-12-21T09:53:00,72,71,30.10,5,0.00
2017-12-21T10:00:00,72,71,30.07,5,NA
2017-12-21T10:53:00,76,70,30.10,7,0.00
2017-12-21T11:53:00,79,70,30.08,10,0.00
2017-12-21T12:53:00,80,70,30.06,9,0.00
2017-12-21T13:00:00,80,70,30.03,9,NA
2017-12-21T13:53:00,79,70,30.05,10,0.00
2017-12-21T14:53:00,79,70,30.05,10,0.00
2017-12-21T15:53:00,79,69,30.06,8,0.00
2017-12-21T16:00:00,79,69,30.03,8,NA
2017-12-21T16:53:00,77,66,30.07,6,0.00
2017-12-21T17:53:00,77,63,30.09,5,0.00
2017-12-21T18:53:00,75,62,30.10,3,0.00
2017-12-21T19:00:00,75,62,30.07,3,NA
2017-12-21T19:53:00,72,61,30.12,3,0.00
2017-12-21T20:53:00,71,61,30.12,3,0.00
2017-12-21T21:53:00,69,61,30.12,3,0.00
2017-12-21T22:00:00,69,61,30.09,3,NA
2017-12-21T22:53:00,70,59,30.13,0,0.00
2017-12-21T23:53:00,69,58,30.12,0,0.00
2017-12-22T00:53:00,68,58,30.11,3,0.00
2017-12-22T01:00:00,68,58,30.08,3,NA
2017-12-22T01:53:00,67,57,30.11,3,0.00
2017-12-22T02:53:00,66,57,30.11,0,0.00
2017-12-22T03:53:00,65,56,30.12,6,0.00
2017-12-22T04:00:00,65,56,30.09,6,NA
2017-12-22T04:53:00,63,56,30.12,0,0.00
2017-12-22T05:25:00,64,58,30.13,3,NA
2017-12-22T05:34:00,63,58,30.13,0,NA
2017-12-22T05:51:00,64,59,30.14,0,NA
2017-12-22T05:53:00,64,59,30.14,0,0.00
2017-12-22T06:53:00,62,59,30.16,3,0.00
2017-12-22T07:00:00,62,59,30.13,3,NA
2017-12-22T07:29:00,61,60,30.18,3,NA
2017-12-22T07:42:00,61,60,30.18,0,NA
2017-12-22T07:44:00,61,60,30.18,0,NA
2017-12-22T07:53:00,61,60,30.19,5,0.00
2017-12-22T08:53:00,62,60,30.21,5,0.00
2017-12-22T09:53:00,66,62,30.23,3,0.00
2017-12-22T10:00:00,66,62,30.20,3,NA
2017-12-22T10:01:00,66,62,30.23,5,NA
2017-12-22T10:26:00,67,63,30.23,3,NA
2017-12-22T10:51:00,70,63,30.22,5,NA
2017-12-22T10:53:00,70,63,30.22,5,0.00
2017-12-22T11:18:00,73,64,30.22,0,NA
2017-12-22T11:53:00,74,64,30.20,0,0.00
2017-12-22T12:53:00,77,61,30.17,5,0.00
2017-12-22T13:00:00,77,61,30.14,5,NA
2017-12-22T13:53:00,77,65,30.15,6,0.00
2017-12-22T14:53:00,78,63,30.14,5,0.00
2017-12-22T15:53:00,77,63,30.14,5,0.00
2017-12-22T16:00:00,77,63,30.11,5,NA
2017-12-22T16:53:00,78,63,30.15,5,0.00
2017-12-22T17:53:00,75,63,30.15,5,0.00
2017-12-22T18:53:00,73,63,30.17,5,0.00
2017-12-22T19:00:00,73,63,30.14,5,NA
2017-12-22T19:53:00,71,63,30.18,3,0.00
2017-12-22T20:53:00,70,63,30.19,6,0.00
2017-12-22T21:53:00,69,63,30.19,0,0.00
2017-12-22T22:00:00,69,63,30.16,0,NA
2017-12-22T22:53:00,69,63,30.20,5,0.00
2017-12-22T23:53:00,69,62,30.19,6,0.00
2017-12-23T00:53:00,69,63,30.17,0,0.00
2017-12-23T01:00:00,69,63,30.14,0,NA
2017-12-23T01:53:00,69,64,30.17,0,0.00
2017-12-23T02:53:00,69,64,30.17,3,0.00
2017-12-23T03:53:00,68,64,30.17,0,0.00
2017-12-23T04:00:00,68,64,30.14,0,NA
2017-12-23T04:53:00,68,64,30.16,0,0.00
2017-12-23T05:45:00,67,64,30.17,0,NA
2017-12-23T05:53:00,67,64,30.16,0,0.00
2017-12-23T06:39:00,67,64,30.17,3,NA
2017-12-23T06:53:00,67,64,30.17,0,0.00
2017-12-23T07:00:00,67,64,30.14,0,NA
2017-12-23T07:21:00,68,65,30.17,5,NA
2017-12-23T07:34:00,68,66,30.17,5,NA
2017-12-23T07:53:00,68,66,30.17,3,0.00
2017-12-23T08:43:00,68,66,30.19,5,NA
2017-12-23T08:53:00,68,66,30.20,7,0.00
2017-12-23T09:11:00,68,66,30.20,6,NA
2017-12-23T09:32:00,68,66,30.21,7,NA
2017-12-23T09:34:00,68,66,30.21,6,NA
2017-12-23T09:53:00,69,66,30.21,5,0.00
2017-12-23T10:00:00,69,66,30.18,5,NA
2017-12-23T10:36:00,70,66,30.23,0,NA
2017-12-23T10:53:00,70,67,30.23,0,0.00
2017-12-23T11:10:00,73,67,30.23,0,NA
2017-12-23T11:53:00,76,67,30.21,3,0.00
2017-12-23T12:53:00,76,67,30.19,5,0.00
2017-12-23T13:00:00,76,67,30.16,5,NA
2017-12-23T13:53:00,78,66,30.16,7,0.00
2017-12-23T14:53:00,78,65,30.14,3,0.00
2017-12-23T15:53:00,77,66,30.12,9,0.00
2017-12-23T16:00:00,77,66,30.09,9,NA
2017-12-23T16:53:00,74,67,30.13,6,0.00
2017-12-23T17:53:00,72,67,30.13,5,0.00
2017-12-23T18:53:00,73,66,30.12,5,0.00
2017-12-23T19:00:00,73,66,30.09,5,NA
2017-12-23T19:53:00,72,65,30.12,3,0.00
2017-12-23T20:53:00,72,65,30.13,7,0.00
2017-12-23T21:53:00,70,64,30.14,0,0.00
2017-12-23T22:00:00,70,64,30.11,0,NA
2017-12-23T22:53:00,70,65,30.14,5,0.00
2017-12-23T23:53:00,69,65,30.14,0,0.00
2017-12-24T00:53:00,68,65,30.13,0,0.00
2017-12-24T01:00:00,68,65,30.10,0,NA
2017-12-24T01:53:00,64,62,30.13,0,0.00
2017-12-24T02:53:00,64,62,30.13,0,0.00
2017-12-24T03:04:00,63,62,30.13,0,NA
2017-12-24T03:51:00,64,63,30.14,0,NA
2017-12-24T03:53:00,64,62,30.13,0,0.00
2017-12-24T04:00:00,64,62,30.10,0,NA
2017-12-24T04:41:00,67,65,30.13,0,NA
2017-12-24T04:51:00,66,66,30.13,0,NA
2017-12-24T04:53:00,67,66,30.14,0,0.00
2017-12-24T05:53:00,67,66,30.14,0,0.00
2017-12-24T06:32:00,67,67,30.14,5,NA
2017-12-24T06:53:00,66,66,30.15,5,0.00
2017-12-24T07:00:00,66,66,30.12,5,NA
2017-12-24T07:10:00,67,66,30.16,3,NA
2017-12-24T07:24:00,67,67,30.16,0,NA
2017-12-24T07:53:00,67,67,30.17,3,0.00
2017-12-24T08:03:00,68,67,30.17,3,NA
2017-12-24T08:10:00,68,67,30.17,5,NA
2017-12-24T08:53:00,68,67,30.17,6,0.00
2017-12-24T09:06:00,68,68,30.18,6,NA
2017-12-24T09:43:00,70,69,30.18,5,NA
2017-12-24T09:53:00,69,69,30.18,6,0.00
2017-12-24T10:00:00,69,69,30.15,6,NA
2017-12-24T10:03:00,70,69,30.18,7,NA
2017-12-24T10:31:00,71,69,30.17,9,NA
2017-12-24T10:53:00,75,69,30.17,10,0.00
2017-12-24T11:53:00,75,67,30.15,9,0.00
2017-12-24T12:53:00,78,67,30.13,9,0.00
2017-12-24T13:00:00,78,67,30.10,9,NA
2017-12-24T13:53:00,77,66,30.11,6,0.00
2017-12-24T14:53:00,79,66,30.10,6,0.00
2017-12-24T15:53:00,78,65,30.11,9,0.00
2017-12-24T16:00:00,78,65,30.08,9,NA
2017-12-24T16:53:00,75,66,30.12,7,0.00
2017-12-24T17:53:00,73,67,30.12,6,0.00
2017-12-24T18:53:00,72,67,30.13,5,0.00
2017-12-24T19:00:00,72,67,30.10,5,NA
2017-12-24T19:53:00,71,67,30.15,6,0.00
2017-12-24T20:53:00,71,68,30.15,6,0.00
2017-12-24T21:53:00,71,68,30.15,6,0.00
2017-12-24T22:00:00,71,68,30.12,6,NA
2017-12-24T22:53:00,71,68,30.15,5,0.00
2017-12-24T23:53:00,70,68,30.14,5,0.00
2017-12-25T00:53:00,71,69,30.14,5,T
2017-12-25T01:00:00,71,69,30.11,5,NA
2017-12-25T01:05:00,71,69,30.14,5,0.04
2017-12-25T01:21:00,71,69,30.15,6,0.09
2017-12-25T01:51:00,70,66,30.15,7,NA
2017-12-25T01:53:00,70,67,30.15,7,0.09
2017-12-25T02:51:00,70,64,30.14,3,NA
2017-12-25T02:53:00,68,65,30.14,3,0.01
2017-12-25T03:53:00,67,64,30.15,3,0.00
2017-12-25T04:00:00,67,64,30.12,3,NA
2017-12-25T04:53:00,65,61,30.16,7,0.00
2017-12-25T05:53:00,62,58,30.18,7,0.00
2017-12-25T06:53:00,61,56,30.21,7,0.00
2017-12-25T07:00:00,61,56,30.18,7,NA
2017-12-25T07:53:00,61,55,30.23,3,0.00
2017-12-25T08:53:00,62,54,30.25,9,0.00
2017-12-25T09:53:00,64,49,30.26,6,0.00
2017-12-25T10:00:00,64,49,30.23,6,NA
2017-12-25T10:53:00,67,48,30.26,8,0.00
2017-12-25T11:53:00,69,49,30.24,5,0.00
2017-12-25T12:53:00,71,48,30.20,7,0.00
2017-12-25T13:00:00,71,48,30.17,7,NA
2017-12-25T13:53:00,73,48,30.18,6,0.00
2017-12-25T14:53:00,74,47,30.17,3,0.00
2017-12-25T15:53:00,74,46,30.17,5,0.00
2017-12-25T16:00:00,74,46,30.14,5,NA
2017-12-25T16:53:00,73,46,30.19,7,0.00
2017-12-25T17:53:00,69,46,30.20,7,0.00
2017-12-25T18:53:00,64,53,30.23,6,0.00
2017-12-25T19:00:00,64,53,30.20,6,NA
2017-12-25T19:53:00,65,47,30.25,7,0.00
2017-12-25T20:53:00,63,44,30.27,9,0.00
2017-12-25T21:53:00,61,44,30.28,11,0.00
2017-12-25T22:00:00,61,44,30.25,11,NA
2017-12-25T22:53:00,59,45,30.28,7,0.00
2017-12-25T23:53:00,58,46,30.27,8,0.00
2017-12-26T00:53:00,57,46,30.26,6,0.00
2017-12-26T01:00:00,57,46,30.23,6,NA
2017-12-26T01:53:00,56,45,30.26,7,0.00
2017-12-26T02:53:00,55,44,30.26,7,0.00
2017-12-26T03:53:00,55,44,30.25,8,0.00
2017-12-26T04:00:00,55,44,30.22,8,NA
2017-12-26T04:53:00,54,44,30.25,8,0.00
2017-12-26T05:53:00,54,44,30.25,6,0.00
2017-12-26T06:53:00,54,45,30.26,7,0.00
2017-12-26T07:00:00,54,45,30.23,7,NA
2017-12-26T07:53:00,54,46,30.27,5,0.00
2017-12-26T08:53:00,59,48,30.29,6,0.00
2017-12-26T09:53:00,65,51,30.30,6,0.00
2017-12-26T10:00:00,65,51,30.27,6,NA
2017-12-26T10:53:00,67,53,30.31,8,0.00
2017-12-26T11:53:00,70,55,30.28,7,0.00
2017-12-26T12:53:00,71,56,30.25,6,0.00
2017-12-26T13:00:00,71,56,30.22,6,NA
2017-12-26T13:53:00,74,58,30.23,5,0.00
2017-12-26T14:53:00,74,59,30.24,3,0.00
2017-12-26T15:53:00,75,59,30.24,0,0.00
2017-12-26T16:00:00,75,59,30.21,0,NA
2017-12-26T16:53:00,73,61,30.24,5,0.00
2017-12-26T17:53:00,69,61,30.25,3,0.00
2017-12-26T18:53:00,69,60,30.26,0,0.00
2017-12-26T19:00:00,69,60,30.23,0,NA
2017-12-26T19:53:00,69,60,30.26,3,0.00
2017-12-26T20:53:00,67,59,30.25,0,0.00
2017-12-26T21:53:00,66,59,30.27,0,0.00
2017-12-26T22:00:00,66,59,30.24,0,NA
2017-12-26T22:53:00,66,59,30.26,0,0.00
2017-12-26T23:53:00,65,60,30.25,3,0.00
2017-12-27T00:53:00,65,59,30.23,3,0.00
2017-12-27T01:00:00,65,59,30.20,3,NA
2017-12-27T01:53:00,63,59,30.23,0,0.00
2017-12-27T02:53:00,62,58,30.23,5,0.00
2017-12-27T03:53:00,61,57,30.22,5,0.00
2017-12-27T04:00:00,61,57,30.19,5,NA
2017-12-27T04:53:00,61,57,30.22,0,0.00
2017-12-27T05:53:00,60,57,30.24,0,0.00
2017-12-27T06:53:00,60,57,30.25,0,0.00
2017-12-27T07:00:00,60,57,30.22,0,NA
2017-12-27T07:53:00,61,57,30.26,3,0.00
2017-12-27T08:53:00,65,58,30.28,3,0.00
2017-12-27T09:53:00,71,61,30.27,3,0.00
2017-12-27T10:00:00,71,61,30.24,3,NA
2017-12-27T10:53:00,75,63,30.27,7,0.00
2017-12-27T11:53:00,76,65,30.26,8,0.00
2017-12-27T12:53:00,77,64,30.23,8,0.00
2017-12-27T13:00:00,77,64,30.20,8,NA
2017-12-27T13:53:00,76,62,30.21,6,0.00
2017-12-27T14:53:00,77,62,30.20,7,0.00
2017-12-27T15:53:00,76,63,30.19,8,0.00
2017-12-27T16:00:00,76,63,30.16,8,NA
2017-12-27T16:53:00,76,63,30.20,9,0.00
2017-12-27T17:53:00,73,63,30.21,6,0.00
2017-12-27T18:53:00,72,63,30.22,9,0.00
2017-12-27T19:00:00,72,63,30.19,9,NA
2017-12-27T19:53:00,71,63,30.24,7,0.00
2017-12-27T20:53:00,70,62,30.24,7,0.00
2017-12-27T21:53:00,69,61,30.25,6,0.00
2017-12-27T22:00:00,69,61,30.22,6,NA
2017-12-27T22:53:00,67,59,30.26,8,0.00
2017-12-27T23:53:00,65,59,30.25,6,0.00
2017-12-28T00:53:00,64,57,30.24,8,0.00
2017-12-28T01:00:00,64,57,30.21,8,NA
2017-12-28T01:53:00,63,57,30.23,7,0.00
2017-12-28T02:53:00,63,57,30.21,5,0.00
2017-12-28T03:53:00,62,57,30.22,7,0.00
2017-12-28T04:00:00,62,57,30.19,7,NA
2017-12-28T04:44:00,62,57,30.23,7,NA
2017-12-28T04:53:00,61,56,30.22,9,0.00
2017-12-28T05:53:00,61,56,30.22,8,0.00
2017-12-28T06:53:00,61,56,30.22,6,0.00
2017-12-28T07:00:00,61,56,30.19,6,NA
2017-12-28T07:44:00,61,56,30.24,7,NA
2017-12-28T07:53:00,61,56,30.24,7,0.00
2017-12-28T07:58:00,61,56,30.24,6,NA
2017-12-28T08:53:00,62,56,30.26,5,0.00
2017-12-28T09:53:00,62,57,30.28,8,0.00
2017-12-28T10:00:00,62,57,30.25,8,NA
2017-12-28T10:34:00,66,57,30.28,7,NA
2017-12-28T10:50:00,66,57,30.27,8,NA
2017-12-28T10:53:00,66,57,30.27,7,0.00
2017-12-28T11:53:00,69,58,30.25,8,0.00
2017-12-28T12:53:00,73,59,30.23,6,0.00
2017-12-28T13:00:00,73,59,30.20,6,NA
2017-12-28T13:53:00,75,59,30.19,3,0.00
2017-12-28T14:53:00,76,60,30.19,5,0.00
2017-12-28T15:53:00,73,60,30.20,7,0.00
2017-12-28T16:00:00,73,60,30.17,7,NA
2017-12-28T16:53:00,69,58,30.20,8,0.00
2017-12-28T17:53:00,67,58,30.21,8,0.00
2017-12-28T18:53:00,66,58,30.22,10,0.00
2017-12-28T19:00:00,66,58,30.19,10,NA
2017-12-28T19:53:00,64,57,30.23,7,0.00
2017-12-28T20:53:00,63,57,30.23,10,0.00
2017-12-28T21:41:00,62,57,30.23,7,NA
2017-12-28T21:53:00,62,57,30.23,7,0.00
2017-12-28T22:00:00,62,57,30.20,7,NA
2017-12-28T22:53:00,61,56,30.23,5,0.00
2017-12-28T23:53:00,61,56,30.22,7,0.00
2017-12-29T00:38:00,60,56,30.21,9,NA
2017-12-29T00:53:00,60,56,30.21,8,0.00
2017-12-29T01:00:00,60,56,30.18,8,NA
2017-12-29T01:53:00,60,56,30.21,6,0.00
2017-12-29T02:53:00,59,55,30.20,6,0.00
2017-12-29T03:53:00,58,55,30.19,8,0.00
2017-12-29T04:00:00,58,55,30.16,8,NA
2017-12-29T04:53:00,57,54,30.19,6,0.00
2017-12-29T05:53:00,57,54,30.19,8,0.00
2017-12-29T06:53:00,57,53,30.21,6,0.00
2017-12-29T07:00:00,57,53,30.18,6,NA
2017-12-29T07:53:00,56,53,30.22,10,0.00
2017-12-29T08:53:00,57,53,30.25,10,0.00
2017-12-29T09:53:00,57,52,30.26,7,0.00
2017-12-29T10:00:00,57,52,30.23,7,NA
2017-12-29T10:42:00,59,53,30.26,6,NA
2017-12-29T10:51:00,61,54,30.26,7,NA
2017-12-29T10:53:00,60,53,30.26,6,0.00
2017-12-29T11:35:00,61,53,30.25,7,NA
2017-12-29T11:53:00,61,53,30.24,7,0.00
2017-12-29T12:51:00,64,54,30.21,11,NA
2017-12-29T12:53:00,64,54,30.21,10,0.00
2017-12-29T13:00:00,64,54,30.18,10,NA
2017-12-29T13:53:00,64,53,30.19,9,0.00
2017-12-29T14:50:00,66,54,30.18,7,NA
2017-12-29T14:53:00,66,53,30.17,6,0.00
2017-12-29T15:18:00,66,53,30.18,7,NA
2017-12-29T15:53:00,66,53,30.18,8,0.00
2017-12-29T16:00:00,66,53,30.15,8,NA
2017-12-29T16:46:00,62,52,30.18,7,NA
2017-12-29T16:53:00,62,52,30.18,8,0.00
2017-12-29T17:53:00,60,51,30.18,3,0.00
2017-12-29T18:48:00,57,50,30.21,8,NA
2017-12-29T18:53:00,58,50,30.21,8,0.00
2017-12-29T19:00:00,58,50,30.18,8,NA
2017-12-29T19:26:00,58,50,30.21,5,NA
2017-12-29T19:53:00,57,50,30.22,7,0.00
2017-12-29T20:53:00,57,50,30.23,6,0.00
2017-12-29T21:53:00,55,49,30.24,8,0.00
2017-12-29T22:00:00,55,49,30.21,8,NA
2017-12-29T22:19:00,54,49,30.24,8,NA
2017-12-29T22:53:00,55,49,30.24,5,0.00
2017-12-29T23:53:00,54,49,30.21,5,0.00
2017-12-30T00:53:00,53,49,30.21,0,0.00
2017-12-30T01:00:00,53,49,30.18,0,NA
2017-12-30T01:53:00,53,49,30.20,5,0.00
2017-12-30T02:53:00,52,49,30.20,6,0.00
2017-12-30T03:53:00,53,49,30.20,6,0.00
2017-12-30T04:00:00,53,49,30.17,6,NA
2017-12-30T04:53:00,52,48,30.19,3,0.00
2017-12-30T05:53:00,52,48,30.18,3,0.00
2017-12-30T06:53:00,51,47,30.18,3,0.00
2017-12-30T07:00:00,51,47,30.15,3,NA
2017-12-30T07:53:00,52,48,30.18,0,0.00
2017-12-30T08:19:00,53,48,30.19,0,NA
2017-12-30T08:53:00,54,49,30.21,0,0.00
2017-12-30T09:53:00,56,49,30.22,0,0.00
2017-12-30T10:00:00,56,49,30.19,0,NA
2017-12-30T10:53:00,59,49,30.21,3,0.00
2017-12-30T11:09:00,60,50,30.21,3,NA
2017-12-30T11:23:00,60,50,30.20,6,NA
2017-12-30T11:53:00,63,51,30.18,3,0.00
2017-12-30T12:53:00,64,52,30.14,7,0.00
2017-12-30T13:00:00,64,52,30.11,7,NA
2017-12-30T13:53:00,70,50,30.10,10,0.00
2017-12-30T14:53:00,68,51,30.09,10,0.00
2017-12-30T15:53:00,67,51,30.10,11,0.00
2017-12-30T16:00:00,67,51,30.07,11,NA
2017-12-30T16:51:00,64,50,30.10,10,NA
2017-12-30T16:53:00,63,50,30.10,10,0.00
2017-12-30T17:51:00,61,48,30.11,10,NA
2017-12-30T17:53:00,60,48,30.11,9,0.00
2017-12-30T18:53:00,58,49,30.12,6,0.00
2017-12-30T19:00:00,58,49,30.09,6,NA
2017-12-30T19:51:00,57,50,30.14,6,NA
2017-12-30T19:53:00,57,50,30.14,5,0.00
2017-12-30T20:53:00,58,50,30.15,6,0.00
2017-12-30T21:14:00,57,50,30.15,5,NA
2017-12-30T21:53:00,56,50,30.16,6,0.00
2017-12-30T22:00:00,56,50,30.13,6,NA
2017-12-30T22:53:00,54,49,30.16,3,0.00
2017-12-30T23:53:00,53,49,30.15,7,0.00
2017-12-31T00:53:00,53,49,30.15,0,0.00
2017-12-31T01:00:00,53,49,30.12,0,NA
2017-12-31T01:53:00,53,49,30.15,0,0.00
2017-12-31T02:53:00,53,49,30.14,0,0.00
2017-12-31T03:53:00,50,46,30.14,0,0.00
2017-12-31T04:00:00,50,46,30.11,0,NA
2017-12-31T04:53:00,51,47,30.15,3,0.00
2017-12-31T05:53:00,53,47,30.17,0,0.00
2017-12-31T06:53:00,54,47,30.18,5,0.00
2017-12-31T07:00:00,54,47,30.15,5,NA
2017-12-31T07:53:00,54,47,30.20,0,0.00
2017-12-31T08:53:00,58,48,30.21,0,0.00
2017-12-31T09:53:00,62,49,30.22,3,0.00
2017-12-31T10:00:00,62,49,30.19,3,NA
2017-12-31T10:53:00,65,50,30.21,0,0.00
2017-12-31T11:53:00,67,49,30.18,3,0.00
2017-12-31T12:53:00,67,51,30.16,7,0.00
2017-12-31T13:00:00,67,51,30.13,7,NA
2017-12-31T13:53:00,66,50,30.12,6,0.00
2017-12-31T14:53:00,71,51,30.09,6,0.00
2017-12-31T15:53:00,71,51,30.09,3,0.00
2017-12-31T16:00:00,71,51,30.06,3,NA
2017-12-31T16:53:00,68,53,30.09,5,0.00
2017-12-31T17:53:00,66,54,30.09,0,0.00
2017-12-31T18:53:00,66,54,30.12,0,0.00
2017-12-31T19:00:00,66,54,30.09,0,NA
2017-12-31T19:53:00,65,56,30.12,5,0.00
2017-12-31T20:53:00,65,56,30.12,3,0.00
2017-12-31T21:53:00,64,57,30.13,5,0.00
2017-12-31T22:00:00,64,57,30.10,5,NA
2017-12-31T22:53:00,64,57,30.12,5,0.00
2017-12-31T23:53:00,65,58,30.11,0,0.00
