DATE,HourlyDryBulbTemperature,HourlyDewPointTemperature,HourlyStationPressure,HourlyWindSpeed,HourlyPrecipitation
2019-01-01T00:53:00,71,65,30.14,0,0.00
2019-01-01T01:00:00,71,65,30.11,0,NA
2019-01-01T01:53:00,70,65,30.14,3,0.00
2019-01-01T02:53:00,69,65,30.13,0,0.00
2019-01-01T03:53:00,68,65,30.13,0,0.00
2019-01-01T04:00:00,68,65,30.10,0,NA
2019-01-01T04:53:00,65,63,30.13,0,0.00
2019-01-01T05:53:00,67,64,30.14,0,0.00
2019-01-01T06:53:00,67,64,30.15,3,0.00
2019-01-01T07:00:00,67,64,30.12,3,NA
2019-01-01T07:53:00,67,65,30.16,5,0.00
2019-01-01T08:53:00,71,67,30.19,3,0.00
2019-01-01T09:53:00,74,68,30.20,7,0.00
2019-01-01T10:00:00,74,68,30.17,7,NA
2019-01-01T10:53:00,78,68,30.19,7,0.00
2019-01-01T11:53:00,76,69,30.17,7,0.00
2019-01-01T12:53:00,79,69,30.14,7,0.00
2019-01-01T13:00:00,79,69,30.11,7,NA
2019-01-01T13:53:00,79,68,30.12,8,0.00
2019-01-01T14:53:00,79,66,30.12,6,0.00
2019-01-01T15:53:00,80,64,30.12,5,0.00
2019-01-01T16:00:00,80,64,30.09,5,NA
2019-01-01T16:53:00,78,65,30.14,7,0.00
2019-01-01T17:53:00,74,67,30.15,5,0.00
2019-01-01T18:53:00,73,66,30.17,3,0.00
2019-01-01T19:00:00,73,66,30.14,3,NA
2019-01-01T19:53:00,72,67,30.18,6,0.00
2019-01-01T20:53:00,72,67,30.17,6,0.00
2019-01-01T21:53:00,71,67,30.17,0,0.00
2019-01-01T22:00:00,71,67,30.14,0,NA
2019-01-01T22:53:00,71,66,30.16,0,0.00
2019-01-01T23:53:00,70,66,30.16,0,0.00
2019-01-02T00:53:00,69,66,30.15,5,0.00
2019-01-02T01:00:00,69,66,30.12,5,NA
2019-01-02T01:53:00,68,65,30.16,3,0.00
2019-01-02T02:53:00,69,65,30.15,5,0.00
2019-01-02T03:53:00,69,64,30.14,0,0.00
2019-01-02T04:00:00,69,64,30.11,0,NA
2019-01-02T04:53:00,68,64,30.13,3,0.00
2019-01-02T05:53:00,68,64,30.15,0,0.00
2019-01-02T06:53:00,69,64,30.17,3,0.00
2019-01-02T07:00:00,69,64,30.14,3,NA
2019-01-02T07:53:00,69,65,30.19,3,0.00
2019-01-02T08:53:00,70,66,30.20,0,0.00
2019-01-02T09:53:00,74,67,30.21,6,0.00
2019-01-02T10:00:00,74,67,30.18,6,NA
2019-01-02T10:53:00,78,66,30.19,8,0.00
2019-01-02T11:53:00,78,68,30.17,9,0.00
2019-01-02T12:53:00,79,66,30.13,9,0.00
2019-01-02T13:00:00,79,66,30.10,9,NA
2019-01-02T13:53:00,79,65,30.11,3,0.00
2019-01-02T14:53:00,81,64,30.09,0,0.00
2019-01-02T15:53:00,82,60,30.09,7,0.00
2019-01-02T16:00:00,82,60,30.06,7,NA
2019-01-02T16:53:00,81,59,30.08,5,0.00
2019-01-02T17:53:00,79,60,30.08,3,0.00
2019-01-02T18:53:00,78,60,30.10,0,0.00
2019-01-02T19:00:00,78,60,30.07,0,NA
2019-01-02T19:53:00,76,60,30.09,0,0.00
2019-01-02T20:53:00,75,60,30.09,0,0.00
2019-01-02T21:53:00,72,64,30.10,0,0.00
2019-01-02T22:00:00,72,64,30.07,0,NA
2019-01-02T22:53:00,72,62,30.08,0,0.00
2019-01-02T23:53:00,71,63,30.05,6,0.00
2019-01-03T00:53:00,70,63,30.06,3,0.00
2019-01-03T01:00:00,70,63,30.03,3,NA
2019-01-03T01:53:00,70,63,30.05,7,0.00
2019-01-03T02:53:00,70,64,30.04,6,0.00
2019-01-03T03:53:00,70,64,30.06,5,0.00
2019-01-03T04:00:00,70,64,30.03,5,NA
2019-01-03T04:53:00,70,65,30.04,3,0.00
2019-01-03T05:53:00,70,66,30.05,7,0.00
2019-01-03T06:53:00,70,67,30.05,6,0.00
2019-01-03T07:00:00,70,67,30.02,6,NA
2019-01-03T07:53:00,70,67,30.08,0,0.00
2019-01-03T07:56:00,70,68,30.08,0,NA
2019-01-03T08:23:00,71,69,30.10,3,NA
2019-01-03T08:53:00,72,69,30.12,5,0.00
2019-01-03T09:38:00,73,69,30.13,7,NA
2019-01-03T09:53:00,75,70,30.12,8,0.00
2019-01-03T10:00:00,75,70,30.09,8,NA
2019-01-03T10:36:00,76,70,30.10,6,T
2019-01-03T10:44:00,76,70,30.10,5,T
2019-01-03T10:53:00,77,70,30.09,7,T
2019-01-03T11:53:00,78,71,30.07,9,0.00
2019-01-03T12:53:00,78,70,30.04,10,0.00
2019-01-03T13:00:00,78,70,30.01,10,NA
2019-01-03T13:53:00,78,70,30.02,9,0.00
2019-01-03T14:53:00,78,70,30.01,10,0.00
2019-01-03T15:53:00,77,70,30.02,6,0.00
2019-01-03T16:00:00,77,70,29.99,6,NA
2019-01-03T16:53:00,76,70,30.02,7,0.00
2019-01-03T17:53:00,73,69,30.02,5,0.00
2019-01-03T18:53:00,73,69,30.02,3,T
2019-01-03T19:00:00,73,69,29.99,3,NA
2019-01-03T19:53:00,72,69,30.03,3,0.00
2019-01-03T20:51:00,72,70,30.03,0,NA
2019-01-03T20:53:00,72,70,30.03,0,0.00
2019-01-03T21:53:00,72,70,30.03,0,0.00
2019-01-03T22:00:00,72,70,30.00,0,NA
2019-01-03T22:20:00,71,69,30.03,3,NA
2019-01-03T22:51:00,72,70,30.01,3,NA
2019-01-03T22:53:00,71,70,30.01,3,0.00
2019-01-03T23:46:00,72,70,30.01,7,NA
2019-01-03T23:53:00,72,70,30.01,7,0.00
2019-01-04T00:51:00,72,70,29.99,5,NA
2019-01-04T00:53:00,71,70,29.99,6,0.00
2019-01-04T01:00:00,71,70,29.96,6,NA
2019-01-04T01:30:00,71,69,29.99,5,NA
2019-01-04T01:53:00,71,69,30.00,5,0.00
2019-01-04T02:05:00,70,69,30.00,8,NA
2019-01-04T02:14:00,70,69,30.00,7,NA
2019-01-04T02:53:00,70,69,29.99,7,0.00
2019-01-04T03:53:00,70,69,29.98,7,0.00
2019-01-04T04:00:00,70,69,29.95,7,NA
2019-01-04T04:53:00,70,69,29.97,6,0.00
2019-01-04T05:53:00,71,70,29.96,7,0.00
2019-01-04T06:00:00,71,70,29.96,7,NA
2019-01-04T06:34:00,71,69,29.96,6,NA
2019-01-04T06:51:00,72,70,29.96,6,NA
2019-01-04T06:53:00,71,69,29.96,5,0.00
2019-01-04T07:00:00,71,69,29.93,5,NA
2019-01-04T07:00:00,71,69,29.96,6,NA
2019-01-04T07:47:00,72,70,29.96,9,NA
2019-01-04T07:53:00,71,69,29.96,7,0.00
2019-01-04T08:44:00,72,70,29.97,7,NA
2019-01-04T08:53:00,72,70,29.98,10,0.00
2019-01-04T09:19:00,72,69,29.99,11,NA
2019-01-04T09:53:00,74,68,29.99,15,0.00
2019-01-04T10:00:00,74,68,29.96,15,NA
2019-01-04T10:53:00,74,69,29.99,13,0.00
2019-01-04T11:02:00,76,70,29.99,14,NA
2019-01-04T11:53:00,77,70,29.96,16,0.00
2019-01-04T12:53:00,77,71,29.93,16,0.00
2019-01-04T13:00:00,77,71,29.90,16,NA
2019-01-04T13:53:00,76,70,29.92,20,0.00
2019-01-04T14:53:00,76,70,29.91,21,0.00
2019-01-04T15:41:00,71,66,29.94,18,NA
2019-01-04T15:49:00,70,66,29.94,14,0.05
2019-01-04T15:53:00,69,66,29.94,13,0.21s
2019-01-04T15:57:00,69,67,29.94,10,0.09
2019-01-04T16:00:00,69,66,29.91,13,NA
2019-01-04T16:24:00,68,67,29.95,10,0.42
2019-01-04T16:44:00,68,66,29.94,8,0.55
2019-01-04T16:48:00,66,66,29.94,7,0.57
2019-01-04T16:53:00,67,66,29.94,8,0.48
2019-01-04T17:53:00,65,62,29.95,7,0.11
2019-01-04T18:09:00,65,61,29.96,8,0.01
2019-01-04T18:30:00,64,61,29.96,3,0.02
2019-01-04T18:53:00,64,61,29.97,5,0.04
2019-01-04T19:00:00,64,61,29.94,5,NA
2019-01-04T19:11:00,64,61,29.95,0,NA
2019-01-04T19:53:00,65,59,29.98,8,0.00
2019-01-04T20:53:00,65,59,29.97,8,0.00
2019-01-04T21:53:00,65,59,29.98,8,0.00
2019-01-04T22:00:00,65,59,29.95,8,NA
2019-01-04T22:53:00,66,59,29.97,10,0.00
2019-01-04T23:53:00,67,56,29.97,10,0.00
2019-01-05T00:53:00,67,55,29.97,15,0.00
2019-01-05T01:00:00,67,55,29.94,15,NA
2019-01-05T01:53:00,66,53,29.97,16,0.00
2019-01-05T02:53:00,66,54,29.97,13,0.00
2019-01-05T03:53:00,66,55,29.97,14,0.00
2019-01-05T04:00:00,66,55,29.94,14,NA
2019-01-05T04:53:00,66,57,29.97,14,0.00
2019-01-05T05:53:00,67,58,29.96,13,0.00
2019-01-05T06:53:00,68,59,29.98,11,0.00
2019-01-05T07:00:00,68,59,29.95,11,NA
2019-01-05T07:53:00,66,58,30.01,11,0.00
2019-01-05T08:53:00,67,56,30.04,13,0.00
2019-01-05T09:53:00,65,55,30.07,17,0.00
2019-01-05T10:00:00,65,55,30.04,17,NA
2019-01-05T10:53:00,66,54,30.09,15,0.00
2019-01-05T11:53:00,67,53,30.07,14,0.00
2019-01-05T12:53:00,66,52,30.05,15,0.00
2019-01-05T13:00:00,66,52,30.02,15,NA
2019-01-05T13:53:00,66,52,30.04,15,0.00
2019-01-05T14:42:00,65,52,30.04,15,NA
2019-01-05T14:53:00,63,52,30.05,11,0.00
2019-01-05T15:53:00,63,51,30.05,11,0.00
2019-01-05T16:00:00,63,51,30.02,11,NA
2019-01-05T16:53:00,60,51,30.07,15,0.00
2019-01-05T17:53:00,59,50,30.09,10,0.00
2019-01-05T18:53:00,58,50,30.10,10,0.00
2019-01-05T19:00:00,58,50,30.07,10,NA
2019-01-05T19:53:00,57,50,30.12,7,0.00
2019-01-05T20:27:00,56,50,30.12,8,NA
2019-01-05T20:53:00,55,50,30.12,5,0.00
2019-01-05T21:53:00,55,50,30.13,5,0.00
2019-01-05T22:00:00,55,50,30.10,5,NA
2019-01-05T22:53:00,54,50,30.12,5,0.00
2019-01-05T23:53:00,54,51,30.12,3,0.00
2019-01-06T00:53:00,54,51,30.12,6,0.00
2019-01-06T01:00:00,54,51,30.09,6,NA
2019-01-06T01:53:00,54,50,30.13,5,0.00
2019-01-06T02:53:00,53,49,30.13,0,0.00
2019-01-06T03:53:00,52,49,30.14,0,0.00
2019-01-06T04:00:00,52,49,30.11,0,NA
2019-01-06T04:53:00,52,47,30.15,7,0.00
2019-01-06T05:53:00,52,45,30.16,6,0.00
2019-01-06T06:53:00,53,44,30.16,5,0.00
2019-01-06T07:00:00,53,44,30.13,5,NA
2019-01-06T07:53:00,54,44,30.17,0,0.00
2019-01-06T08:53:00,58,44,30.19,6,0.00
2019-01-06T09:53:00,62,42,30.20,5,0.00
2019-01-06T10:00:00,62,42,30.17,5,NA
2019-01-06T10:53:00,66,41,30.20,5,0.00
2019-01-06T11:53:00,68,40,30.18,7,0.00
2019-01-06T12:53:00,70,41,30.16,6,0.00
2019-01-06T13:00:00,70,41,30.13,6,NA
2019-01-06T13:53:00,71,41,30.13,5,0.00
2019-01-06T14:53:00,72,40,30.11,5,0.00
2019-01-06T15:53:00,72,43,30.12,7,0.00
2019-01-06T16:00:00,72,43,30.09,7,NA
2019-01-06T16:53:00,71,41,30.14,5,0.00
2019-01-06T17:53:00,64,43,30.15,7,0.00
2019-01-06T18:53:00,61,44,30.16,3,0.00
2019-01-06T19:00:00,61,44,30.13,3,NA
2019-01-06T19:53:00,60,46,30.18,7,0.00
2019-01-06T20:53:00,58,46,30.19,5,0.00
2019-01-06T21:53:00,57,47,30.20,7,0.00
2019-01-06T22:00:00,57,47,30.17,7,NA
2019-01-06T22:53:00,56,48,30.20,5,0.00
2019-01-06T23:53:00,56,48,30.19,5,0.00
2019-01-07T00:53:00,55,48,30.19,5,0.00
2019-01-07T01:00:00,55,48,30.16,5,NA
2019-01-07T01:53:00,55,48,30.18,5,0.00
2019-01-07T02:53:00,55,50,30.18,6,0.00
2019-01-07T03:53:00,55,50,30.18,3,0.00
2019-01-07T04:00:00,55,50,30.15,3,NA
2019-01-07T04:53:00,55,51,30.19,5,0.00
2019-01-07T05:53:00,55,51,30.20,5,0.00
2019-01-07T06:53:00,56,52,30.20,6,0.00
2019-01-07T07:00:00,56,52,30.17,6,NA
2019-01-07T07:53:00,57,53,30.22,3,0.00
2019-01-07T08:53:00,61,55,30.24,3,0.00
2019-01-07T09:53:00,67,57,30.27,5,0.00
2019-01-07T10:00:00,67,57,30.24,5,NA
2019-01-07T10:53:00,72,59,30.26,6,0.00
2019-01-07T11:53:00,74,57,30.22,6,0.00
2019-01-07T12:53:00,76,56,30.19,7,0.00
2019-01-07T13:00:00,76,56,30.16,7,NA
2019-01-07T13:53:00,77,56,30.17,5,0.00
2019-01-07T14:53:00,77,56,30.16,8,0.00
2019-01-07T15:53:00,78,56,30.16,5,0.00
2019-01-07T16:00:00,78,56,30.13,5,NA
2019-01-07T16:53:00,75,58,30.16,6,0.00
2019-01-07T17:53:00,71,59,30.16,0,0.00
2019-01-07T18:53:00,70,58,30.17,5,0.00
2019-01-07T19:00:00,70,58,30.14,5,NA
2019-01-07T19:53:00,67,58,30.19,9,0.00
2019-01-07T20:53:00,67,57,30.19,6,0.00
2019-01-07T21:53:00,66,56,30.20,6,0.00
2019-01-07T22:00:00,66,56,30.17,6,NA
2019-01-07T22:53:00,64,56,30.20,3,0.00
2019-01-07T23:53:00,63,56,30.20,7,0.00
2019-01-08T00:53:00,63,56,30.18,0,0.00
2019-01-08T01:00:00,63,56,30.15,0,NA
2019-01-08T01:53:00,60,56,30.19,0,0.00
2019-01-08T02:53:00,59,56,30.17,0,0.00
2019-01-08T03:53:00,57,55,30.17,0,0.00
2019-01-08T04:00:00,57,55,30.14,0,NA
2019-01-08T04:53:00,61,57,30.16,0,0.00
2019-01-08T05:53:00,59,56,30.18,0,0.00
2019-01-08T06:53:00,59,56,30.20,0,0.00
2019-01-08T07:00:00,59,56,30.17,0,NA
2019-01-08T07:53:00,61,57,30.21,0,0.00
2019-01-08T08:53:00,65,59,30.23,0,0.00
2019-01-08T09:53:00,70,60,30.24,0,0.00
2019-01-08T10:00:00,70,60,30.21,0,NA
2019-01-08T10:53:00,73,60,30.23,3,0.00
2019-01-08T11:53:00,72,59,30.21,3,0.00
2019-01-08T12:53:00,74,59,30.18,6,0.00
2019-01-08T13:00:00,74,59,30.15,6,NA
2019-01-08T13:53:00,75,61,30.16,3,0.00
2019-01-08T14:53:00,76,61,30.14,9,0.00
2019-01-08T15:53:00,74,59,30.15,7,0.00
2019-01-08T16:00:00,74,59,30.12,7,NA
2019-01-08T16:53:00,73,59,30.14,7,0.00
2019-01-08T17:53:00,70,58,30.14,6,0.00
2019-01-08T18:53:00,68,58,30.15,6,0.00
2019-01-08T19:00:00,68,58,30.12,6,NA
2019-01-08T19:53:00,66,58,30.16,7,0.00
2019-01-08T20:53:00,64,58,30.16,6,0.00
2019-01-08T21:53:00,64,58,30.17,6,0.00
2019-01-08T22:00:00,64,58,30.14,6,NA
2019-01-08T22:53:00,63,59,30.16,5,0.00
2019-01-08T23:53:00,63,59,30.16,5,0.00
2019-01-09T00:53:00,62,59,30.15,6,0.00
2019-01-09T01:00:00,62,59,30.12,6,NA
2019-01-09T01:53:00,62,58,30.15,3,0.00
2019-01-09T02:53:00,61,58,30.14,3,0.00
2019-01-09T03:53:00,61,59,30.13,7,0.00
2019-01-09T04:00:00,61,59,30.10,7,NA
2019-01-09T04:53:00,60,59,30.13,5,0.00
2019-01-09T05:53:00,61,59,30.13,5,0.00
2019-01-09T06:53:00,62,59,30.13,5,0.00
2019-01-09T07:00:00,62,59,30.10,5,NA
2019-01-09T07:53:00,63,59,30.14,5,0.00
2019-01-09T08:53:00,65,61,30.16,6,0.00
2019-01-09T09:53:00,67,62,30.17,9,0.00
2019-01-09T10:00:00,67,62,30.14,9,NA
2019-01-09T10:51:00,70,61,30.16,13,NA
2019-01-09T10:53:00,70,60,30.16,14,0.00
2019-01-09T11:06:00,70,59,30.16,9,NA
2019-01-09T11:53:00,72,55,30.13,11,0.00
2019-01-09T12:53:00,72,52,30.09,9,0.00
2019-01-09T13:00:00,72,52,30.06,9,NA
2019-01-09T13:53:00,71,50,30.08,13,0.00
2019-01-09T14:53:00,70,46,30.07,15,0.00
2019-01-09T15:53:00,69,37,30.07,10,0.00
2019-01-09T16:00:00,69,37,30.04,10,NA
2019-01-09T16:53:00,65,42,30.07,10,0.00
2019-01-09T17:53:00,61,46,30.08,7,0.00
2019-01-09T18:53:00,58,45,30.09,8,0.00
2019-01-09T19:00:00,58,45,30.06,8,NA
2019-01-09T19:53:00,59,46,30.09,9,0.00
2019-01-09T20:53:00,58,45,30.09,6,0.00
2019-01-09T21:53:00,55,43,30.10,8,0.00
2019-01-09T22:00:00,55,43,30.07,8,NA
2019-01-09T22:53:00,54,43,30.10,5,0.00
2019-01-09T23:53:00,53,41,30.10,6,0.00
2019-01-10T00:53:00,52,39,30.10,3,0.00
2019-01-10T01:00:00,52,39,30.07,3,NA
2019-01-10T01:53:00,51,39,30.11,3,0.00
2019-01-10T02:53:00,51,37,30.11,7,0.00
2019-01-10T03:53:00,49,34,30.10,8,0.00
2019-01-10T04:00:00,49,34,30.07,8,NA
2019-01-10T04:53:00,49,31,30.10,8,0.00
2019-01-10T05:53:00,48,30,30.11,7,0.00
2019-01-10T06:53:00,47,26,30.13,9,0.00
2019-01-10T07:00:00,47,26,30.10,9,NA
2019-01-10T07:53:00,48,23,30.14,9,0.00
2019-01-10T08:53:00,49,24,30.17,11,0.00
2019-01-10T09:53:00,51,26,30.17,10,0.00
2019-01-10T10:00:00,51,26,30.14,10,NA
2019-01-10T10:53:00,53,25,30.16,13,0.00
2019-01-10T11:53:00,56,26,30.13,8,0.00
2019-01-10T12:53:00,58,25,30.09,5,0.00
2019-01-10T13:00:00,58,25,30.06,5,NA
2019-01-10T13:53:00,58,33,30.06,9,0.00
2019-01-10T14:53:00,61,25,30.07,11,0.00
2019-01-10T15:53:00,61,29,30.07,8,0.00
2019-01-10T16:00:00,61,29,30.04,8,NA
2019-01-10T16:53:00,58,31,30.08,7,0.00
2019-01-10T17:53:00,56,34,30.10,7,0.00
2019-01-10T18:53:00,52,36,30.12,7,0.00
2019-01-10T19:00:00,52,36,30.09,7,NA
2019-01-10T19:53:00,51,38,30.13,7,0.00
2019-01-10T20:53:00,50,39,30.14,6,0.00
2019-01-10T21:53:00,51,37,30.15,3,0.00
2019-01-10T22:00:00,51,37,30.12,3,NA
2019-01-10T22:53:00,50,37,30.15,6,0.00
2019-01-10T23:53:00,49,38,30.15,7,0.00
2019-01-11T00:53:00,48,39,30.14,6,0.00
2019-01-11T01:00:00,48,39,30.11,6,NA
2019-01-11T01:53:00,47,38,30.15,6,0.00
2019-01-11T02:53:00,47,39,30.14,7,0.00
2019-01-11T03:53:00,46,40,30.14,6,0.00
2019-01-11T04:00:00,46,40,30.11,6,NA
2019-01-11T04:53:00,46,39,30.15,6,0.00
2019-01-11T05:53:00,46,38,30.16,6,0.00
2019-01-11T06:53:00,48,36,30.18,7,0.00
2019-01-11T07:00:00,48,36,30.15,7,NA
2019-01-11T07:53:00,49,37,30.19,9,0.00
2019-01-11T08:53:00,53,40,30.20,8,0.00
2019-01-11T09:53:00,56,42,30.21,8,0.00
2019-01-11T10:00:00,56,42,30.18,8,NA
2019-01-11T10:53:00,62,45,30.21,8,0.00
2019-01-11T11:53:00,65,48,30.17,5,0.00
2019-01-11T12:53:00,68,50,30.14,9,0.00
2019-01-11T13:00:00,68,50,30.11,9,NA
2019-01-11T13:53:00,70,51,30.13,6,0.00
2019-01-11T14:53:00,73,51,30.13,9,0.00
2019-01-11T15:53:00,73,51,30.12,7,0.00
2019-01-11T16:00:00,73,51,30.09,7,NA
2019-01-11T16:53:00,73,50,30.13,6,0.00
2019-01-11T17:53:00,71,51,30.14,5,0.00
2019-01-11T18:53:00,69,51,30.16,7,0.00
2019-01-11T19:00:00,69,51,30.13,7,NA
2019-01-11T19:53:00,67,51,30.17,6,0.00
2019-01-11T20:53:00,66,51,30.18,6,0.00
2019-01-11T21:53:00,64,51,30.19,6,0.00
2019-01-11T22:00:00,64,51,30.16,6,NA
2019-01-11T22:53:00,63,51,30.18,7,0.00
2019-01-11T23:53:00,61,51,30.17,6,0.00
2019-01-12T00:53:00,60,51,30.17,5,0.00
2019-01-12T01:00:00,60,51,30.14,5,NA
2019-01-12T01:53:00,58,51,30.18,5,0.00
2019-01-12T02:53:00,57,51,30.18,6,0.00
2019-01-12T03:53:00,57,51,30.18,3,0.00
2019-01-12T04:00:00,57,51,30.15,3,NA
2019-01-12T04:53:00,56,50,30.17,5,0.00
2019-01-12T05:53:00,56,51,30.17,7,0.00
2019-01-12T06:53:00,56,51,30.19,5,0.00
2019-01-12T07:00:00,56,51,30.16,5,NA
2019-01-12T07:53:00,56,51,30.20,3,0.00
2019-01-12T08:53:00,61,53,30.21,5,0.00
2019-01-12T09:53:00,68,54,30.23,7,0.00
2019-01-12T10:00:00,68,54,30.20,7,NA
2019-01-12T10:53:00,71,55,30.23,9,0.00
2019-01-12T11:53:00,74,54,30.21,10,0.00
2019-01-12T12:53:00,75,55,30.18,7,0.00
2019-01-12T13:00:00,75,55,30.15,7,NA
2019-01-12T13:53:00,76,55,30.16,6,0.00
2019-01-12T14:53:00,77,55,30.14,7,0.00
2019-01-12T15:53:00,76,55,30.14,6,0.00
2019-01-12T16:00:00,76,55,30.11,6,NA
2019-01-12T16:53:00,73,58,30.15,5,0.00
2019-01-12T17:53:00,71,57,30.16,3,0.00
2019-01-12T18:53:00,69,58,30.17,0,T
2019-01-12T19:00:00,69,58,30.14,0,NA
2019-01-12T19:53:00,71,58,30.18,0,0.02
2019-01-12T20:53:00,69,58,30.18,0,0.00
2019-01-12T21:53:00,65,58,30.18,0,0.00
2019-01-12T22:00:00,65,58,30.15,0,NA
2019-01-12T22:53:00,67,58,30.18,0,0.00
2019-01-12T23:53:00,67,59,30.16,5,0.00
2019-01-13T00:53:00,67,59,30.13,7,0.00
2019-01-13T01:00:00,67,59,30.10,7,NA
2019-01-13T01:53:00,66,59,30.12,8,0.00
2019-01-13T02:53:00,65,60,30.13,0,0.00
2019-01-13T03:53:00,62,59,30.14,0,0.00
2019-01-13T04:00:00,62,59,30.11,0,NA
2019-01-13T04:53:00,63,59,30.12,3,0.00
2019-01-13T05:53:00,61,58,30.13,0,0.00
2019-01-13T06:53:00,63,59,30.14,0,0.00
2019-01-13T07:00:00,63,59,30.11,0,NA
2019-01-13T07:53:00,64,60,30.14,5,0.00
2019-01-13T08:53:00,67,61,30.16,7,0.00
2019-01-13T09:53:00,70,63,30.16,9,0.00
2019-01-13T10:00:00,70,63,30.13,9,NA
2019-01-13T10:53:00,71,63,30.17,10,0.00
2019-01-13T11:53:00,74,64,30.15,11,0.00
2019-01-13T12:53:00,73,64,30.12,10,0.00
2019-01-13T13:00:00,73,64,30.09,10,NA
2019-01-13T13:53:00,75,64,30.10,8,0.00
2019-01-13T14:53:00,73,64,30.10,7,0.00
2019-01-13T15:53:00,73,65,30.10,7,0.00
2019-01-13T16:00:00,73,65,30.07,7,NA
2019-01-13T16:53:00,71,66,30.10,7,0.00
2019-01-13T17:53:00,70,67,30.11,7,T
2019-01-13T18:09:00,70,67,30.11,6,0.02
2019-01-13T18:38:00,69,66,30.12,6,0.03
2019-01-13T18:53:00,69,66,30.13,5,0.03
2019-01-13T19:00:00,69,66,30.10,5,NA
2019-01-13T19:00:00,69,66,30.13,5,NA
2019-01-13T19:53:00,68,65,30.14,3,0.00
2019-01-13T20:49:00,64,63,30.15,3,NA
2019-01-13T20:53:00,65,64,30.15,3,0.00
2019-01-13T21:01:00,66,64,30.15,0,NA
2019-01-13T21:50:00,64,63,30.16,8,NA
2019-01-13T21:53:00,65,63,30.16,8,0.00
2019-01-13T22:00:00,65,63,30.13,8,NA
2019-01-13T22:04:00,64,62,30.17,8,NA
2019-01-13T22:42:00,63,61,30.17,7,NA
2019-01-13T22:53:00,63,61,30.17,7,0.00
2019-01-13T23:53:00,62,60,30.16,5,0.00
2019-01-14T00:53:00,61,59,30.15,6,0.00
2019-01-14T01:00:00,61,59,30.12,6,NA
2019-01-14T01:53:00,60,57,30.15,3,0.00
2019-01-14T02:53:00,59,56,30.15,3,0.00
2019-01-14T03:53:00,58,55,30.15,3,0.00
2019-01-14T04:00:00,58,55,30.12,3,NA
2019-01-14T04:53:00,57,54,30.15,3,0.00
2019-01-14T05:51:00,55,54,30.15,5,NA
2019-01-14T05:53:00,56,54,30.15,6,0.00
2019-01-14T06:36:00,57,54,30.17,7,NA
2019-01-14T06:53:00,57,54,30.17,6,0.00
2019-01-14T07:00:00,57,54,30.14,6,NA
2019-01-14T07:53:00,58,53,30.18,5,0.00
2019-01-14T08:32:00,59,54,30.20,5,NA
2019-01-14T08:41:00,60,54,30.20,7,NA
2019-01-14T08:53:00,62,55,30.20,6,0.00
2019-01-14T09:04:00,61,56,30.20,8,NA
2019-01-14T09:53:00,61,56,30.23,9,0.00
2019-01-14T10:00:00,61,56,30.20,9,NA
2019-01-14T10:44:00,63,55,30.22,6,NA
2019-01-14T10:51:00,64,54,30.22,5,NA
2019-01-14T10:53:00,65,53,30.22,6,0.00
2019-01-14T11:53:00,64,53,30.21,10,0.00
2019-01-14T12:53:00,64,51,30.19,8,0.00
2019-01-14T13:00:00,64,51,30.16,8,NA
2019-01-14T13:51:00,66,52,30.16,9,NA
2019-01-14T13:53:00,66,52,30.16,10,0.00
2019-01-14T14:53:00,65,50,30.15,10,0.00
2019-01-14T15:53:00,65,50,30.15,10,0.00
2019-01-14T16:00:00,65,50,30.12,10,NA
2019-01-14T16:53:00,62,49,30.14,9,0.00
2019-01-14T17:53:00,58,48,30.16,11,0.00
2019-01-14T18:53:00,57,47,30.18,7,0.00
2019-01-14T19:00:00,57,47,30.15,7,NA
2019-01-14T19:53:00,54,46,30.18,6,0.00
2019-01-14T20:53:00,53,47,30.18,6,0.00
2019-01-14T21:53:00,53,47,30.19,5,0.00
2019-01-14T22:00:00,53,47,30.16,5,NA
2019-01-14T22:53:00,51,47,30.19,3,0.00
2019-01-14T23:53:00,53,46,30.19,8,0.00
2019-01-15T00:53:00,52,44,30.18,7,0.00
2019-01-15T01:00:00,52,44,30.15,7,NA
2019-01-15T01:53:00,52,43,30.19,9,0.00
2019-01-15T02:53:00,52,43,30.18,7,0.00
2019-01-15T03:53:00,51,43,30.19,9,0.00
2019-01-15T04:00:00,51,43,30.16,9,NA
2019-01-15T04:35:00,51,43,30.19,7,NA
2019-01-15T04:53:00,52,43,30.19,7,0.00
2019-01-15T05:53:00,52,43,30.19,5,0.00
2019-01-15T06:53:00,52,43,30.20,6,0.00
2019-01-15T07:00:00,52,43,30.17,6,NA
2019-01-15T07:53:00,52,43,30.22,7,0.00
2019-01-15T08:53:00,52,42,30.22,8,0.00
2019-01-15T09:53:00,53,42,30.25,6,0.00
2019-01-15T10:00:00,53,42,30.22,6,NA
2019-01-15T10:53:00,54,41,30.26,5,0.00
2019-01-15T11:53:00,55,42,30.24,8,0.00
2019-01-15T12:48:00,57,43,30.21,9,NA
2019-01-15T12:53:00,56,41,30.21,9,0.00
2019-01-15T13:00:00,56,41,30.18,9,NA
2019-01-15T13:53:00,59,41,30.18,9,0.00
2019-01-15T14:53:00,60,41,30.17,7,0.00
2019-01-15T15:53:00,59,42,30.17,11,0.00
2019-01-15T16:00:00,59,42,30.14,11,NA
2019-01-15T16:53:00,56,42,30.18,14,0.00
2019-01-15T17:53:00,52,42,30.19,10,0.00
2019-01-15T18:53:00,51,42,30.20,8,0.00
2019-01-15T19:00:00,51,42,30.17,8,NA
2019-01-15T19:53:00,50,42,30.22,7,0.00
2019-01-15T20:53:00,49,43,30.22,6,0.00
2019-01-15T21:53:00,48,42,30.24,8,0.00
2019-01-15T22:00:00,48,42,30.21,8,NA
2019-01-15T22:53:00,49,42,30.24,8,0.00
2019-01-15T23:53:00,48,41,30.24,5,0.00
2019-01-16T00:53:00,47,41,30.22,5,0.00
2019-01-16T01:00:00,47,41,30.19,5,NA
2019-01-16T01:53:00,45,41,30.23,3,0.00
2019-01-16T02:53:00,46,41,30.22,3,0.00
2019-01-16T03:53:00,46,41,30.22,3,0.00
2019-01-16T04:00:00,46,41,30.19,3,NA
2019-01-16T04:53:00,46,41,30.22,3,0.00
2019-01-16T05:53:00,45,40,30.22,5,0.00
2019-01-16T06:53:00,45,40,30.24,5,0.00
2019-01-16T07:00:00,45,40,30.21,5,NA
2019-01-16T07:53:00,46,40,30.25,6,0.00
2019-01-16T08:53:00,50,41,30.26,5,0.00
2019-01-16T09:53:00,53,41,30.29,6,0.00
2019-01-16T10:00:00,53,41,30.26,6,NA
2019-01-16T10:53:00,56,41,30.30,8,0.00
2019-01-16T11:53:00,55,40,30.27,10,0.00
2019-01-16T12:53:00,55,40,30.25,6,0.00
2019-01-16T13:00:00,55,40,30.22,6,NA
2019-01-16T13:53:00,55,40,30.24,8,0.00
2019-01-16T14:53:00,57,41,30.23,10,0.00
2019-01-16T15:53:00,60,39,30.22,6,0.00
2019-01-16T16:00:00,60,39,30.19,6,NA
2019-01-16T16:53:00,59,38,30.21,6,0.00
2019-01-16T17:53:00,56,39,30.22,5,0.00
2019-01-16T18:53:00,54,41,30.23,6,0.00
2019-01-16T19:00:00,54,41,30.20,6,NA
2019-01-16T19:53:00,51,43,30.24,6,0.00
2019-01-16T20:53:00,49,43,30.25,5,0.00
2019-01-16T21:53:00,49,43,30.26,3,0.00
2019-01-16T22:00:00,49,43,30.23,3,NA
2019-01-16T22:53:00,49,43,30.27,3,0.00
2019-01-16T23:53:00,47,43,30.27,3,0.00
2019-01-17T00:53:00,46,43,30.26,3,0.00
2019-01-17T01:00:00,46,43,30.23,3,NA
2019-01-17T01:53:00,46,43,30.24,5,0.00
2019-01-17T02:53:00,44,41,30.24,0,0.00
2019-01-17T03:53:00,44,42,30.23,0,0.00
2019-01-17T04:00:00,44,42,30.20,0,NA
2019-01-17T04:53:00,43,41,30.22,5,0.00
2019-01-17T05:53:00,43,40,30.24,5,0.00
2019-01-17T06:53:00,43,39,30.25,3,0.00
2019-01-17T07:00:00,43,39,30.22,3,NA
2019-01-17T07:53:00,46,40,30.25,5,0.00
2019-01-17T08:53:00,50,42,30.26,6,0.00
2019-01-17T09:53:00,57,40,30.28,6,0.00
2019-01-17T10:00:00,57,40,30.25,6,NA
2019-01-17T10:53:00,61,44,30.27,5,0.00
2019-01-17T11:53:00,66,44,30.26,3,0.00
2019-01-17T12:53:00,69,47,30.22,6,0.00
2019-01-17T13:00:00,69,47,30.19,6,NA
2019-01-17T13:53:00,67,47,30.19,8,0.00
2019-01-17T14:53:00,68,48,30.17,8,0.00
2019-01-17T15:53:00,68,50,30.17,8,0.00
2019-01-17T16:00:00,68,50,30.14,8,NA
2019-01-17T16:53:00,67,53,30.17,6,0.00
2019-01-17T17:53:00,64,45,30.18,7,0.00
2019-01-17T18:53:00,62,42,30.18,7,0.00
2019-01-17T19:00:00,62,42,30.15,7,NA
2019-01-17T19:53:00,59,43,30.20,8,0.00
2019-01-17T20:53:00,56,44,30.21,3,0.00
2019-01-17T21:53:00,56,46,30.20,5,0.00
2019-01-17T22:00:00,56,46,30.17,5,NA
2019-01-17T22:53:00,56,47,30.21,3,0.00
2019-01-17T23:53:00,54,47,30.20,3,0.00
2019-01-18T00:53:00,54,47,30.19,0,0.00
2019-01-18T01:00:00,54,47,30.16,0,NA
2019-01-18T01:53:00,52,47,30.18,0,0.00
2019-01-18T02:53:00,51,47,30.18,5,0.00
2019-01-18T03:53:00,51,47,30.17,0,0.00
2019-01-18T04:00:00,51,47,30.14,0,NA
2019-01-18T04:53:00,52,46,30.16,3,0.00
2019-01-18T05:53:00,52,44,30.17,0,0.00
2019-01-18T06:53:00,50,44,30.18,0,0.00
2019-01-18T07:00:00,50,44,30.15,0,NA
2019-01-18T07:53:00,53,40,30.18,3,0.00
2019-01-18T08:53:00,58,42,30.19,5,0.00
2019-01-18T09:53:00,62,45,30.20,3,0.00
2019-01-18T10:00:00,62,45,30.17,3,NA
2019-01-18T10:53:00,67,35,30.19,3,0.00
2019-01-18T11:53:00,68,40,30.17,5,0.00
2019-01-18T12:53:00,69,41,30.14,8,0.00
2019-01-18T13:00:00,69,41,30.11,8,NA
2019-01-18T13:53:00,69,39,30.12,7,0.00
2019-01-18T14:53:00,70,35,30.09,6,0.00
2019-01-18T15:53:00,70,42,30.08,5,0.00
2019-01-18T16:00:00,70,42,30.05,5,NA
2019-01-18T16:53:00,68,52,30.09,7,0.00
2019-01-18T17:53:00,66,47,30.10,6,0.00
2019-01-18T18:53:00,63,46,30.10,5,0.00
2019-01-18T19:00:00,63,46,30.07,5,NA
2019-01-18T19:53:00,61,44,30.12,7,0.00
2019-01-18T20:53:00,59,44,30.12,3,0.00
2019-01-18T21:53:00,60,46,30.12,3,0.00
2019-01-18T22:00:00,60,46,30.09,3,NA
2019-01-18T22:53:00,59,47,30.12,3,0.00
2019-01-18T23:53:00,59,46,30.11,0,0.00
2019-01-19T00:53:00,59,44,30.10,3,0.00
2019-01-19T01:00:00,59,44,30.07,3,NA
2019-01-19T01:53:00,59,45,30.08,0,0.00
2019-01-19T02:53:00,59,47,30.06,3,0.00
2019-01-19T03:53:00,60,51,30.05,5,0.00
2019-01-19T04:00:00,60,51,30.02,5,NA
2019-01-19T04:53:00,60,53,30.05,6,0.00
2019-01-19T05:53:00,59,53,30.03,3,0.00
2019-01-19T06:53:00,59,54,30.03,5,0.00
2019-01-19T07:00:00,59,54,30.00,5,NA
2019-01-19T07:53:00,59,54,30.03,5,0.00
2019-01-19T08:53:00,61,54,30.04,6,0.00
2019-01-19T09:53:00,66,52,30.06,7,0.00
2019-01-19T10:00:00,66,52,30.03,7,NA
2019-01-19T10:53:00,72,54,30.05,8,0.00
2019-01-19T11:53:00,73,57,30.03,10,0.00
2019-01-19T12:53:00,75,58,29.98,13,0.00
2019-01-19T13:00:00,75,58,29.95,13,NA
2019-01-19T13:53:00,74,60,29.95,13,0.00
2019-01-19T14:53:00,74,61,29.94,17,0.00
2019-01-19T15:53:00,73,61,29.92,13,0.00
2019-01-19T16:00:00,73,61,29.89,13,NA
2019-01-19T16:53:00,71,61,29.91,9,0.00
2019-01-19T17:53:00,69,61,29.90,11,0.00
2019-01-19T18:53:00,71,60,29.89,13,0.00
2019-01-19T19:00:00,71,60,29.86,13,NA
2019-01-19T19:53:00,71,60,29.88,14,0.00
2019-01-19T20:53:00,71,60,29.86,16,0.00
2019-01-19T21:53:00,69,61,29.85,13,0.00
2019-01-19T22:00:00,69,61,29.82,13,NA
2019-01-19T22:46:00,69,62,29.85,10,T
2019-01-19T22:53:00,69,62,29.85,11,T
2019-01-19T23:53:00,67,64,29.83,13,0.09
2019-01-20T00:44:00,67,65,29.81,18,0.18
2019-01-20T00:53:00,67,65,29.81,17,0.21
2019-01-20T01:00:00,67,65,29.78,17,NA
2019-01-20T01:13:00,67,65,29.79,14,0.05
2019-01-20T01:40:00,67,64,29.78,11,0.09
2019-01-20T01:53:00,67,64,29.77,11,0.08
2019-01-20T02:35:00,68,65,29.76,28,T
2019-01-20T02:40:00,68,65,29.78,21,0.04
2019-01-20T02:47:00,66,64,29.79,18,0.25
2019-01-20T02:50:00,66,64,29.79,16,0.28
2019-01-20T02:53:00,66,64,29.79,14,0.31
2019-01-20T02:56:00,66,64,29.79,15,T
2019-01-20T03:01:00,66,64,29.79,15,T
2019-01-20T03:53:00,65,62,29.81,10,T
2019-01-20T04:00:00,65,62,29.78,10,NA
2019-01-20T04:26:00,65,61,29.80,14,NA
2019-01-20T04:53:00,65,59,29.80,10,0.00
2019-01-20T05:53:00,65,56,29.82,17,0.00
2019-01-20T06:35:00,63,53,29.84,14,NA
2019-01-20T06:53:00,63,53,29.86,18,0.00
2019-01-20T07:00:00,63,53,29.83,18,NA
2019-01-20T07:53:00,62,54,29.88,16,0.00
2019-01-20T08:53:00,63,51,29.90,18,T
2019-01-20T09:53:00,61,52,29.93,15,0.00
2019-01-20T10:00:00,61,52,29.90,15,NA
2019-01-20T10:53:00,61,49,29.96,22,0.00
2019-01-20T11:53:00,60,47,29.98,18,0.00
2019-01-20T12:53:00,58,48,29.99,22,T
2019-01-20T13:00:00,58,48,29.96,22,NA
2019-01-20T13:51:00,55,46,29.99,22,NA
2019-01-20T13:53:00,56,45,29.99,16,0.00
2019-01-20T14:53:00,55,43,30.00,18,0.00
2019-01-20T15:53:00,53,44,30.02,16,0.00
2019-01-20T16:00:00,53,44,29.99,16,NA
2019-01-20T16:53:00,52,43,30.03,13,0.00
2019-01-20T17:53:00,51,42,30.06,14,0.00
2019-01-20T18:53:00,51,42,30.08,9,0.00
2019-01-20T19:00:00,51,42,30.05,9,NA
2019-01-20T19:53:00,51,42,30.12,15,0.00
2019-01-20T20:53:00,51,41,30.14,14,0.00
2019-01-20T21:40:00,50,41,30.15,10,NA
2019-01-20T21:53:00,50,41,30.16,8,0.00
2019-01-20T22:00:00,50,41,30.13,8,NA
2019-01-20T22:53:00,49,41,30.19,6,0.00
2019-01-20T23:53:00,48,41,30.19,6,0.00
2019-01-21T00:53:00,47,40,30.21,9,0.00
2019-01-21T01:00:00,47,40,30.18,9,NA
2019-01-21T01:53:00,45,38,30.23,10,0.00
2019-01-21T02:53:00,44,36,30.21,6,0.00
2019-01-21T03:53:00,43,35,30.23,6,0.00
2019-01-21T04:00:00,43,35,30.20,6,NA
2019-01-21T04:53:00,43,34,30.23,7,0.00
2019-01-21T05:53:00,42,31,30.24,8,0.00
2019-01-21T06:53:00,41,31,30.26,10,0.00
2019-01-21T07:00:00,41,31,30.23,10,NA
2019-01-21T07:53:00,41,32,30.28,6,0.00
2019-01-21T08:53:00,44,31,30.29,7,0.00
2019-01-21T09:53:00,48,30,30.31,10,0.00
2019-01-21T10:00:00,48,30,30.28,10,NA
2019-01-21T10:53:00,51,30,30.31,9,0.00
2019-01-21T11:53:00,56,31,30.31,11,0.00
2019-01-21T12:53:00,60,31,30.29,11,0.00
2019-01-21T13:00:00,60,31,30.26,11,NA
2019-01-21T13:53:00,62,30,30.26,9,0.00
2019-01-21T14:53:00,65,32,30.26,9,0.00
2019-01-21T15:53:00,65,33,30.26,8,0.00
2019-01-21T16:00:00,65,33,30.23,8,NA
2019-01-21T16:53:00,64,34,30.28,8,0.00
2019-01-21T17:53:00,61,32,30.30,5,0.00
2019-01-21T18:53:00,58,34,30.32,5,0.00
2019-01-21T19:00:00,58,34,30.29,5,NA
2019-01-21T19:53:00,55,35,30.34,5,0.00
2019-01-21T20:53:00,54,38,30.36,9,0.00
2019-01-21T21:53:00,52,40,30.37,10,0.00
2019-01-21T22:00:00,52,40,30.34,10,NA
2019-01-21T22:53:00,50,40,30.38,8,0.00
2019-01-21T23:53:00,49,41,30.36,6,0.00
2019-01-22T00:53:00,48,41,30.35,8,0.00
2019-01-22T01:00:00,48,41,30.32,8,NA
2019-01-22T01:53:00,47,41,30.34,8,0.00
2019-01-22T02:53:00,47,41,30.32,8,0.00
2019-01-22T03:53:00,48,42,30.32,6,0.00
2019-01-22T04:00:00,48,42,30.29,6,NA
2019-01-22T04:53:00,48,43,30.32,6,0.00
2019-01-22T05:53:00,49,44,30.32,6,0.00
2019-01-22T06:53:00,50,45,30.33,7,0.00
2019-01-22T07:00:00,50,45,30.30,7,NA
2019-01-22T07:53:00,52,45,30.35,6,0.00
2019-01-22T08:53:00,56,48,30.37,6,0.00
2019-01-22T09:53:00,61,50,30.39,7,0.00
2019-01-22T10:00:00,61,50,30.36,7,NA
2019-01-22T10:53:00,67,52,30.38,6,0.00
2019-01-22T11:53:00,71,53,30.37,8,0.00
2019-01-22T12:53:00,73,54,30.35,8,0.00
2019-01-22T13:00:00,73,54,30.32,8,NA
2019-01-22T13:53:00,74,53,30.32,10,0.00
2019-01-22T14:53:00,74,52,30.30,13,0.00
2019-01-22T15:53:00,75,52,30.28,9,0.00
2019-01-22T16:00:00,75,52,30.25,9,NA
2019-01-22T16:53:00,74,51,30.29,8,0.00
2019-01-22T17:53:00,71,52,30.29,11,0.00
2019-01-22T18:53:00,69,52,30.30,11,0.00
2019-01-22T19:00:00,69,52,30.27,11,NA
2019-01-22T19:53:00,68,51,30.31,9,0.00
2019-01-22T20:53:00,67,51,30.32,9,0.00
2019-01-22T21:53:00,64,52,30.31,9,0.00
2019-01-22T22:00:00,64,52,30.28,9,NA
2019-01-22T22:53:00,64,53,30.31,9,0.00
2019-01-22T23:53:00,63,53,30.29,8,0.00
2019-01-23T00:53:00,63,54,30.27,7,0.00
2019-01-23T01:00:00,63,54,30.24,7,NA
2019-01-23T01:53:00,61,54,30.27,8,0.00
2019-01-23T02:53:00,61,53,30.25,9,0.00
2019-01-23T03:53:00,62,53,30.25,7,0.00
2019-01-23T04:00:00,62,53,30.22,7,NA
2019-01-23T04:53:00,62,53,30.24,7,T
2019-01-23T05:53:00,63,53,30.23,5,0.00
2019-01-23T06:53:00,62,53,30.23,8,0.00
2019-01-23T07:00:00,62,53,30.20,8,NA
2019-01-23T07:53:00,63,55,30.21,8,0.00
2019-01-23T08:53:00,66,56,30.21,8,0.00
2019-01-23T09:53:00,71,57,30.20,15,0.00
2019-01-23T10:00:00,71,57,30.17,15,NA
2019-01-23T10:53:00,73,57,30.20,11,0.00
2019-01-23T11:53:00,75,57,30.18,15,0.00
2019-01-23T12:53:00,77,58,30.14,14,0.00
2019-01-23T13:00:00,77,58,30.11,14,NA
2019-01-23T13:53:00,78,58,30.10,9,0.00
2019-01-23T14:53:00,80,59,30.05,11,0.00
2019-01-23T15:53:00,80,59,30.03,13,0.00
2019-01-23T16:00:00,80,59,30.00,13,NA
2019-01-23T16:53:00,79,60,30.02,9,0.00
2019-01-23T17:53:00,77,60,30.00,10,0.00
2019-01-23T18:53:00,75,60,29.99,7,0.00
2019-01-23T19:00:00,75,60,29.96,7,NA
2019-01-23T19:53:00,74,62,30.00,8,0.00
2019-01-23T20:53:00,74,63,29.97,11,0.00
2019-01-23T21:53:00,72,63,29.95,11,0.00
2019-01-23T22:00:00,72,63,29.92,11,NA
2019-01-23T22:53:00,71,63,29.93,11,0.00
2019-01-23T23:53:00,71,63,29.91,13,0.00
2019-01-24T00:53:00,72,64,29.88,14,0.00
2019-01-24T01:00:00,72,64,29.85,14,NA
2019-01-24T01:00:00,72,64,29.88,13,NA
2019-01-24T01:53:00,73,65,29.89,14,0.00
2019-01-24T02:46:00,73,66,29.88,21,NA
2019-01-24T02:53:00,73,66,29.88,17,0.00
2019-01-24T03:16:00,73,67,29.88,21,NA
2019-01-24T03:42:00,74,68,29.87,23,NA
2019-01-24T03:53:00,73,68,29.87,22,0.00
2019-01-24T04:00:00,73,68,29.84,22,NA
2019-01-24T04:53:00,72,67,29.87,18,0.00
2019-01-24T05:02:00,71,67,29.88,20,NA
2019-01-24T05:10:00,70,67,29.91,17,0.07
2019-01-24T05:18:00,70,66,29.91,33,0.14
2019-01-24T05:28:00,66,64,29.88,18,0.49
2019-01-24T05:33:00,67,65,29.90,18,0.52
2019-01-24T05:40:00,67,65,29.90,17,0.55
2019-01-24T05:51:00,66,64,29.90,17,NA
2019-01-24T05:53:00,66,64,29.90,16,0.62
2019-01-24T06:00:00,67,64,29.89,16,0.03
2019-01-24T06:47:00,66,64,29.91,14,0.11
2019-01-24T06:53:00,66,65,29.91,14,0.10
2019-01-24T07:00:00,66,65,29.88,14,NA
2019-01-24T07:13:00,66,64,29.92,11,0.07
2019-01-24T07:53:00,65,64,29.92,8,0.13
2019-01-24T08:53:00,65,63,29.96,8,0.01
2019-01-24T09:42:00,65,63,29.99,9,NA
2019-01-24T09:53:00,65,63,29.98,7,0.00
2019-01-24T10:00:00,65,63,29.95,7,NA
2019-01-24T10:53:00,68,63,30.00,8,0.00
2019-01-24T11:53:00,69,61,29.99,11,0.00
2019-01-24T12:53:00,71,60,29.97,13,0.00
2019-01-24T13:00:00,71,60,29.94,13,NA
2019-01-24T13:53:00,69,59,29.95,14,0.00
2019-01-24T14:53:00,68,58,29.95,14,0.00
2019-01-24T15:53:00,67,56,29.97,14,0.00
2019-01-24T16:00:00,67,56,29.94,14,NA
2019-01-24T16:53:00,66,54,29.98,11,0.00
2019-01-24T17:53:00,63,53,29.99,10,0.00
2019-01-24T18:53:00,61,52,30.00,7,0.00
2019-01-24T19:00:00,61,52,29.97,7,NA
2019-01-24T19:53:00,60,53,30.03,5,0.00
2019-01-24T20:53:00,59,52,30.05,0,0.00
2019-01-24T21:53:00,59,52,30.07,10,0.00
2019-01-24T22:00:00,59,52,30.04,10,NA
2019-01-24T22:53:00,57,52,30.09,3,0.00
2019-01-24T23:53:00,57,52,30.09,5,0.00
2019-01-25T00:53:00,55,49,30.09,8,0.00
2019-01-25T01:00:00,55,49,30.06,8,NA
2019-01-25T01:53:00,53,47,30.10,8,0.00
2019-01-25T02:53:00,53,46,30.10,5,0.00
2019-01-25T03:17:00,52,45,30.11,3,NA
2019-01-25T03:53:00,52,46,30.11,5,0.00
2019-01-25T04:00:00,52,46,30.08,5,NA
2019-01-25T04:53:00,52,43,30.12,17,0.00
2019-01-25T05:53:00,50,41,30.16,11,0.00
2019-01-25T06:53:00,46,37,30.21,15,0.00
2019-01-25T06:59:00,46,35,30.21,16,NA
2019-01-25T07:06:00,45,32,30.21,18,NA
2019-01-25T07:53:00,44,31,30.23,13,0.00
2019-01-25T08:53:00,46,31,30.25,10,0.00
2019-01-25T09:53:00,50,30,30.26,13,0.00
2019-01-25T10:00:00,50,30,30.23,13,NA
2019-01-25T10:53:00,53,29,30.26,13,0.00
2019-01-25T11:53:00,56,27,30.25,10,0.00
2019-01-25T12:53:00,59,25,30.22,14,0.00
2019-01-25T13:00:00,59,25,30.19,14,NA
2019-01-25T13:53:00,61,27,30.17,11,0.00
2019-01-25T14:53:00,62,27,30.15,9,0.00
2019-01-25T15:53:00,62,28,30.14,6,0.00
2019-01-25T16:00:00,62,28,30.11,6,NA
2019-01-25T16:53:00,62,28,30.16,8,0.00
2019-01-25T17:53:00,60,29,30.17,8,0.00
2019-01-25T18:53:00,58,31,30.18,5,0.00
2019-01-25T19:00:00,58,31,30.15,5,NA
2019-01-25T19:53:00,57,32,30.20,5,0.00
2019-01-25T20:53:00,54,34,30.22,5,0.00
2019-01-25T21:53:00,52,36,30.24,6,0.00
2019-01-25T22:00:00,52,36,30.21,6,NA
2019-01-25T22:53:00,52,36,30.25,5,0.00
2019-01-25T23:53:00,52,36,30.25,5,0.00
2019-01-26T00:53:00,51,35,30.23,5,0.00
2019-01-26T01:00:00,51,35,30.20,5,NA
2019-01-26T01:53:00,50,36,30.24,3,0.00
2019-01-26T02:53:00,50,36,30.23,6,0.00
2019-01-26T03:53:00,49,36,30.21,8,0.00
2019-01-26T04:00:00,49,36,30.18,8,NA
2019-01-26T04:53:00,49,36,30.21,6,0.00
2019-01-26T05:53:00,49,35,30.21,6,0.00
2019-01-26T06:53:00,48,33,30.21,9,0.00
2019-01-26T07:00:00,48,33,30.18,9,NA
2019-01-26T07:53:00,48,32,30.21,8,0.00
2019-01-26T08:53:00,50,32,30.23,8,0.00
2019-01-26T09:53:00,54,33,30.23,13,0.00
2019-01-26T10:00:00,54,33,30.20,13,NA
2019-01-26T10:53:00,57,35,30.22,14,0.00
2019-01-26T11:53:00,59,36,30.21,11,0.00
2019-01-26T12:53:00,61,37,30.19,9,0.00
2019-01-26T13:00:00,61,37,30.16,9,NA
2019-01-26T13:53:00,61,38,30.15,10,0.00
2019-01-26T14:53:00,63,39,30.13,7,0.00
2019-01-26T15:53:00,62,40,30.13,10,0.00
2019-01-26T16:00:00,62,40,30.10,10,NA
2019-01-26T16:53:00,60,39,30.12,8,0.00
2019-01-26T17:53:00,59,37,30.13,11,0.00
2019-01-26T18:53:00,58,37,30.13,10,0.00
2019-01-26T19:00:00,58,37,30.10,10,NA
2019-01-26T19:53:00,57,36,30.13,8,0.00
2019-01-26T20:53:00,56,38,30.13,9,0.00
2019-01-26T21:53:00,55,38,30.13,10,0.00
2019-01-26T22:00:00,55,38,30.10,10,NA
2019-01-26T22:53:00,54,37,30.13,8,0.00
2019-01-26T23:53:00,53,35,30.12,9,0.00
2019-01-27T00:53:00,52,35,30.09,11,0.00
2019-01-27T01:00:00,52,35,30.06,11,NA
2019-01-27T01:53:00,53,36,30.08,9,0.00
2019-01-27T02:53:00,53,37,30.06,11,0.00
2019-01-27T03:53:00,52,41,30.05,7,0.02s
2019-01-27T04:00:00,52,41,30.02,7,NA
2019-01-27T04:53:00,50,44,30.03,9,0.06
2019-01-27T05:53:00,50,45,30.01,11,0.05
2019-01-27T06:53:00,50,46,30.02,13,0.06
2019-01-27T07:00:00,50,46,29.99,13,NA
2019-01-27T07:53:00,50,47,30.02,13,0.05
2019-01-27T08:53:00,51,48,29.98,13,0.04
2019-01-27T09:27:00,51,49,30.00,11,T
2019-01-27T09:53:00,52,49,30.00,10,0.01
2019-01-27T10:00:00,52,49,29.97,10,NA
2019-01-27T10:53:00,52,50,29.99,11,0.07
2019-01-27T11:53:00,52,50,29.98,11,0.20
2019-01-27T12:51:00,52,50,29.91,15,NA
2019-01-27T12:53:00,52,50,29.91,14,0.21
2019-01-27T13:00:00,52,50,29.88,14,NA
2019-01-27T13:53:00,52,50,29.92,10,0.25
2019-01-27T14:53:00,52,50,29.89,14,0.14
2019-01-27T15:06:00,52,50,29.91,11,0.02
2019-01-27T15:14:00,52,50,29.91,13,0.07
2019-01-27T15:53:00,52,50,29.89,13,0.24
2019-01-27T16:00:00,52,50,29.86,13,NA
2019-01-27T16:21:00,53,50,29.91,11,0.06
2019-01-27T16:45:00,52,50,29.88,14,0.17
2019-01-27T16:53:00,52,50,29.90,15,0.16
2019-01-27T17:02:00,52,50,29.89,14,T
2019-01-27T17:53:00,51,49,29.86,14,0.07
2019-01-27T18:53:00,50,48,29.87,11,T
2019-01-27T19:00:00,50,48,29.84,11,NA
2019-01-27T19:53:00,50,47,29.92,16,0.04
2019-01-27T20:35:00,49,46,29.94,11,0.03
2019-01-27T20:53:00,48,45,29.96,11,0.04
2019-01-27T21:31:00,47,44,29.94,15,0.01
2019-01-27T21:51:00,46,45,29.95,11,0.01
2019-01-27T21:53:00,47,44,29.95,11,0.01
2019-01-27T22:00:00,47,44,29.92,11,NA
2019-01-27T22:09:00,47,44,29.97,10,0.01
2019-01-27T22:53:00,47,45,29.95,13,0.04
2019-01-27T23:53:00,47,44,29.94,14,0.01
2019-01-28T00:53:00,46,44,29.94,13,T
2019-01-28T01:00:00,46,44,29.91,13,NA
2019-01-28T01:53:00,46,44,29.96,15,T
2019-01-28T02:53:00,46,43,29.96,10,T
2019-01-28T03:53:00,46,43,29.96,14,0.00
2019-01-28T04:00:00,46,43,29.93,14,NA
2019-01-28T04:53:00,45,42,29.96,8,0.00
2019-01-28T05:53:00,44,41,29.99,9,0.00
2019-01-28T06:53:00,44,40,30.03,10,0.00
2019-01-28T07:00:00,44,40,30.00,10,NA
2019-01-28T07:53:00,45,40,30.04,9,0.00
2019-01-28T08:53:00,47,40,30.07,9,0.00
2019-01-28T09:53:00,50,40,30.08,10,0.00
2019-01-28T10:00:00,50,40,30.05,10,NA
2019-01-28T10:53:00,52,41,30.08,11,0.00
2019-01-28T11:53:00,55,39,30.08,10,0.00
2019-01-28T12:53:00,58,40,30.08,9,0.00
2019-01-28T13:00:00,58,40,30.05,9,NA
2019-01-28T13:53:00,60,37,30.04,13,0.00
2019-01-28T14:53:00,60,37,29.99,11,0.00
2019-01-28T15:53:00,61,38,30.01,8,0.00
2019-01-28T16:00:00,61,38,29.98,8,NA
2019-01-28T16:53:00,61,36,30.01,7,0.00
2019-01-28T17:53:00,56,42,30.03,10,0.00
2019-01-28T18:53:00,54,41,30.03,6,0.00
2019-01-28T19:00:00,54,41,30.00,6,NA
2019-01-28T19:53:00,52,42,30.03,5,0.00
2019-01-28T20:53:00,51,42,30.06,5,0.00
2019-01-28T21:53:00,50,42,30.08,6,0.00
2019-01-28T22:00:00,50,42,30.05,6,NA
2019-01-28T22:53:00,48,43,30.09,5,0.00
2019-01-28T23:53:00,48,43,30.09,3,0.00
2019-01-29T00:53:00,48,43,30.09,0,0.00
2019-01-29T01:00:00,48,43,30.06,0,NA
2019-01-29T01:53:00,45,42,30.07,0,0.00
2019-01-29T02:53:00,47,43,30.06,3,0.00
2019-01-29T03:53:00,47,43,30.04,3,0.00
2019-01-29T04:00:00,47,43,30.01,3,NA
2019-01-29T04:53:00,45,43,30.05,0,0.00
2019-01-29T05:53:00,44,41,30.04,0,0.00
2019-01-29T06:53:00,44,41,30.04,0,0.00
2019-01-29T07:00:00,44,41,30.01,0,NA
2019-01-29T07:53:00,46,43,30.03,5,0.00
2019-01-29T08:53:00,51,44,30.03,3,0.00
2019-01-29T09:53:00,56,42,30.04,6,0.00
2019-01-29T10:00:00,56,42,30.01,6,NA
2019-01-29T10:53:00,59,42,30.05,10,0.00
2019-01-29T11:53:00,58,45,30.04,10,0.00
2019-01-29T12:53:00,60,45,30.02,13,0.00
2019-01-29T13:00:00,60,45,29.99,13,NA
2019-01-29T13:53:00,63,38,29.99,7,0.00
2019-01-29T14:53:00,63,41,29.98,5,0.00
2019-01-29T15:53:00,61,45,29.98,7,0.00
2019-01-29T16:00:00,61,45,29.95,7,NA
2019-01-29T16:53:00,60,47,29.99,8,0.00
2019-01-29T17:53:00,59,47,30.00,7,0.00
2019-01-29T18:53:00,58,50,29.99,8,0.00
2019-01-29T19:00:00,58,50,29.96,8,NA
2019-01-29T19:53:00,58,50,30.01,3,0.00
2019-01-29T20:53:00,57,49,30.02,6,0.00
2019-01-29T21:53:00,57,48,30.02,3,0.00
2019-01-29T22:00:00,57,48,29.99,3,NA
2019-01-29T22:53:00,57,48,30.03,0,0.00
2019-01-29T23:53:00,55,49,30.02,0,0.00
2019-01-30T00:53:00,54,48,30.03,0,0.00
2019-01-30T01:00:00,54,48,30.00,0,NA
2019-01-30T01:53:00,54,48,30.04,0,0.00
2019-01-30T02:30:00,53,48,30.05,8,NA
2019-01-30T02:53:00,54,48,30.05,10,0.00
2019-01-30T03:04:00,54,47,30.05,11,NA
2019-01-30T03:53:00,54,45,30.08,11,0.00
2019-01-30T04:00:00,54,45,30.05,11,NA
2019-01-30T04:53:00,53,45,30.08,13,0.00
2019-01-30T05:53:00,53,46,30.10,9,0.00
2019-01-30T06:53:00,52,46,30.13,10,0.00
2019-01-30T07:00:00,52,46,30.10,10,NA
2019-01-30T07:53:00,52,45,30.14,7,0.00
2019-01-30T08:53:00,53,46,30.17,7,0.00
2019-01-30T09:53:00,54,46,30.18,9,0.00
2019-01-30T10:00:00,54,46,30.15,9,NA
2019-01-30T10:51:00,55,46,30.20,10,NA
2019-01-30T10:53:00,56,46,30.20,8,0.00
2019-01-30T11:53:00,58,47,30.19,6,0.00
2019-01-30T12:53:00,58,47,30.17,10,0.00
2019-01-30T13:00:00,58,47,30.14,10,NA
2019-01-30T13:30:00,58,46,30.15,8,NA
2019-01-30T13:53:00,58,46,30.15,7,0.00
2019-01-30T14:53:00,62,46,30.15,8,0.00
2019-01-30T15:53:00,60,43,30.15,11,0.00
2019-01-30T16:00:00,60,43,30.12,11,NA
2019-01-30T16:53:00,58,40,30.17,9,0.00
2019-01-30T17:53:00,56,33,30.19,9,0.00
2019-01-30T18:53:00,53,31,30.22,10,0.00
2019-01-30T19:00:00,53,31,30.19,10,NA
2019-01-30T19:53:00,49,29,30.25,10,0.00
2019-01-30T20:53:00,48,26,30.25,7,0.00
2019-01-30T21:53:00,47,26,30.28,11,0.00
2019-01-30T22:00:00,47,26,30.25,11,NA
2019-01-30T22:53:00,46,27,30.28,9,0.00
2019-01-30T23:53:00,46,29,30.28,7,0.00
2019-01-31T00:53:00,46,30,30.27,9,0.00
2019-01-31T01:00:00,46,30,30.24,9,NA
2019-01-31T01:53:00,45,30,30.27,8,0.00
2019-01-31T02:53:00,44,31,30.25,9,0.00
2019-01-31T03:53:00,44,31,30.24,8,0.00
2019-01-31T04:00:00,44,31,30.21,8,NA
2019-01-31T04:53:00,44,31,30.25,9,0.00
2019-01-31T05:53:00,45,32,30.26,7,0.00
2019-01-31T06:53:00,46,34,30.27,9,0.00
2019-01-31T07:00:00,46,34,30.24,9,NA
2019-01-31T07:53:00,47,35,30.29,9,0.00
2019-01-31T08:53:00,51,37,30.31,11,0.00
2019-01-31T09:53:00,53,38,30.32,8,0.00
2019-01-31T10:00:00,53,38,30.29,8,NA
2019-01-31T10:53:00,56,40,30.32,10,0.00
2019-01-31T11:53:00,59,42,30.30,14,0.00
2019-01-31T12:53:00,63,45,30.29,13,0.00
2019-01-31T13:00:00,63,45,30.26,13,NA
2019-01-31T13:53:00,63,46,30.26,8,0.00
2019-01-31T14:53:00,64,47,30.24,8,0.00
2019-01-31T15:53:00,65,48,30.24,11,0.00
2019-01-31T16:00:00,65,48,30.21,11,NA
2019-01-31T16:53:00,64,48,30.25,9,0.00
2019-01-31T17:53:00,63,49,30.24,9,0.00
2019-01-31T18:53:00,61,49,30.25,7,0.00
2019-01-31T19:00:00,61,49,30.22,7,NA
2019-01-31T19:53:00,60,49,30.25,6,0.00
2019-01-31T20:53:00,58,49,30.25,8,0.00
2019-01-31T21:53:00,57,48,30.26,9,0.00
2019-01-31T22:00:00,57,48,30.23,9,NA
2019-01-31T22:53:00,56,48,30.26,8,0.00
2019-01-31T23:53:00,55,47,30.24,7,0.00
2019-02-01T00:53:00,55,48,30.22,5,0.00
2019-02-01T01:00:00,55,48,30.19,5,NA
2019-02-01T01:53:00,54,48,30.22,6,0.00
2019-02-01T02:53:00,55,49,30.21,6,0.00
2019-02-01T03:53:00,55,50,30.19,5,0.00
2019-02-01T04:00:00,55,50,30.16,5,NA
2019-02-01T04:53:00,56,50,30.19,5,0.00
2019-02-01T05:53:00,57,51,30.21,6,0.00
2019-02-01T06:53:00,57,52,30.22,3,0.00
2019-02-01T07:00:00,57,52,30.19,3,NA
2019-02-01T07:53:00,57,52,30.22,5,0.00
2019-02-01T08:53:00,60,54,30.22,7,0.00
2019-02-01T09:53:00,65,57,30.24,6,0.00
2019-02-01T10:00:00,65,57,30.21,6,NA
2019-02-01T10:53:00,70,60,30.24,6,0.00
2019-02-01T11:53:00,72,60,30.21,9,0.00
2019-02-01T12:53:00,74,61,30.19,5,0.00
2019-02-01T13:00:00,74,61,30.16,5,NA
2019-02-01T13:53:00,75,61,30.15,7,0.00
2019-02-01T14:53:00,76,61,30.14,3,0.00
2019-02-01T15:53:00,76,61,30.13,5,0.00
2019-02-01T16:00:00,76,61,30.10,5,NA
2019-02-01T16:53:00,75,61,30.14,6,0.00
2019-02-01T17:53:00,73,61,30.14,5,0.00
2019-02-01T18:53:00,72,61,30.15,5,0.00
2019-02-01T19:00:00,72,61,30.12,5,NA
2019-02-01T19:53:00,71,61,30.17,5,0.00
2019-02-01T20:53:00,71,61,30.18,9,0.00
2019-02-01T21:53:00,69,61,30.15,9,0.00
2019-02-01T22:00:00,69,61,30.12,9,NA
2019-02-01T22:53:00,69,61,30.18,3,0.00
2019-02-01T23:53:00,68,61,30.17,6,0.00
2019-02-02T00:53:00,68,61,30.16,3,0.00
2019-02-02T01:00:00,68,61,30.13,3,NA
2019-02-02T01:53:00,67,61,30.15,5,0.00
2019-02-02T02:53:00,65,61,30.13,5,0.00
2019-02-02T03:53:00,65,61,30.13,6,0.00
2019-02-02T04:00:00,65,61,30.10,6,NA
2019-02-02T04:53:00,65,61,30.13,5,0.00
2019-02-02T05:53:00,65,61,30.13,5,0.00
2019-02-02T06:53:00,65,62,30.13,5,0.00
2019-02-02T07:00:00,65,62,30.10,5,NA
2019-02-02T07:53:00,64,62,30.14,5,0.00
2019-02-02T08:53:00,67,63,30.14,3,0.00
2019-02-02T09:53:00,71,64,30.15,5,0.00
2019-02-02T10:00:00,71,64,30.12,5,NA
2019-02-02T10:53:00,74,65,30.15,7,0.00
2019-02-02T11:53:00,74,65,30.13,7,0.00
2019-02-02T12:53:00,75,65,30.11,6,0.00
2019-02-02T13:00:00,75,65,30.08,6,NA
2019-02-02T13:53:00,77,64,30.08,5,0.00
2019-02-02T14:53:00,74,65,30.06,7,T
2019-02-02T15:53:00,74,66,30.05,5,0.01
2019-02-02T16:00:00,74,66,30.02,5,NA
2019-02-02T16:53:00,75,65,30.04,3,0.00
2019-02-02T17:34:00,73,66,30.04,0,NA
2019-02-02T17:53:00,73,66,30.04,3,0.00
2019-02-02T18:42:00,73,64,30.05,7,NA
2019-02-02T18:53:00,73,63,30.04,7,0.00
2019-02-02T19:00:00,73,63,30.01,7,NA
2019-02-02T19:13:00,73,64,30.05,6,NA
2019-02-02T19:50:00,72,64,30.06,3,T
2019-02-02T19:53:00,71,65,30.06,0,T
2019-02-02T20:53:00,68,64,30.07,3,0.01
2019-02-02T21:53:00,69,66,30.07,5,0.00
2019-02-02T22:00:00,69,66,30.04,5,NA
2019-02-02T22:53:00,69,65,30.07,5,0.00
2019-02-02T23:53:00,68,65,30.06,5,0.00
2019-02-03T00:53:00,68,65,30.04,3,0.00
2019-02-03T01:00:00,68,65,30.01,3,NA
2019-02-03T01:53:00,66,64,30.04,0,0.00
2019-02-03T02:53:00,66,64,30.01,0,0.00
2019-02-03T03:53:00,65,63,30.00,0,0.00
2019-02-03T04:00:00,65,63,29.97,0,NA
2019-02-03T04:53:00,65,63,29.99,0,0.00
2019-02-03T05:53:00,64,63,30.00,0,0.00
2019-02-03T06:26:00,64,62,30.01,0,NA
2019-02-03T06:43:00,63,62,30.01,0,NA
2019-02-03T06:47:00,63,63,30.01,0,NA
2019-02-03T06:51:00,63,63,30.01,0,NA
2019-02-03T06:53:00,63,62,30.01,0,0.00
2019-02-03T07:00:00,63,62,29.98,0,NA
2019-02-03T07:53:00,64,63,30.02,3,0.00
2019-02-03T08:14:00,65,64,30.03,3,NA
2019-02-03T08:21:00,65,64,30.03,5,NA
2019-02-03T08:51:00,64,64,30.03,5,NA
2019-02-03T08:53:00,65,64,30.04,3,0.00
2019-02-03T09:32:00,65,65,30.05,3,NA
2019-02-03T09:53:00,66,65,30.05,5,0.00
2019-02-03T10:00:00,66,65,30.02,5,NA
2019-02-03T10:51:00,66,66,30.05,3,NA
2019-02-03T10:53:00,67,66,30.05,5,0.00
2019-02-03T11:27:00,67,66,30.05,3,NA
2019-02-03T11:30:00,67,66,30.04,0,NA
2019-02-03T11:36:00,67,66,30.05,5,NA
2019-02-03T11:53:00,68,66,30.04,7,0.00
2019-02-03T11:57:00,68,66,30.04,6,NA
2019-02-03T12:51:00,70,66,30.03,6,NA
2019-02-03T12:53:00,69,66,30.03,7,0.00
2019-02-03T13:00:00,69,66,30.00,7,NA
2019-02-03T13:53:00,69,65,30.00,6,0.00
2019-02-03T14:06:00,70,65,29.99,7,NA
2019-02-03T14:50:00,72,66,29.99,7,NA
2019-02-03T14:53:00,71,66,29.99,7,0.00
2019-02-03T15:27:00,70,65,29.99,8,NA
2019-02-03T15:49:00,72,64,29.99,7,NA
2019-02-03T15:53:00,70,65,29.99,7,0.00
2019-02-03T16:00:00,70,65,29.96,7,NA
2019-02-03T16:19:00,70,65,29.98,6,NA
2019-02-03T16:41:00,70,65,29.98,3,NA
2019-02-03T16:53:00,70,65,29.98,3,0.00
2019-02-03T17:50:00,70,64,29.98,5,NA
2019-02-03T17:53:00,68,65,29.98,5,0.00
2019-02-03T18:23:00,69,65,29.99,6,NA
2019-02-03T18:49:00,70,64,29.99,7,NA
2019-02-03T18:53:00,69,65,29.99,6,0.00
2019-02-03T19:00:00,69,65,29.96,6,NA
2019-02-03T19:16:00,69,65,30.00,5,NA
2019-02-03T19:53:00,68,65,30.00,5,0.00
2019-02-03T20:42:00,68,65,30.01,3,NA
2019-02-03T20:53:00,68,65,30.01,3,0.00
2019-02-03T21:24:00,68,65,30.01,5,NA
2019-02-03T21:44:00,67,65,30.02,5,NA
2019-02-03T21:53:00,67,65,30.02,3,0.00
2019-02-03T22:00:00,67,65,29.99,3,NA
2019-02-03T22:43:00,66,64,30.03,5,NA
2019-02-03T22:53:00,66,64,30.03,5,0.00
2019-02-03T23:31:00,63,62,30.03,0,NA
2019-02-03T23:46:00,64,63,30.03,3,NA
2019-02-03T23:53:00,64,63,30.03,3,0.00
2019-02-04T00:16:00,63,62,30.03,0,NA
2019-02-04T00:23:00,63,61,30.03,0,NA
2019-02-04T00:29:00,63,61,30.03,0,NA
2019-02-04T00:32:00,63,61,30.02,5,NA
2019-02-04T00:40:00,63,62,30.02,5,NA
2019-02-04T00:53:00,63,62,30.02,5,0.00
2019-02-04T01:00:00,63,62,29.99,5,NA
2019-02-04T01:06:00,63,62,30.02,5,NA
2019-02-04T01:13:00,63,62,30.02,3,NA
2019-02-04T01:53:00,64,62,30.02,0,0.00
2019-02-04T02:51:00,64,63,30.01,0,NA
2019-02-04T02:53:00,64,62,30.01,0,0.00
2019-02-04T03:53:00,64,62,30.00,0,0.00
2019-02-04T04:00:00,64,62,29.97,0,NA
2019-02-04T04:53:00,63,61,30.01,0,0.00
2019-02-04T05:02:00,63,61,30.01,0,NA
2019-02-04T05:53:00,64,62,30.02,0,0.00
2019-02-04T06:53:00,64,61,30.04,6,0.00
2019-02-04T07:00:00,64,61,30.01,6,NA
2019-02-04T07:53:00,63,60,30.06,5,0.00
2019-02-04T08:53:00,64,60,30.07,5,0.00
2019-02-04T09:07:00,64,59,30.07,5,NA
2019-02-04T09:39:00,66,59,30.08,6,NA
2019-02-04T09:53:00,66,59,30.08,3,0.00
2019-02-04T10:00:00,66,59,30.05,3,NA
2019-02-04T10:53:00,68,59,30.10,0,0.00
2019-02-04T11:53:00,68,58,30.08,0,0.00
2019-02-04T12:53:00,68,59,30.05,8,0.00
2019-02-04T13:00:00,68,59,30.02,8,NA
2019-02-04T13:00:00,69,59,30.05,9,NA
2019-02-04T13:53:00,68,59,30.03,8,0.00
2019-02-04T14:53:00,70,59,30.02,9,0.00
2019-02-04T15:53:00,69,59,30.02,6,0.00
2019-02-04T16:00:00,72,57,29.99,6,NA
2019-02-04T16:53:00,67,59,30.02,7,0.00
2019-02-04T17:53:00,68,59,30.03,11,0.00
2019-02-04T18:53:00,65,58,30.05,7,0.00
2019-02-04T19:00:00,67,55,30.02,8,NA
2019-02-04T19:53:00,64,55,30.06,8,0.00
2019-02-04T20:53:00,64,54,30.06,5,0.00
2019-02-04T21:53:00,62,55,30.08,9,0.00
2019-02-04T22:00:00,62,55,30.05,9,NA
2019-02-04T22:53:00,62,55,30.08,6,0.00
2019-02-04T23:53:00,59,57,30.08,5,0.00
2019-02-05T00:22:00,59,57,30.07,5,NA
2019-02-05T00:31:00,59,59,30.07,5,NA
2019-02-05T00:37:00,59,57,30.07,6,NA
2019-02-05T00:47:00,59,59,30.07,5,NA
2019-02-05T00:49:00,59,57,30.07,6,NA
2019-02-05T00:53:00,59,57,30.07,6,0.00
2019-02-05T01:00:00,59,59,30.04,5,NA
2019-02-05T01:38:00,59,59,30.07,5,NA
2019-02-05T01:45:00,58,57,30.06,3,NA
2019-02-05T01:53:00,59,59,30.07,5,0.00
2019-02-05T02:02:00,58,57,30.06,3,NA
2019-02-05T02:53:00,57,57,30.06,5,0.00
2019-02-05T03:37:00,58,57,30.06,5,NA
2019-02-05T03:53:00,58,57,30.05,3,0.00
2019-02-05T04:00:00,59,59,30.03,5,NA
2019-02-05T04:53:00,59,57,30.05,6,0.00
2019-02-05T05:53:00,59,57,30.07,0,0.00
2019-02-05T06:14:00,57,57,30.08,0,NA
2019-02-05T06:47:00,57,57,30.10,0,NA
2019-02-05T06:53:00,57,57,30.10,0,0.00
2019-02-05T07:00:00,57,57,30.07,0,NA
2019-02-05T07:15:00,59,55,30.10,0,NA
2019-02-05T07:29:00,59,55,30.11,0,NA
2019-02-05T07:38:00,59,57,30.11,0,NA
2019-02-05T07:53:00,59,57,30.12,3,0.00
2019-02-05T08:53:00,63,57,30.14,3,0.00
2019-02-05T09:05:00,64,57,30.14,0,NA
2019-02-05T09:21:00,64,57,30.15,5,NA
2019-02-05T09:53:00,64,57,30.15,0,0.00
2019-02-05T10:00:00,64,57,30.12,0,NA
2019-02-05T10:53:00,68,57,30.16,3,0.00
2019-02-05T11:53:00,69,59,30.15,7,0.00
2019-02-05T12:53:00,71,58,30.13,7,0.00
2019-02-05T13:00:00,72,57,30.10,7,NA
2019-02-05T13:53:00,71,59,30.10,9,0.00
2019-02-05T14:53:00,74,59,30.08,6,0.00
2019-02-05T15:53:00,73,59,30.08,8,0.00
2019-02-05T16:00:00,73,59,30.05,8,NA
2019-02-05T16:53:00,74,60,30.07,7,0.00
2019-02-05T17:53:00,72,60,30.08,5,0.00
2019-02-05T18:53:00,70,61,30.09,5,0.00
2019-02-05T19:00:00,70,61,30.06,5,NA
2019-02-05T19:53:00,68,59,30.10,6,0.00
2019-02-05T20:53:00,67,59,30.10,6,0.00
2019-02-05T21:53:00,64,58,30.13,7,0.00
2019-02-05T22:00:00,64,58,30.10,7,NA
2019-02-05T22:53:00,63,58,30.13,5,0.00
2019-02-05T23:53:00,61,57,30.14,5,0.00
2019-02-06T00:53:00,61,57,30.14,5,0.00
2019-02-06T01:00:00,61,57,30.11,5,NA
2019-02-06T01:53:00,60,57,30.14,0,0.00
2019-02-06T02:53:00,61,57,30.13,3,0.00
2019-02-06T03:53:00,61,56,30.12,3,0.00
2019-02-06T04:00:00,61,56,30.09,3,NA
2019-02-06T04:53:00,61,54,30.12,3,0.00
2019-02-06T05:53:00,60,54,30.14,0,0.00
2019-02-06T06:53:00,60,53,30.15,3,0.00
2019-02-06T07:00:00,60,53,30.12,3,NA
2019-02-06T07:53:00,62,54,30.17,3,0.00
2019-02-06T08:53:00,66,56,30.19,0,0.00
2019-02-06T09:53:00,71,58,30.19,5,0.00
2019-02-06T10:00:00,71,58,30.16,5,NA
2019-02-06T10:53:00,75,58,30.19,6,0.00
2019-02-06T11:53:00,77,54,30.17,8,0.00
2019-02-06T12:53:00,76,59,30.14,7,0.00
2019-02-06T13:00:00,76,59,30.11,7,NA
2019-02-06T13:53:00,78,56,30.11,7,0.00
2019-02-06T14:53:00,78,56,30.10,10,0.00
2019-02-06T15:53:00,78,56,30.10,7,0.00
2019-02-06T16:00:00,78,56,30.07,7,NA
2019-02-06T16:53:00,77,57,30.10,5,0.00
2019-02-06T17:53:00,73,61,30.11,14,0.00
2019-02-06T18:53:00,69,61,30.14,6,0.00
2019-02-06T19:00:00,69,61,30.11,6,NA
2019-02-06T19:53:00,68,61,30.15,5,0.00
2019-02-06T20:53:00,67,60,30.16,0,0.00
2019-02-06T21:53:00,66,61,30.16,3,0.00
2019-02-06T22:00:00,66,61,30.13,3,NA
2019-02-06T22:53:00,66,61,30.17,3,0.00
2019-02-06T23:53:00,65,60,30.16,3,0.00
2019-02-07T00:53:00,65,60,30.14,0,0.00
2019-02-07T01:00:00,65,60,30.11,0,NA
2019-02-07T01:53:00,64,60,30.14,0,0.00
2019-02-07T02:53:00,65,60,30.13,5,0.00
2019-02-07T03:53:00,64,59,30.13,5,0.00
2019-02-07T04:00:00,64,59,30.10,5,NA
2019-02-07T04:53:00,64,59,30.13,3,0.00
2019-02-07T05:53:00,64,59,30.13,3,0.00
2019-02-07T06:53:00,64,59,30.15,3,0.00
2019-02-07T07:00:00,64,59,30.12,3,NA
2019-02-07T07:53:00,65,60,30.17,3,0.00
2019-02-07T08:53:00,68,61,30.18,5,0.00
2019-02-07T09:53:00,72,61,30.20,8,0.00
2019-02-07T10:00:00,72,61,30.17,8,NA
2019-02-07T10:53:00,73,61,30.19,10,0.00
2019-02-07T11:53:00,77,60,30.17,11,0.00
2019-02-07T12:53:00,79,59,30.15,10,0.00
2019-02-07T13:00:00,79,59,30.12,10,NA
2019-02-07T13:53:00,81,57,30.13,5,0.00
2019-02-07T14:53:00,81,56,30.11,7,0.00
2019-02-07T15:53:00,81,56,30.10,7,0.00
2019-02-07T16:00:00,81,56,30.07,7,NA
2019-02-07T16:53:00,76,62,30.11,11,0.00
2019-02-07T17:53:00,74,59,30.12,9,0.00
2019-02-07T18:53:00,71,59,30.14,7,0.00
2019-02-07T19:00:00,71,59,30.11,7,NA
2019-02-07T19:53:00,70,59,30.15,6,0.00
2019-02-07T20:53:00,69,59,30.16,6,0.00
2019-02-07T21:53:00,67,59,30.18,3,0.00
2019-02-07T22:00:00,67,59,30.15,3,NA
2019-02-07T22:53:00,67,59,30.19,0,0.00
2019-02-07T23:53:00,66,59,30.19,0,0.00
2019-02-08T00:53:00,64,59,30.18,3,0.00
2019-02-08T01:00:00,64,59,30.15,3,NA
2019-02-08T01:53:00,63,59,30.18,3,0.00
2019-02-08T02:53:00,63,60,30.17,0,0.00
2019-02-08T03:53:00,62,59,30.17,0,0.00
2019-02-08T04:00:00,62,59,30.14,0,NA
2019-02-08T04:53:00,62,58,30.17,0,0.00
2019-02-08T05:53:00,61,58,30.18,0,0.00
2019-02-08T06:53:00,62,59,30.19,0,0.00
2019-02-08T07:00:00,62,59,30.16,0,NA
2019-02-08T07:53:00,64,59,30.21,0,0.00
2019-02-08T08:53:00,68,60,30.23,0,0.00
2019-02-08T09:53:00,72,61,30.24,0,0.00
2019-02-08T10:00:00,72,61,30.21,0,NA
2019-02-08T10:53:00,75,62,30.25,5,0.00
2019-02-08T11:53:00,75,61,30.24,6,0.00
2019-02-08T12:53:00,77,61,30.22,6,0.00
2019-02-08T13:00:00,77,61,30.19,6,NA
2019-02-08T13:53:00,77,61,30.19,8,0.00
2019-02-08T14:53:00,79,61,30.18,8,0.00
2019-02-08T15:53:00,78,60,30.17,6,0.00
2019-02-08T16:00:00,78,60,30.14,6,NA
2019-02-08T16:53:00,78,60,30.16,7,0.00
2019-02-08T17:53:00,78,60,30.18,9,0.00
2019-02-08T18:53:00,74,58,30.20,8,0.00
2019-02-08T19:00:00,74,58,30.17,8,NA
2019-02-08T19:53:00,70,55,30.22,11,0.00
2019-02-08T20:53:00,68,57,30.24,9,0.00
2019-02-08T21:53:00,67,60,30.26,8,0.00
2019-02-08T22:00:00,67,60,30.23,8,NA
2019-02-08T22:53:00,67,61,30.27,5,0.00
2019-02-08T23:53:00,66,61,30.27,5,0.00
2019-02-09T00:53:00,65,61,30.26,6,0.00
2019-02-09T01:00:00,65,61,30.23,6,NA
2019-02-09T01:53:00,63,60,30.26,7,0.00
2019-02-09T02:53:00,64,60,30.26,5,0.00
2019-02-09T03:53:00,64,60,30.27,6,0.00
2019-02-09T04:00:00,64,60,30.24,6,NA
2019-02-09T04:53:00,64,60,30.27,5,0.00
2019-02-09T05:53:00,64,59,30.29,7,0.00
2019-02-09T06:53:00,64,59,30.32,6,0.00
2019-02-09T07:00:00,64,59,30.29,6,NA
2019-02-09T07:53:00,64,58,30.33,6,0.00
2019-02-09T08:53:00,66,50,30.35,10,0.00
2019-02-09T09:53:00,68,45,30.36,9,0.00
2019-02-09T10:00:00,68,45,30.33,9,NA
2019-02-09T10:53:00,71,47,30.36,10,0.00
2019-02-09T11:53:00,74,50,30.34,10,0.00
2019-02-09T12:53:00,77,52,30.32,10,0.00
2019-02-09T13:00:00,77,52,30.29,10,NA
2019-02-09T13:53:00,78,56,30.30,14,0.00
2019-02-09T14:53:00,78,59,30.29,8,0.00
2019-02-09T15:53:00,76,59,30.28,10,0.00
2019-02-09T16:00:00,76,59,30.25,10,NA
2019-02-09T16:53:00,73,60,30.29,15,0.00
2019-02-09T17:53:00,72,59,30.30,15,0.00
2019-02-09T18:18:00,71,59,30.30,10,NA
2019-02-09T18:51:00,70,57,30.31,14,NA
2019-02-09T18:53:00,69,58,30.31,10,0.00
2019-02-09T19:00:00,69,58,30.28,10,NA
2019-02-09T19:53:00,67,58,30.32,11,0.00
2019-02-09T20:53:00,66,58,30.33,10,0.00
2019-02-09T21:45:00,66,59,30.34,8,NA
2019-02-09T21:53:00,66,59,30.34,9,0.00
2019-02-09T22:00:00,66,59,30.31,9,NA
2019-02-09T22:08:00,66,59,30.33,13,T
2019-02-09T22:43:00,65,60,30.33,7,T
2019-02-09T22:53:00,65,60,30.33,8,T
2019-02-09T23:53:00,64,60,30.33,8,0.03
2019-02-10T00:04:00,64,60,30.32,8,NA
2019-02-10T00:51:00,63,61,30.32,7,NA
2019-02-10T00:53:00,63,60,30.32,8,0.03
2019-02-10T01:00:00,63,60,30.29,8,NA
2019-02-10T01:53:00,63,60,30.30,10,0.00
2019-02-10T02:53:00,64,61,30.29,9,0.00
2019-02-10T03:00:00,64,61,30.29,8,NA
2019-02-10T03:53:00,64,61,30.29,8,T
2019-02-10T04:00:00,64,61,30.26,8,NA
2019-02-10T04:23:00,64,62,30.28,9,T
2019-02-10T04:32:00,64,62,30.28,8,T
2019-02-10T04:53:00,64,62,30.28,8,0.02
2019-02-10T05:15:00,65,63,30.29,7,0.02
2019-02-10T05:30:00,65,63,30.29,8,0.02
2019-02-10T05:41:00,65,63,30.29,9,0.05
2019-02-10T05:53:00,65,63,30.30,7,0.03
2019-02-10T06:53:00,66,63,30.29,7,0.01
2019-02-10T07:00:00,66,63,30.26,7,NA
2019-02-10T07:53:00,66,64,30.30,6,0.00
2019-02-10T08:53:00,68,64,30.31,7,0.00
2019-02-10T09:06:00,69,65,30.31,8,NA
2019-02-10T09:53:00,70,65,30.32,8,0.00
2019-02-10T10:00:00,70,65,30.29,8,NA
2019-02-10T10:51:00,73,64,30.31,7,NA
2019-02-10T10:53:00,74,65,30.31,7,0.00
2019-02-10T11:53:00,77,62,30.28,7,0.00
2019-02-10T12:53:00,79,61,30.24,8,0.00
2019-02-10T13:00:00,79,61,30.21,8,NA
2019-02-10T13:53:00,80,61,30.21,9,0.00
2019-02-10T14:53:00,79,62,30.20,9,0.00
2019-02-10T15:53:00,78,63,30.19,9,0.00
2019-02-10T16:00:00,78,63,30.16,9,NA
2019-02-10T16:53:00,80,62,30.18,6,0.00
2019-02-10T17:53:00,78,62,30.18,7,0.00
2019-02-10T18:53:00,75,63,30.19,7,0.00
2019-02-10T19:00:00,75,63,30.16,7,NA
2019-02-10T19:53:00,74,63,30.20,7,0.00
2019-02-10T20:53:00,72,63,30.21,7,0.00
2019-02-10T21:53:00,72,64,30.21,7,0.00
2019-02-10T22:00:00,72,64,30.18,7,NA
2019-02-10T22:53:00,71,64,30.21,7,0.00
2019-02-10T23:53:00,69,63,30.20,5,0.00
2019-02-11T00:53:00,67,63,30.18,5,0.00
2019-02-11T01:00:00,67,63,30.15,5,NA
2019-02-11T01:53:00,67,63,30.17,3,0.00
2019-02-11T02:53:00,66,63,30.16,3,0.00
2019-02-11T03:53:00,66,63,30.16,3,0.00
2019-02-11T04:00:00,66,63,30.13,3,NA
2019-02-11T04:53:00,65,62,30.16,0,0.00
2019-02-11T05:53:00,66,62,30.16,3,0.00
2019-02-11T06:53:00,65,62,30.16,6,0.00
2019-02-11T07:00:00,65,62,30.13,6,NA
2019-02-11T07:53:00,67,63,30.17,0,0.00
2019-02-11T08:53:00,71,64,30.17,5,0.00
2019-02-11T09:53:00,74,65,30.17,8,0.00
2019-02-11T10:00:00,74,65,30.14,8,NA
2019-02-11T10:53:00,76,65,30.16,10,0.00
2019-02-11T11:53:00,80,65,30.13,8,0.00
2019-02-11T12:53:00,82,60,30.09,9,0.00
2019-02-11T13:00:00,82,60,30.06,9,NA
2019-02-11T13:53:00,82,60,30.06,9,0.00
2019-02-11T14:53:00,82,60,30.04,7,0.00
2019-02-11T15:53:00,84,58,30.03,6,0.00
2019-02-11T16:00:00,84,58,30.00,6,NA
2019-02-11T16:53:00,82,57,30.03,5,0.00
2019-02-11T17:53:00,80,57,30.04,3,0.00
2019-02-11T18:53:00,74,65,30.04,6,0.00
2019-02-11T19:00:00,74,65,30.01,6,NA
2019-02-11T19:53:00,73,64,30.05,0,0.00
2019-02-11T20:53:00,73,65,30.07,3,0.00
2019-02-11T21:53:00,73,64,30.08,3,0.00
2019-02-11T22:00:00,73,64,30.05,3,NA
2019-02-11T22:53:00,73,67,30.08,7,0.00
2019-02-11T23:53:00,73,67,30.08,7,0.00
2019-02-12T00:53:00,72,67,30.06,6,0.00
2019-02-12T01:00:00,72,67,30.03,6,NA
2019-02-12T01:53:00,71,67,30.05,8,0.00
2019-02-12T02:53:00,71,67,30.04,6,0.00
2019-02-12T03:53:00,71,67,30.05,3,0.00
2019-02-12T04:00:00,71,67,30.02,3,NA
2019-02-12T04:10:00,71,67,30.04,6,NA
2019-02-12T04:53:00,70,68,30.04,8,0.00
2019-02-12T05:53:00,70,68,30.05,5,0.00
2019-02-12T06:53:00,71,68,30.05,6,0.00
2019-02-12T07:00:00,71,68,30.02,6,NA
2019-02-12T07:53:00,72,69,30.06,6,0.00
2019-02-12T08:09:00,72,69,30.07,6,NA
2019-02-12T08:53:00,73,69,30.08,8,0.00
2019-02-12T09:53:00,75,69,30.08,8,0.00
2019-02-12T10:00:00,75,69,30.05,8,NA
2019-02-12T10:10:00,77,69,30.08,13,NA
2019-02-12T10:53:00,78,69,30.08,14,0.00
2019-02-12T11:15:00,80,70,30.07,11,NA
2019-02-12T11:53:00,80,70,30.06,10,0.00
2019-02-12T12:53:00,81,70,30.04,15,0.00
2019-02-12T13:00:00,81,70,30.01,15,NA
2019-02-12T13:53:00,80,70,30.02,16,0.00
2019-02-12T14:53:00,79,71,30.00,15,0.00
2019-02-12T15:53:00,77,71,29.99,11,0.00
2019-02-12T16:00:00,77,71,29.96,11,NA
2019-02-12T16:53:00,75,70,30.00,13,T
2019-02-12T17:42:00,76,71,29.99,9,0.02
2019-02-12T17:53:00,75,71,29.99,9,0.02
2019-02-12T18:51:00,73,70,29.98,10,NA
2019-02-12T18:53:00,73,70,29.98,9,0.01
2019-02-12T19:00:00,73,70,29.95,9,NA
2019-02-12T19:36:00,73,70,29.98,10,NA
2019-02-12T19:53:00,73,70,29.99,10,0.00
2019-02-12T20:37:00,72,70,30.01,9,NA
2019-02-12T20:53:00,71,70,30.00,8,0.00
2019-02-12T21:53:00,71,70,30.01,6,0.00
2019-02-12T22:00:00,71,70,29.98,6,NA
2019-02-12T22:50:00,72,70,30.03,5,NA
2019-02-12T22:53:00,72,70,30.02,6,0.00
2019-02-12T23:53:00,72,70,29.99,6,0.00
2019-02-13T00:10:00,70,67,30.00,25,T
2019-02-13T00:16:00,65,63,30.00,20,0.05
2019-02-13T00:18:00,65,63,30.00,18,0.09
2019-02-13T00:21:00,65,62,30.00,21,0.11
2019-02-13T00:27:00,64,62,30.00,21,NA
2019-02-13T00:29:00,64,62,30.00,22,0.13
2019-02-13T00:42:00,64,61,30.01,22,0.13
2019-02-13T00:53:00,63,60,30.00,24,0.13
2019-02-13T01:00:00,63,60,29.97,24,NA
2019-02-13T01:53:00,63,60,30.03,15,0.02
2019-02-13T02:53:00,63,57,30.02,14,0.01
2019-02-13T03:53:00,63,56,30.04,10,T
2019-02-13T04:00:00,63,56,30.01,10,NA
2019-02-13T04:53:00,62,56,30.06,6,0.01
2019-02-13T05:53:00,61,57,30.06,7,0.03
2019-02-13T06:53:00,60,57,30.10,8,0.06
2019-02-13T07:00:00,60,57,30.07,8,NA
2019-02-13T07:00:00,60,57,30.09,7,0.01
2019-02-13T07:53:00,60,57,30.10,11,0.02
2019-02-13T08:16:00,60,56,30.10,10,T
2019-02-13T08:19:00,60,56,30.10,9,T
2019-02-13T08:53:00,59,56,30.14,13,0.01
2019-02-13T09:53:00,59,54,30.16,11,T
2019-02-13T10:00:00,59,54,30.13,11,NA
2019-02-13T10:53:00,59,54,30.13,10,0.01
2019-02-13T11:53:00,60,55,30.14,8,0.02
2019-02-13T12:53:00,61,54,30.13,8,0.00
2019-02-13T13:00:00,61,54,30.10,8,NA
2019-02-13T13:53:00,60,53,30.09,8,0.00
2019-02-13T14:53:00,61,53,30.07,8,0.00
2019-02-13T15:53:00,61,52,30.08,7,0.00
2019-02-13T16:00:00,61,52,30.05,7,NA
2019-02-13T16:53:00,60,49,30.08,10,0.00
2019-02-13T17:53:00,59,48,30.08,7,0.00
2019-02-13T18:53:00,56,45,30.10,6,0.00
2019-02-13T19:00:00,56,45,30.07,6,NA
2019-02-13T19:53:00,55,42,30.11,8,0.00
2019-02-13T20:53:00,54,40,30.13,9,0.00
2019-02-13T21:53:00,54,37,30.16,7,0.00
2019-02-13T22:00:00,54,37,30.13,7,NA
2019-02-13T22:53:00,50,39,30.17,3,0.00
2019-02-13T23:53:00,50,41,30.17,5,0.00
2019-02-14T00:53:00,51,39,30.17,6,0.00
2019-02-14T01:00:00,51,39,30.14,6,NA
2019-02-14T01:53:00,51,37,30.14,5,0.00
2019-02-14T02:53:00,49,37,30.14,3,0.00
2019-02-14T03:53:00,47,38,30.14,0,0.00
2019-02-14T04:00:00,47,38,30.11,0,NA
2019-02-14T04:53:00,47,38,30.12,5,0.00
2019-02-14T05:53:00,45,39,30.13,6,0.00
2019-02-14T06:53:00,47,38,30.14,8,0.00
2019-02-14T07:00:00,47,38,30.11,8,NA
2019-02-14T07:53:00,50,38,30.15,6,0.00
2019-02-14T08:53:00,55,40,30.14,8,0.00
2019-02-14T09:53:00,61,43,30.16,7,0.00
2019-02-14T10:00:00,61,43,30.13,7,NA
2019-02-14T10:53:00,65,47,30.14,6,0.00
2019-02-14T11:53:00,68,49,30.10,8,0.00
2019-02-14T12:53:00,72,47,30.07,8,0.00
2019-02-14T13:00:00,72,47,30.04,8,NA
2019-02-14T13:53:00,74,47,30.03,7,0.00
2019-02-14T14:53:00,75,46,30.02,9,0.00
2019-02-14T15:53:00,75,45,30.02,8,0.00
2019-02-14T16:00:00,75,45,29.99,8,NA
2019-02-14T16:53:00,73,46,30.02,3,0.00
2019-02-14T17:53:00,69,55,30.02,6,0.00
2019-02-14T18:53:00,67,54,30.02,8,0.00
2019-02-14T19:00:00,67,54,29.99,8,NA
2019-02-14T19:53:00,64,54,30.02,6,0.00
2019-02-14T20:53:00,63,53,30.03,6,0.00
2019-02-14T21:53:00,63,53,30.05,5,0.00
2019-02-14T22:00:00,63,53,30.02,5,NA
2019-02-14T22:53:00,62,54,30.05,8,0.00
2019-02-14T23:53:00,61,55,30.04,7,0.00
2019-02-15T00:53:00,61,55,30.04,7,0.00
2019-02-15T01:00:00,61,55,30.01,7,NA
2019-02-15T01:53:00,60,55,30.04,5,0.00
2019-02-15T02:53:00,59,54,30.01,0,0.00
2019-02-15T03:53:00,59,54,29.98,0,0.00
2019-02-15T04:00:00,59,54,29.95,0,NA
2019-02-15T04:53:00,58,54,29.99,3,0.00
2019-02-15T05:53:00,58,54,29.99,5,0.00
2019-02-15T06:53:00,58,53,30.02,3,0.00
2019-02-15T07:00:00,58,53,29.99,3,NA
2019-02-15T07:53:00,59,55,30.03,0,0.00
2019-02-15T08:53:00,64,56,30.03,0,0.00
2019-02-15T09:53:00,69,57,30.03,5,0.00
2019-02-15T10:00:00,69,57,30.00,5,NA
2019-02-15T10:53:00,72,59,30.04,7,0.00
2019-02-15T11:53:00,73,56,30.01,9,0.00
2019-02-15T12:53:00,74,51,30.01,7,0.00
2019-02-15T13:00:00,74,51,29.98,7,NA
2019-02-15T13:53:00,75,52,29.95,6,0.00
2019-02-15T14:53:00,74,52,29.96,6,0.00
2019-02-15T15:53:00,73,54,29.96,11,0.00
2019-02-15T16:00:00,73,54,29.93,11,NA
2019-02-15T16:53:00,72,54,29.95,9,0.00
2019-02-15T17:53:00,71,54,29.94,7,0.00
2019-02-15T18:53:00,67,56,29.94,6,0.00
2019-02-15T19:00:00,67,56,29.91,6,NA
2019-02-15T19:53:00,66,57,29.95,6,0.00
2019-02-15T20:53:00,66,60,29.96,8,0.00
2019-02-15T21:53:00,64,60,29.95,6,0.00
2019-02-15T22:00:00,64,60,29.92,6,NA
2019-02-15T22:53:00,63,60,29.95,5,0.00
2019-02-15T23:53:00,63,60,29.94,3,0.00
2019-02-16T00:53:00,63,60,29.91,7,0.00
2019-02-16T01:00:00,63,60,29.88,7,NA
2019-02-16T01:53:00,63,61,29.91,0,0.00
2019-02-16T02:53:00,63,60,29.89,0,0.00
2019-02-16T03:53:00,62,60,29.91,0,0.00
2019-02-16T04:00:00,62,60,29.88,0,NA
2019-02-16T04:53:00,63,60,29.91,0,0.00
2019-02-16T05:53:00,64,60,29.93,0,0.00
2019-02-16T06:53:00,63,60,29.93,5,0.00
2019-02-16T07:00:00,63,60,29.90,5,NA
2019-02-16T07:51:00,64,61,29.94,5,NA
2019-02-16T07:53:00,64,61,29.94,5,0.00
2019-02-16T08:19:00,65,61,29.94,5,NA
2019-02-16T08:22:00,65,61,29.94,5,NA
2019-02-16T08:53:00,67,61,29.93,8,0.00
2019-02-16T09:53:00,69,63,29.94,11,0.00
2019-02-16T10:00:00,69,63,29.91,11,NA
2019-02-16T10:53:00,73,64,29.93,11,0.00
2019-02-16T11:51:00,73,64,29.92,13,NA
2019-02-16T11:53:00,75,65,29.92,14,0.00
2019-02-16T12:51:00,73,64,29.90,11,NA
2019-02-16T12:53:00,73,65,29.90,11,0.00
2019-02-16T13:00:00,73,65,29.87,11,NA
2019-02-16T13:53:00,73,65,29.88,11,0.00
2019-02-16T14:43:00,74,65,29.87,13,NA
2019-02-16T14:53:00,75,65,29.86,11,0.00
2019-02-16T15:53:00,73,65,29.86,9,0.00
2019-02-16T16:00:00,73,65,29.83,9,NA
2019-02-16T16:53:00,74,65,29.86,10,0.00
2019-02-16T17:53:00,72,64,29.88,8,0.00
2019-02-16T18:53:00,69,64,29.89,9,0.00
2019-02-16T19:00:00,69,64,29.86,9,NA
2019-02-16T19:53:00,70,62,29.90,10,0.00
2019-02-16T20:53:00,68,62,29.91,6,0.00
2019-02-16T21:53:00,68,62,29.92,5,0.00
2019-02-16T22:00:00,68,62,29.89,5,NA
2019-02-16T22:53:00,68,62,29.92,5,0.00
2019-02-16T23:53:00,68,61,29.91,5,0.00
2019-02-17T00:53:00,66,62,29.91,0,0.00
2019-02-17T01:00:00,66,62,29.88,0,NA
2019-02-17T01:53:00,67,64,29.91,5,0.00
2019-02-17T02:53:00,67,64,29.91,0,0.00
2019-02-17T03:53:00,67,64,29.91,5,0.00
2019-02-17T04:00:00,67,64,29.88,5,NA
2019-02-17T04:53:00,66,64,29.92,3,0.00
2019-02-17T05:53:00,67,64,29.95,0,0.00
2019-02-17T06:53:00,67,64,29.96,3,0.00
2019-02-17T07:00:00,67,64,29.93,3,NA
2019-02-17T07:53:00,67,65,29.97,5,0.00
2019-02-17T08:53:00,71,66,29.99,5,0.00
2019-02-17T09:53:00,76,64,30.00,11,0.00
2019-02-17T10:00:00,76,64,29.97,11,NA
2019-02-17T10:53:00,77,65,29.99,9,0.00
2019-02-17T11:53:00,80,66,29.98,8,0.00
2019-02-17T12:53:00,81,65,29.97,13,0.00
2019-02-17T13:00:00,81,65,29.94,13,NA
2019-02-17T13:53:00,81,67,29.94,13,0.00
2019-02-17T14:53:00,81,68,29.94,16,0.00
2019-02-17T15:53:00,80,68,29.94,14,0.00
2019-02-17T16:00:00,80,68,29.91,14,NA
2019-02-17T16:53:00,78,68,29.94,14,0.00
2019-02-17T17:53:00,76,67,29.96,15,0.00
2019-02-17T18:53:00,74,68,29.97,11,0.00
2019-02-17T19:00:00,74,68,29.94,11,NA
2019-02-17T19:53:00,73,68,29.99,9,0.00
2019-02-17T20:53:00,72,68,30.00,7,0.00
2019-02-17T21:53:00,72,67,30.01,6,0.00
2019-02-17T22:00:00,72,67,29.98,6,NA
2019-02-17T22:53:00,72,67,30.01,6,0.00
2019-02-17T23:53:00,72,67,30.01,7,0.00
2019-02-18T00:53:00,72,66,30.00,8,0.00
2019-02-18T01:00:00,72,66,29.97,8,NA
2019-02-18T01:53:00,72,67,30.01,10,0.00
2019-02-18T02:53:00,72,67,30.00,9,0.00
2019-02-18T03:53:00,71,67,30.00,7,0.00
2019-02-18T04:00:00,71,67,29.97,7,NA
2019-02-18T04:53:00,71,68,30.00,8,0.00
2019-02-18T05:53:00,71,68,30.01,7,0.00
2019-02-18T06:48:00,72,70,30.03,7,NA
2019-02-18T06:53:00,72,69,30.03,8,0.00
2019-02-18T06:58:00,72,69,30.03,9,NA
2019-02-18T07:00:00,72,69,30.00,8,NA
2019-02-18T07:43:00,73,70,30.05,9,NA
2019-02-18T07:53:00,73,70,30.05,9,0.00
2019-02-18T08:05:00,73,70,30.06,9,NA
2019-02-18T08:44:00,74,71,30.08,8,NA
2019-02-18T08:53:00,74,71,30.08,8,0.00
2019-02-18T09:53:00,75,71,30.11,7,0.00
2019-02-18T10:00:00,75,71,30.08,7,NA
2019-02-18T10:00:00,76,71,30.11,6,NA
2019-02-18T10:18:00,76,72,30.12,6,NA
2019-02-18T10:53:00,78,72,30.13,7,0.00
2019-02-18T11:01:00,78,73,30.13,9,NA
2019-02-18T11:18:00,78,73,30.13,8,NA
2019-02-18T11:37:00,78,72,30.13,14,NA
2019-02-18T11:53:00,79,73,30.12,11,0.00
2019-02-18T12:53:00,80,73,30.11,10,0.00
2019-02-18T13:00:00,80,73,30.08,10,NA
2019-02-18T13:53:00,81,73,30.09,13,0.00
2019-02-18T14:53:00,81,72,30.07,13,0.00
2019-02-18T15:53:00,81,72,30.07,10,0.00
2019-02-18T16:00:00,81,72,30.04,10,NA
2019-02-18T16:53:00,80,71,30.08,8,0.00
2019-02-18T17:53:00,77,70,30.09,6,0.00
2019-02-18T18:53:00,76,70,30.11,3,0.00
2019-02-18T19:00:00,76,70,30.08,3,NA
2019-02-18T19:53:00,75,70,30.12,0,0.00
2019-02-18T20:53:00,75,70,30.14,5,0.00
2019-02-18T21:53:00,75,70,30.16,0,0.00
2019-02-18T22:00:00,75,70,30.13,0,NA
2019-02-18T22:53:00,74,70,30.17,3,0.00
2019-02-18T23:53:00,74,70,30.18,6,0.00
2019-02-19T00:09:00,74,69,30.18,7,NA
2019-02-19T00:43:00,73,68,30.17,9,NA
2019-02-19T00:53:00,72,66,30.17,10,0.00
2019-02-19T01:00:00,72,66,30.14,10,NA
2019-02-19T01:53:00,69,64,30.16,8,0.00
2019-02-19T02:53:00,67,62,30.16,7,0.00
2019-02-19T03:53:00,67,61,30.15,7,0.00
2019-02-19T04:00:00,67,61,30.12,7,NA
2019-02-19T04:05:00,67,61,30.15,8,NA
2019-02-19T04:53:00,66,62,30.15,7,0.00
2019-02-19T05:53:00,66,63,30.16,8,0.00
2019-02-19T06:53:00,68,62,30.18,5,0.00
2019-02-19T07:00:00,68,62,30.15,5,NA
2019-02-19T07:36:00,68,63,30.19,8,NA
2019-02-19T07:53:00,68,63,30.20,7,0.00
2019-02-19T08:53:00,70,64,30.22,6,0.00
2019-02-19T09:21:00,72,64,30.22,8,NA
2019-02-19T09:53:00,73,66,30.23,8,0.00
2019-02-19T10:00:00,73,66,30.20,8,NA
2019-02-19T10:00:00,73,66,30.23,8,NA
2019-02-19T10:22:00,74,66,30.23,6,NA
2019-02-19T10:37:00,75,67,30.23,8,NA
2019-02-19T10:44:00,75,67,30.23,6,NA
2019-02-19T10:53:00,76,68,30.23,6,0.00
2019-02-19T11:53:00,80,69,30.21,6,0.00
2019-02-19T12:53:00,82,69,30.18,10,0.00
2019-02-19T13:00:00,82,69,30.15,10,NA
2019-02-19T13:53:00,84,69,30.14,8,0.00
2019-02-19T14:53:00,83,69,30.11,7,0.00
2019-02-19T15:53:00,82,68,30.09,5,0.00
2019-02-19T16:00:00,82,68,30.06,5,NA
2019-02-19T16:53:00,83,66,30.08,3,0.00
2019-02-19T17:53:00,82,65,30.08,0,0.00
2019-02-19T18:53:00,80,66,30.09,3,0.00
2019-02-19T19:00:00,80,66,30.06,3,NA
2019-02-19T19:53:00,77,67,30.11,7,0.00
2019-02-19T20:53:00,77,66,30.13,0,0.00
2019-02-19T21:53:00,77,65,30.14,3,0.00
2019-02-19T22:00:00,77,65,30.11,3,NA
2019-02-19T22:53:00,76,65,30.14,6,0.00
2019-02-19T23:53:00,74,64,30.13,6,0.00
2019-02-20T00:53:00,73,65,30.11,8,0.00
2019-02-20T01:00:00,73,65,30.08,8,NA
2019-02-20T01:53:00,73,66,30.10,8,0.00
2019-02-20T02:53:00,71,67,30.09,6,0.00
2019-02-20T03:53:00,71,67,30.07,7,0.00
2019-02-20T04:00:00,71,67,30.04,7,NA
2019-02-20T04:53:00,72,67,30.06,7,0.00
2019-02-20T05:53:00,72,68,30.07,9,0.00
2019-02-20T06:40:00,73,68,30.08,8,NA
2019-02-20T06:53:00,73,68,30.08,8,0.00
2019-02-20T07:00:00,73,68,30.05,8,NA
2019-02-20T07:53:00,73,69,30.09,7,0.00
2019-02-20T08:53:00,75,69,30.10,15,0.00
2019-02-20T09:51:00,79,70,30.11,10,NA
2019-02-20T09:53:00,78,70,30.11,11,0.00
2019-02-20T10:00:00,78,70,30.08,11,NA
2019-02-20T10:53:00,81,69,30.10,14,0.00
2019-02-20T11:01:00,81,69,30.10,14,NA
2019-02-20T11:53:00,82,68,30.09,15,0.00
2019-02-20T12:53:00,85,67,30.06,14,0.00
2019-02-20T13:00:00,85,67,30.03,14,NA
2019-02-20T13:53:00,84,69,30.04,10,0.00
2019-02-20T14:53:00,83,68,30.03,11,0.00
2019-02-20T15:53:00,81,69,30.03,15,0.00
2019-02-20T16:00:00,81,69,30.00,15,NA
2019-02-20T16:53:00,79,67,30.03,15,0.00
2019-02-20T17:53:00,79,67,30.05,10,0.00
2019-02-20T18:53:00,78,67,30.06,7,0.00
2019-02-20T19:00:00,78,67,30.03,7,NA
2019-02-20T19:53:00,76,67,30.07,7,0.00
2019-02-20T20:53:00,76,68,30.09,6,0.00
2019-02-20T21:53:00,75,67,30.09,6,0.00
2019-02-20T22:00:00,75,67,30.06,6,NA
2019-02-20T22:53:00,74,67,30.10,6,0.00
2019-02-20T23:53:00,74,66,30.10,5,0.00
2019-02-21T00:53:00,74,66,30.09,0,0.00
2019-02-21T01:00:00,74,66,30.06,0,NA
2019-02-21T01:53:00,73,67,30.09,3,0.00
2019-02-21T02:53:00,72,67,30.07,5,0.00
2019-02-21T03:53:00,72,66,30.07,6,0.00
2019-02-21T04:00:00,72,66,30.04,6,NA
2019-02-21T04:53:00,71,66,30.07,5,0.00
2019-02-21T05:53:00,70,65,30.08,6,0.00
2019-02-21T06:53:00,69,66,30.09,5,0.00
2019-02-21T07:00:00,69,66,30.06,5,NA
2019-02-21T07:53:00,71,67,30.11,6,0.00
2019-02-21T08:53:00,74,68,30.14,8,0.00
2019-02-21T09:53:00,77,68,30.15,6,0.00
2019-02-21T10:00:00,77,68,30.12,6,NA
2019-02-21T10:53:00,80,69,30.15,6,0.00
2019-02-21T11:53:00,82,69,30.13,7,0.00
2019-02-21T12:53:00,81,69,30.10,11,0.00
2019-02-21T13:00:00,81,69,30.07,11,NA
2019-02-21T13:53:00,80,69,30.08,13,0.00
2019-02-21T14:53:00,82,65,30.06,8,0.00
2019-02-21T15:53:00,80,69,30.06,9,0.00
2019-02-21T16:00:00,80,69,30.03,9,NA
2019-02-21T16:53:00,81,69,30.06,8,0.00
2019-02-21T17:53:00,78,68,30.06,6,0.00
2019-02-21T18:53:00,76,69,30.07,0,0.00
2019-02-21T19:00:00,76,69,30.04,0,NA
2019-02-21T19:53:00,76,68,30.08,5,0.00
2019-02-21T20:53:00,75,69,30.10,5,0.00
2019-02-21T21:53:00,75,69,30.11,0,0.00
2019-02-21T22:00:00,75,69,30.08,0,NA
2019-02-21T22:53:00,74,68,30.13,0,0.00
2019-02-21T23:53:00,74,68,30.12,0,0.00
2019-02-22T00:53:00,73,68,30.12,3,0.00
2019-02-22T01:00:00,73,68,30.09,3,NA
2019-02-22T01:53:00,73,68,30.12,5,0.00
2019-02-22T02:04:00,73,68,30.12,0,NA
2019-02-22T02:43:00,73,69,30.11,3,0.02
2019-02-22T02:53:00,73,69,30.11,5,0.02
2019-02-22T03:04:00,73,69,30.11,5,0.01
2019-02-22T03:53:00,73,69,30.11,5,0.01
2019-02-22T04:00:00,73,69,30.08,5,NA
2019-02-22T04:53:00,72,69,30.12,6,0.00
2019-02-22T05:53:00,72,68,30.13,6,0.00
2019-02-22T06:53:00,71,68,30.14,3,0.00
2019-02-22T07:00:00,71,68,30.11,3,NA
2019-02-22T07:53:00,72,68,30.16,3,0.00
2019-02-22T08:53:00,75,69,30.17,7,0.00
2019-02-22T09:53:00,78,69,30.18,9,0.00
2019-02-22T10:00:00,78,69,30.15,9,NA
2019-02-22T10:53:00,80,68,30.18,9,0.00
2019-02-22T11:53:00,83,67,30.17,9,0.00
2019-02-22T12:53:00,83,68,30.16,6,0.00
2019-02-22T13:00:00,83,68,30.13,6,NA
2019-02-22T13:53:00,84,68,30.12,10,0.00
2019-02-22T14:53:00,83,66,30.10,9,0.00
2019-02-22T15:53:00,84,66,30.09,11,0.00
2019-02-22T16:00:00,84,66,30.06,11,NA
2019-02-22T16:53:00,83,68,30.09,8,0.00
2019-02-22T17:53:00,78,69,30.11,9,0.00
2019-02-22T18:53:00,78,68,30.13,8,0.00
2019-02-22T19:00:00,78,68,30.10,8,NA
2019-02-22T19:53:00,78,68,30.14,5,0.00
2019-02-22T20:53:00,78,68,30.16,7,0.00
2019-02-22T21:53:00,76,68,30.16,6,0.00
2019-02-22T22:00:00,76,68,30.13,6,NA
2019-02-22T22:53:00,74,68,30.16,7,0.00
2019-02-22T23:53:00,76,68,30.15,7,0.00
2019-02-23T00:53:00,70,66,30.14,6,0.00
2019-02-23T01:00:00,70,66,30.11,6,NA
2019-02-23T01:53:00,72,70,30.13,0,0.00
2019-02-23T02:53:00,72,70,30.11,0,0.00
2019-02-23T03:53:00,70,66,30.10,0,0.00
2019-02-23T04:00:00,70,66,30.07,0,NA
2019-02-23T04:53:00,69,66,30.12,6,0.00
2019-02-23T05:53:00,72,69,30.13,6,0.00
2019-02-23T06:53:00,70,69,30.13,8,0.00
2019-02-23T07:00:00,70,69,30.10,8,NA
2019-02-23T07:53:00,72,69,30.15,9,0.00
2019-02-23T08:53:00,74,71,30.16,10,0.00
2019-02-23T09:53:00,77,70,30.17,10,0.00
2019-02-23T10:00:00,77,70,30.14,10,NA
2019-02-23T10:53:00,79,72,30.15,13,0.00
2019-02-23T11:53:00,83,69,30.14,13,0.00
2019-02-23T12:53:00,85,70,30.11,NA,0.00
2019-02-23T13:00:00,85,70,30.08,0,NA
2019-02-23T13:53:00,86,71,30.07,11,0.00
2019-02-23T14:53:00,86,70,30.05,11,0.00
2019-02-23T16:53:00,78,66,30.05,17,0.00
2019-02-23T17:53:00,77,64,30.06,15,0.00
2019-02-23T18:53:00,75,63,30.07,16,0.00
2019-02-23T19:00:00,75,63,30.04,16,NA
2019-02-23T19:53:00,75,63,30.08,15,0.00
2019-02-23T20:53:00,77,61,30.09,11,0.00
2019-02-23T21:53:00,76,62,30.10,10,0.00
2019-02-23T22:00:00,76,62,30.07,10,NA
2019-02-23T22:53:00,76,62,NA,9,0.00
2019-02-23T23:53:00,75,71,30.10,8,0.00
2019-02-24T00:53:00,75,72,30.09,9,0.00
2019-02-24T01:00:00,75,72,30.06,9,NA
2019-02-24T01:53:00,74,71,30.10,9,0.00
2019-02-24T02:53:00,74,71,30.08,8,0.00
2019-02-24T03:53:00,73,71,30.06,7,0.00
2019-02-24T04:00:00,73,71,30.03,7,NA
2019-02-24T04:21:00,73,71,30.06,7,NA
2019-02-24T04:53:00,73,71,30.07,7,0.00
2019-02-24T05:53:00,74,72,30.08,7,0.00
2019-02-24T06:53:00,74,73,30.08,14,0.00
2019-02-24T07:00:00,74,73,30.05,14,NA
2019-02-24T07:53:00,74,73,30.09,15,0.00
2019-02-24T08:53:00,74,72,30.11,16,0.00
2019-02-24T09:51:00,75,72,30.12,14,NA
2019-02-24T09:53:00,76,71,30.12,11,0.00
2019-02-24T10:00:00,76,71,30.09,11,NA
2019-02-24T10:53:00,77,71,30.12,15,0.00
2019-02-24T11:25:00,79,72,30.12,14,NA
2019-02-24T11:53:00,80,72,30.11,11,0.00
2019-02-24T12:53:00,80,71,30.09,15,0.00
2019-02-24T13:00:00,80,71,30.06,15,NA
2019-02-24T13:53:00,82,71,30.07,10,0.00
2019-02-24T14:53:00,82,71,30.06,13,0.00
2019-02-24T15:53:00,82,71,30.05,11,0.00
2019-02-24T16:00:00,82,71,30.02,11,NA
2019-02-24T16:53:00,81,71,30.05,9,0.00
2019-02-24T17:53:00,79,71,30.06,10,0.00
2019-02-24T18:22:00,75,69,30.07,10,NA
2019-02-24T18:37:00,73,67,30.07,7,T
2019-02-24T18:53:00,75,64,30.08,7,0.02s
2019-02-24T19:00:00,75,64,30.05,7,NA
2019-02-24T19:53:00,74,61,30.09,8,0.01
2019-02-24T20:53:00,73,61,30.10,6,0.00
2019-02-24T21:53:00,72,61,30.12,6,0.00
2019-02-24T22:00:00,72,61,30.09,6,NA
2019-02-24T22:07:00,72,61,30.12,5,NA
2019-02-24T22:24:00,73,61,30.12,5,NA
2019-02-24T22:53:00,71,60,30.12,3,0.00
2019-02-24T23:53:00,71,61,30.13,6,0.00
2019-02-25T00:53:00,69,60,30.14,7,0.00
2019-02-25T01:00:00,69,60,30.11,7,NA
2019-02-25T01:53:00,69,61,30.14,8,0.00
2019-02-25T02:53:00,68,54,30.15,9,0.00
2019-02-25T03:53:00,66,49,30.15,11,0.00
2019-02-25T04:00:00,66,49,30.12,11,NA
2019-02-25T04:53:00,65,47,30.16,8,0.00
2019-02-25T05:53:00,63,42,30.20,11,0.00
2019-02-25T06:53:00,62,37,30.24,11,0.00
2019-02-25T07:00:00,62,37,30.21,11,NA
2019-02-25T07:53:00,62,34,30.26,14,0.00
2019-02-25T08:53:00,63,35,30.29,13,0.00
2019-02-25T09:53:00,63,34,30.31,13,0.00
2019-02-25T10:00:00,63,34,30.28,13,NA
2019-02-25T10:53:00,67,39,30.31,11,0.00
2019-02-25T11:53:00,70,37,30.30,10,0.00
2019-02-25T12:53:00,74,39,30.28,11,0.00
2019-02-25T13:00:00,74,39,30.25,11,NA
2019-02-25T13:53:00,76,41,30.25,11,0.00
2019-02-25T14:53:00,78,44,30.24,9,0.00
2019-02-25T15:53:00,79,48,30.25,10,0.00
2019-02-25T16:00:00,79,48,30.22,10,NA
2019-02-25T16:53:00,78,50,30.25,9,0.00
2019-02-25T17:53:00,76,52,30.25,11,0.00
2019-02-25T18:53:00,74,53,30.26,9,0.00
2019-02-25T19:00:00,74,53,30.23,9,NA
2019-02-25T19:53:00,72,53,30.28,10,0.00
2019-02-25T20:53:00,71,52,30.30,10,0.00
2019-02-25T21:53:00,69,53,30.31,8,0.00
2019-02-25T22:00:00,69,53,30.28,8,NA
2019-02-25T22:53:00,68,53,30.29,8,0.00
2019-02-25T23:53:00,67,54,30.28,8,0.00
2019-02-26T00:53:00,65,54,30.27,9,0.00
2019-02-26T01:00:00,65,54,30.24,9,NA
2019-02-26T01:53:00,64,54,30.26,7,0.00
2019-02-26T02:53:00,64,55,30.24,5,0.00
2019-02-26T03:53:00,65,55,30.23,0,0.00
2019-02-26T04:00:00,65,55,30.20,0,NA
2019-02-26T04:53:00,64,55,30.22,7,0.00
2019-02-26T05:53:00,64,56,30.24,5,0.00
2019-02-26T06:53:00,64,56,30.24,7,0.00
2019-02-26T07:00:00,64,56,30.21,7,NA
2019-02-26T07:53:00,66,57,30.26,5,0.00
2019-02-26T08:53:00,69,58,30.27,6,0.00
2019-02-26T09:53:00,71,59,30.27,6,0.00
2019-02-26T10:00:00,71,59,30.24,6,NA
2019-02-26T10:53:00,72,59,30.28,7,0.00
2019-02-26T11:53:00,69,62,30.27,8,0.02
2019-02-26T12:12:00,67,63,30.29,7,0.06
2019-02-26T12:25:00,66,63,30.29,8,0.17
2019-02-26T12:53:00,66,63,30.27,7,0.52
2019-02-26T12:59:00,66,63,30.27,7,0.02
2019-02-26T13:00:00,66,63,30.24,7,NA
2019-02-26T13:14:00,66,64,30.27,8,0.13
2019-02-26T13:23:00,65,63,30.26,8,0.27
2019-02-26T13:34:00,65,63,30.25,9,0.43
2019-02-26T13:39:00,66,63,30.25,5,0.47
2019-02-26T13:51:00,66,64,30.25,0,NA
2019-02-26T13:53:00,66,64,30.25,0,0.60
2019-02-26T14:51:00,66,64,30.24,6,NA
2019-02-26T14:53:00,66,64,30.23,7,0.26
2019-02-26T15:49:00,66,64,30.23,5,0.12
2019-02-26T15:53:00,67,65,30.23,5,0.14
2019-02-26T16:00:00,67,65,30.20,5,NA
2019-02-26T16:19:00,67,65,30.22,5,0.15
2019-02-26T16:53:00,67,64,30.22,5,0.23
2019-02-26T17:51:00,66,64,30.25,6,NA
2019-02-26T17:53:00,67,65,30.25,7,0.24
2019-02-26T18:53:00,66,64,30.25,7,0.16
2019-02-26T19:00:00,66,64,30.22,7,NA
2019-02-26T19:53:00,66,64,30.25,7,0.10
2019-02-26T20:53:00,66,64,30.26,6,0.03
2019-02-26T21:53:00,65,61,30.23,8,0.02
2019-02-26T22:00:00,65,61,30.20,8,NA
2019-02-26T22:53:00,66,61,30.21,10,T
2019-02-26T23:53:00,66,61,30.18,14,T
2019-02-27T00:53:00,67,61,30.14,15,T
2019-02-27T01:00:00,67,61,30.11,15,NA
2019-02-27T01:53:00,68,61,30.14,3,0.00
2019-02-27T02:53:00,66,61,30.15,0,T
2019-02-27T03:53:00,64,61,30.14,6,0.00
2019-02-27T04:00:00,64,61,30.11,6,NA
2019-02-27T04:53:00,63,60,30.13,6,0.00
2019-02-27T05:53:00,62,60,30.13,5,0.00
2019-02-27T06:53:00,62,60,30.13,5,0.00
2019-02-27T07:00:00,62,60,30.10,5,NA
2019-02-27T07:53:00,64,61,30.14,5,0.00
2019-02-27T08:53:00,68,62,30.16,6,0.00
2019-02-27T09:53:00,72,64,30.15,5,0.00
2019-02-27T10:00:00,72,64,30.12,5,NA
2019-02-27T10:53:00,75,64,30.14,5,0.00
2019-02-27T11:53:00,78,65,30.12,10,0.00
2019-02-27T12:53:00,77,67,30.11,8,0.00
2019-02-27T13:00:00,77,67,30.08,8,NA
2019-02-27T13:53:00,77,66,30.09,8,0.00
2019-02-27T14:29:00,77,67,30.08,14,NA
2019-02-27T14:39:00,75,66,30.08,17,NA
2019-02-27T14:48:00,73,66,30.08,14,NA
2019-02-27T14:53:00,74,66,30.08,13,0.00
2019-02-27T15:53:00,72,67,30.07,11,0.01s
2019-02-27T16:00:00,72,67,30.04,11,NA
2019-02-27T16:51:00,72,66,30.05,8,NA
2019-02-27T16:53:00,71,67,30.04,7,0.03
2019-02-27T17:35:00,71,68,30.01,5,T
2019-02-27T17:53:00,71,68,30.01,0,T
2019-02-27T18:40:00,70,67,30.02,0,NA
2019-02-27T18:53:00,70,67,30.00,0,0.00
2019-02-27T19:00:00,70,67,29.97,0,NA
2019-02-27T19:46:00,70,67,30.02,5,NA
2019-02-27T19:53:00,70,67,30.03,5,0.00
2019-02-27T20:51:00,70,66,30.04,5,NA
2019-02-27T20:53:00,69,67,30.04,5,0.00
2019-02-27T21:53:00,68,65,30.05,5,0.00
2019-02-27T22:00:00,68,65,30.02,5,NA
2019-02-27T22:20:00,69,65,30.05,6,NA
2019-02-27T22:51:00,68,64,30.05,7,NA
2019-02-27T22:53:00,68,65,30.05,8,0.00
2019-02-27T23:53:00,67,65,30.06,6,0.00
2019-02-28T00:53:00,66,64,30.06,3,0.00
2019-02-28T01:00:00,66,64,30.03,3,NA
2019-02-28T01:09:00,66,64,30.06,3,NA
2019-02-28T01:53:00,65,63,30.05,3,0.00
2019-02-28T02:00:00,65,62,30.05,5,NA
2019-02-28T02:53:00,64,61,30.04,5,0.00
2019-02-28T03:53:00,64,62,30.04,5,0.00
2019-02-28T04:00:00,64,62,30.01,5,NA
2019-02-28T04:53:00,63,61,30.04,5,0.00
2019-02-28T05:53:00,63,61,30.05,3,0.00
2019-02-28T06:53:00,63,61,30.06,0,0.00
2019-02-28T07:00:00,63,61,30.03,0,NA
2019-02-28T07:53:00,66,62,30.08,7,0.00
2019-02-28T08:44:00,69,63,30.10,7,NA
2019-02-28T08:53:00,69,62,30.10,8,0.00
2019-02-28T09:51:00,70,63,30.10,6,NA
2019-02-28T09:53:00,70,62,30.10,7,0.00
2019-02-28T10:00:00,70,62,30.07,7,NA
2019-02-28T10:53:00,72,62,30.10,0,0.00
2019-02-28T11:53:00,73,63,30.09,9,0.00
2019-02-28T12:53:00,74,62,30.07,7,0.00
2019-02-28T13:00:00,74,62,30.04,7,NA
2019-02-28T13:53:00,75,64,30.06,9,0.00
2019-02-28T14:53:00,79,62,30.05,10,0.00
2019-02-28T15:53:00,76,60,30.05,11,0.00
2019-02-28T16:00:00,76,60,30.02,11,NA
2019-02-28T16:53:00,75,59,30.04,11,0.00
2019-02-28T17:53:00,72,61,30.06,11,0.00
2019-02-28T18:53:00,69,61,30.07,7,0.00
2019-02-28T19:00:00,69,61,30.04,7,NA
2019-02-28T19:53:00,68,61,30.08,6,0.00
2019-02-28T20:53:00,67,62,30.10,5,0.00
2019-02-28T21:53:00,67,62,30.11,6,0.00
2019-02-28T22:00:00,67,62,30.08,6,NA
2019-02-28T22:53:00,67,62,30.11,3,0.00
2019-02-28T23:53:00,66,62,30.09,0,0.00
2019-03-01T00:53:00,66,61,30.08,0,0.00
2019-03-01T01:00:00,66,61,30.05,0,NA
2019-03-01T01:53:00,66,62,30.06,0,0.00
2019-03-01T02:53:00,65,62,30.06,0,0.00
2019-03-01T03:53:00,65,61,30.07,3,0.00
2019-03-01T04:00:00,65,61,30.04,3,NA
2019-03-01T04:53:00,65,62,30.07,0,0.00
2019-03-01T05:53:00,66,62,30.09,3,0.00
2019-03-01T06:53:00,66,62,30.09,6,0.00
2019-03-01T07:00:00,66,62,30.06,6,NA
2019-03-01T07:53:00,67,63,30.13,0,0.00
2019-03-01T08:53:00,68,64,30.14,3,0.00
2019-03-01T09:53:00,71,64,30.16,0,0.00
2019-03-01T10:00:00,71,64,30.13,0,NA
2019-03-01T10:53:00,76,64,30.13,6,0.00
2019-03-01T11:53:00,76,67,30.13,8,0.00
2019-03-01T12:53:00,78,64,30.10,9,0.00
2019-03-01T13:00:00,78,64,30.07,9,NA
2019-03-01T13:53:00,79,64,30.08,10,0.00
2019-03-01T14:53:00,81,63,30.07,7,0.00
2019-03-01T15:53:00,81,64,30.07,9,0.00
2019-03-01T16:00:00,81,64,30.04,9,NA
2019-03-01T16:53:00,77,62,30.09,11,0.00
2019-03-01T17:53:00,75,63,30.08,7,0.00
2019-03-01T18:53:00,73,63,30.10,6,0.00
2019-03-01T19:00:00,73,63,30.07,6,NA
2019-03-01T19:53:00,73,64,30.11,6,0.00
2019-03-01T20:53:00,70,62,30.15,7,0.00
2019-03-01T21:53:00,71,61,30.14,0,0.00
2019-03-01T22:00:00,71,61,30.11,0,NA
2019-03-01T22:53:00,69,61,30.14,3,0.00
2019-03-01T23:53:00,68,63,30.14,5,0.00
2019-03-02T00:53:00,68,63,30.12,3,0.00
2019-03-02T01:00:00,68,63,30.09,3,NA
2019-03-02T01:53:00,68,63,30.11,3,0.00
2019-03-02T02:53:00,67,62,30.09,5,0.00
2019-03-02T03:53:00,67,62,30.08,3,0.00
2019-03-02T04:00:00,67,62,30.05,3,NA
2019-03-02T04:53:00,64,61,30.09,0,0.00
2019-03-02T05:53:00,65,61,30.11,0,0.00
2019-03-02T06:46:00,66,62,30.11,3,NA
2019-03-02T06:53:00,66,62,30.10,3,0.00
2019-03-02T07:00:00,66,62,30.07,3,NA
2019-03-02T07:53:00,68,64,30.12,5,0.00
2019-03-02T08:53:00,72,64,30.13,3,0.00
2019-03-02T09:53:00,75,64,30.14,7,0.00
2019-03-02T10:00:00,75,64,30.11,7,NA
2019-03-02T10:53:00,77,65,30.14,9,0.00
2019-03-02T11:53:00,78,65,30.12,13,0.00
2019-03-02T12:53:00,79,67,30.11,11,0.00
2019-03-02T13:00:00,79,67,30.08,11,NA
2019-03-02T13:53:00,79,65,30.08,10,0.00
2019-03-02T14:53:00,80,65,30.07,9,0.00
2019-03-02T15:53:00,79,65,30.06,7,0.00
2019-03-02T16:00:00,79,65,30.03,7,NA
2019-03-02T16:53:00,79,63,30.07,8,0.00
2019-03-02T17:53:00,77,63,30.07,5,0.00
2019-03-02T18:53:00,74,61,30.07,5,0.00
2019-03-02T19:00:00,74,61,30.04,5,NA
2019-03-02T19:53:00,71,63,30.09,7,0.00
2019-03-02T20:53:00,70,65,30.09,0,0.00
2019-03-02T21:53:00,71,66,30.09,3,0.00
2019-03-02T22:00:00,71,66,30.06,3,NA
2019-03-02T22:53:00,70,66,30.09,0,0.00
2019-03-02T23:53:00,69,66,30.08,3,0.00
2019-03-03T00:53:00,67,65,30.08,5,0.00
2019-03-03T01:00:00,67,65,30.05,5,NA
2019-03-03T01:53:00,68,64,30.05,0,0.00
2019-03-03T02:53:00,67,64,30.03,0,0.00
2019-03-03T03:53:00,65,63,30.02,0,0.00
2019-03-03T04:00:00,65,63,29.99,0,NA
2019-03-03T04:00:00,66,63,30.02,0,NA
2019-03-03T04:53:00,66,64,30.01,0,0.00
2019-03-03T05:53:00,67,64,30.02,0,0.00
2019-03-03T06:53:00,64,62,30.03,0,0.00
2019-03-03T07:00:00,64,62,30.00,0,NA
2019-03-03T07:51:00,68,64,30.05,6,NA
2019-03-03T07:53:00,68,65,30.05,6,0.00
2019-03-03T08:53:00,72,64,30.05,3,0.00
2019-03-03T09:53:00,74,65,30.05,5,0.00
2019-03-03T10:00:00,74,65,30.02,5,NA
2019-03-03T10:53:00,76,66,30.04,7,0.00
2019-03-03T11:53:00,79,61,30.01,9,0.00
2019-03-03T12:53:00,80,58,29.98,14,0.00
2019-03-03T13:00:00,80,58,29.95,14,NA
2019-03-03T13:53:00,81,58,29.94,11,0.00
2019-03-03T14:53:00,81,60,29.91,11,0.00
2019-03-03T15:53:00,80,62,29.90,11,0.00
2019-03-03T16:00:00,80,62,29.87,11,NA
2019-03-03T16:53:00,78,62,29.90,13,0.00
2019-03-03T17:53:00,75,64,29.90,10,0.00
2019-03-03T18:53:00,73,66,29.91,14,0.00
2019-03-03T19:00:00,73,66,29.88,14,NA
2019-03-03T19:53:00,71,67,29.92,10,0.00
2019-03-03T20:49:00,72,68,29.93,10,NA
2019-03-03T20:53:00,72,68,29.93,10,0.00
2019-03-03T21:53:00,72,69,29.93,13,0.00
2019-03-03T22:00:00,72,69,29.90,13,NA
2019-03-03T22:06:00,72,68,29.93,10,NA
2019-03-03T22:41:00,73,69,29.94,10,NA
2019-03-03T22:53:00,72,69,29.93,10,0.00
2019-03-03T23:53:00,73,70,29.93,9,0.00
2019-03-04T00:53:00,73,70,29.92,9,0.00
2019-03-04T01:00:00,73,70,29.89,9,NA
2019-03-04T01:53:00,73,70,29.91,10,0.00
2019-03-04T02:51:00,73,70,29.90,9,NA
2019-03-04T02:53:00,74,70,29.90,9,0.00
2019-03-04T03:38:00,74,70,29.90,10,NA
2019-03-04T03:53:00,74,71,29.89,11,0.00
2019-03-04T04:00:00,74,71,29.86,11,NA
2019-03-04T04:33:00,70,67,29.93,23,0.05
2019-03-04T04:39:00,70,66,29.92,13,0.44
2019-03-04T04:53:00,68,67,29.92,0,1.31
2019-03-04T05:04:00,68,67,29.92,0,0.15
2019-03-04T05:14:00,68,67,29.92,0,0.18
2019-03-04T05:51:00,70,66,29.93,0,NA
2019-03-04T05:53:00,69,67,29.93,0,0.10
2019-03-04T06:22:00,70,67,29.94,6,T
2019-03-04T06:53:00,70,67,29.94,3,0.05
2019-03-04T07:00:00,70,67,29.91,3,NA
2019-03-04T07:53:00,71,68,29.96,5,0.01
2019-03-04T08:53:00,73,69,29.97,8,0.00
2019-03-04T09:51:00,75,68,29.98,7,NA
2019-03-04T09:53:00,75,68,29.98,7,0.00
2019-03-04T10:00:00,75,68,29.95,7,NA
2019-03-04T10:06:00,75,68,29.98,8,NA
2019-03-04T10:53:00,77,68,29.98,8,0.00
2019-03-04T11:53:00,77,67,29.98,11,0.00
2019-03-04T12:53:00,76,66,29.98,13,0.00
2019-03-04T13:00:00,76,66,29.95,13,NA
2019-03-04T13:53:00,75,65,29.96,11,0.00
2019-03-04T14:53:00,76,64,29.96,17,0.00
2019-03-04T15:53:00,73,64,29.96,10,0.00
2019-03-04T16:00:00,73,64,29.93,10,NA
2019-03-04T16:04:00,73,64,29.96,10,NA
2019-03-04T16:53:00,70,62,29.97,10,0.00
2019-03-04T17:29:00,68,61,29.99,11,NA
2019-03-04T17:53:00,67,60,30.00,11,0.00
2019-03-04T18:53:00,66,59,30.02,10,0.00
2019-03-04T19:00:00,66,59,29.99,10,NA
2019-03-04T19:53:00,64,58,30.03,10,0.00
2019-03-04T20:53:00,63,57,30.04,8,0.00
2019-03-04T21:53:00,63,56,30.05,8,0.00
2019-03-04T22:00:00,63,56,30.02,8,NA
2019-03-04T22:15:00,62,56,30.05,5,NA
2019-03-04T22:53:00,62,56,30.06,7,0.00
2019-03-04T23:53:00,61,55,30.03,5,0.00
2019-03-05T00:53:00,61,55,30.01,3,0.00
2019-03-05T01:00:00,61,55,29.98,3,NA
2019-03-05T01:53:00,61,56,30.02,3,0.00
2019-03-05T02:53:00,61,55,30.01,3,0.00
2019-03-05T03:17:00,62,56,30.02,7,NA
2019-03-05T03:53:00,63,56,30.02,7,0.00
2019-03-05T04:00:00,63,56,29.99,7,NA
2019-03-05T04:39:00,62,55,30.01,5,NA
2019-03-05T04:53:00,62,55,30.00,3,0.00
2019-03-05T05:53:00,62,55,30.00,0,0.00
2019-03-05T06:53:00,61,56,30.03,8,0.00
2019-03-05T07:00:00,61,56,30.00,8,NA
2019-03-05T07:00:00,61,56,30.04,9,NA
2019-03-05T07:51:00,61,55,30.08,14,NA
2019-03-05T07:53:00,60,55,30.08,14,0.00
2019-03-05T08:51:00,55,52,30.13,14,NA
2019-03-05T08:53:00,55,51,30.13,13,0.02
2019-03-05T09:01:00,55,51,30.13,10,T
2019-03-05T09:18:00,54,51,30.14,8,0.03
2019-03-05T09:26:00,54,51,30.14,8,0.07
2019-03-05T09:36:00,54,52,30.14,9,0.09
2019-03-05T09:51:00,54,52,30.15,9,NA
2019-03-05T09:53:00,54,51,30.15,9,0.13
2019-03-05T10:00:00,54,51,30.12,9,NA
2019-03-05T10:09:00,54,51,30.15,6,0.01
2019-03-05T10:25:00,55,52,30.15,7,0.02
2019-03-05T10:53:00,56,53,30.15,7,0.01
2019-03-05T11:04:00,56,53,30.15,6,NA
2019-03-05T11:53:00,59,54,30.13,8,0.00
2019-03-05T12:12:00,59,53,30.12,10,NA
2019-03-05T12:53:00,58,52,30.12,10,0.00
2019-03-05T13:00:00,58,52,30.09,10,NA
2019-03-05T13:53:00,59,52,30.10,11,0.00
2019-03-05T14:53:00,57,50,30.11,11,0.00
2019-03-05T15:53:00,58,50,30.11,10,0.00
2019-03-05T16:00:00,58,50,30.08,10,NA
2019-03-05T16:53:00,58,49,30.11,13,0.00
2019-03-05T17:53:00,56,47,30.13,11,0.00
2019-03-05T18:53:00,55,46,30.15,14,0.00
2019-03-05T19:00:00,55,46,30.12,14,NA
2019-03-05T19:53:00,53,45,30.18,8,0.00
2019-03-05T20:33:00,53,45,30.20,5,NA
2019-03-05T20:51:00,54,45,30.20,3,NA
2019-03-05T20:53:00,53,45,30.20,3,0.00
2019-03-05T21:53:00,53,46,30.22,5,0.00
2019-03-05T22:00:00,53,46,30.19,5,NA
2019-03-05T22:53:00,53,46,30.23,3,0.00
2019-03-05T23:53:00,52,45,30.23,6,0.00
2019-03-06T00:53:00,52,35,30.25,11,0.00
2019-03-06T01:00:00,52,35,30.22,11,NA
2019-03-06T01:53:00,50,30,30.26,8,0.00
2019-03-06T02:53:00,49,30,30.25,8,0.00
2019-03-06T03:53:00,48,27,30.27,10,0.00
2019-03-06T04:00:00,48,27,30.24,10,NA
2019-03-06T04:53:00,47,25,30.29,11,0.00
2019-03-06T05:53:00,45,25,30.30,11,0.00
2019-03-06T06:53:00,43,26,30.32,11,0.00
2019-03-06T07:00:00,43,26,30.29,11,NA
2019-03-06T07:53:00,44,22,30.34,15,0.00
2019-03-06T08:53:00,47,23,30.36,14,0.00
2019-03-06T09:53:00,50,24,30.38,11,0.00
2019-03-06T10:00:00,50,24,30.35,11,NA
2019-03-06T10:53:00,53,22,30.37,8,0.00
2019-03-06T11:53:00,56,24,30.37,7,0.00
2019-03-06T12:53:00,59,25,30.34,11,0.00
2019-03-06T13:00:00,59,25,30.31,11,NA
2019-03-06T13:53:00,61,25,30.31,8,0.00
2019-03-06T14:53:00,63,22,30.28,10,0.00
2019-03-06T15:53:00,63,22,30.27,7,0.00
2019-03-06T16:00:00,63,22,30.24,7,NA
2019-03-06T16:53:00,63,20,30.27,7,0.00
2019-03-06T17:53:00,60,33,30.28,9,0.00
2019-03-06T18:53:00,55,34,30.29,8,0.00
2019-03-06T19:00:00,55,34,30.26,8,NA
2019-03-06T19:53:00,53,36,30.31,9,0.00
2019-03-06T20:53:00,52,36,30.34,9,0.00
2019-03-06T21:53:00,51,37,30.36,8,0.00
2019-03-06T22:00:00,51,37,30.33,8,NA
2019-03-06T22:53:00,51,35,30.35,7,0.00
2019-03-06T23:53:00,50,33,30.34,3,0.00
2019-03-07T00:53:00,49,36,30.33,3,0.00
2019-03-07T01:53:00,48,41,30.32,8,0.00
2019-03-07T02:53:00,48,41,30.32,10,0.00
2019-03-07T03:53:00,48,41,30.31,10,0.00
2019-03-07T04:00:00,48,41,30.28,10,NA
2019-03-07T04:53:00,46,39,30.31,9,0.00
2019-03-07T05:53:00,43,37,30.33,10,0.00
2019-03-07T06:53:00,45,36,30.34,11,0.00
2019-03-07T07:00:00,45,36,30.31,11,NA
2019-03-07T07:53:00,50,36,30.34,7,0.00
2019-03-07T08:53:00,54,36,30.35,15,0.00
2019-03-07T09:53:00,54,36,30.37,11,0.00
2019-03-07T10:00:00,54,36,30.34,11,NA
2019-03-07T10:53:00,64,44,30.35,5,0.00
2019-03-07T11:53:00,67,46,30.32,5,0.00
2019-03-07T12:53:00,69,44,30.30,6,0.00
2019-03-07T13:00:00,69,44,30.27,6,NA
2019-03-07T13:53:00,71,43,30.26,3,0.00
2019-03-07T14:53:00,73,42,30.23,5,0.00
2019-03-07T15:53:00,74,42,30.22,5,0.00
2019-03-07T16:00:00,74,42,30.19,5,NA
2019-03-07T16:53:00,73,40,30.21,6,0.00
2019-03-07T17:53:00,71,41,30.21,5,0.00
2019-03-07T18:53:00,65,49,30.22,11,0.00
2019-03-07T19:00:00,65,49,30.19,11,NA
2019-03-07T19:53:00,63,49,30.24,6,0.00
2019-03-07T20:53:00,61,49,30.26,5,0.00
2019-03-07T21:53:00,61,47,30.27,0,0.00
2019-03-07T22:00:00,61,47,30.24,0,NA
2019-03-07T22:53:00,60,49,30.26,0,0.00
2019-03-07T23:53:00,61,49,30.25,3,0.00
2019-03-08T00:53:00,60,50,30.24,3,0.00
2019-03-08T01:00:00,60,50,30.21,3,NA
2019-03-08T01:53:00,58,50,30.23,0,0.00
2019-03-08T02:53:00,57,50,30.22,3,0.00
2019-03-08T03:53:00,57,50,30.18,0,0.00
2019-03-08T04:00:00,57,50,30.15,0,NA
2019-03-08T04:53:00,57,50,30.17,6,0.00
2019-03-08T05:53:00,58,50,30.18,6,0.00
2019-03-08T06:53:00,57,50,30.21,0,0.00
2019-03-08T07:00:00,57,50,30.18,0,NA
2019-03-08T07:53:00,59,51,30.23,5,0.00
2019-03-08T08:53:00,66,52,30.23,6,0.00
2019-03-08T09:53:00,70,53,30.24,8,0.00
2019-03-08T10:00:00,70,53,30.21,8,NA
2019-03-08T10:53:00,72,54,30.24,8,0.00
2019-03-08T11:53:00,74,53,30.23,8,0.00
2019-03-08T12:53:00,76,52,30.20,7,0.00
2019-03-08T13:00:00,76,52,30.17,7,NA
2019-03-08T13:53:00,76,55,30.16,8,0.00
2019-03-08T14:53:00,76,53,30.14,8,0.00
2019-03-08T15:53:00,76,51,30.12,7,0.00
2019-03-08T16:00:00,76,51,30.09,7,NA
2019-03-08T16:53:00,76,51,30.12,7,0.00
2019-03-08T17:53:00,73,58,30.12,7,0.00
2019-03-08T18:53:00,72,55,30.13,8,0.00
2019-03-08T19:00:00,72,55,30.10,8,NA
2019-03-08T19:53:00,69,53,30.12,5,0.00
2019-03-08T20:53:00,67,55,30.13,5,0.00
2019-03-08T21:53:00,67,54,30.12,0,0.00
2019-03-08T22:00:00,67,54,30.09,0,NA
2019-03-08T22:53:00,67,54,30.13,3,0.00
2019-03-08T23:53:00,66,54,30.13,3,0.00
2019-03-09T00:53:00,65,53,30.13,5,0.00
2019-03-09T01:00:00,65,53,30.10,5,NA
2019-03-09T01:53:00,63,53,30.11,3,0.00
2019-03-09T02:53:00,63,54,30.09,5,0.00
2019-03-09T03:53:00,62,55,30.09,3,0.00
2019-03-09T04:00:00,62,55,30.06,3,NA
2019-03-09T04:53:00,63,56,30.10,3,0.00
2019-03-09T05:53:00,63,56,30.10,3,0.00
2019-03-09T06:53:00,64,57,30.10,3,0.00
2019-03-09T07:00:00,64,57,30.07,3,NA
2019-03-09T07:53:00,65,58,30.12,6,0.00
2019-03-09T08:53:00,71,62,30.13,7,0.00
2019-03-09T09:53:00,75,63,30.14,7,0.00
2019-03-09T10:00:00,75,63,30.11,7,NA
2019-03-09T10:53:00,77,64,30.13,10,0.00
2019-03-09T11:53:00,79,62,30.11,7,0.00
2019-03-09T12:53:00,81,62,30.08,7,0.00
2019-03-09T13:00:00,81,62,30.05,7,NA
2019-03-09T13:53:00,81,61,30.05,8,0.00
2019-03-09T14:53:00,83,61,30.02,11,0.00
2019-03-09T15:53:00,81,64,30.01,10,0.00
2019-03-09T16:00:00,81,64,29.98,10,NA
2019-03-09T16:53:00,77,64,30.03,6,0.00
2019-03-09T17:53:00,76,64,30.05,9,0.00
2019-03-09T18:53:00,73,63,30.07,6,0.00
2019-03-09T19:00:00,73,63,30.04,6,NA
2019-03-09T19:53:00,74,62,30.09,0,0.00
2019-03-09T20:53:00,74,62,30.11,0,0.00
2019-03-09T21:53:00,75,62,30.12,0,0.00
2019-03-09T22:00:00,75,62,30.09,0,NA
2019-03-09T22:53:00,74,63,30.11,0,0.00
2019-03-09T23:53:00,73,63,30.10,0,0.00
2019-03-10T00:53:00,72,63,30.08,6,0.00
2019-03-10T01:00:00,72,63,30.05,6,NA
2019-03-10T01:53:00,72,63,30.08,3,0.00
2019-03-10T02:53:00,70,63,30.08,0,0.00
2019-03-10T03:53:00,72,63,30.09,0,0.00
2019-03-10T04:00:00,72,63,30.06,0,NA
2019-03-10T04:53:00,71,64,30.11,0,0.00
2019-03-10T05:53:00,70,64,30.12,0,0.00
2019-03-10T06:05:00,70,64,30.12,3,NA
2019-03-10T06:53:00,70,65,30.14,0,0.00
2019-03-10T07:00:00,70,65,30.11,0,NA
2019-03-10T07:53:00,71,66,30.16,6,0.00
2019-03-10T08:18:00,72,66,30.16,5,NA
2019-03-10T08:42:00,73,67,30.17,5,NA
2019-03-10T08:53:00,73,67,30.17,7,0.00
2019-03-10T09:53:00,74,69,30.19,7,0.00
2019-03-10T10:00:00,74,69,30.16,7,NA
2019-03-10T10:27:00,77,69,30.18,7,NA
2019-03-10T10:51:00,77,70,30.18,7,NA
2019-03-10T10:53:00,77,69,30.17,9,0.00
2019-03-10T11:53:00,79,68,30.17,3,0.00
2019-03-10T12:53:00,80,69,30.14,10,0.00
2019-03-10T13:00:00,80,69,30.11,10,NA
2019-03-10T13:53:00,81,69,30.13,10,0.00
2019-03-10T14:53:00,81,69,30.13,9,0.00
2019-03-10T15:53:00,80,67,30.14,9,0.00
2019-03-10T16:00:00,80,67,30.11,9,NA
2019-03-10T16:53:00,79,67,30.13,7,0.00
2019-03-10T17:53:00,77,67,30.13,7,0.00
2019-03-10T18:53:00,76,66,30.15,6,0.00
2019-03-10T19:00:00,76,66,30.12,6,NA
2019-03-10T19:53:00,73,66,30.16,7,0.00
2019-03-10T20:53:00,73,67,30.17,6,0.00
2019-03-10T21:53:00,71,67,30.18,5,0.00
2019-03-10T22:00:00,71,67,30.15,5,NA
2019-03-10T22:53:00,71,67,30.18,3,0.00
2019-03-10T23:53:00,70,67,30.17,0,0.00
2019-03-11T00:53:00,70,67,30.17,3,0.00
2019-03-11T01:00:00,70,67,30.14,3,NA
2019-03-11T01:53:00,69,67,30.18,0,0.00
2019-03-11T02:53:00,70,67,30.16,0,0.00
2019-03-11T03:53:00,69,67,30.15,0,0.00
2019-03-11T04:00:00,69,67,30.12,0,NA
2019-03-11T04:25:00,69,66,30.15,0,NA
2019-03-11T04:53:00,69,66,30.15,0,0.00
2019-03-11T05:24:00,69,66,30.16,0,NA
2019-03-11T05:53:00,69,67,30.17,3,0.00
2019-03-11T06:19:00,69,67,30.17,3,NA
2019-03-11T06:53:00,69,67,30.19,0,0.00
2019-03-11T06:56:00,69,67,30.19,0,NA
2019-03-11T07:00:00,69,67,30.16,0,NA
2019-03-11T07:53:00,70,67,30.20,0,0.00
2019-03-11T08:53:00,71,68,30.22,0,0.00
2019-03-11T09:14:00,71,67,30.22,0,NA
2019-03-11T09:46:00,74,68,30.22,3,NA
2019-03-11T09:53:00,73,68,30.22,5,0.00
2019-03-11T10:00:00,73,68,30.19,5,NA
2019-03-11T10:53:00,76,69,30.22,6,0.00
2019-03-11T11:53:00,78,67,30.22,5,0.00
2019-03-11T12:53:00,79,67,30.19,7,0.00
2019-03-11T13:00:00,79,67,30.16,7,NA
2019-03-11T13:53:00,80,68,30.17,7,0.00
2019-03-11T14:53:00,81,68,30.15,9,0.00
2019-03-11T15:53:00,81,67,30.14,9,0.00
2019-03-11T16:00:00,81,67,30.11,9,NA
2019-03-11T16:53:00,80,66,30.13,10,0.00
2019-03-11T17:53:00,77,67,30.14,8,0.00
2019-03-11T18:53:00,73,67,30.15,8,0.00
2019-03-11T19:00:00,73,67,30.12,8,NA
2019-03-11T19:53:00,71,67,30.19,10,0.00
2019-03-11T20:16:00,70,67,30.20,13,NA
2019-03-11T20:38:00,71,66,30.19,9,NA
2019-03-11T20:49:00,72,66,30.20,9,NA
2019-03-11T20:53:00,71,66,30.20,8,0.00
2019-03-11T21:24:00,70,66,30.20,7,NA
2019-03-11T21:53:00,69,66,30.20,8,0.00
2019-03-11T22:00:00,69,66,30.17,8,NA
2019-03-11T22:53:00,69,66,30.19,3,0.00
2019-03-11T23:53:00,67,65,30.18,3,0.00
2019-03-12T00:53:00,67,65,30.16,0,0.00
2019-03-12T01:00:00,67,65,30.13,0,NA
2019-03-12T01:53:00,66,64,30.14,5,0.00
2019-03-12T02:07:00,66,64,30.14,6,NA
2019-03-12T02:53:00,66,64,30.13,3,0.00
2019-03-12T03:18:00,66,64,30.13,0,NA
2019-03-12T03:53:00,65,64,30.13,3,0.00
2019-03-12T04:00:00,65,64,30.10,3,NA
2019-03-12T04:53:00,66,64,30.13,3,0.00
2019-03-12T05:21:00,66,64,30.13,3,NA
2019-03-12T05:53:00,66,65,30.14,6,0.00
2019-03-12T06:53:00,68,66,30.15,9,0.00
2019-03-12T07:00:00,68,66,30.12,9,NA
2019-03-12T07:10:00,68,66,30.15,10,NA
2019-03-12T07:53:00,69,67,30.16,8,0.00
2019-03-12T08:29:00,70,67,30.17,7,NA
2019-03-12T08:45:00,72,66,30.18,9,NA
2019-03-12T08:53:00,72,66,30.18,8,0.00
2019-03-12T09:36:00,71,66,30.18,8,NA
2019-03-12T09:41:00,72,64,30.18,6,NA
2019-03-12T09:53:00,72,64,30.18,8,0.00
2019-03-12T10:00:00,72,64,30.15,8,NA
2019-03-12T10:53:00,73,64,30.18,11,0.00
2019-03-12T11:15:00,74,65,30.17,7,NA
2019-03-12T11:53:00,73,64,30.17,7,0.00
2019-03-12T12:53:00,75,66,30.15,7,0.00
2019-03-12T13:00:00,75,66,30.12,7,NA
2019-03-12T13:53:00,73,64,30.14,6,0.00
2019-03-12T14:16:00,76,65,30.13,7,NA
2019-03-12T14:53:00,75,64,30.13,6,0.00
2019-03-12T15:06:00,74,65,30.12,9,NA
2019-03-12T15:22:00,75,65,30.12,9,NA
2019-03-12T15:53:00,77,64,30.11,8,0.00
2019-03-12T16:00:00,77,64,30.08,8,NA
2019-03-12T16:53:00,76,63,30.12,9,0.00
2019-03-12T17:53:00,75,63,30.13,9,0.00
2019-03-12T18:53:00,72,61,30.15,8,0.00
2019-03-12T19:00:00,72,61,30.12,8,NA
2019-03-12T19:53:00,71,61,30.15,8,0.00
2019-03-12T20:53:00,70,60,30.17,5,0.00
2019-03-12T21:53:00,69,59,30.17,7,0.00
2019-03-12T22:00:00,69,59,30.14,7,NA
2019-03-12T22:53:00,68,58,30.16,6,0.00
2019-03-12T23:53:00,67,58,30.16,6,0.00
2019-03-13T00:53:00,65,57,30.16,7,0.00
2019-03-13T01:00:00,65,57,30.13,7,NA
2019-03-13T01:53:00,65,57,30.14,6,0.00
2019-03-13T02:53:00,64,57,30.12,6,0.00
2019-03-13T03:53:00,63,57,30.11,7,0.00
2019-03-13T04:00:00,63,57,30.08,7,NA
2019-03-13T04:53:00,63,57,30.10,6,0.00
2019-03-13T05:53:00,63,58,30.12,7,0.00
2019-03-13T06:53:00,64,58,30.13,7,0.00
2019-03-13T07:53:00,66,58,30.14,7,0.00
2019-03-13T08:53:00,71,59,30.14,8,0.00
2019-03-13T09:53:00,74,59,30.14,11,0.00
2019-03-13T10:53:00,77,60,30.14,14,0.00
2019-03-13T11:53:00,78,60,30.13,10,0.00
2019-03-13T12:53:00,80,60,30.11,8,0.00
2019-03-13T13:00:00,80,60,30.08,8,NA
2019-03-13T13:53:00,79,59,30.09,10,0.00
2019-03-13T14:53:00,81,58,30.08,10,0.00
2019-03-13T15:53:00,82,57,30.07,9,0.00
2019-03-13T16:00:00,82,57,30.04,9,NA
2019-03-13T16:53:00,82,56,30.07,9,0.00
2019-03-13T17:53:00,81,55,30.08,7,0.00
2019-03-13T18:53:00,79,56,30.10,8,0.00
2019-03-13T19:00:00,79,56,30.07,8,NA
2019-03-13T19:53:00,76,58,30.11,8,0.00
2019-03-13T20:53:00,74,57,30.13,13,0.00
2019-03-13T21:53:00,72,57,30.15,9,0.00
2019-03-13T22:00:00,72,57,30.12,9,NA
2019-03-13T22:53:00,71,57,30.13,7,0.00
2019-03-13T23:53:00,70,59,30.13,7,0.00
2019-03-14T00:53:00,69,60,30.13,8,0.00
2019-03-14T01:00:00,69,60,30.10,8,NA
2019-03-14T01:53:00,68,61,30.10,10,0.00
2019-03-14T02:53:00,68,61,30.08,7,0.00
2019-03-14T03:53:00,67,61,30.08,6,0.00
2019-03-14T04:00:00,67,61,30.05,6,NA
2019-03-14T04:53:00,67,61,30.09,5,0.00
2019-03-14T05:53:00,66,61,30.10,3,0.00
2019-03-14T06:53:00,68,61,30.11,5,0.00
2019-03-14T07:00:00,68,61,30.08,5,NA
2019-03-14T07:53:00,69,62,30.13,6,0.00
2019-03-14T08:53:00,73,62,30.14,8,0.00
2019-03-14T09:53:00,75,63,30.15,11,0.00
2019-03-14T10:00:00,75,63,30.12,11,NA
2019-03-14T10:53:00,78,62,30.14,8,0.00
2019-03-14T11:53:00,80,63,30.15,8,0.00
2019-03-14T12:53:00,81,61,30.12,8,0.00
2019-03-14T13:00:00,81,61,30.09,8,NA
2019-03-14T13:53:00,82,59,30.09,11,0.00
2019-03-14T14:53:00,82,61,30.08,7,0.00
2019-03-14T15:53:00,82,62,30.06,9,0.00
2019-03-14T16:00:00,82,62,30.03,9,NA
2019-03-14T16:53:00,83,58,30.05,7,0.00
2019-03-14T17:53:00,82,58,30.05,6,0.00
2019-03-14T18:53:00,79,60,30.06,0,0.00
2019-03-14T19:00:00,79,60,30.03,0,NA
2019-03-14T19:53:00,79,61,30.08,0,0.00
2019-03-14T20:53:00,75,64,30.10,0,0.00
2019-03-14T21:53:00,76,61,30.12,7,0.00
2019-03-14T22:00:00,76,61,30.09,7,NA
2019-03-14T22:53:00,73,59,30.14,6,0.00
2019-03-14T23:53:00,72,60,30.13,8,0.00
2019-03-15T00:53:00,70,61,30.12,8,0.00
2019-03-15T01:00:00,70,61,30.09,8,NA
2019-03-15T01:53:00,70,62,30.12,6,0.00
2019-03-15T02:53:00,69,63,30.10,7,0.00
2019-03-15T03:53:00,69,63,30.09,8,0.00
2019-03-15T04:00:00,69,63,30.06,8,NA
2019-03-15T04:53:00,69,63,30.10,6,0.00
2019-03-15T05:53:00,69,64,30.11,5,0.00
2019-03-15T06:53:00,69,64,30.12,5,0.00
2019-03-15T07:00:00,69,64,30.09,5,NA
2019-03-15T07:53:00,71,64,30.13,6,0.00
2019-03-15T08:53:00,75,66,30.14,9,0.00
2019-03-15T09:53:00,77,67,30.15,9,0.00
2019-03-15T10:00:00,77,67,30.12,9,NA
2019-03-15T10:53:00,81,67,30.15,8,0.00
2019-03-15T11:53:00,78,69,30.14,8,0.00
2019-03-15T12:53:00,81,68,30.12,7,0.00
2019-03-15T13:00:00,81,68,30.09,7,NA
2019-03-15T13:53:00,83,63,30.09,7,0.00
2019-03-15T14:53:00,83,64,30.06,7,0.00
2019-03-15T15:53:00,84,64,30.06,9,0.00
2019-03-15T16:00:00,84,64,30.03,9,NA
2019-03-15T16:53:00,81,69,30.05,10,0.00
2019-03-15T17:53:00,78,68,30.07,9,0.00
2019-03-15T18:53:00,75,68,30.08,7,0.00
2019-03-15T19:00:00,75,68,30.05,7,NA
2019-03-15T19:53:00,75,69,30.10,5,0.00
2019-03-15T20:53:00,74,69,30.12,7,0.00
2019-03-15T21:53:00,73,68,30.12,6,0.00
2019-03-15T22:53:00,72,68,30.12,0,0.00
2019-03-15T23:53:00,73,68,30.10,3,0.00
2019-03-16T00:53:00,72,68,30.10,0,0.00
2019-03-16T01:53:00,72,68,30.09,0,0.00
2019-03-16T02:18:00,71,68,30.09,0,NA
2019-03-16T02:50:00,72,68,30.08,3,NA
2019-03-16T02:53:00,71,68,30.09,3,0.00
2019-03-16T03:53:00,71,68,30.08,7,0.00
2019-03-16T04:00:00,71,68,30.05,7,NA
2019-03-16T04:53:00,71,68,30.08,7,0.00
2019-03-16T05:53:00,71,66,30.10,7,0.00
2019-03-16T06:51:00,72,66,30.11,5,NA
2019-03-16T06:53:00,70,66,30.11,5,0.00
2019-03-16T07:00:00,70,66,30.08,5,NA
2019-03-16T07:51:00,72,66,30.13,6,NA
2019-03-16T07:53:00,72,67,30.13,6,0.00
2019-03-16T08:53:00,73,66,30.14,7,0.00
2019-03-16T09:51:00,75,66,30.15,5,NA
2019-03-16T09:53:00,76,66,30.15,3,0.00
2019-03-16T10:00:00,76,66,30.12,3,NA
2019-03-16T10:53:00,78,64,30.15,0,0.00
2019-03-16T11:53:00,77,68,30.13,9,0.00
2019-03-16T12:53:00,78,67,30.11,9,0.00
2019-03-16T13:00:00,78,67,30.08,9,NA
2019-03-16T13:53:00,79,69,30.09,8,0.00
2019-03-16T14:53:00,80,66,30.07,8,0.00
2019-03-16T15:53:00,78,68,30.07,13,0.00
2019-03-16T16:00:00,78,68,30.04,13,NA
2019-03-16T16:53:00,76,66,30.07,10,0.00
2019-03-16T17:53:00,74,64,30.08,8,0.00
2019-03-16T18:53:00,73,64,30.09,8,0.00
2019-03-16T19:00:00,73,64,30.06,8,NA
2019-03-16T19:53:00,73,63,30.09,6,0.00
2019-03-16T20:53:00,73,63,30.10,5,0.00
2019-03-16T21:53:00,71,60,30.11,9,0.00
2019-03-16T22:00:00,71,60,30.08,9,NA
2019-03-16T22:53:00,69,60,30.11,7,0.00
2019-03-16T23:53:00,68,59,30.10,6,0.00
2019-03-17T00:53:00,68,60,30.09,7,0.00
2019-03-17T01:00:00,68,60,30.06,7,NA
2019-03-17T01:53:00,67,58,30.10,8,0.00
2019-03-17T02:53:00,66,57,30.08,9,0.00
2019-03-17T03:53:00,65,53,30.06,8,0.00
2019-03-17T04:00:00,65,53,30.03,8,NA
2019-03-17T04:53:00,65,53,30.09,5,0.00
2019-03-17T05:53:00,64,53,30.10,6,0.00
2019-03-17T06:53:00,65,50,30.09,7,0.00
2019-03-17T07:00:00,65,50,30.06,7,NA
2019-03-17T07:53:00,65,52,30.11,9,0.00
2019-03-17T08:40:00,66,53,30.11,6,NA
2019-03-17T08:53:00,66,54,30.12,5,0.00
2019-03-17T09:51:00,70,55,30.13,7,NA
2019-03-17T09:53:00,69,56,30.13,7,0.00
2019-03-17T10:00:00,69,56,30.10,7,NA
2019-03-17T10:53:00,71,58,30.14,8,0.00
2019-03-17T11:53:00,71,59,30.12,3,0.00
2019-03-17T12:47:00,75,61,30.09,0,NA
2019-03-17T12:53:00,74,60,30.08,0,0.00
2019-03-17T13:00:00,74,60,30.05,0,NA
2019-03-17T13:53:00,73,61,30.05,0,T
2019-03-17T14:14:00,73,61,30.06,5,T
2019-03-17T14:53:00,72,61,30.05,9,T
2019-03-17T15:05:00,72,60,30.04,9,T
2019-03-17T15:53:00,72,60,30.03,8,T
2019-03-17T16:00:00,72,60,30.00,8,NA
2019-03-17T16:53:00,71,59,30.03,8,0.00
2019-03-17T17:53:00,70,58,30.06,7,0.00
2019-03-17T18:23:00,69,58,30.07,7,NA
2019-03-17T18:53:00,67,58,30.08,8,0.02
2019-03-17T19:00:00,67,58,30.05,8,NA
2019-03-17T19:53:00,65,59,30.10,10,0.04
2019-03-17T20:00:00,65,59,30.10,8,NA
2019-03-17T20:39:00,64,58,30.11,10,0.04
2019-03-17T20:50:00,64,57,30.10,9,0.04
2019-03-17T20:53:00,64,57,30.10,10,0.04
2019-03-17T21:53:00,64,56,30.10,9,0.00
2019-03-17T22:00:00,64,56,30.07,9,NA
2019-03-17T22:53:00,63,55,30.10,8,0.00
2019-03-17T23:53:00,62,55,30.11,6,0.00
2019-03-18T00:04:00,62,55,30.11,10,NA
2019-03-18T00:45:00,61,55,30.10,10,NA
2019-03-18T00:53:00,61,56,30.11,8,T
2019-03-18T01:00:00,61,56,30.08,8,NA
2019-03-18T01:00:00,60,56,30.10,10,T
2019-03-18T01:53:00,59,54,30.09,9,0.01
2019-03-18T02:01:00,59,54,30.08,8,NA
2019-03-18T02:53:00,59,53,30.08,8,0.00
2019-03-18T03:53:00,59,52,30.06,8,0.00
2019-03-18T04:00:00,59,52,30.03,8,NA
2019-03-18T04:00:00,59,52,30.06,8,NA
2019-03-18T04:53:00,59,51,30.08,9,0.00
2019-03-18T05:53:00,59,50,30.08,8,0.00
2019-03-18T06:53:00,59,50,30.09,8,0.00
2019-03-18T07:00:00,59,50,30.06,8,NA
2019-03-18T07:53:00,59,50,30.10,8,0.00
2019-03-18T08:14:00,60,50,30.11,10,NA
2019-03-18T08:53:00,61,50,30.12,11,0.00
2019-03-18T09:53:00,63,51,30.14,8,0.00
2019-03-18T10:00:00,63,51,30.11,8,NA
2019-03-18T10:12:00,64,51,30.14,10,NA
2019-03-18T10:53:00,66,52,30.14,9,0.00
2019-03-18T11:53:00,70,53,30.13,9,0.00
2019-03-18T12:53:00,72,54,30.10,8,0.00
2019-03-18T13:00:00,72,54,30.07,8,NA
2019-03-18T13:53:00,73,54,30.07,7,0.00
2019-03-18T14:53:00,73,55,30.05,7,0.00
2019-03-18T15:53:00,72,54,30.04,7,0.00
2019-03-18T16:00:00,72,54,30.01,7,NA
2019-03-18T16:53:00,71,53,30.04,9,0.00
2019-03-18T17:53:00,70,53,30.05,6,0.00
2019-03-18T18:53:00,68,52,30.10,9,0.00
2019-03-18T19:00:00,68,52,30.07,9,NA
2019-03-18T19:53:00,67,51,30.11,6,0.00
2019-03-18T20:53:00,66,51,30.12,7,0.00
2019-03-18T21:53:00,64,49,30.16,11,T
2019-03-18T22:00:00,64,49,30.13,11,NA
2019-03-18T22:53:00,61,47,30.16,8,T
2019-03-18T23:53:00,57,48,30.17,6,0.05
2019-03-19T00:53:00,56,46,30.16,5,0.03
2019-03-19T01:00:00,56,46,30.13,5,NA
2019-03-19T01:53:00,56,47,30.11,3,0.01
2019-03-19T02:53:00,55,48,30.10,6,0.00
2019-03-19T03:53:00,56,49,30.10,3,0.00
2019-03-19T04:00:00,56,49,30.07,3,NA
2019-03-19T04:53:00,57,50,30.08,5,0.00
2019-03-19T05:53:00,57,49,30.11,6,0.01
2019-03-19T06:53:00,56,47,30.11,7,0.01
2019-03-19T07:00:00,56,47,30.08,7,NA
2019-03-19T07:53:00,57,46,30.14,6,T
2019-03-19T08:53:00,56,49,30.13,7,0.02
2019-03-19T09:53:00,58,49,30.14,8,0.00
2019-03-19T10:00:00,58,49,30.11,8,NA
2019-03-19T10:53:00,60,49,30.16,11,0.00
2019-03-19T11:53:00,61,52,30.15,8,T
2019-03-19T12:53:00,61,52,30.13,9,0.00
2019-03-19T13:00:00,61,52,30.10,9,NA
2019-03-19T13:53:00,63,54,30.12,6,0.00
2019-03-19T14:53:00,63,56,30.10,7,T
2019-03-19T15:53:00,64,56,30.08,8,T
2019-03-19T16:00:00,64,56,30.05,8,NA
2019-03-19T16:53:00,64,57,30.08,5,T
2019-03-19T17:53:00,64,57,30.09,3,0.00
2019-03-19T18:53:00,64,58,30.09,6,0.00
2019-03-19T19:00:00,64,58,30.06,6,NA
2019-03-19T19:23:00,64,58,30.10,9,NA
2019-03-19T19:51:00,63,57,30.10,8,NA
2019-03-19T19:53:00,63,57,30.09,9,0.00
2019-03-19T20:53:00,63,55,30.12,14,0.00
2019-03-19T21:53:00,62,54,30.13,10,0.00
2019-03-19T22:00:00,62,54,30.10,10,NA
2019-03-19T22:53:00,61,52,30.12,10,0.00
2019-03-19T23:53:00,61,51,30.12,10,0.00
2019-03-20T00:53:00,60,51,30.10,8,0.00
2019-03-20T01:00:00,60,51,30.07,8,NA
2019-03-20T01:13:00,60,51,30.10,13,NA
2019-03-20T01:38:00,59,51,30.09,13,NA
2019-03-20T01:53:00,59,51,30.09,13,0.00
2019-03-20T02:53:00,59,51,30.06,10,0.00
2019-03-20T03:53:00,60,50,30.05,13,0.00
2019-03-20T04:00:00,60,50,30.02,13,NA
2019-03-20T04:53:00,60,50,30.05,13,0.00
2019-03-20T05:53:00,60,50,30.06,8,0.00
2019-03-20T06:53:00,60,50,30.07,7,0.00
2019-03-20T07:00:00,60,50,30.04,7,NA
2019-03-20T07:53:00,61,50,30.08,8,0.00
2019-03-20T08:53:00,62,49,30.09,10,0.00
2019-03-20T09:53:00,67,51,30.10,9,0.00
2019-03-20T10:00:00,67,51,30.07,9,NA
2019-03-20T10:53:00,68,51,30.10,7,0.00
2019-03-20T11:53:00,70,52,30.09,10,0.00
2019-03-20T12:53:00,72,53,30.07,9,0.00
2019-03-20T13:00:00,72,53,30.04,9,NA
2019-03-20T13:53:00,73,53,30.04,9,0.00
2019-03-20T14:53:00,75,54,30.02,6,0.00
2019-03-20T15:53:00,73,53,30.01,6,0.00
2019-03-20T16:00:00,73,53,29.98,6,NA
2019-03-20T16:53:00,73,54,30.01,3,0.00
2019-03-20T17:53:00,74,53,30.01,6,0.00
2019-03-20T18:53:00,68,49,30.03,9,0.00
2019-03-20T19:00:00,68,49,30.00,9,NA
2019-03-20T19:53:00,66,49,30.04,8,0.00
2019-03-20T20:53:00,66,50,30.05,10,0.00
2019-03-20T21:53:00,66,51,30.07,8,0.00
2019-03-20T22:00:00,66,51,30.04,8,NA
2019-03-20T22:53:00,65,52,30.07,7,0.00
2019-03-20T23:53:00,63,52,30.05,5,0.00
2019-03-21T00:53:00,62,53,30.05,5,0.00
2019-03-21T01:00:00,62,53,30.02,5,NA
2019-03-21T01:53:00,60,54,30.03,3,0.00
2019-03-21T02:53:00,60,54,30.02,3,0.00
2019-03-21T03:53:00,59,55,30.01,3,0.00
2019-03-21T04:00:00,59,55,29.98,3,NA
2019-03-21T04:53:00,58,53,30.01,5,0.00
2019-03-21T05:53:00,57,51,30.03,6,0.00
2019-03-21T06:53:00,59,50,30.05,5,0.00
2019-03-21T07:00:00,59,50,30.02,5,NA
2019-03-21T07:53:00,62,51,30.06,9,0.00
2019-03-21T08:53:00,65,47,30.08,11,0.00
2019-03-21T09:53:00,68,41,30.07,7,0.00
2019-03-21T10:00:00,68,41,30.04,7,NA
2019-03-21T10:53:00,70,44,30.06,11,0.00
2019-03-21T11:53:00,70,47,30.05,10,0.00
2019-03-21T12:53:00,71,45,30.02,13,0.00
2019-03-21T13:00:00,71,45,29.99,13,NA
2019-03-21T13:53:00,72,41,30.00,15,0.00
2019-03-21T14:53:00,71,41,29.98,15,0.00
2019-03-21T15:53:00,71,45,29.98,14,0.00
2019-03-21T16:00:00,71,45,29.95,14,NA
2019-03-21T16:53:00,70,48,29.97,11,0.00
2019-03-21T17:53:00,68,50,29.97,15,0.00
2019-03-21T18:53:00,70,51,29.98,18,0.00
2019-03-21T19:00:00,70,51,29.95,18,NA
2019-03-21T19:53:00,66,49,29.99,13,0.00
2019-03-21T20:53:00,64,50,30.01,10,0.00
2019-03-21T21:53:00,63,51,30.03,8,0.00
2019-03-21T22:00:00,63,51,30.00,8,NA
2019-03-21T22:53:00,62,49,30.05,7,0.00
2019-03-21T23:53:00,60,50,30.04,5,0.00
2019-03-22T00:53:00,59,51,30.05,6,0.00
2019-03-22T01:00:00,59,51,30.02,6,NA
2019-03-22T01:53:00,59,51,30.04,3,0.00
2019-03-22T02:53:00,58,50,30.04,3,0.00
2019-03-22T03:53:00,58,49,30.05,0,0.00
2019-03-22T04:00:00,58,49,30.02,0,NA
2019-03-22T04:53:00,56,47,30.04,0,0.00
2019-03-22T05:53:00,55,47,30.06,0,0.00
2019-03-22T06:53:00,57,47,30.08,0,0.00
2019-03-22T07:00:00,57,47,30.05,0,NA
2019-03-22T07:53:00,62,47,30.09,0,0.00
2019-03-22T08:53:00,65,47,30.10,3,0.00
2019-03-22T09:53:00,68,45,30.11,8,0.00
2019-03-22T10:00:00,68,45,30.08,8,NA
2019-03-22T10:53:00,71,42,30.12,13,0.00
2019-03-22T11:53:00,71,47,30.11,14,0.00
2019-03-22T12:53:00,72,44,30.09,16,0.00
2019-03-22T13:00:00,72,44,30.06,16,NA
2019-03-22T13:53:00,72,45,30.07,13,0.00
2019-03-22T14:53:00,72,44,30.06,13,0.00
2019-03-22T15:53:00,70,41,30.06,13,0.00
2019-03-22T16:00:00,70,41,30.03,13,NA
2019-03-22T16:53:00,69,44,30.06,15,0.00
2019-03-22T17:53:00,67,43,30.06,14,0.00
2019-03-22T18:53:00,64,45,30.08,8,0.00
2019-03-22T19:00:00,64,45,30.05,8,NA
2019-03-22T19:53:00,62,45,30.10,6,0.00
2019-03-22T20:53:00,61,45,30.11,3,0.00
2019-03-22T21:53:00,61,46,30.13,3,0.00
2019-03-22T22:00:00,61,46,30.10,3,NA
2019-03-22T22:53:00,60,48,30.13,6,0.00
2019-03-22T23:53:00,59,48,30.13,6,0.00
2019-03-23T00:53:00,56,48,30.12,3,0.00
2019-03-23T01:00:00,56,48,30.09,3,NA
2019-03-23T01:53:00,55,48,30.11,3,0.00
2019-03-23T02:53:00,53,47,30.10,0,0.00
2019-03-23T03:53:00,52,47,30.10,0,0.00
2019-03-23T04:00:00,52,47,30.07,0,NA
2019-03-23T04:53:00,53,48,30.12,0,0.00
2019-03-23T05:53:00,56,50,30.15,0,0.00
2019-03-23T06:51:00,55,50,30.17,3,NA
2019-03-23T06:53:00,56,50,30.17,3,0.00
2019-03-23T07:00:00,56,50,30.14,3,NA
2019-03-23T07:53:00,59,52,30.20,5,0.00
2019-03-23T08:53:00,63,50,30.21,3,0.00
2019-03-23T09:53:00,68,42,30.23,7,0.00
2019-03-23T10:00:00,68,42,30.20,7,NA
2019-03-23T10:53:00,71,38,30.23,6,0.00
2019-03-23T11:53:00,73,37,30.22,3,0.00
2019-03-23T12:53:00,77,40,30.20,0,0.00
2019-03-23T13:00:00,77,40,30.17,0,NA
2019-03-23T13:53:00,74,45,30.18,10,0.00
2019-03-23T14:53:00,75,48,30.16,9,0.00
2019-03-23T15:53:00,76,45,30.15,8,0.00
2019-03-23T16:00:00,76,45,30.12,8,NA
2019-03-23T16:53:00,75,44,30.15,7,0.00
2019-03-23T17:53:00,73,48,30.16,7,0.00
2019-03-23T18:53:00,70,45,30.17,8,0.00
2019-03-23T19:00:00,70,45,30.14,8,NA
2019-03-23T19:53:00,66,46,30.18,5,0.00
2019-03-23T20:53:00,64,48,30.20,3,0.00
2019-03-23T21:53:00,65,48,30.22,0,0.00
2019-03-23T22:00:00,65,48,30.19,0,NA
2019-03-23T22:53:00,62,50,30.23,3,0.00
2019-03-23T23:53:00,64,49,30.22,3,0.00
2019-03-24T00:53:00,66,54,30.21,10,0.00
2019-03-24T01:00:00,66,54,30.18,10,NA
2019-03-24T01:53:00,65,53,30.20,6,0.00
2019-03-24T02:53:00,64,52,30.20,5,0.00
2019-03-24T03:53:00,63,53,30.19,5,0.00
2019-03-24T04:00:00,63,53,30.16,5,NA
2019-03-24T04:53:00,63,53,30.20,5,0.00
2019-03-24T05:53:00,61,53,30.21,5,0.00
2019-03-24T06:53:00,60,54,30.23,5,0.00
2019-03-24T07:00:00,60,54,30.20,5,NA
2019-03-24T07:53:00,62,55,30.24,6,0.00
2019-03-24T08:53:00,67,56,30.25,5,0.00
2019-03-24T09:53:00,74,56,30.25,5,0.00
2019-03-24T10:00:00,74,56,30.22,5,NA
2019-03-24T10:53:00,75,54,30.26,9,0.00
2019-03-24T11:53:00,76,56,30.23,9,0.00
2019-03-24T12:53:00,77,55,30.21,9,0.00
2019-03-24T13:00:00,77,55,30.18,9,NA
2019-03-24T13:53:00,82,54,30.18,3,0.00
2019-03-24T14:53:00,80,53,30.16,8,0.00
2019-03-24T15:53:00,79,55,30.15,8,0.00
2019-03-24T16:00:00,79,55,30.12,8,NA
2019-03-24T16:53:00,79,54,30.15,6,0.00
2019-03-24T17:53:00,77,57,30.14,6,0.00
2019-03-24T18:53:00,73,58,30.15,8,0.00
2019-03-24T19:00:00,73,58,30.12,8,NA
2019-03-24T19:53:00,71,57,30.16,6,0.00
2019-03-24T20:53:00,68,56,30.17,5,0.00
2019-03-24T21:53:00,69,56,30.17,5,0.00
2019-03-24T22:00:00,69,56,30.14,5,NA
2019-03-24T22:53:00,69,56,30.17,3,0.00
2019-03-24T23:53:00,68,56,30.16,3,0.00
2019-03-25T00:53:00,67,56,30.15,3,0.00
2019-03-25T01:00:00,67,56,30.12,3,NA
2019-03-25T01:53:00,67,58,30.14,3,0.00
2019-03-25T02:53:00,67,59,30.11,5,0.00
2019-03-25T03:53:00,67,60,30.10,3,0.00
2019-03-25T04:00:00,67,60,30.07,3,NA
2019-03-25T04:53:00,68,60,30.10,3,0.00
2019-03-25T05:53:00,67,61,30.10,3,0.00
2019-03-25T06:53:00,68,61,30.12,0,0.00
2019-03-25T07:00:00,68,61,30.09,0,NA
2019-03-25T07:53:00,69,61,30.13,6,0.00
2019-03-25T08:53:00,72,62,30.13,7,0.00
2019-03-25T09:53:00,76,63,30.13,9,0.00
2019-03-25T10:00:00,76,63,30.10,9,NA
2019-03-25T10:53:00,76,62,30.13,7,0.00
2019-03-25T11:53:00,78,61,30.12,8,0.00
2019-03-25T12:53:00,80,60,30.10,9,0.00
2019-03-25T13:00:00,80,60,30.07,9,NA
2019-03-25T13:53:00,79,58,30.08,7,0.00
2019-03-25T14:53:00,80,61,30.05,8,0.00
2019-03-25T15:53:00,80,60,30.05,8,0.00
2019-03-25T16:00:00,80,60,30.02,8,NA
2019-03-25T16:53:00,78,60,30.03,10,0.00
2019-03-25T17:53:00,76,61,30.03,9,0.00
2019-03-25T18:53:00,74,59,30.03,10,0.00
2019-03-25T19:00:00,74,59,30.00,10,NA
2019-03-25T19:53:00,73,64,30.04,10,0.00
2019-03-25T20:53:00,71,65,30.05,7,0.00
2019-03-25T21:53:00,70,65,30.05,3,0.00
2019-03-25T22:00:00,70,65,30.02,3,NA
2019-03-25T22:53:00,70,66,30.05,3,0.00
2019-03-25T23:53:00,70,66,30.04,5,0.00
2019-03-26T00:53:00,68,65,30.03,3,0.00
2019-03-26T01:00:00,68,65,30.00,3,NA
2019-03-26T01:35:00,68,65,30.03,3,NA
2019-03-26T01:49:00,68,64,30.03,3,NA
2019-03-26T01:53:00,68,65,30.03,3,0.00
2019-03-26T02:53:00,70,67,30.02,6,0.00
2019-03-26T03:38:00,70,66,30.01,7,NA
2019-03-26T03:53:00,69,66,30.01,6,0.00
2019-03-26T04:00:00,69,66,29.98,6,NA
2019-03-26T04:14:00,69,66,30.01,6,NA
2019-03-26T04:53:00,68,65,30.02,3,0.00
2019-03-26T05:53:00,68,65,30.03,5,0.00
2019-03-26T06:10:00,69,65,30.03,5,NA
2019-03-26T06:53:00,67,65,30.03,5,0.00
2019-03-26T07:00:00,67,65,30.00,5,NA
2019-03-26T07:53:00,69,65,30.04,8,0.00
2019-03-26T08:53:00,73,63,30.04,9,0.00
2019-03-26T09:53:00,75,62,30.04,9,0.00
2019-03-26T10:00:00,75,62,30.01,9,NA
2019-03-26T10:53:00,76,63,30.04,10,0.00
2019-03-26T11:53:00,77,63,30.03,14,0.00
2019-03-26T12:53:00,78,63,30.01,14,0.00
2019-03-26T13:00:00,78,63,29.98,14,NA
2019-03-26T13:53:00,77,63,29.99,14,0.00
2019-03-26T14:53:00,77,63,29.98,14,0.00
2019-03-26T15:53:00,77,62,29.98,13,0.00
2019-03-26T16:00:00,77,62,29.95,13,NA
2019-03-26T16:53:00,76,60,29.98,13,0.00
2019-03-26T17:53:00,74,58,29.99,10,0.00
2019-03-26T18:53:00,71,59,30.01,8,0.00
2019-03-26T19:00:00,71,59,29.98,8,NA
2019-03-26T19:53:00,69,59,30.02,6,0.00
2019-03-26T20:53:00,67,60,30.03,7,0.00
2019-03-26T21:53:00,66,59,30.04,7,0.00
2019-03-26T22:00:00,66,59,30.01,7,NA
2019-03-26T22:53:00,63,58,30.05,6,0.00
2019-03-26T23:53:00,63,58,30.04,3,0.00
2019-03-27T00:53:00,62,58,30.03,0,0.00
2019-03-27T01:00:00,62,58,30.00,0,NA
2019-03-27T01:53:00,61,58,30.01,0,0.00
2019-03-27T02:53:00,62,58,30.00,0,0.00
2019-03-27T03:53:00,61,57,30.00,0,0.00
2019-03-27T04:00:00,61,57,29.97,0,NA
2019-03-27T04:53:00,61,57,30.01,5,0.00
2019-03-27T05:53:00,60,57,30.02,8,0.00
2019-03-27T06:32:00,60,57,30.06,10,NA
2019-03-27T06:53:00,61,57,30.06,9,0.00
2019-03-27T07:00:00,61,57,30.03,9,NA
2019-03-27T07:14:00,61,57,30.08,15,NA
2019-03-27T07:40:00,60,55,30.08,20,T
2019-03-27T07:53:00,59,54,30.09,14,T
2019-03-27T08:53:00,63,54,30.10,13,0.00
2019-03-27T09:53:00,68,52,30.12,13,0.00
2019-03-27T10:00:00,68,52,30.09,13,NA
2019-03-27T10:53:00,69,52,30.13,21,0.00
2019-03-27T11:53:00,73,53,30.11,15,0.00
2019-03-27T12:53:00,74,53,30.10,14,0.00
2019-03-27T13:00:00,74,53,30.07,14,NA
2019-03-27T13:53:00,74,52,30.09,15,0.00
2019-03-27T14:53:00,74,51,30.08,13,0.00
2019-03-27T15:53:00,74,50,30.08,11,0.00
2019-03-27T16:00:00,74,50,30.05,11,NA
2019-03-27T16:53:00,72,50,30.11,15,0.00
2019-03-27T17:53:00,69,50,30.13,14,0.00
2019-03-27T18:53:00,66,47,30.15,10,0.00
2019-03-27T19:00:00,66,47,30.12,10,NA
2019-03-27T19:53:00,64,48,30.17,14,0.00
2019-03-27T20:53:00,61,50,30.21,13,0.00
2019-03-27T21:53:00,60,50,30.22,9,0.00
2019-03-27T22:00:00,60,50,30.19,9,NA
2019-03-27T22:53:00,59,50,30.21,10,0.00
2019-03-27T23:53:00,59,49,30.21,7,0.00
2019-03-28T00:53:00,58,49,30.20,10,0.00
2019-03-28T01:00:00,58,49,30.17,10,NA
2019-03-28T01:53:00,58,49,30.17,9,0.00
2019-03-28T02:53:00,58,49,30.16,11,0.00
2019-03-28T03:53:00,57,50,30.16,8,0.00
2019-03-28T04:00:00,57,50,30.13,8,NA
2019-03-28T04:53:00,57,51,30.18,9,0.00
2019-03-28T05:53:00,57,52,30.19,10,0.00
2019-03-28T06:53:00,58,53,30.21,9,0.00
2019-03-28T07:00:00,58,53,30.18,9,NA
2019-03-28T07:53:00,61,55,30.23,9,0.00
2019-03-28T08:53:00,66,56,30.24,9,0.00
2019-03-28T09:53:00,71,55,30.25,9,0.00
2019-03-28T10:00:00,71,55,30.22,9,NA
2019-03-28T10:53:00,72,54,30.25,10,0.00
2019-03-28T11:53:00,76,50,30.23,10,0.00
2019-03-28T12:53:00,77,49,30.21,11,0.00
2019-03-28T13:00:00,77,49,30.18,11,NA
2019-03-28T13:53:00,79,49,30.18,9,0.00
2019-03-28T14:53:00,78,48,30.16,7,0.00
2019-03-28T15:53:00,78,46,30.15,8,0.00
2019-03-28T16:00:00,78,46,30.12,8,NA
2019-03-28T16:53:00,78,47,30.16,9,0.00
2019-03-28T17:53:00,76,48,30.18,8,0.00
2019-03-28T18:53:00,73,51,30.18,6,0.00
2019-03-28T19:00:00,73,51,30.15,6,NA
2019-03-28T19:53:00,71,50,30.19,8,0.00
2019-03-28T20:53:00,69,51,30.22,6,0.00
2019-03-28T21:53:00,68,51,30.24,5,0.00
2019-03-28T22:00:00,68,51,30.21,5,NA
2019-03-28T22:53:00,66,53,30.24,8,0.00
2019-03-28T23:53:00,63,52,30.24,8,0.00
2019-03-29T00:53:00,62,54,30.22,9,0.00
2019-03-29T01:00:00,63,54,30.19,9,NA
2019-03-29T01:53:00,61,55,30.21,7,0.00
2019-03-29T02:53:00,60,55,30.18,7,0.00
2019-03-29T03:53:00,60,55,30.16,8,0.00
2019-03-29T04:00:00,61,55,30.13,8,NA
2019-03-29T04:53:00,59,55,30.16,5,0.00
2019-03-29T05:53:00,59,55,30.17,3,0.00
2019-03-29T06:53:00,59,56,30.18,6,0.00
2019-03-29T07:00:00,59,56,30.15,6,NA
2019-03-29T07:53:00,63,57,30.18,8,0.00
2019-03-29T08:53:00,69,56,30.19,7,0.00
2019-03-29T09:53:00,73,52,30.19,8,0.00
2019-03-29T10:00:00,73,52,30.16,8,NA
2019-03-29T10:53:00,74,51,30.19,6,0.00
2019-03-29T11:53:00,77,50,30.17,6,0.00
2019-03-29T12:53:00,77,50,30.15,6,0.00
2019-03-29T13:00:00,77,50,30.12,6,NA
2019-03-29T13:53:00,79,51,30.13,13,0.00
2019-03-29T14:53:00,78,50,30.10,10,0.00
2019-03-29T15:53:00,79,52,30.09,9,0.00
2019-03-29T16:00:00,79,52,30.06,9,NA
2019-03-29T16:53:00,78,54,30.08,13,0.00
2019-03-29T17:53:00,75,53,30.09,9,0.00
2019-03-29T18:53:00,73,52,30.09,9,0.00
2019-03-29T19:00:00,73,52,30.06,9,NA
2019-03-29T19:53:00,71,53,30.11,8,0.00
2019-03-29T20:53:00,70,54,30.12,7,0.00
2019-03-29T21:53:00,70,56,30.13,3,0.00
2019-03-29T22:00:00,70,56,30.10,3,NA
2019-03-29T22:53:00,71,57,30.13,6,0.00
2019-03-29T23:53:00,70,57,30.12,6,0.00
2019-03-30T00:53:00,69,57,30.11,6,0.00
2019-03-30T01:00:00,69,57,30.08,6,NA
2019-03-30T01:53:00,68,57,30.08,8,0.00
2019-03-30T02:53:00,68,58,30.06,5,0.00
2019-03-30T03:53:00,67,58,30.05,6,0.00
2019-03-30T04:00:00,67,58,30.02,6,NA
2019-03-30T04:53:00,66,58,30.06,6,0.00
2019-03-30T05:53:00,65,58,30.08,5,0.00
2019-03-30T06:53:00,66,57,30.08,0,0.00
2019-03-30T07:00:00,66,57,30.05,0,NA
2019-03-30T07:53:00,69,57,30.10,5,0.00
2019-03-30T08:53:00,72,56,30.11,7,0.00
2019-03-30T09:53:00,73,56,30.12,10,0.00
2019-03-30T10:00:00,73,56,30.09,10,NA
2019-03-30T10:53:00,76,56,30.11,8,0.00
2019-03-30T11:53:00,78,55,30.10,6,0.00
2019-03-30T12:53:00,79,59,30.08,8,0.00
2019-03-30T13:00:00,79,59,30.05,8,NA
2019-03-30T13:53:00,78,58,30.05,8,0.00
2019-03-30T14:53:00,80,59,30.03,9,0.00
2019-03-30T15:53:00,79,56,30.02,8,0.00
2019-03-30T16:00:00,79,56,29.99,8,NA
2019-03-30T16:53:00,79,56,30.01,7,0.00
2019-03-30T17:53:00,76,60,30.01,9,0.00
2019-03-30T18:53:00,74,58,30.01,8,0.00
2019-03-30T19:00:00,74,58,29.98,8,NA
2019-03-30T19:53:00,71,57,30.03,5,0.00
2019-03-30T20:53:00,72,56,30.05,3,0.00
2019-03-30T21:53:00,72,57,30.06,0,0.00
2019-03-30T22:00:00,72,57,30.03,0,NA
2019-03-30T22:53:00,71,57,30.05,0,0.00
2019-03-30T23:53:00,72,57,30.05,0,0.00
2019-03-31T00:53:00,70,56,30.03,0,0.00
2019-03-31T01:00:00,70,56,30.00,0,NA
2019-03-31T01:53:00,68,59,30.01,0,0.00
2019-03-31T02:53:00,69,60,30.00,6,0.00
2019-03-31T03:53:00,68,61,29.99,3,0.00
2019-03-31T04:00:00,68,61,29.96,3,NA
2019-03-31T04:53:00,68,62,30.00,3,0.00
2019-03-31T05:53:00,67,62,30.02,3,0.00
2019-03-31T06:53:00,67,62,30.03,5,0.00
2019-03-31T07:00:00,67,62,30.00,5,NA
2019-03-31T07:53:00,71,63,30.04,0,0.00
2019-03-31T08:53:00,71,65,30.06,3,0.00
2019-03-31T09:53:00,74,64,30.07,6,0.00
2019-03-31T10:00:00,74,64,30.04,6,NA
2019-03-31T10:53:00,77,62,30.07,6,0.00
2019-03-31T11:53:00,77,62,30.05,6,0.00
2019-03-31T12:53:00,77,62,30.04,7,0.00
2019-03-31T13:00:00,77,62,30.01,7,NA
2019-03-31T13:53:00,83,55,30.01,8,0.00
2019-03-31T14:53:00,82,55,29.99,13,0.00
2019-03-31T15:53:00,79,58,30.00,13,0.00
2019-03-31T16:00:00,79,58,29.97,13,NA
2019-03-31T16:53:00,78,55,30.01,11,0.00
2019-03-31T17:53:00,76,52,30.02,10,0.00
2019-03-31T18:53:00,75,53,30.03,8,0.00
2019-03-31T19:00:00,75,53,30.00,8,NA
2019-03-31T19:53:00,74,56,30.05,7,0.00
2019-03-31T20:53:00,73,58,30.06,9,0.00
2019-03-31T21:53:00,72,61,30.05,6,0.00
2019-03-31T22:00:00,72,61,30.02,6,NA
2019-03-31T22:53:00,72,62,30.03,5,0.00
2019-03-31T23:53:00,70,62,30.02,0,0.00
2019-04-01T00:53:00,70,61,30.03,8,0.00
2019-04-01T01:00:00,70,61,30.00,8,NA
2019-04-01T01:53:00,69,62,30.02,7,0.00
2019-04-01T02:53:00,68,62,30.01,5,0.00
2019-04-01T03:53:00,69,63,30.00,3,0.00
2019-04-01T04:00:00,69,63,29.97,3,NA
2019-04-01T04:53:00,69,63,30.01,0,0.00
2019-04-01T05:42:00,69,63,30.03,3,NA
2019-04-01T05:53:00,69,63,30.03,5,0.00
2019-04-01T06:14:00,69,63,30.04,5,NA
2019-04-01T06:53:00,68,63,30.05,6,0.00
2019-04-01T07:00:00,68,63,30.02,6,NA
2019-04-01T07:04:00,68,63,30.06,7,NA
2019-04-01T07:51:00,70,63,30.07,7,NA
2019-04-01T07:53:00,69,63,30.07,5,0.00
2019-04-01T08:51:00,70,63,30.07,6,NA
2019-04-01T08:53:00,70,62,30.07,6,0.00
2019-04-01T09:35:00,72,62,30.08,6,NA
2019-04-01T09:53:00,72,63,30.09,6,0.00
2019-04-01T10:00:00,72,63,30.06,6,NA
2019-04-01T10:32:00,71,62,30.10,9,NA
2019-04-01T10:53:00,70,61,30.11,9,0.00
2019-04-01T11:53:00,70,60,30.11,9,0.00
2019-04-01T12:53:00,68,61,30.11,7,T
2019-04-01T13:00:00,68,61,30.08,7,NA
2019-04-01T13:53:00,67,62,30.08,8,0.01
2019-04-01T14:53:00,69,63,30.03,8,0.01
2019-04-01T15:53:00,69,62,30.02,6,0.00
2019-04-01T16:00:00,69,62,29.99,6,NA
2019-04-01T16:53:00,71,62,30.02,7,0.00
2019-04-01T17:53:00,72,62,30.02,0,0.00
2019-04-01T18:53:00,68,62,30.04,5,0.00
2019-04-01T19:00:00,68,62,30.01,5,NA
2019-04-01T19:53:00,69,63,30.06,6,0.00
2019-04-01T20:53:00,68,62,30.08,5,0.00
2019-04-01T21:53:00,67,62,30.10,6,0.00
2019-04-01T22:00:00,67,62,30.07,6,NA
2019-04-01T22:16:00,66,62,30.11,6,NA
2019-04-01T22:53:00,66,61,30.11,3,0.00
2019-04-01T23:53:00,65,61,30.08,6,0.00
2019-04-02T00:53:00,65,61,30.06,3,0.00
2019-04-02T01:00:00,65,61,30.03,3,NA
2019-04-02T01:53:00,64,61,30.04,5,0.00
2019-04-02T02:53:00,65,62,30.01,3,0.00
2019-04-02T03:53:00,64,62,30.02,3,0.00
2019-04-02T04:00:00,64,62,29.99,3,NA
2019-04-02T04:03:00,64,62,30.01,0,NA
2019-04-02T04:20:00,64,62,30.02,5,NA
2019-04-02T04:53:00,64,62,30.03,7,0.00
2019-04-02T05:28:00,64,61,30.02,0,NA
2019-04-02T05:53:00,65,62,30.03,0,0.00
2019-04-02T06:31:00,65,61,30.04,3,NA
2019-04-02T06:53:00,66,62,30.05,5,0.00
2019-04-02T07:00:00,66,62,30.02,5,NA
2019-04-02T07:53:00,67,64,30.06,7,T
2019-04-02T08:53:00,69,65,30.06,3,0.01
2019-04-02T09:49:00,70,66,30.09,5,0.01
2019-04-02T09:53:00,69,66,30.09,5,0.06s
2019-04-02T10:00:00,69,66,30.06,5,NA
2019-04-02T10:05:00,69,66,30.09,3,0.07
2019-04-02T10:12:00,69,67,30.09,0,0.08
2019-04-02T10:17:00,70,67,30.08,5,0.08
2019-04-02T10:48:00,68,64,30.10,13,0.08
2019-04-02T10:53:00,66,63,30.10,15,0.03
2019-04-02T11:11:00,66,63,30.09,9,T
2019-04-02T11:53:00,68,62,30.09,9,T
2019-04-02T12:14:00,70,62,30.09,13,NA
2019-04-02T12:51:00,73,61,30.08,10,NA
2019-04-02T12:53:00,74,61,30.08,10,0.00
2019-04-02T13:00:00,74,61,30.05,10,NA
2019-04-02T13:53:00,76,61,30.06,11,0.00
2019-04-02T14:53:00,75,58,30.05,11,0.00
2019-04-02T15:53:00,74,57,30.05,10,0.00
2019-04-02T16:00:00,74,57,30.02,10,NA
2019-04-02T16:53:00,72,55,30.06,11,0.00
2019-04-02T17:53:00,70,51,30.08,10,0.00
2019-04-02T18:53:00,65,49,30.10,8,0.00
2019-04-02T19:00:00,65,49,30.07,8,NA
2019-04-02T19:53:00,63,48,30.12,5,0.00
2019-04-02T20:53:00,62,49,30.15,6,0.00
2019-04-02T21:53:00,62,50,30.17,3,0.00
2019-04-02T22:00:00,62,50,30.14,3,NA
2019-04-02T22:53:00,60,52,30.19,0,0.00
2019-04-02T23:53:00,59,53,30.19,3,0.00
2019-04-03T00:53:00,60,55,30.19,6,0.00
2019-04-03T01:00:00,60,55,30.16,6,NA
2019-04-03T01:53:00,60,55,30.19,5,0.00
2019-04-03T02:53:00,60,55,30.20,5,0.00
2019-04-03T03:53:00,58,54,30.20,7,0.00
2019-04-03T04:00:00,58,54,30.17,7,NA
2019-04-03T04:53:00,57,54,30.21,6,0.00
2019-04-03T05:53:00,57,53,30.24,3,0.00
2019-04-03T06:53:00,57,53,30.26,3,0.00
2019-04-03T07:00:00,57,53,30.23,3,NA
2019-04-03T07:53:00,61,52,30.27,7,0.00
2019-04-03T08:53:00,64,46,30.29,10,0.00
2019-04-03T09:53:00,68,45,30.30,8,0.00
2019-04-03T10:00:00,68,45,30.27,8,NA
2019-04-03T10:53:00,70,46,30.29,9,0.00
2019-04-03T11:53:00,73,50,30.28,13,0.00
2019-04-03T12:53:00,76,52,30.26,8,0.00
2019-04-03T13:00:00,76,52,30.23,8,NA
2019-04-03T13:53:00,77,49,30.24,9,0.00
2019-04-03T14:53:00,79,50,30.22,7,0.00
2019-04-03T15:53:00,80,47,30.21,0,0.00
2019-04-03T16:00:00,80,47,30.18,0,NA
2019-04-03T16:53:00,80,50,30.20,0,0.00
2019-04-03T17:53:00,80,52,30.20,7,0.00
2019-04-03T18:53:00,77,54,30.21,7,0.00
2019-04-03T19:00:00,77,54,30.18,7,NA
2019-04-03T19:53:00,74,54,30.24,8,0.00
2019-04-03T20:53:00,72,55,30.26,9,0.00
2019-04-03T21:53:00,69,56,30.27,9,0.00
2019-04-03T22:00:00,69,56,30.24,9,NA
2019-04-03T22:53:00,68,56,30.28,7,0.00
2019-04-03T23:53:00,67,55,30.28,7,0.00
2019-04-04T00:53:00,65,55,30.26,7,0.00
2019-04-04T01:00:00,65,55,30.23,7,NA
2019-04-04T01:53:00,64,55,30.24,8,0.00
2019-04-04T02:53:00,63,55,30.23,7,0.00
2019-04-04T03:53:00,63,55,30.23,8,0.00
2019-04-04T04:00:00,63,55,30.20,8,NA
2019-04-04T04:53:00,63,55,30.23,6,0.00
2019-04-04T05:53:00,63,56,30.24,6,0.00
2019-04-04T06:53:00,63,56,30.26,7,0.00
2019-04-04T07:00:00,63,56,30.23,7,NA
2019-04-04T07:53:00,67,56,30.26,8,0.00
2019-04-04T08:53:00,71,58,30.26,10,0.00
2019-04-04T09:53:00,75,59,30.25,9,0.00
2019-04-04T10:00:00,75,59,30.22,9,NA
2019-04-04T10:53:00,79,60,30.25,10,0.00
2019-04-04T11:53:00,81,61,30.23,10,0.00
2019-04-04T12:53:00,82,61,30.21,8,0.00
2019-04-04T13:00:00,82,61,30.18,8,NA
2019-04-04T13:53:00,83,60,30.19,10,0.00
2019-04-04T14:53:00,83,60,30.16,6,0.00
2019-04-04T15:53:00,85,59,30.13,7,0.00
2019-04-04T16:00:00,85,59,30.10,7,NA
2019-04-04T16:53:00,84,59,30.13,8,0.00
2019-04-04T17:53:00,84,59,30.12,7,0.00
2019-04-04T18:53:00,80,61,30.13,8,0.00
2019-04-04T19:00:00,80,61,30.10,8,NA
2019-04-04T19:53:00,78,63,30.13,13,0.00
2019-04-04T20:53:00,76,62,30.15,11,0.00
2019-04-04T21:53:00,74,62,30.16,10,0.00
2019-04-04T22:00:00,74,62,30.13,10,NA
2019-04-04T22:53:00,73,62,30.18,8,0.00
2019-04-04T23:53:00,73,63,30.15,10,0.00
2019-04-05T00:53:00,73,64,30.17,5,0.00
2019-04-05T01:00:00,73,64,30.14,5,NA
2019-04-05T01:53:00,71,64,30.14,5,0.00
2019-04-05T02:53:00,71,64,30.13,3,0.00
2019-04-05T03:53:00,70,64,30.13,7,0.00
2019-04-05T04:00:00,70,64,30.10,7,NA
2019-04-05T04:13:00,70,64,30.12,6,NA
2019-04-05T04:36:00,68,63,30.14,14,0.04
2019-04-05T04:50:00,66,64,30.13,3,0.28
2019-04-05T04:53:00,67,64,30.13,0,0.28
2019-04-05T05:02:00,66,64,30.12,3,T
2019-04-05T05:53:00,67,64,30.09,7,0.07
2019-04-05T06:53:00,68,65,30.11,0,0.02
2019-04-05T07:00:00,68,65,30.08,0,NA
2019-04-05T07:53:00,70,66,30.14,3,0.00
2019-04-05T08:53:00,71,66,30.16,5,0.00
2019-04-05T09:53:00,75,68,30.14,7,0.00
2019-04-05T10:00:00,75,68,30.11,7,NA
2019-04-05T10:53:00,79,70,30.12,10,0.00
2019-04-05T11:53:00,80,70,30.10,11,0.00
2019-04-05T12:53:00,81,69,30.10,9,0.00
2019-04-05T13:00:00,81,69,30.07,9,NA
2019-04-05T13:53:00,83,69,30.08,9,0.00
2019-04-05T14:53:00,83,68,30.06,9,0.00
2019-04-05T15:53:00,81,67,30.04,11,0.00
2019-04-05T16:00:00,81,67,30.01,11,NA
2019-04-05T16:53:00,80,68,30.04,9,0.00
2019-04-05T17:53:00,78,68,30.05,8,0.00
2019-04-05T18:53:00,76,68,30.07,6,0.00
2019-04-05T19:00:00,76,68,30.04,6,NA
2019-04-05T19:21:00,75,68,30.07,6,NA
2019-04-05T19:53:00,75,68,30.08,6,0.00
2019-04-05T20:53:00,75,68,30.11,0,0.00
2019-04-05T21:53:00,75,68,30.13,3,0.00
2019-04-05T22:00:00,75,68,30.10,3,NA
2019-04-05T22:53:00,75,68,30.14,0,0.00
2019-04-05T23:53:00,75,69,30.13,3,0.00
2019-04-06T00:53:00,73,69,30.12,0,0.00
2019-04-06T01:00:00,73,69,30.09,0,NA
2019-04-06T01:53:00,69,67,30.10,0,0.00
2019-04-06T02:53:00,69,67,30.09,0,0.00
2019-04-06T03:53:00,69,67,30.08,0,0.00
2019-04-06T04:00:00,69,67,30.05,0,NA
2019-04-06T04:53:00,70,66,30.08,0,0.00
2019-04-06T05:53:00,71,67,30.09,5,0.00
2019-04-06T06:53:00,71,68,30.10,5,0.00
2019-04-06T07:00:00,71,68,30.07,5,NA
2019-04-06T07:53:00,73,68,30.14,0,0.00
2019-04-06T08:53:00,76,68,30.14,5,0.00
2019-04-06T09:53:00,78,68,30.16,7,0.00
2019-04-06T10:00:00,78,68,30.13,7,NA
2019-04-06T10:53:00,79,69,30.15,7,0.00
2019-04-06T11:53:00,80,68,30.14,8,0.00
2019-04-06T12:53:00,82,68,30.13,8,0.00
2019-04-06T13:00:00,82,68,30.10,8,NA
2019-04-06T13:53:00,83,67,30.10,8,0.00
2019-04-06T14:53:00,84,66,30.08,8,0.00
2019-04-06T15:53:00,85,66,30.07,7,0.00
2019-04-06T16:00:00,85,66,30.04,7,NA
2019-04-06T16:41:00,85,66,30.06,7,NA
2019-04-06T16:43:00,85,66,30.06,7,NA
2019-04-06T16:53:00,85,67,30.06,8,0.00
2019-04-06T17:35:00,83,65,30.07,10,NA
2019-04-06T17:42:00,83,66,30.07,8,NA
2019-04-06T17:53:00,82,65,30.07,8,0.00
2019-04-06T18:53:00,80,65,30.09,7,0.00
2019-04-06T19:00:00,80,65,30.06,7,NA
2019-04-06T19:53:00,77,65,30.12,6,0.00
2019-04-06T20:53:00,76,66,30.13,3,0.00
2019-04-06T21:53:00,76,67,30.16,7,0.00
2019-04-06T22:00:00,76,67,30.13,7,NA
2019-04-06T22:53:00,77,65,30.15,7,0.00
2019-04-06T23:53:00,76,65,30.14,7,0.00
2019-04-07T00:53:00,75,66,30.12,5,0.00
2019-04-07T01:00:00,75,66,30.09,5,NA
2019-04-07T01:53:00,74,67,30.12,6,0.00
2019-04-07T02:53:00,73,68,30.12,6,0.00
2019-04-07T03:53:00,73,68,30.11,5,0.00
2019-04-07T04:00:00,73,68,30.08,5,NA
2019-04-07T04:53:00,72,68,30.12,5,0.00
2019-04-07T05:53:00,71,68,30.14,3,0.00
2019-04-07T06:53:00,72,68,30.17,3,0.00
2019-04-07T07:00:00,72,68,30.14,3,NA
2019-04-07T07:53:00,74,69,30.18,3,0.00
2019-04-07T08:16:00,75,69,30.18,3,NA
2019-04-07T08:51:00,77,70,30.18,8,NA
2019-04-07T08:53:00,77,70,30.18,8,0.00
2019-04-07T09:12:00,78,69,30.19,9,NA
2019-04-07T09:53:00,80,69,30.19,9,0.00
2019-04-07T10:00:00,80,69,30.16,9,NA
2019-04-07T10:53:00,83,68,30.17,6,0.00
2019-04-07T11:53:00,85,67,30.15,8,0.00
2019-04-07T12:53:00,84,66,30.13,7,0.00
2019-04-07T13:00:00,84,66,30.10,7,NA
2019-04-07T13:53:00,85,65,30.10,6,0.00
2019-04-07T14:53:00,88,64,30.08,7,0.00
2019-04-07T15:53:00,87,64,30.07,8,0.00
2019-04-07T16:00:00,87,64,30.04,8,NA
2019-04-07T16:53:00,87,64,30.06,6,0.00
2019-04-07T17:53:00,87,63,30.06,7,0.00
2019-04-07T18:53:00,85,63,30.05,10,0.00
2019-04-07T19:00:00,85,63,30.02,10,NA
2019-04-07T19:53:00,82,64,30.05,7,0.00
2019-04-07T20:53:00,78,69,30.08,8,0.00
2019-04-07T21:53:00,77,69,30.10,0,0.00
2019-04-07T22:00:00,77,69,30.07,0,NA
2019-04-07T22:53:00,78,69,30.09,0,0.00
2019-04-07T23:53:00,78,67,30.09,5,0.00
2019-04-08T00:53:00,76,67,30.09,5,0.00
2019-04-08T01:00:00,76,67,30.06,5,NA
2019-04-08T01:53:00,74,67,30.07,6,0.00
2019-04-08T02:53:00,74,68,30.07,3,0.00
2019-04-08T03:53:00,73,68,30.06,6,0.00
2019-04-08T04:00:00,73,68,30.03,6,NA
2019-04-08T04:53:00,73,68,30.05,5,0.00
2019-04-08T05:53:00,72,68,30.05,7,0.00
2019-04-08T06:53:00,73,69,30.06,8,0.00
2019-04-08T07:00:00,73,69,30.03,8,NA
2019-04-08T07:23:00,74,69,30.07,7,NA
2019-04-08T07:53:00,75,69,30.07,8,0.00
2019-04-08T08:53:00,77,70,30.08,10,0.00
2019-04-08T09:32:00,79,70,30.07,8,NA
2019-04-08T09:53:00,80,70,30.07,9,0.00
2019-04-08T10:00:00,80,70,30.04,9,NA
2019-04-08T10:40:00,82,69,30.05,10,NA
2019-04-08T10:53:00,82,69,30.06,10,0.00
2019-04-08T11:10:00,83,69,30.05,10,NA
2019-04-08T11:28:00,83,68,30.05,10,NA
2019-04-08T11:36:00,83,68,30.05,8,NA
2019-04-08T11:53:00,84,70,30.05,11,0.00
2019-04-08T12:53:00,84,69,30.02,10,0.00
2019-04-08T13:00:00,84,69,29.99,10,NA
2019-04-08T13:53:00,85,70,29.98,14,0.00
2019-04-08T14:53:00,84,70,29.97,16,0.00
2019-04-08T15:53:00,84,66,29.95,17,0.00
2019-04-08T16:00:00,84,66,29.92,17,NA
2019-04-08T16:53:00,81,69,29.97,14,0.00
2019-04-08T17:53:00,79,70,29.96,15,0.00
2019-04-08T18:01:00,75,68,29.97,14,T
2019-04-08T18:26:00,72,69,29.98,6,0.04
2019-04-08T18:53:00,72,68,29.98,8,0.09s
2019-04-08T19:00:00,72,68,29.95,8,NA
2019-04-08T19:53:00,72,68,29.98,0,0.02
2019-04-08T20:53:00,72,66,29.99,5,0.00
2019-04-08T21:53:00,73,65,29.98,3,0.00
2019-04-08T22:00:00,73,65,29.95,3,NA
2019-04-08T22:53:00,74,67,29.96,6,0.00
2019-04-08T23:53:00,74,67,29.95,5,0.00
2019-04-09T00:53:00,74,68,29.95,7,0.00
2019-04-09T01:00:00,74,68,29.92,7,NA
2019-04-09T01:53:00,74,70,29.93,7,0.00
2019-04-09T02:53:00,74,71,29.91,7,0.00
2019-04-09T03:53:00,75,71,29.88,8,0.00
2019-04-09T04:00:00,75,71,29.85,8,NA
2019-04-09T04:34:00,75,72,29.87,7,NA
2019-04-09T04:53:00,75,71,29.88,9,0.01
2019-04-09T05:37:00,75,72,29.88,10,0.06
2019-04-09T05:46:00,75,72,29.88,10,0.06
2019-04-09T05:53:00,75,72,29.88,11,0.05
2019-04-09T06:51:00,75,72,29.85,10,NA
2019-04-09T06:53:00,75,72,29.85,10,0.05
2019-04-09T07:53:00,75,71,29.85,10,0.00
2019-04-09T07:57:00,75,71,29.85,11,NA
2019-04-09T08:53:00,77,71,29.86,16,0.00
2019-04-09T09:26:00,79,72,29.86,16,NA
2019-04-09T09:44:00,79,72,29.86,14,NA
2019-04-09T09:53:00,79,72,29.86,14,0.00
2019-04-09T10:00:00,79,72,29.83,14,NA
2019-04-09T10:53:00,81,70,29.85,14,0.00
2019-04-09T11:53:00,82,70,29.82,15,0.00
2019-04-09T12:53:00,82,66,29.80,23,0.00
2019-04-09T13:00:00,82,66,29.77,23,NA
2019-04-09T13:53:00,80,68,29.79,20,0.00
2019-04-09T14:51:00,79,70,29.78,18,NA
2019-04-09T14:53:00,79,69,29.78,17,0.00
2019-04-09T15:53:00,77,70,29.76,15,0.03s
2019-04-09T16:00:00,77,70,29.73,15,NA
2019-04-09T16:51:00,75,70,29.75,13,NA
2019-04-09T16:53:00,76,70,29.75,16,T
2019-04-09T17:53:00,75,68,29.76,16,0.01
2019-04-09T18:53:00,75,67,29.77,13,0.05
2019-04-09T19:00:00,75,67,29.74,13,NA
2019-04-09T19:53:00,74,66,29.76,14,0.00
2019-04-09T20:53:00,74,67,29.79,10,0.00
2019-04-09T21:53:00,74,67,29.80,11,0.00
2019-04-09T22:00:00,74,67,29.77,11,NA
2019-04-09T22:53:00,73,67,29.80,10,0.00
2019-04-09T23:42:00,71,67,29.80,9,0.05
2019-04-09T23:43:00,71,67,29.80,10,0.07
2019-04-09T23:49:00,70,66,29.80,8,0.14
2019-04-09T23:53:00,70,67,29.80,5,0.14
2019-04-09T23:59:00,71,66,29.79,3,T
2019-04-10T00:53:00,72,66,29.78,8,0.02
2019-04-10T01:00:00,72,66,29.75,8,NA
2019-04-10T01:53:00,72,65,29.77,7,0.00
2019-04-10T02:53:00,72,65,29.76,8,0.00
2019-04-10T03:28:00,72,66,29.75,7,NA
2019-04-10T03:53:00,69,64,29.74,6,0.00
2019-04-10T04:00:00,69,64,29.71,6,NA
2019-04-10T04:03:00,68,64,29.75,5,NA
2019-04-10T04:53:00,70,65,29.76,3,0.00
2019-04-10T05:53:00,69,64,29.77,3,0.00
2019-04-10T06:53:00,70,65,29.79,5,0.00
2019-04-10T07:00:00,70,65,29.76,5,NA
2019-04-10T07:53:00,73,65,29.80,6,0.00
2019-04-10T08:53:00,74,64,29.80,7,0.00
2019-04-10T09:53:00,75,63,29.82,6,0.00
2019-04-10T10:00:00,75,63,29.79,6,NA
2019-04-10T10:53:00,77,63,29.82,7,0.00
2019-04-10T11:53:00,77,64,29.80,8,0.00
2019-04-10T12:53:00,78,63,29.78,9,0.00
2019-04-10T13:00:00,78,63,29.75,9,NA
2019-04-10T13:53:00,80,63,29.76,11,0.00
2019-04-10T14:53:00,81,64,29.75,14,0.00
2019-04-10T15:53:00,80,64,29.75,13,0.00
2019-04-10T16:00:00,80,64,29.72,13,NA
2019-04-10T16:53:00,78,64,29.76,13,0.00
2019-04-10T17:53:00,77,64,29.77,10,0.00
2019-04-10T18:53:00,75,64,29.78,7,0.00
2019-04-10T19:00:00,75,64,29.75,7,NA
2019-04-10T19:53:00,73,64,29.80,7,0.00
2019-04-10T20:53:00,72,65,29.82,6,0.00
2019-04-10T21:53:00,71,65,29.84,3,0.00
2019-04-10T22:00:00,71,65,29.81,3,NA
2019-04-10T22:53:00,70,65,29.84,5,0.00
2019-04-10T23:53:00,70,65,29.85,5,0.00
2019-04-11T00:53:00,70,65,29.83,0,0.00
2019-04-11T01:00:00,70,65,29.80,0,NA
2019-04-11T01:53:00,69,65,29.83,0,0.00
2019-04-11T02:53:00,69,65,29.83,6,0.00
2019-04-11T03:53:00,69,64,29.83,3,0.00
2019-04-11T04:00:00,69,64,29.80,3,NA
2019-04-11T04:53:00,68,64,29.84,3,0.00
2019-04-11T05:53:00,68,64,29.86,5,0.00
2019-04-11T06:53:00,68,64,29.88,5,0.00
2019-04-11T07:00:00,68,64,29.85,5,NA
2019-04-11T07:53:00,72,65,29.89,5,0.00
2019-04-11T08:53:00,76,65,29.90,6,0.00
2019-04-11T09:53:00,78,65,29.91,6,0.00
2019-04-11T10:00:00,78,65,29.88,6,NA
2019-04-11T10:53:00,80,65,29.90,10,0.00
2019-04-11T11:53:00,82,63,29.89,8,0.00
2019-04-11T12:53:00,83,66,29.87,5,0.00
2019-04-11T13:00:00,83,66,29.84,5,NA
2019-04-11T13:53:00,84,65,29.85,9,0.00
2019-04-11T14:53:00,85,64,29.85,10,0.00
2019-04-11T15:53:00,83,67,29.85,13,0.00
2019-04-11T16:00:00,83,67,29.82,13,NA
2019-04-11T16:53:00,81,66,29.86,10,0.00
2019-04-11T17:53:00,79,65,29.87,9,0.00
2019-04-11T18:53:00,78,65,29.87,7,0.00
2019-04-11T19:00:00,78,65,29.84,7,NA
2019-04-11T19:53:00,76,65,29.89,5,0.00
2019-04-11T20:53:00,75,65,29.92,6,0.00
2019-04-11T21:53:00,74,66,29.94,5,0.00
2019-04-11T22:00:00,74,66,29.91,5,NA
2019-04-11T22:53:00,74,66,29.94,5,0.00
2019-04-11T23:53:00,74,66,29.94,6,0.00
2019-04-12T00:53:00,73,66,29.93,3,0.00
2019-04-12T01:00:00,73,66,29.90,3,NA
2019-04-12T01:53:00,72,66,29.93,5,0.00
2019-04-12T02:53:00,72,66,29.91,5,0.00
2019-04-12T03:53:00,72,66,29.91,5,0.00
2019-04-12T04:00:00,72,66,29.88,5,NA
2019-04-12T04:53:00,72,68,29.92,5,0.00
2019-04-12T05:53:00,72,68,29.93,3,0.00
2019-04-12T06:53:00,73,68,29.94,5,0.00
2019-04-12T07:00:00,73,68,29.91,5,NA
2019-04-12T07:53:00,75,68,29.96,6,0.00
2019-04-12T08:53:00,78,66,29.98,8,0.00
2019-04-12T09:53:00,79,66,30.02,9,0.00
2019-04-12T10:00:00,79,66,29.99,9,NA
2019-04-12T10:53:00,83,65,30.01,10,0.00
2019-04-12T11:53:00,83,66,30.00,9,0.00
2019-04-12T12:53:00,85,63,29.99,9,0.00
2019-04-12T13:00:00,85,63,29.96,9,NA
2019-04-12T13:53:00,85,63,29.98,9,0.00
2019-04-12T14:53:00,86,61,29.96,9,0.00
2019-04-12T16:53:00,85,61,29.96,9,0.00
2019-04-12T17:53:00,85,61,29.96,8,0.00
2019-04-12T18:53:00,81,62,29.97,7,0.00
2019-04-12T19:00:00,81,62,29.94,7,NA
2019-04-12T19:53:00,78,65,29.98,6,0.00
2019-04-12T20:53:00,78,65,29.99,7,0.00
2019-04-12T21:53:00,77,65,30.00,5,0.00
2019-04-12T22:00:00,77,65,29.97,5,NA
2019-04-12T22:53:00,76,65,30.01,7,0.00
2019-04-12T23:53:00,75,63,29.99,5,0.00
2019-04-13T00:53:00,74,64,29.98,3,0.00
2019-04-13T01:00:00,74,64,29.95,3,NA
2019-04-13T01:53:00,74,66,29.96,6,0.00
2019-04-13T02:53:00,73,67,29.95,9,0.00
2019-04-13T03:53:00,74,66,29.95,7,0.00
2019-04-13T04:00:00,74,66,29.92,7,NA
2019-04-13T04:53:00,75,67,29.95,7,0.00
2019-04-13T05:53:00,76,68,29.96,10,0.00
2019-04-13T06:53:00,75,67,29.98,6,0.00
2019-04-13T07:00:00,75,67,29.95,6,NA
2019-04-13T07:53:00,77,69,29.99,5,0.00
2019-04-13T08:53:00,80,70,30.00,9,0.00
2019-04-13T09:53:00,82,69,30.00,9,0.00
2019-04-13T10:00:00,82,69,29.97,9,NA
2019-04-13T10:53:00,85,67,30.01,9,0.00
2019-04-13T11:53:00,85,70,30.00,9,0.00
2019-04-13T12:53:00,86,67,29.98,10,0.00
2019-04-13T13:00:00,86,67,29.95,10,NA
2019-04-13T13:53:00,87,69,29.96,8,0.00
2019-04-13T14:53:00,85,71,29.94,13,0.00
2019-04-13T15:53:00,85,71,29.92,10,0.00
2019-04-13T16:00:00,85,71,29.89,10,NA
2019-04-13T16:53:00,83,70,29.92,11,0.00
2019-04-13T17:53:00,82,69,29.91,10,0.00
2019-04-13T18:53:00,80,70,29.91,7,0.00
2019-04-13T19:00:00,80,70,29.88,7,NA
2019-04-13T19:53:00,80,71,29.91,6,0.00
2019-04-13T20:53:00,79,71,29.92,6,0.00
2019-04-13T21:53:00,80,71,29.92,6,0.00
2019-04-13T22:00:00,80,71,29.89,6,NA
2019-04-13T22:53:00,80,70,29.92,7,0.00
2019-04-13T23:53:00,79,70,29.92,8,0.00
2019-04-14T00:53:00,78,69,29.91,10,0.00
2019-04-14T01:00:00,78,69,29.88,10,NA
2019-04-14T01:53:00,77,69,29.90,9,0.00
2019-04-14T02:53:00,76,69,29.90,10,0.00
2019-04-14T03:53:00,75,69,29.90,9,0.00
2019-04-14T04:00:00,75,69,29.87,9,NA
2019-04-14T04:53:00,74,70,29.89,7,0.00
2019-04-14T05:53:00,74,70,29.88,8,0.00
2019-04-14T06:53:00,75,71,29.88,10,0.00
2019-04-14T07:00:00,75,71,29.85,10,NA
2019-04-14T07:53:00,78,71,29.90,9,0.00
2019-04-14T08:04:00,78,72,29.91,11,NA
2019-04-14T08:51:00,79,72,29.92,10,NA
2019-04-14T08:53:00,79,72,29.92,13,0.00
2019-04-14T09:40:00,82,73,29.94,13,NA
2019-04-14T09:53:00,83,74,29.93,15,0.00
2019-04-14T10:00:00,83,74,29.90,15,NA
2019-04-14T10:53:00,85,74,29.93,16,0.00
2019-04-14T11:53:00,86,74,29.92,16,0.00
2019-04-14T12:53:00,86,72,29.91,16,0.00
2019-04-14T13:00:00,86,72,29.88,16,NA
2019-04-14T13:53:00,86,72,29.89,18,0.00
2019-04-14T14:53:00,86,72,29.87,18,0.00
2019-04-14T15:53:00,85,71,29.86,17,0.00
2019-04-14T16:00:00,85,71,29.83,17,NA
2019-04-14T16:53:00,82,71,29.87,14,0.00
2019-04-14T17:53:00,81,73,29.87,15,0.00
2019-04-14T18:53:00,80,73,29.86,15,0.00
2019-04-14T19:00:00,80,73,29.83,15,NA
2019-04-14T19:08:00,80,73,29.86,13,NA
2019-04-14T19:36:00,80,73,29.86,16,NA
2019-04-14T19:47:00,75,70,29.90,23,T
2019-04-14T19:49:00,73,70,29.90,22,0.04
2019-04-14T19:53:00,72,69,29.89,17,0.52
2019-04-14T19:56:00,72,69,29.89,18,0.14
2019-04-14T20:00:00,72,69,29.90,16,0.20
2019-04-14T20:37:00,72,69,29.91,5,0.31
2019-04-14T20:53:00,72,69,29.90,7,0.13
2019-04-14T21:02:00,72,69,29.91,8,T
2019-04-14T21:18:00,72,69,29.90,7,0.03
2019-04-14T21:53:00,72,69,29.93,7,0.05
2019-04-14T22:00:00,72,69,29.90,7,NA
2019-04-14T22:15:00,72,69,29.93,7,0.02
2019-04-14T22:53:00,72,69,29.91,7,0.03
2019-04-14T23:53:00,73,69,29.91,9,0.00
2019-04-15T00:51:00,73,66,29.92,14,NA
2019-04-15T00:53:00,73,67,29.92,11,0.00
2019-04-15T01:00:00,73,67,29.89,11,NA
2019-04-15T01:53:00,74,67,29.91,17,0.00
2019-04-15T02:53:00,71,64,29.92,8,0.00
2019-04-15T03:53:00,68,60,29.93,9,0.00
2019-04-15T04:00:00,68,60,29.90,9,NA
2019-04-15T04:53:00,66,59,29.95,6,0.00
2019-04-15T05:53:00,66,58,29.97,3,0.00
2019-04-15T06:53:00,66,58,30.00,8,0.00
2019-04-15T07:00:00,66,58,29.97,8,NA
2019-04-15T07:53:00,68,57,30.02,14,0.00
2019-04-15T08:53:00,69,55,30.04,15,0.00
2019-04-15T09:53:00,72,56,30.06,16,0.00
2019-04-15T10:00:00,72,56,30.03,16,NA
2019-04-15T10:53:00,73,54,30.07,11,0.00
2019-04-15T11:53:00,74,55,30.06,13,0.00
2019-04-15T12:53:00,76,56,30.04,11,0.00
2019-04-15T13:00:00,76,56,30.01,11,NA
2019-04-15T13:53:00,76,54,30.04,15,0.00
2019-04-15T14:53:00,75,55,30.03,14,0.00
2019-04-15T15:53:00,75,50,30.02,15,0.00
2019-04-15T16:00:00,75,50,29.99,15,NA
2019-04-15T16:53:00,74,51,30.03,9,0.00
2019-04-15T17:53:00,72,51,30.04,10,0.00
2019-04-15T18:53:00,68,51,30.05,10,0.00
2019-04-15T19:00:00,68,51,30.02,10,NA
2019-04-15T19:53:00,66,53,30.07,10,0.00
2019-04-15T20:53:00,66,54,30.09,7,0.00
2019-04-15T21:53:00,65,55,30.11,5,0.00
2019-04-15T22:00:00,65,55,30.08,5,NA
2019-04-15T22:53:00,65,55,30.12,8,0.00
2019-04-15T23:53:00,64,52,30.13,7,0.00
2019-04-16T00:53:00,64,50,30.13,5,0.00
2019-04-16T01:00:00,64,50,30.10,5,NA
2019-04-16T01:53:00,61,50,30.12,7,0.00
2019-04-16T02:53:00,61,48,30.12,5,0.00
2019-04-16T03:53:00,61,47,30.13,5,0.00
2019-04-16T04:00:00,61,47,30.10,5,NA
2019-04-16T04:53:00,61,46,30.14,5,0.00
2019-04-16T05:53:00,60,46,30.15,6,0.00
2019-04-16T06:53:00,61,46,30.17,6,0.00
2019-04-16T07:00:00,61,46,30.14,6,NA
2019-04-16T07:53:00,66,47,30.18,6,0.00
2019-04-16T08:53:00,70,45,30.19,10,0.00
2019-04-16T09:53:00,73,46,30.19,9,0.00
2019-04-16T10:00:00,73,46,30.16,9,NA
2019-04-16T10:53:00,77,47,30.19,6,0.00
2019-04-16T11:53:00,78,48,30.17,3,0.00
2019-04-16T12:53:00,81,48,30.15,6,0.00
2019-04-16T13:00:00,81,48,30.12,6,NA
2019-04-16T13:53:00,81,54,30.13,6,0.00
2019-04-16T14:53:00,81,53,30.11,9,0.00
2019-04-16T15:53:00,81,55,30.09,9,0.00
2019-04-16T16:00:00,81,55,30.06,9,NA
2019-04-16T16:53:00,81,54,30.09,8,0.00
2019-04-16T17:53:00,83,47,30.09,6,0.00
2019-04-16T18:53:00,81,49,30.09,5,0.00
2019-04-16T19:00:00,81,49,30.06,5,NA
2019-04-16T19:53:00,79,51,30.10,3,0.00
2019-04-16T20:53:00,76,52,30.12,5,0.00
2019-04-16T21:53:00,75,56,30.14,7,0.00
2019-04-16T22:00:00,75,56,30.11,7,NA
2019-04-16T22:53:00,73,57,30.14,8,0.00
2019-04-16T23:53:00,71,57,30.13,5,0.00
2019-04-17T00:53:00,71,57,30.12,5,0.00
2019-04-17T01:00:00,71,57,30.09,5,NA
2019-04-17T01:53:00,68,58,30.10,3,0.00
2019-04-17T02:53:00,67,58,30.10,3,0.00
2019-04-17T03:53:00,65,59,30.10,0,0.00
2019-04-17T04:00:00,65,59,30.07,0,NA
2019-04-17T04:53:00,66,59,30.09,0,0.00
2019-04-17T05:53:00,64,59,30.11,0,0.00
2019-04-17T06:53:00,66,60,30.13,3,0.00
2019-04-17T07:00:00,66,60,30.10,3,NA
2019-04-17T07:53:00,71,60,30.13,0,0.00
2019-04-17T08:53:00,73,59,30.13,6,0.00
2019-04-17T09:53:00,77,59,30.13,8,0.00
2019-04-17T10:00:00,77,59,30.10,8,NA
2019-04-17T10:53:00,79,59,30.12,6,0.00
2019-04-17T11:53:00,82,57,30.10,8,0.00
2019-04-17T12:53:00,83,54,30.08,10,0.00
2019-04-17T13:00:00,83,54,30.05,10,NA
2019-04-17T13:53:00,84,57,30.06,5,0.00
2019-04-17T14:53:00,85,57,30.04,10,0.00
2019-04-17T15:53:00,84,57,30.02,7,0.00
2019-04-17T16:00:00,84,57,29.99,7,NA
2019-04-17T16:53:00,84,57,30.01,6,0.00
2019-04-17T17:53:00,84,57,30.00,6,0.00
2019-04-17T18:53:00,82,57,30.00,7,0.00
2019-04-17T19:00:00,82,57,29.97,7,NA
2019-04-17T19:53:00,80,58,30.01,10,0.00
2019-04-17T20:53:00,78,58,30.04,11,0.00
2019-04-17T21:53:00,76,59,30.05,10,0.00
2019-04-17T22:00:00,76,59,30.02,10,NA
2019-04-17T22:53:00,74,60,30.05,8,0.00
2019-04-17T23:53:00,73,60,30.04,9,0.00
2019-04-18T00:53:00,72,61,30.02,10,0.00
2019-04-18T01:00:00,72,61,29.99,10,NA
2019-04-18T01:53:00,71,62,30.00,8,0.00
2019-04-18T02:53:00,70,60,29.99,6,0.00
2019-04-18T03:53:00,70,61,29.98,7,0.00
2019-04-18T04:00:00,70,61,29.95,7,NA
2019-04-18T04:53:00,70,61,29.98,6,0.00
2019-04-18T05:53:00,70,62,29.98,6,0.00
2019-04-18T06:53:00,71,63,29.99,6,0.00
2019-04-18T07:00:00,71,63,29.96,6,NA
2019-04-18T07:53:00,74,62,30.00,11,0.00
2019-04-18T08:53:00,76,62,29.99,9,0.00
2019-04-18T09:53:00,79,62,30.00,10,0.00
2019-04-18T10:00:00,79,62,29.97,10,NA
2019-04-18T10:53:00,82,66,29.99,13,0.00
2019-04-18T11:53:00,84,67,29.98,11,0.00
2019-04-18T12:53:00,85,67,29.97,9,0.00
2019-04-18T13:00:00,85,67,29.94,9,NA
2019-04-18T13:53:00,86,64,29.94,10,0.00
2019-04-18T14:53:00,87,64,29.91,11,0.00
2019-04-18T15:53:00,88,65,29.89,17,0.00
2019-04-18T16:00:00,88,65,29.86,17,NA
2019-04-18T16:53:00,85,69,29.87,11,0.00
2019-04-18T17:53:00,83,69,29.86,7,0.00
2019-04-18T18:53:00,80,69,29.86,9,0.00
2019-04-18T19:00:00,80,69,29.83,9,NA
2019-04-18T19:53:00,79,70,29.89,9,0.00
2019-04-18T20:53:00,79,71,29.91,10,0.00
2019-04-18T21:53:00,78,71,29.92,15,0.01
2019-04-18T22:00:00,78,71,29.89,15,NA
2019-04-18T22:53:00,78,72,29.90,15,0.00
2019-04-18T23:53:00,77,71,29.90,9,0.00
2019-04-19T00:53:00,77,71,29.87,9,0.00
2019-04-19T01:00:00,77,71,29.84,9,NA
2019-04-19T01:53:00,76,70,29.84,9,0.00
2019-04-19T02:53:00,76,69,29.82,9,0.00
2019-04-19T03:53:00,75,70,29.82,9,0.00
2019-04-19T04:00:00,75,70,29.79,9,NA
2019-04-19T04:53:00,75,71,29.81,11,0.00
2019-04-19T05:53:00,76,71,29.80,9,0.00
2019-04-19T06:53:00,77,72,29.81,14,0.00
2019-04-19T07:00:00,77,72,29.78,14,NA
2019-04-19T07:53:00,79,72,29.80,13,0.00
2019-04-19T08:53:00,81,72,29.81,21,0.00
2019-04-19T09:53:00,81,72,29.82,20,0.00
2019-04-19T10:00:00,81,72,29.79,20,NA
2019-04-19T10:53:00,80,72,29.80,23,0.00
2019-04-19T11:07:00,80,72,29.80,28,NA
2019-04-19T11:53:00,80,72,29.80,24,0.00
2019-04-19T12:03:00,80,72,29.79,28,NA
2019-04-19T12:10:00,80,72,29.79,25,NA
2019-04-19T12:18:00,79,72,29.79,26,T
2019-04-19T12:21:00,79,72,29.79,26,T
2019-04-19T12:26:00,78,72,29.79,22,T
2019-04-19T12:43:00,77,72,29.81,22,0.01
2019-04-19T12:45:00,75,71,29.81,23,0.06
2019-04-19T12:50:00,72,68,29.80,20,0.31
2019-04-19T12:51:00,72,68,29.80,20,NA
2019-04-19T12:53:00,72,70,29.80,29,0.43s
2019-04-19T13:00:00,72,70,29.77,29,NA
2019-04-19T13:05:00,73,70,29.80,28,0.09
2019-04-19T13:09:00,73,69,29.80,28,0.11
2019-04-19T13:22:00,72,67,29.80,25,0.13
2019-04-19T13:34:00,71,68,29.79,20,0.15
2019-04-19T13:38:00,71,68,29.77,20,0.16
2019-04-19T13:53:00,70,66,29.79,21,0.14
2019-04-19T14:01:00,71,68,29.79,16,0.02
2019-04-19T14:10:00,71,68,29.78,22,0.04
2019-04-19T14:15:00,71,68,29.78,21,0.04
2019-04-19T14:23:00,71,68,29.77,17,0.04
2019-04-19T14:49:00,72,68,29.76,17,0.04
2019-04-19T14:53:00,72,68,29.76,20,0.02
2019-04-19T15:53:00,74,69,29.74,18,0.01
2019-04-19T16:00:00,74,69,29.71,18,NA
2019-04-19T16:20:00,72,68,29.76,21,T
2019-04-19T16:25:00,69,65,29.76,18,0.12
2019-04-19T16:29:00,70,66,29.76,18,0.12
2019-04-19T16:40:00,72,66,29.77,23,0.12
2019-04-19T16:53:00,73,62,29.78,20,0.12
2019-04-19T17:53:00,73,52,29.79,23,0.00
2019-04-19T18:53:00,71,52,29.81,17,0.00
2019-04-19T19:00:00,71,52,29.78,17,NA
2019-04-19T19:53:00,70,52,29.83,21,0.00
2019-04-19T20:53:00,69,53,29.87,16,0.00
2019-04-19T21:53:00,69,50,29.88,22,0.00
2019-04-19T22:00:00,69,50,29.85,22,NA
2019-04-19T22:53:00,68,51,29.90,22,0.00
2019-04-19T23:53:00,68,49,29.91,15,0.00
2019-04-20T00:53:00,68,50,29.89,16,0.00
2019-04-20T01:00:00,68,50,29.86,16,NA
2019-04-20T01:53:00,68,50,29.87,17,0.00
2019-04-20T02:53:00,69,49,29.87,18,0.00
2019-04-20T03:53:00,68,53,29.88,18,0.00
2019-04-20T04:00:00,68,53,29.85,18,NA
2019-04-20T04:53:00,68,52,29.89,17,0.00
2019-04-20T05:53:00,65,54,29.91,11,0.00
2019-04-20T06:53:00,67,52,29.94,18,0.00
2019-04-20T07:00:00,67,52,29.91,18,NA
2019-04-20T07:53:00,69,53,29.95,21,0.00
2019-04-20T08:53:00,70,52,29.99,20,0.00
2019-04-20T09:53:00,73,48,30.01,20,0.00
2019-04-20T10:00:00,73,48,29.98,20,NA
2019-04-20T10:53:00,72,45,30.01,20,0.00
2019-04-20T11:53:00,72,49,30.01,18,0.00
2019-04-20T12:53:00,71,47,30.01,18,0.00
2019-04-20T13:00:00,71,47,29.98,18,NA
2019-04-20T13:53:00,71,45,30.00,16,0.00
2019-04-20T14:53:00,71,44,29.99,16,0.00
2019-04-20T15:53:00,70,45,29.99,13,0.00
2019-04-20T16:00:00,70,45,29.96,13,NA
2019-04-20T16:53:00,69,46,29.98,10,0.00
2019-04-20T17:53:00,69,47,29.98,14,0.00
2019-04-20T18:53:00,68,49,29.98,10,0.00
2019-04-20T19:00:00,68,49,29.95,10,NA
2019-04-20T19:53:00,65,55,30.00,7,0.01
2019-04-20T20:53:00,67,52,30.01,11,0.04
2019-04-20T21:53:00,68,48,30.02,15,0.00
2019-04-20T22:00:00,68,48,29.99,15,NA
2019-04-20T22:53:00,68,46,30.04,14,0.00
2019-04-20T23:53:00,67,45,30.05,10,0.00
2019-04-21T00:53:00,65,47,30.05,7,0.00
2019-04-21T01:00:00,65,47,30.02,7,NA
2019-04-21T01:53:00,63,47,30.04,6,0.00
2019-04-21T02:53:00,61,47,30.04,5,0.00
2019-04-21T03:53:00,60,47,30.05,0,0.00
2019-04-21T04:00:00,60,47,30.02,0,NA
2019-04-21T04:53:00,61,45,30.07,5,0.00
2019-04-21T05:53:00,60,45,30.09,0,0.00
2019-04-21T06:53:00,66,45,30.10,6,0.00
2019-04-21T07:00:00,66,45,30.07,6,NA
2019-04-21T07:53:00,68,44,30.11,6,0.00
2019-04-21T08:53:00,71,41,30.13,9,0.00
2019-04-21T09:53:00,72,43,30.14,5,0.00
2019-04-21T10:00:00,72,43,30.11,5,NA
2019-04-21T10:53:00,74,46,30.15,10,0.00
2019-04-21T11:53:00,74,49,30.14,13,0.00
2019-04-21T12:53:00,74,46,30.13,13,0.00
2019-04-21T13:00:00,74,46,30.10,13,NA
2019-04-21T13:53:00,76,48,30.12,13,0.00
2019-04-21T14:53:00,75,45,30.11,14,0.00
2019-04-21T15:53:00,74,46,30.10,15,0.00
2019-04-21T16:00:00,74,46,30.07,15,NA
2019-04-21T16:53:00,74,44,30.11,14,0.00
2019-04-21T17:53:00,71,43,30.11,13,0.00
2019-04-21T18:53:00,68,43,30.12,9,0.00
2019-04-21T19:00:00,68,43,30.09,9,NA
2019-04-21T19:53:00,65,45,30.13,6,0.00
2019-04-21T20:53:00,63,47,30.16,3,0.00
2019-04-21T21:53:00,63,48,30.17,0,0.00
2019-04-21T22:00:00,63,48,30.14,0,NA
2019-04-21T22:53:00,62,47,30.18,0,0.00
2019-04-21T23:53:00,60,48,30.17,5,0.00
2019-04-22T00:53:00,59,49,30.17,0,0.00
2019-04-22T01:00:00,59,49,30.14,0,NA
2019-04-22T01:53:00,60,49,30.15,0,0.00
2019-04-22T02:53:00,61,50,30.15,3,0.00
2019-04-22T03:53:00,60,48,30.15,5,0.00
2019-04-22T04:00:00,60,48,30.12,5,NA
2019-04-22T04:53:00,60,48,30.16,0,0.00
2019-04-22T05:53:00,61,48,30.18,0,0.00
2019-04-22T06:53:00,63,48,30.19,3,0.00
2019-04-22T07:00:00,63,48,30.16,3,NA
2019-04-22T07:53:00,66,48,30.20,5,0.00
2019-04-22T08:53:00,70,48,30.20,5,0.00
2019-04-22T09:53:00,73,45,30.20,6,0.00
2019-04-22T10:00:00,73,45,30.17,6,NA
2019-04-22T10:53:00,76,44,30.19,3,0.00
2019-04-22T11:53:00,77,43,30.17,3,0.00
2019-04-22T12:53:00,80,45,30.15,6,0.00
2019-04-22T13:00:00,80,45,30.12,6,NA
2019-04-22T13:53:00,78,50,30.14,11,0.00
2019-04-22T14:53:00,79,50,30.11,9,NA
2019-04-22T15:53:00,78,48,30.10,8,0.00
2019-04-22T16:00:00,78,48,30.07,8,NA
2019-04-22T16:53:00,78,52,30.09,10,0.00
2019-04-22T17:53:00,76,51,30.10,13,0.00
2019-04-22T18:53:00,73,51,30.11,10,0.00
2019-04-22T19:00:00,73,51,30.08,10,NA
2019-04-22T19:53:00,70,52,30.12,7,0.00
2019-04-22T20:53:00,69,53,30.12,5,0.00
2019-04-22T21:53:00,68,55,30.13,0,0.00
2019-04-22T22:00:00,68,55,30.10,0,NA
2019-04-22T22:53:00,67,56,30.15,8,0.00
2019-04-22T23:53:00,67,54,30.16,5,0.00
2019-04-23T00:53:00,65,54,30.15,5,0.00
2019-04-23T01:00:00,65,54,30.12,5,NA
2019-04-23T01:53:00,65,54,30.13,5,0.00
2019-04-23T02:53:00,65,54,30.11,5,0.00
2019-04-23T03:53:00,65,53,30.10,0,0.00
2019-04-23T04:00:00,65,53,30.07,0,NA
2019-04-23T04:53:00,65,53,30.10,0,0.00
2019-04-23T05:53:00,63,53,30.11,0,0.00
2019-04-23T06:53:00,65,54,30.14,0,0.00
2019-04-23T07:00:00,65,54,30.11,0,NA
2019-04-23T07:53:00,69,56,30.14,3,0.00
2019-04-23T08:53:00,74,57,30.15,0,0.00
2019-04-23T09:53:00,76,59,30.15,6,0.00
2019-04-23T10:00:00,76,59,30.12,6,NA
2019-04-23T10:53:00,77,58,30.14,8,0.00
2019-04-23T11:53:00,79,55,30.12,6,0.00
2019-04-23T12:53:00,80,55,30.10,11,0.00
2019-04-23T13:00:00,80,55,30.07,11,NA
2019-04-23T13:53:00,81,52,30.08,11,0.00
2019-04-23T14:53:00,81,55,30.06,11,0.00
2019-04-23T15:53:00,81,58,30.04,13,0.00
2019-04-23T16:00:00,81,58,30.01,13,NA
2019-04-23T16:53:00,80,58,30.04,13,0.00
2019-04-23T17:53:00,78,57,30.04,11,0.00
2019-04-23T18:53:00,75,57,30.05,8,0.00
2019-04-23T19:00:00,75,57,30.02,8,NA
2019-04-23T19:53:00,72,59,30.05,7,0.00
2019-04-23T20:53:00,71,60,30.06,7,0.00
2019-04-23T21:53:00,70,60,30.07,6,0.00
2019-04-23T22:00:00,70,60,30.04,6,NA
2019-04-23T22:53:00,70,60,30.07,5,0.00
2019-04-23T23:53:00,70,59,30.05,5,0.00
2019-04-24T00:53:00,69,59,30.05,3,0.00
2019-04-24T01:00:00,69,59,30.02,3,NA
2019-04-24T01:53:00,69,60,30.04,7,0.00
2019-04-24T02:53:00,68,60,30.03,3,0.00
2019-04-24T03:53:00,68,60,30.03,0,0.00
2019-04-24T04:00:00,68,60,30.00,0,NA
2019-04-24T04:53:00,68,60,30.03,3,0.00
2019-04-24T05:53:00,67,60,30.04,0,0.00
2019-04-24T06:53:00,69,61,30.05,5,0.00
2019-04-24T07:00:00,69,61,30.02,5,NA
2019-04-24T07:53:00,72,62,30.08,6,0.00
2019-04-24T08:53:00,74,61,30.08,3,0.00
2019-04-24T09:53:00,76,63,30.09,7,0.00
2019-04-24T10:00:00,76,63,30.06,7,NA
2019-04-24T10:53:00,77,NA,30.08,6,0.00
2019-04-24T11:53:00,78,61,30.05,7,NA
2019-04-24T12:53:00,80,61,30.03,13,0.00
2019-04-24T13:00:00,80,61,30.00,13,NA
2019-04-24T13:53:00,81,59,30.02,10,0.00
2019-04-24T14:53:00,84,58,29.99,3,0.00
2019-04-24T15:53:00,84,61,29.98,8,0.00
2019-04-24T16:00:00,84,61,29.95,8,NA
2019-04-24T16:53:00,83,48,29.98,6,0.00
2019-04-24T17:53:00,79,63,29.98,11,0.00
2019-04-24T18:53:00,76,63,29.99,9,0.00
2019-04-24T19:00:00,76,63,29.96,9,NA
2019-04-24T19:53:00,74,64,29.99,5,0.00
2019-04-24T20:53:00,74,65,30.00,5,0.00
2019-04-24T21:53:00,72,65,30.00,3,0.00
2019-04-24T22:00:00,72,65,29.97,3,NA
2019-04-24T22:53:00,73,66,30.00,3,0.00
2019-04-24T23:53:00,72,66,30.00,0,0.00
2019-04-25T00:53:00,72,66,29.98,3,0.00
2019-04-25T01:00:00,72,66,29.95,3,NA
2019-04-25T01:53:00,71,65,29.96,3,0.00
2019-04-25T02:53:00,71,60,29.96,3,0.00
2019-04-25T03:53:00,69,60,29.95,3,0.00
2019-04-25T04:00:00,69,60,29.92,3,NA
2019-04-25T04:53:00,69,60,29.95,6,0.00
2019-04-25T05:53:00,68,61,29.99,0,0.00
2019-04-25T06:53:00,69,61,29.99,5,0.00
2019-04-25T07:00:00,69,61,29.96,5,NA
2019-04-25T07:53:00,71,63,30.00,6,0.00
2019-04-25T08:53:00,75,64,30.01,0,0.00
2019-04-25T09:53:00,78,62,30.02,7,0.00
2019-04-25T10:00:00,78,62,29.99,7,NA
2019-04-25T10:53:00,78,63,30.03,9,0.00
2019-04-25T11:53:00,80,65,30.00,13,0.00
2019-04-25T12:53:00,80,66,29.99,14,0.00
2019-04-25T13:00:00,80,66,29.96,14,NA
2019-04-25T13:53:00,82,65,29.98,10,0.00
2019-04-25T14:53:00,81,67,29.97,11,0.00
2019-04-25T15:53:00,81,65,29.95,10,0.00
2019-04-25T16:00:00,81,65,29.92,10,NA
2019-04-25T16:53:00,80,67,29.94,14,0.00
2019-04-25T17:53:00,77,68,29.94,10,0.00
2019-04-25T18:53:00,75,68,29.93,10,0.00
2019-04-25T19:00:00,75,68,29.90,10,NA
2019-04-25T19:53:00,75,67,29.93,10,0.00
2019-04-25T20:53:00,75,67,29.96,9,0.00
2019-04-25T21:53:00,74,68,29.96,6,0.00
2019-04-25T22:00:00,74,68,29.93,6,NA
2019-04-25T22:53:00,74,68,29.95,8,0.00
2019-04-25T23:53:00,74,69,29.95,7,0.00
2019-04-26T00:53:00,74,69,29.93,11,0.00
2019-04-26T01:00:00,74,69,29.90,11,NA
2019-04-26T01:53:00,73,69,29.91,10,0.00
2019-04-26T02:53:00,73,69,29.90,10,0.00
2019-04-26T03:53:00,74,69,29.89,16,0.00
2019-04-26T04:00:00,74,69,29.86,16,NA
2019-04-26T04:13:00,74,69,29.88,13,NA
2019-04-26T04:53:00,74,69,29.88,13,0.00
2019-04-26T05:53:00,74,69,29.89,7,0.00
2019-04-26T06:53:00,74,69,29.89,6,0.00
2019-04-26T07:00:00,74,69,29.86,6,NA
2019-04-26T07:53:00,75,70,29.90,8,T
2019-04-26T08:10:00,74,70,29.92,6,0.01
2019-04-26T08:20:00,74,71,29.93,8,0.02
2019-04-26T08:53:00,75,71,29.94,8,0.12
2019-04-26T09:31:00,74,68,29.92,13,0.06
2019-04-26T09:53:00,76,69,29.92,8,0.05
2019-04-26T10:00:00,76,69,29.89,8,NA
2019-04-26T10:53:00,77,69,29.90,13,0.00
2019-04-26T11:23:00,79,73,29.89,14,NA
2019-04-26T11:36:00,79,72,29.89,20,NA
2019-04-26T11:53:00,81,72,29.89,16,0.00
2019-04-26T12:24:00,80,72,29.88,21,NA
2019-04-26T12:51:00,81,72,29.87,17,NA
2019-04-26T12:53:00,80,71,29.87,17,0.00
2019-04-26T13:00:00,80,71,29.84,17,NA
2019-04-26T13:53:00,81,70,29.86,16,0.00
2019-04-26T14:18:00,81,71,29.86,17,NA
2019-04-26T14:48:00,81,70,29.86,16,NA
2019-04-26T14:53:00,80,68,29.86,16,0.00
2019-04-26T15:47:00,79,66,29.87,14,NA
2019-04-26T15:53:00,78,66,29.87,14,0.00
2019-04-26T16:00:00,78,66,29.84,14,NA
2019-04-26T16:34:00,78,66,29.87,11,NA
2019-04-26T16:53:00,78,65,29.87,9,0.00
2019-04-26T17:53:00,77,65,29.88,14,0.00
2019-04-26T18:53:00,73,65,29.90,9,0.00
2019-04-26T19:00:00,73,65,29.87,9,NA
2019-04-26T19:53:00,72,65,29.92,10,0.00
2019-04-26T20:53:00,72,65,29.94,6,0.00
2019-04-26T21:53:00,71,65,29.96,7,0.00
2019-04-26T22:00:00,71,65,29.93,7,NA
2019-04-26T22:53:00,69,65,29.96,6,0.00
2019-04-26T23:53:00,69,64,29.96,6,0.00
2019-04-27T00:53:00,68,64,29.96,0,0.00
2019-04-27T01:00:00,68,64,29.93,0,NA
2019-04-27T01:53:00,67,64,29.96,3,0.00
2019-04-27T02:53:00,67,64,29.96,3,0.00
2019-04-27T03:53:00,66,59,29.97,6,0.00
2019-04-27T04:00:00,66,59,29.94,6,NA
2019-04-27T04:53:00,65,57,29.99,6,0.00
2019-04-27T05:53:00,64,55,30.01,5,0.00
2019-04-27T06:53:00,66,55,30.03,6,0.00
2019-04-27T07:00:00,66,55,30.00,6,NA
2019-04-27T07:53:00,69,51,30.04,7,0.00
2019-04-27T08:53:00,74,44,30.05,9,0.00
2019-04-27T09:53:00,78,42,30.06,7,0.00
2019-04-27T10:00:00,78,42,30.03,7,NA
2019-04-27T10:53:00,80,45,30.05,5,0.00
2019-04-27T11:53:00,81,45,30.04,6,0.00
2019-04-27T12:53:00,83,43,30.02,5,0.00
2019-04-27T13:00:00,83,43,29.99,5,NA
2019-04-27T13:53:00,82,49,30.00,9,0.00
2019-04-27T14:53:00,82,51,29.96,10,0.00
2019-04-27T15:53:00,83,49,29.95,9,0.00
2019-04-27T16:00:00,83,49,29.92,9,NA
2019-04-27T16:53:00,83,50,29.94,8,0.00
2019-04-27T17:53:00,81,55,29.94,10,0.00
2019-04-27T18:53:00,76,53,29.96,10,0.00
2019-04-27T19:00:00,76,53,29.93,10,NA
2019-04-27T19:53:00,75,55,29.98,8,0.00
2019-04-27T20:53:00,71,56,30.00,7,0.00
2019-04-27T21:53:00,71,56,30.02,5,0.00
2019-04-27T22:00:00,71,56,29.99,5,NA
2019-04-27T22:53:00,72,57,30.03,3,0.00
2019-04-27T23:53:00,71,57,30.02,3,0.00
2019-04-28T00:53:00,70,57,30.02,5,0.00
2019-04-28T01:00:00,70,57,29.99,5,NA
2019-04-28T01:53:00,68,58,30.01,3,0.00
2019-04-28T02:53:00,67,58,29.99,5,0.00
2019-04-28T03:53:00,67,59,30.01,0,0.00
2019-04-28T04:00:00,67,59,29.98,0,NA
2019-04-28T04:53:00,67,59,30.01,0,0.00
2019-04-28T05:53:00,67,60,30.02,0,0.00
2019-04-28T06:53:00,70,63,30.04,3,0.00
2019-04-28T07:00:00,70,63,30.01,3,NA
2019-04-28T07:53:00,74,66,30.05,7,0.00
2019-04-28T08:53:00,77,67,30.06,8,0.00
2019-04-28T09:53:00,80,66,30.07,9,0.00
2019-04-28T10:00:00,80,66,30.04,9,NA
2019-04-28T10:53:00,83,66,30.07,8,0.00
2019-04-28T11:53:00,85,66,30.06,11,0.00
2019-04-28T12:53:00,82,67,30.03,10,0.00
2019-04-28T13:00:00,82,67,30.00,10,NA
2019-04-28T13:53:00,84,63,30.02,10,0.00
2019-04-28T14:53:00,84,63,30.00,8,0.00
2019-04-28T15:53:00,85,64,30.00,13,0.00
2019-04-28T16:00:00,85,64,29.97,13,NA
2019-04-28T16:53:00,82,65,30.00,10,0.00
2019-04-28T17:53:00,80,67,30.00,10,0.00
2019-04-28T18:53:00,79,66,30.02,9,0.00
2019-04-28T19:00:00,79,66,29.99,9,NA
2019-04-28T19:53:00,76,68,30.04,9,0.00
2019-04-28T20:53:00,74,68,30.06,3,0.00
2019-04-28T21:53:00,75,69,30.09,3,0.00
2019-04-28T22:00:00,75,69,30.06,3,NA
2019-04-28T22:53:00,76,64,30.10,7,0.00
2019-04-28T23:53:00,74,63,30.10,8,0.00
2019-04-29T00:53:00,73,65,30.08,7,0.00
2019-04-29T01:00:00,73,65,30.05,7,NA
2019-04-29T01:53:00,73,65,30.07,6,0.00
2019-04-29T02:53:00,72,66,30.06,3,0.00
2019-04-29T03:53:00,71,65,30.07,5,0.00
2019-04-29T04:00:00,71,65,30.04,5,NA
2019-04-29T04:53:00,71,65,30.08,5,0.00
2019-04-29T05:53:00,70,65,30.11,5,0.00
2019-04-29T06:53:00,71,66,30.12,6,0.00
2019-04-29T07:00:00,71,66,30.09,6,NA
2019-04-29T07:53:00,75,66,30.13,7,0.00
2019-04-29T08:53:00,78,66,30.13,5,0.00
2019-04-29T09:53:00,81,63,30.14,5,0.00
2019-04-29T10:00:00,81,63,30.11,5,NA
2019-04-29T10:53:00,84,57,30.15,9,0.00
2019-04-29T11:53:00,86,57,30.15,7,0.00
2019-04-29T12:53:00,88,57,30.13,9,0.00
2019-04-29T13:00:00,88,57,30.10,9,NA
2019-04-29T13:53:00,88,54,30.10,6,0.00
2019-04-29T14:53:00,89,55,30.09,10,0.00
2019-04-29T15:53:00,90,54,30.08,8,0.00
2019-04-29T16:00:00,90,54,30.05,8,NA
2019-04-29T16:53:00,90,53,30.08,6,0.00
2019-04-29T17:53:00,88,57,30.07,8,0.00
2019-04-29T18:53:00,84,68,30.09,10,0.00
2019-04-29T19:00:00,84,68,30.06,10,NA
2019-04-29T19:53:00,82,60,30.11,9,0.00
2019-04-29T20:53:00,80,59,30.15,11,0.00
2019-04-29T21:53:00,78,59,30.18,9,0.00
2019-04-29T22:00:00,78,59,30.15,9,NA
2019-04-29T22:53:00,76,62,30.19,8,0.00
2019-04-29T23:53:00,75,63,30.19,6,0.00
2019-04-30T00:53:00,74,64,30.17,6,0.00
2019-04-30T01:00:00,74,64,30.14,6,NA
2019-04-30T01:53:00,72,65,30.14,3,0.00
2019-04-30T02:53:00,71,64,30.13,5,0.00
2019-04-30T03:53:00,71,65,30.13,6,0.00
2019-04-30T04:00:00,71,65,30.10,6,NA
2019-04-30T04:53:00,70,65,30.14,3,0.00
2019-04-30T05:53:00,70,65,30.16,3,0.00
2019-04-30T06:53:00,71,67,30.17,7,0.00
2019-04-30T07:00:00,71,67,30.14,7,NA
2019-04-30T07:53:00,76,69,30.17,8,0.00
2019-04-30T08:53:00,80,69,30.18,9,0.00
2019-04-30T09:53:00,82,67,30.19,10,0.00
2019-04-30T10:00:00,82,67,30.16,10,NA
2019-04-30T10:53:00,86,66,30.18,10,0.00
2019-04-30T11:53:00,88,66,30.17,6,0.00
2019-04-30T12:53:00,89,64,30.15,8,0.00
2019-04-30T13:00:00,89,64,30.12,8,NA
2019-04-30T13:53:00,88,61,30.12,13,0.00
2019-04-30T14:53:00,91,61,30.10,8,0.00
2019-04-30T15:29:00,90,62,30.09,8,NA
2019-04-30T15:45:00,89,62,30.10,7,NA
2019-04-30T15:53:00,88,62,30.10,8,0.00
2019-04-30T16:00:00,88,62,30.07,8,NA
2019-04-30T16:33:00,88,63,30.10,10,NA
2019-04-30T16:53:00,88,63,30.10,10,0.00
2019-04-30T17:02:00,87,63,30.10,16,NA
2019-04-30T17:53:00,82,67,30.11,3,0.04
2019-04-30T18:53:00,85,64,30.11,9,0.00
2019-04-30T19:00:00,85,64,30.08,9,NA
2019-04-30T19:53:00,83,64,30.14,8,0.00
2019-04-30T20:53:00,81,65,30.16,9,0.00
2019-04-30T21:53:00,79,66,30.17,9,0.00
2019-04-30T22:00:00,79,66,30.14,9,NA
2019-04-30T22:53:00,77,67,30.17,10,0.00
2019-04-30T23:53:00,76,68,30.17,9,0.00
2019-05-01T00:53:00,75,69,30.16,11,0.00
2019-05-01T01:00:00,75,69,30.13,11,NA
2019-05-01T01:53:00,74,68,30.14,8,0.00
2019-05-01T02:53:00,74,68,30.14,6,0.00
2019-05-01T03:53:00,73,69,30.14,0,0.00
2019-05-01T04:00:00,73,69,30.11,0,NA
2019-05-01T04:53:00,73,69,30.14,6,0.00
2019-05-01T05:53:00,72,68,30.16,3,0.00
2019-05-01T06:53:00,73,69,30.19,3,0.00
2019-05-01T07:00:00,73,69,30.16,3,NA
2019-05-01T07:53:00,77,68,30.19,7,0.00
2019-05-01T08:53:00,80,66,30.20,10,0.00
2019-05-01T09:53:00,82,62,30.20,13,0.00
2019-05-01T10:00:00,82,62,30.17,13,NA
2019-05-01T10:53:00,85,61,30.19,11,0.00
2019-05-01T11:53:00,85,61,30.16,9,0.00
2019-05-01T12:53:00,87,59,30.15,10,0.00
2019-05-01T13:00:00,87,59,30.12,10,NA
2019-05-01T13:53:00,87,59,30.12,11,0.00
2019-05-01T14:53:00,89,60,30.10,13,0.00
2019-05-01T15:53:00,89,60,30.08,10,0.00
2019-05-01T16:00:00,89,60,30.05,10,NA
2019-05-01T16:53:00,88,61,30.08,8,0.00
2019-05-01T17:53:00,86,61,30.08,9,0.00
2019-05-01T18:53:00,84,63,30.10,10,T
2019-05-01T19:00:00,84,63,30.07,10,NA
2019-05-01T19:53:00,77,67,30.13,8,0.06
2019-05-01T20:53:00,76,67,30.12,10,T
2019-05-01T21:53:00,76,67,30.13,8,0.00
2019-05-01T22:00:00,76,67,30.10,8,NA
2019-05-01T22:53:00,75,67,30.12,7,0.00
2019-05-01T23:53:00,74,68,30.10,7,0.00
2019-05-02T00:51:00,75,68,30.08,9,NA
2019-05-02T00:53:00,75,68,30.08,8,0.00
2019-05-02T01:00:00,75,68,30.05,8,NA
2019-05-02T01:02:00,74,68,30.07,8,NA
2019-05-02T01:53:00,74,68,30.06,9,0.00
2019-05-02T02:53:00,73,68,30.05,7,0.00
2019-05-02T03:53:00,73,68,30.05,5,0.00
2019-05-02T04:00:00,73,68,30.02,5,NA
2019-05-02T04:53:00,73,69,30.04,5,0.00
2019-05-02T05:53:00,73,69,30.06,7,0.00
2019-05-02T06:53:00,74,69,30.08,7,0.00
2019-05-02T07:00:00,74,69,30.05,7,NA
2019-05-02T07:53:00,77,69,30.07,8,0.00
2019-05-02T08:27:00,79,69,30.08,6,NA
2019-05-02T08:53:00,79,68,30.08,10,0.00
2019-05-02T09:31:00,81,68,30.08,10,NA
2019-05-02T09:53:00,83,67,30.07,11,0.00
2019-05-02T10:00:00,83,67,30.04,11,NA
2019-05-02T10:53:00,85,67,30.06,10,0.00
2019-05-02T11:53:00,86,66,30.04,9,0.00
2019-05-02T12:53:00,89,66,30.01,6,0.00
2019-05-02T13:00:00,89,66,29.98,6,NA
2019-05-02T13:53:00,89,68,30.00,6,0.00
2019-05-02T14:53:00,88,66,29.97,6,0.00
2019-05-02T15:32:00,83,70,29.96,8,NA
2019-05-02T15:47:00,82,72,29.97,14,T
2019-05-02T15:51:00,79,72,29.98,14,NA
2019-05-02T15:53:00,78,72,29.98,15,0.18s
2019-05-02T16:00:00,78,72,29.95,15,NA
2019-05-02T16:09:00,74,72,29.97,10,0.70
2019-05-02T16:18:00,74,71,29.98,11,0.92
2019-05-02T16:41:00,74,70,29.98,13,1.10
2019-05-02T16:53:00,75,70,29.98,10,0.96
2019-05-02T17:51:00,75,73,29.99,7,NA
2019-05-02T17:53:00,76,73,29.98,7,0.03
2019-05-02T18:08:00,76,72,29.99,5,0.02
2019-05-02T18:38:00,75,72,30.00,3,0.06
2019-05-02T18:53:00,75,71,30.01,3,0.08
2019-05-02T19:11:00,75,72,30.00,0,0.02
2019-05-02T19:42:00,74,72,30.00,5,0.03
2019-05-02T19:53:00,73,71,30.00,3,0.04
2019-05-02T20:53:00,73,70,30.00,3,0.06
2019-05-02T21:53:00,74,71,30.00,7,0.03
2019-05-02T22:00:00,74,71,29.97,7,NA
2019-05-02T22:53:00,74,72,30.00,0,0.01
2019-05-02T23:53:00,75,72,30.00,5,0.00
2019-05-03T00:53:00,74,72,29.98,6,0.00
2019-05-03T01:00:00,74,72,29.95,6,NA
2019-05-03T01:53:00,73,71,29.96,6,0.00
2019-05-03T02:44:00,73,71,29.96,9,NA
2019-05-03T02:53:00,73,71,29.96,7,0.00
2019-05-03T03:53:00,73,71,29.96,3,0.00
2019-05-03T04:00:00,73,71,29.93,3,NA
2019-05-03T04:36:00,73,71,29.96,3,NA
2019-05-03T04:53:00,74,71,29.96,0,0.00
2019-05-03T05:53:00,74,71,29.98,6,0.00
2019-05-03T06:32:00,75,72,29.99,8,NA
2019-05-03T06:53:00,75,72,30.00,7,0.00
2019-05-03T07:00:00,75,72,29.97,7,NA
2019-05-03T07:51:00,77,73,30.01,6,NA
2019-05-03T07:53:00,77,73,30.01,7,0.00
2019-05-03T08:53:00,79,72,30.01,10,0.00
2019-05-03T09:00:00,79,72,30.01,8,NA
2019-05-03T09:51:00,81,72,30.01,11,NA
2019-05-03T09:53:00,81,71,30.01,11,0.00
2019-05-03T10:00:00,81,71,29.98,11,NA
2019-05-03T10:53:00,81,70,30.02,13,0.00
2019-05-03T11:53:00,82,70,30.01,9,0.00
2019-05-03T12:53:00,83,70,30.01,10,0.00
2019-05-03T13:00:00,83,70,29.98,10,NA
2019-05-03T13:53:00,84,69,29.99,10,0.00
2019-05-03T14:53:00,85,70,29.97,13,0.00
2019-05-03T15:53:00,84,69,29.96,10,0.00
2019-05-03T16:00:00,84,69,29.93,10,NA
2019-05-03T16:53:00,82,69,29.96,9,0.00
2019-05-03T17:53:00,80,70,29.98,7,0.00
2019-05-03T18:53:00,79,69,29.98,6,0.00
2019-05-03T19:00:00,79,69,29.95,6,NA
2019-05-03T19:53:00,78,69,29.99,5,0.00
2019-05-03T20:53:00,77,70,30.01,5,0.00
2019-05-03T21:53:00,77,71,30.01,5,0.00
2019-05-03T22:00:00,77,71,29.98,5,NA
2019-05-03T22:53:00,75,70,30.01,3,0.00
2019-05-03T23:53:00,75,70,30.00,5,0.00
2019-05-04T00:53:00,76,70,29.98,0,0.00
2019-05-04T01:00:00,76,70,29.95,0,NA
2019-05-04T01:53:00,75,71,29.96,7,0.00
2019-05-04T02:53:00,74,71,29.96,3,0.00
2019-05-04T03:53:00,75,71,29.95,3,0.00
2019-05-04T04:00:00,75,71,29.92,3,NA
2019-05-04T04:53:00,75,70,29.95,0,0.00
2019-05-04T05:53:00,75,70,29.95,0,0.00
2019-05-04T06:27:00,75,72,29.97,5,NA
2019-05-04T06:53:00,75,72,29.97,7,0.00
2019-05-04T07:00:00,75,72,29.94,7,NA
2019-05-04T07:51:00,77,73,29.97,7,NA
2019-05-04T07:53:00,77,74,29.97,8,0.00
2019-05-04T08:06:00,78,74,29.97,7,NA
2019-05-04T08:51:00,81,73,29.97,9,NA
2019-05-04T08:53:00,80,74,29.97,9,0.00
2019-05-04T09:53:00,82,74,29.98,8,0.00
2019-05-04T10:00:00,82,74,29.95,8,NA
2019-05-04T10:53:00,83,73,29.98,11,0.00
2019-05-04T11:53:00,86,72,29.98,13,0.00
2019-05-04T12:53:00,86,74,29.96,14,0.00
2019-05-04T13:00:00,86,74,29.93,14,NA
2019-05-04T13:53:00,87,74,29.93,14,0.00
2019-05-04T14:53:00,85,74,29.91,11,0.00
2019-05-04T15:53:00,84,74,29.89,14,0.00
2019-05-04T16:00:00,84,74,29.86,14,NA
2019-05-04T16:53:00,85,72,29.87,11,0.00
2019-05-04T17:53:00,82,74,29.89,10,0.00
2019-05-04T18:53:00,81,74,29.92,8,0.00
2019-05-04T19:00:00,81,74,29.89,8,NA
2019-05-04T19:53:00,80,74,29.93,9,0.00
2019-05-04T20:53:00,80,74,29.93,11,0.00
2019-05-04T21:45:00,80,74,29.94,10,NA
2019-05-04T21:53:00,80,74,29.94,11,0.00
2019-05-04T22:00:00,80,74,29.91,11,NA
2019-05-04T22:53:00,79,74,29.93,9,0.00
2019-05-04T23:37:00,79,74,29.93,11,NA
2019-05-04T23:53:00,79,74,29.93,9,0.00
2019-05-05T00:53:00,79,74,29.90,10,0.00
2019-05-05T01:00:00,79,74,29.87,10,NA
2019-05-05T01:53:00,78,74,29.90,6,0.00
2019-05-05T02:53:00,77,74,29.89,5,0.00
2019-05-05T03:53:00,77,74,29.88,5,0.00
2019-05-05T04:00:00,77,74,29.85,5,NA
2019-05-05T04:53:00,77,74,29.86,5,0.00
2019-05-05T05:05:00,77,74,29.87,6,NA
2019-05-05T05:27:00,78,75,29.88,6,NA
2019-05-05T05:53:00,78,75,29.88,6,0.00
2019-05-05T06:53:00,79,75,29.89,7,0.00
2019-05-05T07:00:00,79,75,29.86,7,NA
2019-05-05T07:22:00,79,75,29.90,8,NA
2019-05-05T07:51:00,79,75,29.90,8,NA
2019-05-05T07:53:00,79,75,29.90,7,0.00
2019-05-05T08:53:00,80,75,29.89,11,0.00
2019-05-05T09:53:00,81,75,29.90,13,0.00
2019-05-05T10:00:00,81,75,29.87,13,NA
2019-05-05T10:53:00,84,75,29.89,17,0.00
2019-05-05T11:50:00,82,75,29.88,22,NA
2019-05-05T11:51:00,82,75,29.88,21,0.06
2019-05-05T11:56:00,81,75,29.88,24,T
2019-05-05T12:02:00,75,71,29.93,26,0.21
2019-05-05T12:13:00,71,69,29.91,17,0.86
2019-05-05T12:27:00,72,69,29.90,18,1.03
2019-05-05T12:51:00,72,68,29.88,17,NA
2019-05-05T12:53:00,73,70,29.88,15,1.00
2019-05-05T13:00:00,73,69,29.85,15,NA
2019-05-05T13:17:00,73,68,29.88,20,0.01
2019-05-05T13:53:00,78,70,29.88,14,T
2019-05-05T14:53:00,79,70,29.87,11,0.00
2019-05-05T15:53:00,80,70,29.86,13,0.00
2019-05-05T16:00:00,80,70,29.83,13,NA
2019-05-05T16:53:00,80,68,29.87,13,0.00
2019-05-05T17:53:00,79,69,29.87,10,0.00
2019-05-05T18:53:00,80,70,29.88,9,0.00
2019-05-05T19:00:00,80,70,29.85,9,NA
2019-05-05T19:53:00,78,70,29.89,6,0.00
2019-05-05T20:18:00,77,71,29.90,5,NA
2019-05-05T20:33:00,78,71,29.92,9,NA
2019-05-05T20:42:00,77,71,29.92,7,T
2019-05-05T20:53:00,77,71,29.92,6,0.01
2019-05-05T21:03:00,77,71,29.91,8,T
2019-05-05T21:53:00,76,71,29.93,6,0.04
2019-05-05T22:00:00,76,71,29.90,6,NA
2019-05-05T22:53:00,75,71,29.94,6,0.00
2019-05-05T23:53:00,75,71,29.91,5,0.00
2019-05-06T00:53:00,75,71,29.92,5,0.00
2019-05-06T01:00:00,75,71,29.89,5,NA
2019-05-06T01:53:00,76,72,29.92,5,0.00
2019-05-06T02:09:00,75,72,29.91,3,NA
2019-05-06T02:22:00,76,72,29.91,5,NA
2019-05-06T02:48:00,75,72,29.91,3,NA
2019-05-06T02:53:00,76,72,29.91,0,0.00
2019-05-06T03:53:00,75,71,29.92,3,0.00
2019-05-06T04:00:00,75,71,29.89,3,NA
2019-05-06T04:53:00,75,72,29.92,0,0.00
2019-05-06T05:53:00,77,71,29.93,0,0.00
2019-05-06T06:53:00,76,72,29.95,3,0.00
2019-05-06T07:00:00,76,72,29.92,3,NA
2019-05-06T07:53:00,80,73,29.97,0,0.00
2019-05-06T08:53:00,79,72,29.99,5,0.00
2019-05-06T09:53:00,81,72,30.00,5,0.00
2019-05-06T10:00:00,81,72,29.97,5,NA
2019-05-06T10:53:00,83,72,30.00,8,0.00
2019-05-06T11:53:00,82,71,30.01,8,0.00
2019-05-06T12:53:00,84,72,30.00,6,0.00
2019-05-06T13:53:00,84,68,29.99,9,0.00
2019-05-06T14:53:00,85,67,29.98,9,0.00
2019-05-06T15:53:00,84,68,29.97,8,0.00
2019-05-06T16:00:00,84,68,29.94,8,NA
2019-05-06T16:53:00,83,68,29.98,10,0.00
2019-05-06T17:53:00,83,67,29.98,6,0.00
2019-05-06T18:53:00,81,68,29.99,6,0.00
2019-05-06T19:00:00,81,68,29.96,6,NA
2019-05-06T19:53:00,79,68,30.00,6,0.00
2019-05-06T20:53:00,79,68,30.02,6,0.00
2019-05-06T21:53:00,77,69,30.03,6,0.00
2019-05-06T22:00:00,77,69,30.00,6,NA
2019-05-06T22:53:00,76,68,30.03,0,0.00
2019-05-06T23:53:00,75,69,30.02,5,0.00
2019-05-07T00:53:00,73,68,30.01,3,0.00
2019-05-07T01:00:00,73,68,29.98,3,NA
2019-05-07T01:53:00,73,68,30.00,5,0.00
2019-05-07T02:53:00,72,67,30.00,3,0.00
2019-05-07T03:53:00,71,68,30.00,0,0.00
2019-05-07T04:00:00,71,68,29.97,0,NA
2019-05-07T04:53:00,71,68,30.00,0,0.00
2019-05-07T05:53:00,73,68,30.02,5,0.00
2019-05-07T06:53:00,74,69,30.04,3,0.00
2019-05-07T07:00:00,74,69,30.01,3,NA
2019-05-07T07:53:00,77,71,30.06,6,0.00
2019-05-07T08:46:00,80,67,30.07,7,NA
2019-05-07T08:53:00,80,67,30.07,8,0.00
2019-05-07T09:53:00,83,66,30.07,5,0.00
2019-05-07T10:00:00,83,66,30.04,5,NA
2019-05-07T10:53:00,86,64,30.07,5,0.00
2019-05-07T11:53:00,86,67,30.06,10,0.00
2019-05-07T12:53:00,88,66,30.05,11,0.00
2019-05-07T13:00:00,88,66,30.02,11,NA
2019-05-07T13:53:00,88,66,30.03,9,0.00
2019-05-07T14:53:00,89,64,30.01,10,0.00
2019-05-07T15:53:00,88,67,30.00,10,0.00
2019-05-07T16:00:00,88,67,29.97,10,NA
2019-05-07T16:53:00,87,68,29.99,11,0.00
2019-05-07T17:53:00,87,63,29.99,8,0.00
2019-05-07T18:53:00,85,59,30.00,8,0.00
2019-05-07T19:00:00,85,59,29.97,8,NA
2019-05-07T19:53:00,83,67,30.03,13,0.00
2019-05-07T20:53:00,80,70,30.03,16,0.00
2019-05-07T21:46:00,79,70,30.06,16,NA
2019-05-07T21:53:00,79,70,30.06,16,0.00
2019-05-07T22:00:00,79,70,30.03,16,NA
2019-05-07T22:53:00,79,70,30.08,14,0.00
2019-05-07T23:34:00,78,71,30.06,11,NA
2019-05-07T23:53:00,78,71,30.06,11,0.00
2019-05-08T00:53:00,76,71,30.04,10,0.00
2019-05-08T01:00:00,76,71,30.01,10,NA
2019-05-08T01:53:00,75,71,30.01,10,0.00
2019-05-08T02:53:00,74,71,30.00,6,0.00
2019-05-08T03:53:00,74,70,30.00,10,0.00
2019-05-08T04:00:00,74,70,29.97,10,NA
2019-05-08T04:53:00,73,70,30.01,6,0.00
2019-05-08T05:53:00,73,70,30.03,6,0.00
2019-05-08T06:53:00,75,70,30.04,8,0.00
2019-05-08T07:00:00,75,70,30.01,8,NA
2019-05-08T07:53:00,79,70,30.04,9,0.00
2019-05-08T08:53:00,81,70,30.03,14,0.00
2019-05-08T09:53:00,82,70,30.03,11,0.00
2019-05-08T10:00:00,82,70,30.00,11,NA
2019-05-08T10:53:00,84,68,30.03,7,0.00
2019-05-08T11:53:00,85,65,30.02,8,0.00
2019-05-08T12:53:00,88,64,29.99,7,0.00
2019-05-08T13:00:00,88,64,29.96,7,NA
2019-05-08T13:53:00,88,64,29.97,13,0.00
2019-05-08T14:53:00,90,62,29.96,8,0.00
2019-05-08T15:53:00,88,61,29.94,7,0.00
2019-05-08T16:00:00,88,61,29.91,7,NA
2019-05-08T16:53:00,89,60,29.95,11,0.00
2019-05-08T17:53:00,87,59,29.95,9,0.00
2019-05-08T18:53:00,84,57,29.96,13,0.00
2019-05-08T19:00:00,84,57,29.93,13,NA
2019-05-08T19:53:00,82,59,29.98,10,0.00
2019-05-08T20:53:00,80,61,30.00,10,0.00
2019-05-08T21:53:00,79,62,30.03,10,0.00
2019-05-08T22:00:00,79,62,30.00,10,NA
2019-05-08T22:53:00,77,63,30.03,7,0.00
2019-05-08T23:53:00,76,64,30.03,7,0.00
2019-05-09T00:53:00,76,65,30.03,6,0.00
2019-05-09T01:00:00,76,65,30.00,6,NA
2019-05-09T01:53:00,76,65,30.01,6,0.00
2019-05-09T02:53:00,75,65,29.99,6,0.00
2019-05-09T03:53:00,75,66,29.99,5,0.00
2019-05-09T04:00:00,75,66,29.96,5,NA
2019-05-09T04:53:00,75,66,30.00,7,0.00
2019-05-09T05:53:00,75,67,30.00,9,0.00
2019-05-09T06:53:00,76,67,30.02,5,0.00
2019-05-09T07:00:00,76,67,29.99,5,NA
2019-05-09T07:24:00,77,68,30.02,8,NA
2019-05-09T07:53:00,78,68,30.02,8,0.00
2019-05-09T08:53:00,80,70,30.01,10,0.00
2019-05-09T09:53:00,83,70,30.00,6,0.00
2019-05-09T10:00:00,83,70,29.97,6,NA
2019-05-09T10:08:00,84,69,30.00,11,NA
2019-05-09T10:27:00,83,70,30.00,3,NA
2019-05-09T10:53:00,85,69,30.00,7,0.00
2019-05-09T11:53:00,87,69,29.99,5,0.00
2019-05-09T12:53:00,88,68,29.98,3,0.00
2019-05-09T13:00:00,88,68,29.95,3,NA
2019-05-09T13:53:00,87,70,29.97,9,0.00
2019-05-09T14:25:00,88,71,29.96,8,T
2019-05-09T14:34:00,88,70,29.96,6,T
2019-05-09T14:36:00,88,70,29.96,6,T
2019-05-09T14:53:00,84,70,29.96,11,T
2019-05-09T15:00:00,83,70,29.95,8,T
2019-05-09T15:31:00,82,69,29.94,8,T
2019-05-09T15:34:00,82,69,29.94,8,T
2019-05-09T15:53:00,84,69,29.94,7,0.00
2019-05-09T16:00:00,84,69,29.91,7,NA
2019-05-09T16:53:00,85,69,29.92,7,0.00
2019-05-09T17:53:00,83,70,29.95,10,0.00
2019-05-09T18:53:00,82,69,29.97,13,0.00
2019-05-09T19:00:00,82,69,29.94,13,NA
2019-05-09T19:25:00,79,71,29.99,9,NA
2019-05-09T19:43:00,77,71,30.01,9,T
2019-05-09T19:50:00,79,72,30.01,7,0.01
2019-05-09T19:53:00,78,72,30.01,6,0.10
2019-05-09T20:15:00,75,72,30.01,8,0.43
2019-05-09T20:34:00,75,72,30.02,3,0.45
2019-05-09T20:43:00,76,72,30.02,7,0.45
2019-05-09T20:53:00,76,72,30.02,6,0.38
2019-05-09T21:06:00,76,72,30.02,6,T
2019-05-09T21:13:00,76,73,30.02,5,0.01
2019-05-09T21:53:00,76,72,30.02,0,0.06
2019-05-09T22:00:00,76,72,29.99,0,NA
2019-05-09T22:53:00,77,72,30.04,0,0.00
2019-05-09T23:53:00,76,72,30.05,5,0.00
2019-05-10T00:53:00,76,72,30.02,0,0.00
2019-05-10T01:00:00,76,72,29.99,0,NA
2019-05-10T01:53:00,76,71,30.01,7,0.00
2019-05-10T02:53:00,75,70,29.99,5,0.00
2019-05-10T03:53:00,74,69,29.99,5,0.00
2019-05-10T04:00:00,74,69,29.96,5,NA
2019-05-10T04:53:00,74,69,29.98,5,0.00
2019-05-10T05:53:00,74,70,29.99,6,0.00
2019-05-10T06:53:00,75,70,29.99,7,0.00
2019-05-10T07:00:00,75,70,29.96,7,NA
2019-05-10T07:53:00,78,71,29.99,10,0.00
2019-05-10T08:53:00,80,71,30.00,9,0.00
2019-05-10T09:53:00,81,71,30.00,10,0.00
2019-05-10T10:00:00,81,71,29.97,10,NA
2019-05-10T10:05:00,82,71,30.01,11,NA
2019-05-10T10:53:00,85,71,30.01,9,0.00
2019-05-10T11:02:00,85,71,30.01,5,NA
2019-05-10T11:53:00,86,70,30.01,7,0.00
2019-05-10T12:53:00,85,71,29.99,8,0.00
2019-05-10T13:00:00,85,71,29.96,8,NA
2019-05-10T13:53:00,86,69,29.99,7,0.00
2019-05-10T14:20:00,78,72,29.99,15,0.01
2019-05-10T14:49:00,79,73,29.98,7,NA
2019-05-10T14:53:00,80,73,29.98,8,0.01
2019-05-10T15:20:00,81,74,29.96,7,T
2019-05-10T15:22:00,81,73,29.96,7,T
2019-05-10T15:53:00,84,72,29.96,3,0.00
2019-05-10T16:00:00,84,71,29.93,3,NA
2019-05-10T16:14:00,82,72,29.96,9,NA
2019-05-10T16:53:00,84,73,29.96,6,0.00
2019-05-10T17:53:00,84,74,29.95,9,0.00
2019-05-10T18:53:00,81,73,29.96,7,0.00
2019-05-10T19:00:00,81,73,29.93,7,NA
2019-05-10T19:53:00,81,74,30.00,3,0.00
2019-05-10T20:07:00,81,74,30.00,8,NA
2019-05-10T20:36:00,80,71,30.02,9,NA
2019-05-10T20:53:00,79,71,30.02,11,0.00
2019-05-10T21:09:00,78,72,30.04,9,NA
2019-05-10T21:53:00,77,72,30.04,3,T
2019-05-10T22:00:00,77,72,30.01,3,NA
2019-05-10T22:19:00,77,73,30.03,7,T
2019-05-10T22:53:00,77,72,30.02,0,T
2019-05-10T23:53:00,77,72,30.01,0,0.00
2019-05-11T00:53:00,77,72,30.00,0,0.00
2019-05-11T01:00:00,77,72,29.97,0,NA
2019-05-11T01:53:00,76,71,29.99,6,0.00
2019-05-11T02:53:00,76,71,29.98,7,0.00
2019-05-11T03:53:00,76,71,29.97,6,0.00
2019-05-11T04:00:00,76,71,29.94,6,NA
2019-05-11T04:53:00,75,71,29.96,8,0.00
2019-05-11T05:53:00,75,71,29.97,5,0.00
2019-05-11T06:23:00,75,72,29.98,6,NA
2019-05-11T06:53:00,76,72,29.98,5,0.00
2019-05-11T07:00:00,76,72,29.95,5,NA
2019-05-11T07:53:00,79,73,29.98,7,0.00
2019-05-11T08:53:00,81,73,29.98,8,0.00
2019-05-11T09:51:00,84,73,29.98,10,NA
2019-05-11T09:53:00,83,73,29.98,9,0.00
2019-05-11T10:00:00,83,73,29.95,9,NA
2019-05-11T10:53:00,84,73,29.98,11,0.00
2019-05-11T11:38:00,84,73,29.98,10,NA
2019-05-11T11:53:00,86,74,29.98,10,0.00
2019-05-11T12:53:00,87,73,29.96,9,0.00
2019-05-11T13:00:00,87,73,29.93,9,NA
2019-05-11T13:53:00,87,72,29.94,9,0.00
2019-05-11T14:53:00,87,73,29.92,14,0.00
2019-05-11T15:53:00,87,71,29.90,13,0.00
2019-05-11T16:00:00,87,71,29.87,13,NA
2019-05-11T16:53:00,86,70,29.89,10,0.00
2019-05-11T17:53:00,85,70,29.90,11,0.00
2019-05-11T18:53:00,83,70,29.92,8,0.00
2019-05-11T19:00:00,83,70,29.89,8,NA
2019-05-11T19:53:00,81,72,29.93,8,0.00
2019-05-11T20:53:00,80,71,29.93,6,0.00
2019-05-11T21:53:00,80,72,29.94,7,0.00
2019-05-11T22:00:00,80,72,29.91,7,NA
2019-05-11T22:53:00,80,72,29.95,0,0.00
2019-05-11T23:53:00,80,72,29.95,0,0.00
2019-05-12T00:53:00,79,72,29.93,5,0.00
2019-05-12T01:00:00,79,72,29.90,5,NA
2019-05-12T01:53:00,78,73,29.92,5,0.00
2019-05-12T02:53:00,78,73,29.91,0,0.00
2019-05-12T03:53:00,77,73,29.91,6,0.00
2019-05-12T04:00:00,77,73,29.88,6,NA
2019-05-12T04:53:00,77,73,29.90,5,0.00
2019-05-12T05:53:00,77,73,29.92,3,0.00
2019-05-12T06:53:00,78,73,29.92,7,0.00
2019-05-12T07:00:00,78,73,29.89,7,NA
2019-05-12T07:21:00,78,73,29.93,9,NA
2019-05-12T07:53:00,80,73,29.92,6,0.00
2019-05-12T08:09:00,81,73,29.93,5,NA
2019-05-12T08:53:00,83,74,29.94,7,0.00
2019-05-12T09:53:00,84,74,29.93,11,0.00
2019-05-12T10:00:00,84,74,29.90,11,NA
2019-05-12T10:53:00,85,73,29.92,13,0.00
2019-05-12T11:53:00,84,74,29.91,13,0.00
2019-05-12T12:53:00,88,74,29.90,13,0.00
2019-05-12T13:00:00,88,74,29.87,13,NA
2019-05-12T13:53:00,88,73,29.89,11,0.00
2019-05-12T14:53:00,88,72,29.87,16,0.00
2019-05-12T15:53:00,87,73,29.86,14,0.00
2019-05-12T16:00:00,87,73,29.83,14,NA
2019-05-12T16:53:00,86,74,29.87,11,0.00
2019-05-12T17:51:00,84,73,29.87,10,NA
2019-05-12T17:53:00,84,73,29.87,10,0.00
2019-05-12T18:00:00,84,73,29.87,10,NA
2019-05-12T18:53:00,83,72,29.88,8,0.00
2019-05-12T19:00:00,83,72,29.85,8,NA
2019-05-12T19:53:00,82,72,29.92,8,0.00
2019-05-12T20:53:00,82,74,29.92,6,0.00
2019-05-12T21:53:00,80,74,29.90,7,0.00
2019-05-12T22:00:00,80,74,29.87,7,NA
2019-05-12T22:53:00,80,74,29.87,14,0.00
2019-05-12T23:53:00,80,75,29.87,11,0.00
2019-05-13T00:53:00,80,75,29.87,8,0.00
2019-05-13T01:00:00,80,75,29.84,8,NA
2019-05-13T01:53:00,80,74,29.86,9,0.00
2019-05-13T02:53:00,80,75,29.85,10,0.00
2019-05-13T03:53:00,79,75,29.85,6,0.00
2019-05-13T04:00:00,79,75,29.82,6,NA
2019-05-13T04:53:00,79,75,29.87,8,0.00
2019-05-13T05:53:00,80,75,29.89,11,0.00
2019-05-13T06:12:00,80,75,29.89,9,NA
2019-05-13T06:53:00,81,75,29.91,10,0.00
2019-05-13T07:00:00,81,75,29.88,10,NA
2019-05-13T07:30:00,82,75,29.92,14,NA
2019-05-13T07:49:00,82,75,29.91,10,NA
2019-05-13T07:53:00,83,75,29.91,10,0.00
2019-05-13T08:36:00,83,75,29.90,10,NA
2019-05-13T08:53:00,84,75,29.90,14,0.00
2019-05-13T09:53:00,85,75,29.90,14,0.00
2019-05-13T10:00:00,85,75,29.87,14,NA
2019-05-13T10:16:00,84,75,29.89,16,NA
2019-05-13T10:51:00,84,73,29.89,17,NA
2019-05-13T10:53:00,85,74,29.89,17,0.00
2019-05-13T11:23:00,84,74,29.89,20,NA
2019-05-13T11:24:00,84,74,29.89,20,NA
2019-05-13T11:51:00,84,75,29.89,17,NA
2019-05-13T11:53:00,84,75,29.89,15,0.00
2019-05-13T12:27:00,82,75,29.91,14,0.01
2019-05-13T12:41:00,75,67,29.91,14,0.01
2019-05-13T12:50:00,72,68,29.94,20,0.04
2019-05-13T12:53:00,72,68,29.93,21,0.32s
2019-05-13T13:00:00,72,68,29.90,21,NA
2019-05-13T13:02:00,71,69,29.91,23,0.39
2019-05-13T13:10:00,71,69,29.91,16,0.44
2019-05-13T13:19:00,71,69,29.92,10,0.52
2019-05-13T13:28:00,71,70,29.96,7,0.61
2019-05-13T13:34:00,71,69,29.96,7,0.89
2019-05-13T13:40:00,71,69,29.97,5,1.03
2019-05-13T13:53:00,71,69,29.98,8,1.08
2019-05-13T14:17:00,71,69,29.95,6,0.09
2019-05-13T14:19:00,71,69,29.95,5,0.10
2019-05-13T14:51:00,72,70,29.90,8,NA
2019-05-13T14:53:00,72,69,29.90,8,0.15
2019-05-13T15:53:00,75,70,29.87,8,T
2019-05-13T16:00:00,75,70,29.84,8,NA
2019-05-13T16:53:00,77,70,29.86,5,0.00
2019-05-13T17:53:00,77,69,29.85,0,0.00
2019-05-13T18:53:00,78,69,29.86,0,0.00
2019-05-13T19:00:00,78,69,29.83,0,NA
2019-05-13T19:53:00,76,70,29.88,3,0.00
2019-05-13T20:53:00,75,70,29.90,3,0.00
2019-05-13T21:53:00,75,70,29.92,3,0.00
2019-05-13T22:00:00,75,70,29.89,3,NA
2019-05-13T22:53:00,75,71,29.93,0,0.00
2019-05-13T23:53:00,75,71,29.93,0,0.00
2019-05-13T23:58:00,75,71,29.92,0,NA
2019-05-14T00:43:00,75,71,29.91,0,NA
2019-05-14T00:53:00,74,70,29.90,0,0.00
2019-05-14T01:00:00,74,70,29.87,0,NA
2019-05-14T01:53:00,74,71,29.90,0,0.00
2019-05-14T02:50:00,75,72,29.89,0,NA
2019-05-14T02:53:00,75,71,29.89,3,0.00
2019-05-14T03:18:00,74,71,29.89,0,NA
2019-05-14T03:53:00,74,70,29.89,0,0.00
2019-05-14T04:00:00,74,70,29.86,0,NA
2019-05-14T04:53:00,75,71,29.90,3,0.00
2019-05-14T05:31:00,76,71,29.91,5,NA
2019-05-14T05:53:00,76,71,29.91,0,T
2019-05-14T06:19:00,76,72,29.91,3,T
2019-05-14T06:51:00,77,72,29.92,5,NA
2019-05-14T06:53:00,77,72,29.92,3,T
2019-05-14T07:00:00,77,72,29.89,3,NA
2019-05-14T07:07:00,77,72,29.93,0,NA
2019-05-14T07:49:00,79,72,29.94,3,NA
2019-05-14T07:53:00,78,72,29.94,5,0.00
2019-05-14T08:25:00,78,72,29.95,5,NA
2019-05-14T08:53:00,79,73,29.94,5,0.00
2019-05-14T09:47:00,77,73,29.95,7,0.02
2019-05-14T09:53:00,77,73,29.96,7,0.04s
2019-05-14T10:00:00,77,73,29.93,7,NA
2019-05-14T10:04:00,77,73,29.96,5,0.02
2019-05-14T10:16:00,77,73,29.96,5,0.04
2019-05-14T10:25:00,77,73,29.96,11,0.05
2019-05-14T10:33:00,76,73,29.97,5,0.09
2019-05-14T10:51:00,77,73,29.97,9,NA
2019-05-14T10:53:00,77,74,29.97,8,0.08
2019-05-14T11:53:00,80,73,29.96,10,0.00
2019-05-14T12:53:00,80,72,29.94,11,0.00
2019-05-14T13:00:00,80,72,29.91,11,NA
2019-05-14T13:06:00,79,72,29.94,11,NA
2019-05-14T13:51:00,79,72,29.93,9,NA
2019-05-14T13:53:00,80,71,29.93,7,T
2019-05-14T14:53:00,81,69,29.92,7,0.00
2019-05-14T15:53:00,80,67,29.92,7,0.00
2019-05-14T16:00:00,80,67,29.89,7,NA
2019-05-14T16:53:00,79,67,29.90,7,0.00
2019-05-14T17:53:00,78,64,29.92,8,0.00
2019-05-14T18:53:00,77,62,29.93,3,0.00
2019-05-14T19:00:00,77,62,29.90,3,NA
2019-05-14T19:53:00,77,62,29.93,5,0.00
2019-05-14T20:53:00,77,62,29.93,6,0.00
2019-05-14T21:53:00,76,62,29.96,5,0.00
2019-05-14T22:00:00,76,62,29.93,5,NA
2019-05-14T22:53:00,74,63,29.95,3,0.00
2019-05-14T23:53:00,74,64,29.94,5,0.00
2019-05-15T00:53:00,75,63,29.95,3,0.00
2019-05-15T01:00:00,75,63,29.92,3,NA
2019-05-15T01:53:00,74,62,29.92,7,0.00
2019-05-15T02:53:00,73,60,29.93,5,0.00
2019-05-15T03:53:00,71,60,29.93,3,0.00
2019-05-15T04:00:00,71,60,29.90,3,NA
2019-05-15T04:53:00,70,61,29.93,3,0.00
2019-05-15T05:53:00,71,61,29.95,3,0.00
2019-05-15T06:53:00,72,61,29.97,0,0.00
2019-05-15T07:00:00,72,61,29.94,0,NA
2019-05-15T07:53:00,74,61,29.98,3,0.00
2019-05-15T08:53:00,76,63,29.99,5,0.00
2019-05-15T09:53:00,79,63,29.99,3,0.00
2019-05-15T10:00:00,79,63,29.96,3,NA
2019-05-15T10:53:00,80,64,29.99,8,0.00
2019-05-15T11:53:00,80,64,29.98,7,0.00
2019-05-15T12:53:00,83,60,29.96,8,0.00
2019-05-15T13:00:00,83,60,29.93,8,NA
2019-05-15T13:53:00,84,64,29.94,8,0.00
2019-05-15T14:53:00,85,62,29.93,8,0.00
2019-05-15T15:53:00,85,62,29.92,10,0.00
2019-05-15T16:00:00,85,62,29.89,10,NA
2019-05-15T16:53:00,85,64,29.92,9,0.00
2019-05-15T17:53:00,82,63,29.93,10,0.00
2019-05-15T18:53:00,80,64,29.95,8,0.00
2019-05-15T19:00:00,80,64,29.92,8,NA
2019-05-15T19:53:00,78,63,29.96,8,0.00
2019-05-15T20:53:00,77,63,29.97,8,0.00
2019-05-15T21:53:00,78,62,29.99,8,0.00
2019-05-15T22:00:00,78,62,29.96,8,NA
2019-05-15T22:53:00,76,65,30.00,6,0.00
2019-05-15T23:53:00,75,64,29.99,7,0.00
2019-05-16T00:53:00,74,64,29.98,5,0.00
2019-05-16T01:00:00,74,64,29.95,5,NA
2019-05-16T01:53:00,74,64,29.97,6,0.00
2019-05-16T02:53:00,74,64,29.98,6,0.00
2019-05-16T03:53:00,73,64,29.98,6,0.00
2019-05-16T04:00:00,73,64,29.95,6,NA
2019-05-16T04:53:00,72,64,30.00,3,0.00
2019-05-16T05:53:00,70,65,30.01,5,0.00
2019-05-16T06:53:00,73,65,30.03,6,0.00
2019-05-16T07:00:00,73,65,30.00,6,NA
2019-05-16T07:53:00,77,65,30.04,6,0.00
2019-05-16T08:53:00,80,66,30.04,8,0.00
2019-05-16T09:53:00,81,65,30.04,8,0.00
2019-05-16T10:00:00,81,65,30.01,8,NA
2019-05-16T10:53:00,84,65,30.04,6,0.00
2019-05-16T11:53:00,85,63,30.03,6,0.00
2019-05-16T12:53:00,86,61,30.01,3,0.00
2019-05-16T13:00:00,86,61,29.98,3,NA
2019-05-16T13:53:00,88,60,30.00,3,0.00
2019-05-16T14:53:00,87,60,29.98,3,0.00
2019-05-16T15:53:00,86,58,29.95,3,0.00
2019-05-16T16:00:00,86,58,29.92,3,NA
2019-05-16T16:53:00,86,58,29.95,7,0.00
2019-05-16T17:53:00,86,62,29.95,3,0.00
2019-05-16T18:53:00,85,66,29.95,9,0.00
2019-05-16T19:00:00,85,66,29.92,9,NA
2019-05-16T19:53:00,82,67,29.98,15,0.00
2019-05-16T20:53:00,81,61,30.00,14,0.00
2019-05-16T21:53:00,78,60,30.02,17,0.00
2019-05-16T22:00:00,78,60,29.99,17,NA
2019-05-16T22:53:00,77,60,30.02,10,0.00
2019-05-16T23:53:00,73,66,30.02,14,0.00
2019-05-17T00:53:00,73,61,30.01,13,0.00
2019-05-17T01:00:00,73,61,29.99,13,NA
2019-05-17T01:53:00,73,61,30.00,7,0.00
2019-05-17T02:53:00,72,63,30.01,9,0.00
2019-05-17T03:53:00,70,62,30.01,8,0.00
2019-05-17T04:00:00,70,62,29.98,8,NA
2019-05-17T04:53:00,70,62,30.01,10,0.00
2019-05-17T05:53:00,68,62,30.02,8,0.00
2019-05-17T06:53:00,70,61,30.04,6,0.00
2019-05-17T07:00:00,70,61,30.01,6,NA
2019-05-17T07:53:00,73,64,30.05,8,0.00
2019-05-17T08:53:00,79,63,30.05,6,0.00
2019-05-17T09:53:00,83,59,30.06,0,0.00
2019-05-17T10:00:00,83,59,30.03,0,NA
2019-05-17T10:53:00,85,60,30.05,3,0.00
2019-05-17T11:53:00,85,62,30.04,6,0.00
2019-05-17T12:53:00,89,60,30.02,0,0.00
2019-05-17T13:00:00,89,60,29.99,0,NA
2019-05-17T13:53:00,87,59,30.01,7,0.00
2019-05-17T14:53:00,89,59,29.99,3,0.00
2019-05-17T15:53:00,86,61,29.97,5,0.00
2019-05-17T16:00:00,86,61,29.94,5,NA
2019-05-17T16:53:00,87,60,29.97,3,0.00
2019-05-17T17:53:00,87,60,29.96,0,0.00
2019-05-17T18:53:00,86,56,29.97,3,0.00
2019-05-17T19:00:00,86,56,29.94,3,NA
2019-05-17T19:53:00,84,55,29.99,7,0.00
2019-05-17T20:53:00,82,56,30.00,8,0.00
2019-05-17T21:53:00,80,57,30.01,6,0.00
2019-05-17T22:00:00,80,57,29.98,6,NA
2019-05-17T22:53:00,78,60,30.02,8,0.00
2019-05-17T23:53:00,76,60,30.02,9,0.00
2019-05-18T00:53:00,75,62,30.02,6,0.00
2019-05-18T01:00:00,75,62,29.99,6,NA
2019-05-18T01:53:00,73,62,30.01,3,0.00
2019-05-18T02:53:00,73,62,30.01,6,0.00
2019-05-18T03:53:00,72,63,30.01,3,0.00
2019-05-18T04:00:00,72,63,29.98,3,NA
2019-05-18T04:53:00,71,63,30.01,5,0.00
2019-05-18T05:53:00,71,63,30.02,3,0.00
2019-05-18T06:53:00,73,63,30.03,0,0.00
2019-05-18T07:00:00,73,63,30.00,0,NA
2019-05-18T07:53:00,76,64,30.04,3,0.00
2019-05-18T08:53:00,78,64,30.05,3,0.00
2019-05-18T09:53:00,82,59,30.05,3,0.00
2019-05-18T10:00:00,82,59,30.02,3,NA
2019-05-18T10:53:00,85,59,30.04,5,0.00
2019-05-18T11:53:00,88,58,30.03,3,0.00
2019-05-18T12:53:00,89,58,30.01,5,0.00
2019-05-18T13:00:00,89,58,29.98,5,NA
2019-05-18T13:53:00,90,57,29.99,8,0.00
2019-05-18T14:53:00,90,55,29.97,0,0.00
2019-05-18T15:53:00,90,52,29.95,6,0.00
2019-05-18T16:00:00,90,52,29.92,6,NA
2019-05-18T16:53:00,91,53,29.95,0,0.00
2019-05-18T17:53:00,86,62,29.95,6,0.00
2019-05-18T18:53:00,88,53,29.96,6,0.00
2019-05-18T19:00:00,88,53,29.93,6,NA
2019-05-18T19:53:00,85,55,29.97,8,0.00
2019-05-18T20:53:00,83,54,29.99,5,0.00
2019-05-18T21:53:00,80,59,30.01,15,0.00
2019-05-18T22:00:00,80,59,29.98,15,NA
2019-05-18T22:53:00,77,61,30.02,11,0.00
2019-05-18T23:53:00,76,62,30.00,7,0.00
2019-05-19T00:53:00,75,63,30.00,8,0.00
2019-05-19T01:00:00,75,63,29.97,8,NA
2019-05-19T01:53:00,74,64,30.00,0,0.00
2019-05-19T02:53:00,74,66,29.99,5,0.00
2019-05-19T03:53:00,74,66,29.99,5,0.00
2019-05-19T04:00:00,74,66,29.96,5,NA
2019-05-19T04:53:00,73,66,30.00,0,0.00
2019-05-19T05:53:00,71,65,30.01,3,0.00
2019-05-19T06:53:00,73,65,30.02,3,0.00
2019-05-19T07:00:00,73,65,29.99,3,NA
2019-05-19T07:53:00,77,68,30.02,3,0.00
2019-05-19T08:53:00,80,68,30.03,6,0.00
2019-05-19T09:53:00,82,68,30.04,7,0.00
2019-05-19T10:00:00,82,68,30.01,7,NA
2019-05-19T10:53:00,85,69,30.04,8,0.00
2019-05-19T11:53:00,84,70,30.04,7,0.00
2019-05-19T12:53:00,84,70,30.03,7,0.00
2019-05-19T13:00:00,84,70,30.00,7,NA
2019-05-19T13:53:00,89,51s,30.01,6,0.00
2019-05-19T14:53:00,89,51,29.98,8,0.00
2019-05-19T15:53:00,89,53,29.97,7,0.00
2019-05-19T16:00:00,89,53,29.94,7,NA
2019-05-19T16:53:00,88,63,29.97,9,0.00
2019-05-19T17:53:00,88,66,29.96,10,0.00
2019-05-19T18:53:00,84,65,29.97,10,0.00
2019-05-19T19:00:00,84,65,29.94,10,NA
2019-05-19T19:53:00,81,64,29.99,7,0.00
2019-05-19T20:53:00,79,66,30.01,7,0.00
2019-05-19T21:53:00,81,64,30.03,6,0.00
2019-05-19T22:00:00,81,64,30.00,6,NA
2019-05-19T22:53:00,80,63,30.03,3,0.00
2019-05-19T23:53:00,79,64,30.02,0,0.00
2019-05-20T00:53:00,79,67,30.01,6,0.00
2019-05-20T01:00:00,79,67,29.98,6,NA
2019-05-20T01:53:00,79,68,30.00,3,0.00
2019-05-20T02:53:00,77,69,30.00,5,0.00
2019-05-20T03:53:00,76,69,30.01,5,0.00
2019-05-20T04:00:00,76,69,29.98,5,NA
2019-05-20T04:53:00,76,69,30.01,3,0.00
2019-05-20T05:53:00,75,69,30.02,6,0.00
2019-05-20T06:53:00,77,69,30.03,3,0.00
2019-05-20T07:00:00,77,69,30.00,3,NA
2019-05-20T07:53:00,80,69,30.04,6,0.00
2019-05-20T08:53:00,83,69,30.04,5,0.00
2019-05-20T09:53:00,86,68,30.03,0,0.00
2019-05-20T10:00:00,86,68,30.00,0,NA
2019-05-20T10:53:00,85,72,30.03,8,0.00
2019-05-20T11:53:00,83,71,30.02,7,0.00
2019-05-20T12:53:00,89,69,30.00,6,0.00
2019-05-20T13:00:00,89,69,29.97,6,NA
2019-05-20T13:53:00,91,65,29.98,7,0.00
2019-05-20T14:53:00,91,65,29.95,8,0.00
2019-05-20T15:53:00,89,65,29.94,10,0.00
2019-05-20T16:00:00,89,65,29.91,10,NA
2019-05-20T16:53:00,88,64,29.94,9,0.00
2019-05-20T17:53:00,88,60,29.93,11,0.00
2019-05-20T18:53:00,86,60,29.93,8,0.00
2019-05-20T19:00:00,86,60,29.90,8,NA
2019-05-20T19:53:00,86,60,29.94,7,0.00
2019-05-20T20:53:00,83,65,29.97,6,0.00
2019-05-20T21:53:00,82,65,29.98,5,0.00
2019-05-20T22:00:00,82,65,29.95,5,NA
2019-05-20T22:53:00,81,68,29.98,5,0.00
2019-05-20T23:53:00,81,69,29.97,7,0.00
2019-05-21T00:53:00,79,68,29.95,6,0.00
2019-05-21T01:00:00,79,68,29.92,6,NA
2019-05-21T01:53:00,78,69,29.94,7,0.00
2019-05-21T02:53:00,77,69,29.93,6,0.00
2019-05-21T03:53:00,77,70,29.93,5,0.00
2019-05-21T04:00:00,77,70,29.90,5,NA
2019-05-21T04:53:00,76,69,29.94,3,0.00
2019-05-21T05:53:00,76,69,29.95,5,0.00
2019-05-21T06:53:00,77,70,29.97,3,0.00
2019-05-21T07:00:00,77,70,29.94,3,NA
2019-05-21T07:53:00,80,70,29.98,5,0.00
2019-05-21T08:53:00,82,71,29.98,6,0.00
2019-05-21T09:53:00,82,71,29.97,7,0.00
2019-05-21T10:00:00,82,71,29.94,7,NA
2019-05-21T10:53:00,86,71,29.97,9,0.00
2019-05-21T11:53:00,89,71,29.97,9,0.00
2019-05-21T12:53:00,91,67,29.95,10,0.00
2019-05-21T13:00:00,91,67,29.92,10,NA
2019-05-21T13:53:00,88,70,29.93,8,0.00
2019-05-21T14:53:00,89,69,29.92,7,0.00
2019-05-21T15:53:00,89,69,29.90,6,0.00
2019-05-21T16:00:00,89,69,29.87,6,NA
2019-05-21T16:53:00,89,69,29.90,7,0.00
2019-05-21T17:53:00,88,70,29.90,10,0.00
2019-05-21T18:53:00,86,70,29.91,10,0.00
2019-05-21T19:00:00,86,70,29.88,10,NA
2019-05-21T19:53:00,85,70,29.93,6,0.00
2019-05-21T20:53:00,85,70,29.95,6,0.00
2019-05-21T21:53:00,82,73,29.97,3,0.00
2019-05-21T22:00:00,82,73,29.94,3,NA
2019-05-21T22:53:00,82,73,29.99,6,0.00
2019-05-21T23:53:00,81,70,30.00,8,0.00
2019-05-22T00:53:00,80,70,30.00,9,0.00
2019-05-22T01:00:00,80,70,29.97,9,NA
2019-05-22T01:53:00,79,70,29.99,8,0.00
2019-05-22T02:53:00,78,70,29.99,6,0.00
2019-05-22T03:53:00,78,69,30.00,6,0.00
2019-05-22T04:00:00,78,69,29.97,6,NA
2019-05-22T04:53:00,77,69,30.00,6,0.00
2019-05-22T05:53:00,76,70,30.02,8,0.00
2019-05-22T06:53:00,78,70,30.04,5,0.00
2019-05-22T07:00:00,78,70,30.01,5,NA
2019-05-22T07:53:00,80,70,30.05,6,0.00
2019-05-22T08:53:00,82,69,30.06,0,0.00
2019-05-22T09:53:00,84,71,30.07,3,0.00
2019-05-22T10:00:00,84,71,30.04,3,NA
2019-05-22T10:53:00,85,72,30.07,7,0.00
2019-05-22T11:53:00,86,73,30.07,8,0.00
2019-05-22T12:53:00,87,71,30.06,6,0.00
2019-05-22T13:00:00,87,71,30.03,6,NA
2019-05-22T13:53:00,88,69,30.04,5,0.00
2019-05-22T14:53:00,94,61,30.03,6,0.00
2019-05-22T15:53:00,93,61,30.03,6,0.00
2019-05-22T16:00:00,93,61,30.00,6,NA
2019-05-22T16:53:00,93,60,30.03,9,0.00
2019-05-22T17:53:00,92,59,30.03,7,0.00
2019-05-22T18:53:00,89,60,30.05,14,0.00
2019-05-22T19:00:00,89,60,30.02,14,NA
2019-05-22T19:53:00,85,57,30.08,13,0.00
2019-05-22T20:53:00,82,62,30.11,9,0.00
2019-05-22T21:53:00,80,62,30.14,14,0.00
2019-05-22T22:00:00,80,62,30.11,14,NA
2019-05-22T22:53:00,78,63,30.15,7,0.00
2019-05-22T23:53:00,77,63,30.14,7,0.00
2019-05-23T00:53:00,76,64,30.13,5,0.00
2019-05-23T01:00:00,76,64,30.10,5,NA
2019-05-23T01:53:00,75,64,30.11,5,0.00
2019-05-23T02:53:00,74,65,30.11,6,0.00
2019-05-23T03:53:00,73,65,30.11,6,0.00
2019-05-23T04:00:00,73,65,30.08,6,NA
2019-05-23T04:53:00,73,65,30.11,5,0.00
2019-05-23T05:53:00,73,65,30.13,5,0.00
2019-05-23T06:53:00,75,66,30.14,5,0.00
2019-05-23T07:00:00,75,66,30.11,5,NA
2019-05-23T07:42:00,78,64,30.15,13,NA
2019-05-23T07:49:00,79,64,30.15,13,NA
2019-05-23T07:53:00,72,64,30.15,13,0.00
2019-05-23T08:53:00,82,64,30.16,10,0.00
2019-05-23T09:53:00,84,60,30.16,6,0.00
2019-05-23T10:00:00,84,60,30.13,6,NA
2019-05-23T10:53:00,87,57,30.16,6,0.00
2019-05-23T11:53:00,89,57,30.15,NA,0.00
2019-05-23T12:53:00,91,62,30.13,11,0.00
2019-05-23T13:00:00,91,62,30.10,11,NA
2019-05-23T13:53:00,92,64,30.12,13,0.00
2019-05-23T14:53:00,91,64,30.09,17,0.00
2019-05-23T15:53:00,93,62,30.08,17,0.00
2019-05-23T16:00:00,93,62,30.05,17,NA
2019-05-23T16:53:00,91,66,30.08,21,0.00
2019-05-23T17:53:00,89,64,30.07,23,0.00
2019-05-23T18:53:00,86,63,30.09,13,0.00
2019-05-23T19:00:00,86,63,30.06,13,NA
2019-05-23T19:53:00,83,62,30.11,13,0.00
2019-05-23T20:53:00,81,62,30.13,9,0.00
2019-05-23T21:53:00,79,63,30.14,9,0.00
2019-05-23T22:00:00,79,63,30.11,9,NA
2019-05-23T22:53:00,78,65,30.15,8,0.00
2019-05-23T23:53:00,77,64,30.15,6,0.00
2019-05-24T00:53:00,76,64,30.13,6,0.00
2019-05-24T01:00:00,76,64,30.10,6,NA
2019-05-24T01:53:00,75,64,30.11,3,0.00
2019-05-24T02:53:00,74,64,30.10,0,0.00
2019-05-24T03:53:00,73,65,30.10,0,0.00
2019-05-24T04:00:00,73,65,30.07,0,NA
2019-05-24T04:53:00,72,65,30.10,3,0.00
2019-05-24T05:53:00,71,65,30.11,6,0.00
2019-05-24T06:53:00,73,65,30.12,5,0.00
2019-05-24T07:00:00,73,65,30.09,5,NA
2019-05-24T07:53:00,77,64,30.13,6,0.00
2019-05-24T08:53:00,80,63,30.14,7,0.00
2019-05-24T09:53:00,82,62,30.14,8,0.00
2019-05-24T10:00:00,82,62,30.11,8,NA
2019-05-24T10:53:00,85,62,30.13,6,0.00
2019-05-24T11:53:00,86,61,30.12,6,0.00
2019-05-24T12:53:00,90,63,30.11,10,0.00
2019-05-24T13:00:00,90,63,30.08,10,NA
2019-05-24T13:53:00,91,63,30.09,3,0.00
2019-05-24T14:53:00,92,62,30.07,5,0.00
2019-05-24T15:53:00,93,61,30.06,15,0.00
2019-05-24T16:00:00,93,61,30.03,15,NA
2019-05-24T16:53:00,92,62,30.05,15,0.00
2019-05-24T17:53:00,91,62,30.05,17,0.00
2019-05-24T18:53:00,89,60,30.06,9,0.00
2019-05-24T19:00:00,89,60,30.03,9,NA
2019-05-24T19:53:00,87,61,30.07,10,0.00
2019-05-24T20:53:00,85,63,30.08,9,0.00
2019-05-24T21:53:00,81,64,30.10,11,0.00
2019-05-24T22:00:00,81,64,30.07,11,NA
2019-05-24T22:53:00,80,64,30.11,8,0.00
2019-05-24T23:53:00,77,65,30.11,8,0.00
2019-05-25T00:53:00,76,66,30.10,9,0.00
2019-05-25T01:00:00,76,66,30.07,9,NA
2019-05-25T01:53:00,75,66,30.09,10,0.00
2019-05-25T02:53:00,74,66,30.08,6,0.00
2019-05-25T03:53:00,74,67,30.08,5,0.00
2019-05-25T04:00:00,74,67,30.05,5,NA
2019-05-25T04:53:00,74,67,30.08,3,0.00
2019-05-25T05:53:00,74,67,30.09,3,0.00
2019-05-25T06:53:00,76,67,30.11,0,0.00
2019-05-25T07:00:00,76,67,30.08,0,NA
2019-05-25T07:53:00,78,67,30.12,6,0.00
2019-05-25T08:53:00,82,67,30.13,0,0.00
2019-05-25T09:53:00,84,67,30.13,6,0.00
2019-05-25T10:00:00,84,67,30.10,6,NA
2019-05-25T10:53:00,87,66,30.12,6,0.00
2019-05-25T11:53:00,90,65,30.12,5,0.00
2019-05-25T12:53:00,92,65,30.10,10,0.00
2019-05-25T13:00:00,92,65,30.07,10,NA
2019-05-25T13:53:00,93,65,30.08,11,0.00
2019-05-25T14:53:00,93,63,30.06,7,0.00
2019-05-25T15:53:00,93,64,30.06,10,0.00
2019-05-25T16:00:00,93,64,30.03,10,NA
2019-05-25T16:53:00,93,63,30.05,NA,0.00
2019-05-25T17:53:00,92,63,30.06,17,0.00
2019-05-25T18:53:00,90,65,30.07,18,0.00
2019-05-25T19:00:00,90,65,30.04,18,NA
2019-05-25T19:53:00,88,64,30.09,16,0.00
2019-05-25T20:53:00,85,67,30.10,10,0.00
2019-05-25T21:53:00,82,67,30.13,13,0.00
2019-05-25T22:00:00,82,67,30.10,13,NA
2019-05-25T22:53:00,80,68,30.13,10,0.00
2019-05-25T23:53:00,78,69,30.12,11,0.00
2019-05-26T00:53:00,77,69,30.10,9,0.00
2019-05-26T01:00:00,77,69,30.07,9,NA
2019-05-26T01:53:00,76,70,30.09,7,0.00
2019-05-26T02:53:00,76,70,30.10,7,0.00
2019-05-26T03:53:00,75,70,30.10,0,0.00
2019-05-26T04:00:00,75,70,30.07,0,NA
2019-05-26T04:53:00,75,69,30.11,3,0.00
2019-05-26T05:53:00,74,70,30.14,3,0.00
2019-05-26T06:53:00,76,70,30.16,5,0.00
2019-05-26T07:00:00,76,70,30.13,5,NA
2019-05-26T07:53:00,79,70,30.16,8,0.00
2019-05-26T08:53:00,81,70,30.16,5,0.00
2019-05-26T09:53:00,83,70,30.16,5,0.00
2019-05-26T10:00:00,83,70,30.13,5,NA
2019-05-26T10:53:00,86,68,30.14,6,0.00
2019-05-26T11:53:00,88,68,30.12,7,0.00
2019-05-26T12:53:00,90,68,30.10,3,0.00
2019-05-26T13:00:00,90,68,30.07,3,NA
2019-05-26T13:53:00,90,68,30.08,6,0.00
2019-05-26T14:53:00,90,68,30.06,3,0.00
2019-05-26T15:53:00,93,67,30.05,3,0.00
2019-05-26T16:00:00,93,67,30.02,3,NA
2019-05-26T16:53:00,94,63,30.04,7,0.00
2019-05-26T17:53:00,94,63,30.03,11,0.00
2019-05-26T18:53:00,91,70,30.05,8,0.00
2019-05-26T19:00:00,91,70,30.02,8,NA
2019-05-26T19:53:00,85,72,30.06,5,0.00
2019-05-26T20:53:00,83,72,30.08,9,0.00
2019-05-26T21:53:00,83,72,30.10,3,0.00
2019-05-26T22:00:00,83,72,30.07,3,NA
2019-05-26T22:53:00,84,68,30.10,7,0.00
2019-05-26T23:53:00,82,69,30.09,6,0.00
2019-05-27T00:53:00,81,69,30.08,9,0.00
2019-05-27T01:00:00,81,69,30.05,9,NA
2019-05-27T01:53:00,79,70,30.06,5,0.00
2019-05-27T02:53:00,78,71,30.06,7,0.00
2019-05-27T03:53:00,78,71,30.06,3,0.00
2019-05-27T04:00:00,78,71,30.03,3,NA
2019-05-27T04:53:00,76,71,30.07,6,0.00
2019-05-27T05:53:00,75,71,30.08,5,0.00
2019-05-27T06:53:00,78,71,30.09,6,0.00
2019-05-27T07:00:00,78,71,30.06,6,NA
2019-05-27T07:53:00,80,72,30.10,7,0.00
2019-05-27T08:53:00,81,73,30.09,8,0.00
2019-05-27T09:53:00,82,72,30.08,6,0.00
2019-05-27T10:00:00,82,NA,30.05,6,NA
2019-05-27T10:53:00,85,68,30.07,7,0.00
2019-05-27T11:53:00,87,70,30.06,9,0.00
2019-05-27T12:53:00,87,69,30.04,9,0.00
2019-05-27T13:00:00,87,69,30.01,9,NA
2019-05-27T13:53:00,89,71,30.02,9,0.00
2019-05-27T14:53:00,90,74,29.98,10,0.00
2019-05-27T15:53:00,90,72,29.97,14,0.00
2019-05-27T16:00:00,90,72,29.94,14,NA
2019-05-27T16:53:00,90,70,29.96,11,0.00
2019-05-27T17:53:00,90,71,29.96,11,0.00
2019-05-27T18:53:00,89,71,29.96,13,0.00
2019-05-27T19:00:00,89,71,29.93,13,NA
2019-05-27T19:53:00,88,71,29.98,11,0.00
2019-05-27T20:53:00,82,73,29.99,7,0.00
2019-05-27T21:53:00,82,73,30.00,7,0.00
2019-05-27T22:00:00,82,73,29.97,7,NA
2019-05-27T22:53:00,83,74,30.02,0,0.00
2019-05-27T23:53:00,83,74,30.01,5,0.00
2019-05-28T00:53:00,83,73,29.99,5,0.00
2019-05-28T01:00:00,83,73,29.96,5,NA
2019-05-28T01:53:00,81,71,29.98,3,0.00
2019-05-28T02:53:00,80,70,29.97,7,0.00
2019-05-28T03:53:00,79,70,29.97,5,0.00
2019-05-28T04:00:00,79,70,29.94,5,NA
2019-05-28T04:53:00,77,69,29.97,5,0.00
2019-05-28T05:53:00,77,70,29.99,5,0.00
2019-05-28T06:53:00,78,70,30.01,3,0.00
2019-05-28T07:00:00,78,70,29.98,3,NA
2019-05-28T07:53:00,81,71,30.02,3,0.00
2019-05-28T08:53:00,84,70,30.01,5,0.00
2019-05-28T09:53:00,87,65,30.00,5,0.00
2019-05-28T10:00:00,87,65,29.97,5,NA
2019-05-28T10:53:00,91,63,29.99,3,0.00
2019-05-28T11:53:00,93,65,29.97,6,0.00
2019-05-28T12:53:00,93,66,29.96,10,0.00
2019-05-28T13:00:00,93,66,29.93,10,NA
2019-05-28T13:15:00,93,66,29.96,10,NA
2019-05-28T13:53:00,93,63,29.95,10,NA
2019-05-28T14:53:00,92,63,29.93,8,0.00
2019-05-28T15:53:00,92,63,29.91,7,0.00
2019-05-28T16:00:00,92,63,29.88,7,NA
2019-05-28T16:53:00,91,63,29.90,6,0.00
2019-05-28T17:53:00,90,62,29.90,11,0.00
2019-05-28T18:53:00,89,64,29.91,8,0.00
2019-05-28T19:00:00,89,64,29.88,8,NA
2019-05-28T19:53:00,89,65,29.93,7,0.00
2019-05-28T20:53:00,85,66,29.95,9,0.00
2019-05-28T21:53:00,83,69,29.96,6,0.00
2019-05-28T22:00:00,83,69,29.93,6,NA
2019-05-28T22:53:00,82,76,29.96,3,0.00
2019-05-28T23:53:00,83,75,29.96,11,0.00
2019-05-29T00:53:00,80,67,29.96,8,0.00
2019-05-29T01:00:00,80,67,29.93,8,NA
2019-05-29T01:53:00,78,66,29.95,10,0.00
2019-05-29T02:53:00,77,70,29.94,10,0.00
2019-05-29T03:53:00,76,69,29.95,10,0.00
2019-05-29T04:00:00,76,69,29.92,10,NA
2019-05-29T04:53:00,75,66,29.96,10,0.00
2019-05-29T05:53:00,75,67,29.98,6,0.00
2019-05-29T06:53:00,77,68,29.99,10,0.00
2019-05-29T07:00:00,77,68,29.96,10,NA
2019-05-29T07:53:00,79,66,30.00,11,0.00
2019-05-29T07:55:00,79,66,30.00,11,NA
2019-05-29T08:53:00,81,68,30.00,9,NA
2019-05-29T09:53:00,83,67,29.99,9,0.00
2019-05-29T10:00:00,83,67,29.96,9,NA
2019-05-29T10:53:00,86,68,29.99,10,0.00
2019-05-29T11:01:00,86,65,29.98,6,NA
2019-05-29T11:53:00,88,64,29.97,3,0.00
2019-05-29T12:53:00,91,63,29.95,7,0.00
2019-05-29T13:00:00,91,63,29.92,7,NA
2019-05-29T13:53:00,90,69,29.93,10,0.00
2019-05-29T14:53:00,91,67,29.91,11,0.00
2019-05-29T15:53:00,91,66,29.89,9,0.00
2019-05-29T16:00:00,91,66,29.86,9,NA
2019-05-29T16:53:00,90,67,29.89,13,0.00
2019-05-29T17:53:00,87,68,29.90,13,0.00
2019-05-29T18:53:00,86,68,29.90,8,0.00
2019-05-29T19:00:00,86,68,29.87,8,NA
2019-05-29T19:53:00,83,69,29.92,9,0.00
2019-05-29T20:53:00,83,69,29.94,5,0.00
2019-05-29T21:53:00,83,69,29.96,3,0.00
2019-05-29T22:00:00,83,69,29.93,3,NA
2019-05-29T22:53:00,82,70,29.98,9,0.00
2019-05-29T23:53:00,77,68,29.97,0,0.00
2019-05-30T00:53:00,73,68,29.97,6,0.00
2019-05-30T01:00:00,73,68,29.94,6,NA
2019-05-30T01:53:00,73,68,29.96,0,0.00
2019-05-30T02:53:00,73,68,29.95,0,0.00
2019-05-30T03:53:00,75,70,29.96,0,0.00
2019-05-30T04:00:00,75,70,29.93,0,NA
2019-05-30T04:53:00,75,72,29.97,7,0.00
2019-05-30T05:53:00,77,73,29.98,8,0.00
2019-05-30T06:53:00,81,73,30.00,5,0.00
2019-05-30T07:00:00,81,73,29.97,5,NA
2019-05-30T07:53:00,83,73,30.01,8,0.00
2019-05-30T08:53:00,86,73,30.00,7,0.00
2019-05-30T09:53:00,85,70,30.01,10,0.00
2019-05-30T10:00:00,85,70,29.98,10,NA
2019-05-30T10:53:00,86,71,30.00,9,0.00
2019-05-30T11:53:00,88,70,29.98,11,0.00
2019-05-30T12:53:00,90,72,29.97,10,0.00
2019-05-30T13:00:00,90,72,29.94,10,NA
2019-05-30T13:53:00,89,72,29.95,9,0.00
2019-05-30T14:53:00,92,68,29.93,9,0.00
2019-05-30T15:53:00,93,67,29.93,11,0.00
2019-05-30T16:00:00,93,67,29.90,11,NA
2019-05-30T16:53:00,88,74,29.93,15,0.00
2019-05-30T17:53:00,87,72,29.93,10,0.00
2019-05-30T18:53:00,85,72,29.93,9,0.00
2019-05-30T19:00:00,85,72,29.90,9,NA
2019-05-30T19:53:00,84,72,29.95,8,0.00
2019-05-30T20:53:00,82,73,29.96,6,0.00
2019-05-30T21:53:00,81,74,29.98,3,0.00
2019-05-30T22:00:00,81,74,29.95,3,NA
2019-05-30T22:53:00,81,74,29.98,3,0.00
2019-05-30T23:53:00,81,73,29.98,3,0.00
2019-05-31T00:53:00,81,74,29.96,0,0.00
2019-05-31T01:00:00,81,74,29.93,0,NA
2019-05-31T01:53:00,79,73,29.95,0,0.00
2019-05-31T02:53:00,80,74,29.96,0,0.00
2019-05-31T03:53:00,79,74,29.97,3,0.00
2019-05-31T04:00:00,79,74,29.94,3,NA
2019-05-31T04:53:00,80,74,29.99,0,0.00
2019-05-31T05:53:00,80,73,30.00,0,0.00
2019-05-31T06:53:00,82,74,30.01,5,0.00
2019-05-31T07:00:00,82,74,29.98,5,NA
2019-05-31T07:53:00,82,73,30.02,8,0.00
2019-05-31T08:53:00,84,73,30.02,8,0.00
2019-05-31T09:53:00,87,73,30.02,8,0.00
2019-05-31T10:00:00,87,73,29.99,8,NA
2019-05-31T10:53:00,88,71,30.02,8,0.00
2019-05-31T11:53:00,89,70,30.00,8,0.00
2019-05-31T12:53:00,89,67,29.98,10,0.00
2019-05-31T13:00:00,89,67,29.95,10,NA
2019-05-31T13:53:00,90,71,29.95,8,0.00
2019-05-31T14:53:00,90,71,29.93,9,0.00
2019-05-31T15:53:00,91,72,29.92,10,0.00
2019-05-31T16:00:00,91,72,29.89,10,NA
2019-05-31T16:53:00,90,73,29.91,11,0.00
2019-05-31T17:53:00,88,71,29.90,9,0.00
2019-05-31T18:53:00,85,72,29.90,10,0.00
2019-05-31T19:00:00,85,72,29.87,10,NA
2019-05-31T19:53:00,83,71,29.92,5,0.00
2019-05-31T20:53:00,82,73,29.93,5,0.00
2019-05-31T21:53:00,82,74,29.95,5,0.00
2019-05-31T22:00:00,82,74,29.92,5,NA
2019-05-31T22:53:00,82,74,29.95,3,0.00
2019-05-31T23:53:00,81,73,29.96,5,0.00
2019-06-01T00:53:00,81,74,29.95,3,0.00
2019-06-01T01:00:00,81,74,29.92,3,NA
2019-06-01T01:53:00,80,73,29.94,5,0.00
2019-06-01T02:53:00,80,73,29.93,5,0.00
2019-06-01T03:53:00,80,73,29.92,5,0.00
2019-06-01T04:00:00,80,73,29.89,5,NA
2019-06-01T04:53:00,79,73,29.92,5,0.00
2019-06-01T05:53:00,81,73,29.93,6,0.00
2019-06-01T06:53:00,83,73,29.94,6,0.00
2019-06-01T07:00:00,83,73,29.91,6,NA
2019-06-01T07:53:00,83,73,29.94,7,0.00
2019-06-01T08:53:00,85,74,29.96,7,0.00
2019-06-01T09:53:00,86,73,29.95,8,0.00
2019-06-01T10:00:00,86,73,29.92,8,NA
2019-06-01T10:53:00,87,73,29.95,9,0.00
2019-06-01T11:53:00,90,72,29.94,8,0.00
2019-06-01T12:53:00,91,72,29.92,11,0.00
2019-06-01T13:00:00,91,72,29.89,11,NA
2019-06-01T13:53:00,91,72,29.90,13,0.00
2019-06-01T14:53:00,90,73,29.89,13,0.00
2019-06-01T15:53:00,90,71,29.89,13,0.00
2019-06-01T16:00:00,90,71,29.86,13,NA
2019-06-01T16:53:00,89,70,29.88,13,0.00
2019-06-01T17:53:00,87,71,29.88,13,0.00
2019-06-01T18:53:00,85,71,29.89,8,0.00
2019-06-01T19:00:00,85,71,29.86,8,NA
2019-06-01T19:53:00,83,73,29.91,6,0.00
2019-06-01T20:53:00,83,73,29.91,6,0.00
2019-06-01T21:53:00,82,73,29.94,3,0.00
2019-06-01T22:00:00,82,73,29.91,3,NA
2019-06-01T22:53:00,81,73,29.93,3,0.00
2019-06-01T23:53:00,82,73,29.92,0,0.00
2019-06-02T00:34:00,82,73,29.91,0,NA
2019-06-02T00:53:00,82,73,29.91,3,0.00
2019-06-02T01:00:00,82,73,29.88,3,NA
2019-06-02T01:53:00,80,73,29.88,6,0.00
2019-06-02T02:03:00,80,73,29.88,6,NA
2019-06-02T02:53:00,80,73,29.88,6,0.00
2019-06-02T03:53:00,78,74,29.88,5,0.00
2019-06-02T04:00:00,78,74,29.85,5,NA
2019-06-02T04:53:00,80,72,29.89,7,0.00
2019-06-02T05:53:00,81,72,29.90,8,0.00
2019-06-02T06:53:00,83,73,29.91,7,0.00
2019-06-02T07:00:00,83,73,29.88,7,NA
2019-06-02T07:53:00,84,73,29.93,8,0.00
2019-06-02T08:53:00,86,73,29.94,8,0.00
2019-06-02T09:53:00,86,71,29.95,7,0.00
2019-06-02T10:00:00,86,71,29.92,7,NA
2019-06-02T10:53:00,88,71,29.95,8,0.00
2019-06-02T11:53:00,89,71,29.94,11,0.00
2019-06-02T12:53:00,91,70,29.93,10,0.00
2019-06-02T13:00:00,91,70,29.90,10,NA
2019-06-02T13:53:00,90,71,29.91,11,0.00
2019-06-02T14:53:00,89,71,29.89,13,0.00
2019-06-02T15:53:00,89,71,29.88,11,0.00
2019-06-02T16:00:00,89,71,29.85,11,NA
2019-06-02T16:53:00,88,71,29.88,10,0.00
2019-06-02T17:53:00,87,71,29.88,11,0.00
2019-06-02T18:53:00,86,71,29.89,8,0.00
2019-06-02T19:00:00,86,71,29.86,8,NA
2019-06-02T19:53:00,84,72,29.90,5,0.00
2019-06-02T20:53:00,83,73,29.92,7,0.00
2019-06-02T21:53:00,82,73,29.94,8,0.00
2019-06-02T22:00:00,82,73,29.91,8,NA
2019-06-02T22:53:00,83,73,29.94,9,0.00
2019-06-02T23:53:00,82,74,29.93,7,0.00
2019-06-03T00:53:00,81,74,29.92,7,0.00
2019-06-03T01:00:00,81,74,29.89,7,NA
2019-06-03T01:53:00,82,74,29.90,6,0.00
2019-06-03T02:53:00,81,74,29.90,5,0.00
2019-06-03T03:53:00,81,74,29.90,5,0.00
2019-06-03T04:00:00,81,74,29.87,5,NA
2019-06-03T04:53:00,81,74,29.92,6,0.00
2019-06-03T05:53:00,82,73,29.94,5,0.00
2019-06-03T06:53:00,83,74,29.97,7,0.00
2019-06-03T07:00:00,83,74,29.94,7,NA
2019-06-03T07:53:00,85,74,29.99,6,0.00
2019-06-03T08:51:00,84,73,30.00,6,NA
2019-06-03T08:53:00,85,74,30.00,6,0.00
2019-06-03T09:25:00,86,73,30.00,7,NA
2019-06-03T09:53:00,86,73,29.99,7,0.00
2019-06-03T10:00:00,86,73,29.96,7,NA
2019-06-03T10:53:00,88,72,29.99,10,0.00
2019-06-03T11:53:00,88,70,29.98,9,0.00
2019-06-03T12:53:00,88,70,29.97,13,0.00
2019-06-03T13:00:00,88,70,29.94,13,NA
2019-06-03T13:53:00,91,72,29.96,11,0.00
2019-06-03T14:53:00,91,72,29.95,10,0.00
2019-06-03T15:53:00,89,72,29.94,10,0.00
2019-06-03T16:00:00,89,72,29.91,10,NA
2019-06-03T16:53:00,90,71,29.94,9,0.00
2019-06-03T17:53:00,88,72,29.93,10,0.00
2019-06-03T18:53:00,88,72,29.94,8,0.00
2019-06-03T19:00:00,88,72,29.91,8,NA
2019-06-03T19:53:00,84,73,29.95,6,0.00
2019-06-03T20:53:00,83,74,29.97,5,0.00
2019-06-03T21:53:00,83,74,29.99,3,0.00
2019-06-03T22:00:00,83,74,29.96,3,NA
2019-06-03T22:53:00,82,74,30.01,3,0.00
2019-06-03T23:53:00,82,74,30.01,5,0.00
2019-06-04T00:53:00,81,74,30.00,3,0.00
2019-06-04T01:00:00,81,74,29.97,3,NA
2019-06-04T01:53:00,80,74,29.98,0,0.00
2019-06-04T02:53:00,80,74,29.98,5,0.00
2019-06-04T03:53:00,80,74,29.99,0,0.00
2019-06-04T04:00:00,80,74,29.96,0,NA
2019-06-04T04:53:00,81,74,29.99,0,0.00
2019-06-04T05:53:00,80,74,30.01,0,0.00
2019-06-04T06:53:00,84,74,30.02,3,0.00
2019-06-04T07:00:00,84,74,29.99,3,NA
2019-06-04T07:53:00,85,74,30.04,5,0.00
2019-06-04T08:53:00,88,73,30.04,0,0.00
2019-06-04T09:53:00,88,74,30.04,10,0.00
2019-06-04T10:00:00,88,74,30.01,10,NA
2019-06-04T10:53:00,90,71,30.04,9,0.00
2019-06-04T11:53:00,90,70,30.03,8,0.00
2019-06-04T12:53:00,92,70,30.03,15,0.00
2019-06-04T13:00:00,92,70,30.00,15,NA
2019-06-04T13:53:00,92,70,30.01,13,0.00
2019-06-04T14:53:00,92,72,29.98,15,0.00
2019-06-04T15:53:00,91,69,29.98,9,0.00
2019-06-04T16:00:00,91,69,29.95,9,NA
2019-06-04T16:53:00,90,70,30.00,5,0.00
2019-06-04T17:53:00,89,70,29.98,6,0.00
2019-06-04T18:53:00,88,70,30.01,11,0.00
2019-06-04T19:00:00,88,70,29.98,11,NA
2019-06-04T19:53:00,84,71,30.02,9,0.00
2019-06-04T20:53:00,82,70,30.03,8,0.00
2019-06-04T21:53:00,81,70,30.02,3,0.00
2019-06-04T22:00:00,81,70,29.99,3,NA
2019-06-04T22:53:00,80,71,30.03,0,0.00
2019-06-04T23:53:00,79,71,30.04,0,0.00
2019-06-05T00:53:00,79,70,30.03,3,0.00
2019-06-05T01:00:00,79,70,30.00,3,NA
2019-06-05T01:53:00,79,71,30.01,3,0.00
2019-06-05T02:53:00,79,71,30.00,5,0.00
2019-06-05T03:53:00,78,71,30.00,0,0.00
2019-06-05T04:00:00,78,71,29.97,0,NA
2019-06-05T04:53:00,78,72,30.01,0,0.00
2019-06-05T05:53:00,78,73,30.03,5,0.00
2019-06-05T06:53:00,80,74,30.03,7,0.00
2019-06-05T07:00:00,80,74,30.00,7,NA
2019-06-05T07:53:00,82,73,30.04,8,0.00
2019-06-05T08:53:00,84,73,30.03,8,0.00
2019-06-05T09:53:00,85,75,30.02,9,0.00
2019-06-05T10:00:00,85,75,29.99,9,NA
2019-06-05T10:53:00,87,75,30.03,10,0.00
2019-06-05T11:53:00,87,75,30.02,10,0.00
2019-06-05T12:53:00,90,69,29.98,7,0.00
2019-06-05T13:00:00,90,69,29.95,7,NA
2019-06-05T13:53:00,91,68,29.97,8,0.00
2019-06-05T14:53:00,92,71,29.95,9,0.00
2019-06-05T15:17:00,90,70,29.95,8,NA
2019-06-05T15:48:00,88,73,29.95,10,T
2019-06-05T15:53:00,87,73,29.95,3,0.48s
2019-06-05T16:00:00,87,73,29.92,3,NA
2019-06-05T16:04:00,87,73,29.95,0,0.34
2019-06-05T16:18:00,86,76,29.94,3,0.34
2019-06-05T16:53:00,90,75,29.95,8,0.05
2019-06-05T17:02:00,89,76,29.95,6,NA
2019-06-05T17:13:00,88,75,29.96,9,0.01
2019-06-05T17:53:00,83,72,29.96,8,0.01
2019-06-05T18:53:00,85,73,29.95,5,0.00
2019-06-05T19:00:00,85,73,29.92,5,NA
2019-06-05T19:53:00,85,71,29.97,5,0.00
2019-06-05T20:53:00,84,73,29.98,0,0.00
2019-06-05T21:53:00,81,72,30.00,8,0.00
2019-06-05T22:00:00,81,72,29.97,8,NA
2019-06-05T22:53:00,82,72,29.99,5,0.00
2019-06-05T23:53:00,81,73,29.98,3,0.00
2019-06-06T00:53:00,80,73,29.95,0,0.00
2019-06-06T01:00:00,80,73,29.92,0,NA
2019-06-06T01:53:00,81,72,29.93,3,0.00
2019-06-06T02:53:00,79,73,29.93,5,0.00
2019-06-06T03:53:00,79,73,29.93,3,0.00
2019-06-06T04:00:00,79,73,29.90,3,NA
2019-06-06T04:53:00,78,73,29.92,5,0.00
2019-06-06T05:53:00,79,73,29.93,5,0.00
2019-06-06T06:53:00,81,74,29.94,5,0.00
2019-06-06T07:00:00,81,74,29.91,5,NA
2019-06-06T07:53:00,83,76,29.95,7,0.00
2019-06-06T08:53:00,85,75,29.94,8,0.00
2019-06-06T09:53:00,85,75,29.94,9,0.00
2019-06-06T10:00:00,85,75,29.91,9,NA
2019-06-06T10:53:00,87,72,29.93,9,0.00
2019-06-06T11:53:00,89,73,29.93,10,0.00
2019-06-06T12:53:00,89,73,29.92,9,0.00
2019-06-06T13:00:00,89,73,29.89,9,NA
2019-06-06T13:48:00,84,77,29.92,14,0.10
2019-06-06T13:53:00,85,77,29.92,11,0.41
2019-06-06T14:05:00,83,76,29.92,5,0.13
2019-06-06T14:23:00,86,77,29.91,9,0.13
2019-06-06T14:51:00,86,73,29.92,9,NA
2019-06-06T14:53:00,86,74,29.92,9,0.01
2019-06-06T15:53:00,87,74,29.91,6,0.00
2019-06-06T16:00:00,87,74,29.88,6,NA
2019-06-06T16:53:00,87,73,29.89,7,0.00
2019-06-06T17:53:00,86,74,29.89,8,0.00
2019-06-06T18:53:00,85,74,29.89,5,0.00
2019-06-06T19:00:00,85,74,29.86,5,NA
2019-06-06T19:53:00,85,74,29.90,5,0.00
2019-06-06T20:53:00,84,74,29.91,8,0.00
2019-06-06T21:00:00,83,74,29.91,6,NA
2019-06-06T21:21:00,83,73,29.90,0,NA
2019-06-06T21:53:00,82,75,29.91,6,0.00
2019-06-06T22:00:00,82,75,29.88,6,NA
2019-06-06T22:29:00,82,75,29.91,0,NA
2019-06-06T22:53:00,82,75,29.90,3,0.00
2019-06-06T23:53:00,82,76,29.89,3,0.00
2019-06-07T00:53:00,82,75,29.88,5,0.00
2019-06-07T01:00:00,82,75,29.85,5,NA
2019-06-07T01:53:00,81,74,29.87,7,0.00
2019-06-07T02:53:00,81,74,29.86,7,0.00
2019-06-07T03:53:00,80,74,29.86,5,0.01
2019-06-07T04:00:00,80,74,29.83,5,NA
2019-06-07T04:53:00,80,75,29.87,3,0.04
2019-06-07T05:53:00,81,75,29.88,5,0.00
2019-06-07T06:53:00,81,75,29.89,5,0.00
2019-06-07T07:00:00,81,75,29.86,5,NA
2019-06-07T07:53:00,82,76,29.89,9,0.00
2019-06-07T08:53:00,85,76,29.88,11,0.00
2019-06-07T09:53:00,85,76,29.89,13,0.00
2019-06-07T10:00:00,85,76,29.86,13,NA
2019-06-07T10:53:00,86,76,29.89,14,0.00
2019-06-07T11:53:00,88,73,29.88,11,0.00
2019-06-07T12:53:00,90,73,29.87,15,0.00
2019-06-07T13:00:00,90,73,29.84,15,NA
2019-06-07T13:53:00,89,74,29.87,15,0.00
2019-06-07T14:53:00,91,74,29.86,11,0.00
2019-06-07T15:53:00,91,73,29.84,14,0.00
2019-06-07T16:00:00,91,73,29.81,14,NA
2019-06-07T16:53:00,89,73,29.84,11,0.00
2019-06-07T17:53:00,88,74,29.83,13,0.00
2019-06-07T18:53:00,87,75,29.84,10,0.00
2019-06-07T19:00:00,87,75,29.81,10,NA
2019-06-07T19:53:00,84,74,29.86,9,0.00
2019-06-07T20:53:00,84,75,29.87,9,0.00
2019-06-07T21:53:00,84,75,29.88,10,0.00
2019-06-07T22:00:00,84,75,29.85,10,NA
2019-06-07T22:53:00,84,75,29.88,8,0.00
2019-06-07T23:53:00,83,76,29.86,8,0.00
2019-06-08T00:53:00,83,76,29.85,8,0.00
2019-06-08T01:00:00,83,76,29.82,8,NA
2019-06-08T01:51:00,82,75,29.84,6,NA
2019-06-08T01:53:00,82,75,29.84,7,0.00
2019-06-08T02:53:00,82,76,29.84,6,0.00
2019-06-08T03:53:00,81,77,29.84,6,0.09s
2019-06-08T04:00:00,81,77,29.81,6,NA
2019-06-08T04:33:00,82,77,29.84,6,0.01
2019-06-08T04:53:00,82,77,29.85,5,0.00
2019-06-08T05:01:00,82,77,29.85,6,NA
2019-06-08T05:53:00,82,76,29.86,6,0.00
2019-06-08T06:51:00,82,77,29.89,5,NA
2019-06-08T06:53:00,82,77,29.89,5,0.01
2019-06-08T07:00:00,82,77,29.86,5,NA
2019-06-08T07:24:00,82,77,29.91,3,T
2019-06-08T07:37:00,82,77,29.90,6,T
2019-06-08T07:53:00,82,77,29.92,8,T
2019-06-08T07:58:00,83,76,29.91,8,NA
2019-06-08T08:51:00,79,73,29.91,9,0.03
2019-06-08T08:53:00,79,74,29.91,8,0.03
2019-06-08T09:53:00,79,74,29.94,22,0.01
2019-06-08T10:00:00,79,74,29.91,22,NA
2019-06-08T10:33:00,79,73,29.93,9,T
2019-06-08T10:53:00,80,73,29.92,6,T
2019-06-08T11:29:00,85,73,29.91,5,NA
2019-06-08T11:53:00,83,73,29.91,3,T
2019-06-08T12:08:00,84,73,29.90,3,T
2019-06-08T12:50:00,82,73,29.91,11,0.01
2019-06-08T12:53:00,83,74,29.91,11,0.01
2019-06-08T13:00:00,83,74,29.88,11,NA
2019-06-08T13:38:00,82,73,29.89,11,0.01
2019-06-08T13:53:00,85,73,29.88,13,0.01
2019-06-08T14:53:00,88,74,29.86,11,0.00
2019-06-08T15:53:00,90,73,29.87,16,0.00
2019-06-08T16:00:00,90,73,29.84,16,NA
2019-06-08T16:53:00,89,73,29.87,11,0.00
2019-06-08T17:53:00,88,72,29.88,14,0.00
2019-06-08T18:53:00,86,73,29.90,11,0.00
2019-06-08T19:00:00,86,73,29.87,11,NA
2019-06-08T19:53:00,85,74,29.90,8,0.00
2019-06-08T20:07:00,85,74,29.91,7,NA
2019-06-08T20:13:00,83,73,29.92,9,NA
2019-06-08T20:22:00,76,72,29.89,10,0.02
2019-06-08T20:32:00,75,72,29.93,14,0.03
2019-06-08T20:37:00,75,72,29.93,21,0.15
2019-06-08T20:53:00,73,72,29.93,8,0.60
2019-06-08T21:10:00,74,72,29.94,6,0.20
2019-06-08T21:25:00,75,71,29.94,5,0.22
2019-06-08T21:53:00,76,72,29.94,6,0.26
2019-06-08T22:00:00,76,72,29.91,6,NA
2019-06-08T22:53:00,75,72,29.94,7,0.02
2019-06-08T23:53:00,77,72,29.94,8,0.00
2019-06-09T00:53:00,76,72,29.92,7,0.00
2019-06-09T01:00:00,76,72,29.89,7,NA
2019-06-09T01:53:00,78,72,29.89,7,0.00
2019-06-09T02:53:00,79,74,29.87,9,0.00
2019-06-09T03:53:00,78,74,29.88,8,0.00
2019-06-09T04:00:00,78,74,29.85,8,NA
2019-06-09T04:53:00,78,73,29.90,3,0.00
2019-06-09T05:53:00,78,73,29.90,7,0.00
2019-06-09T06:38:00,79,74,29.93,6,NA
2019-06-09T06:53:00,79,75,29.93,6,0.00
2019-06-09T07:00:00,79,75,29.90,6,NA
2019-06-09T07:44:00,82,75,29.93,7,NA
2019-06-09T07:53:00,82,75,29.94,6,0.00
2019-06-09T08:00:00,82,75,29.94,9,NA
2019-06-09T08:15:00,82,76,29.94,7,NA
2019-06-09T08:38:00,82,76,29.94,10,NA
2019-06-09T08:51:00,82,75,29.94,9,NA
2019-06-09T08:53:00,83,76,29.94,9,0.00
2019-06-09T09:53:00,84,76,29.96,10,0.00
2019-06-09T10:00:00,84,76,29.93,10,NA
2019-06-09T10:53:00,86,78,29.95,15,0.02
2019-06-09T11:53:00,88,78,29.93,15,0.00
2019-06-09T12:35:00,81,68,29.92,28,NA
2019-06-09T12:53:00,77,69,29.93,16,T
2019-06-09T13:00:00,77,69,29.90,16,NA
2019-06-09T13:06:00,78,69,29.92,10,T
2019-06-09T13:21:00,80,70,29.93,11,T
2019-06-09T13:53:00,85,74,29.92,14,T
2019-06-09T14:53:00,87,76,29.92,13,0.00
2019-06-09T15:53:00,88,75,29.92,14,0.00
2019-06-09T16:00:00,88,75,29.89,14,NA
2019-06-09T16:53:00,87,75,29.93,11,0.00
2019-06-09T17:09:00,86,75,29.93,16,NA
2019-06-09T17:23:00,86,75,29.92,13,NA
2019-06-09T17:42:00,86,75,29.93,16,NA
2019-06-09T17:53:00,86,75,29.93,14,0.00
2019-06-09T18:12:00,82,72,29.94,9,NA
2019-06-09T18:30:00,79,70,29.96,8,0.01
2019-06-09T18:51:00,75,70,29.98,10,0.01
2019-06-09T18:53:00,76,70,29.98,9,0.01
2019-06-09T19:00:00,76,70,29.95,9,NA
2019-06-09T19:18:00,74,68,29.97,7,0.12
2019-06-09T19:53:00,73,72,29.96,5,0.15
2019-06-09T20:50:00,75,72,29.99,8,0.03
2019-06-09T20:53:00,75,72,30.00,8,0.03
2019-06-09T21:06:00,76,72,30.03,6,0.03
2019-06-09T21:17:00,75,71,30.03,6,0.20
2019-06-09T21:36:00,76,71,30.03,7,0.31
2019-06-09T21:42:00,75,71,30.03,9,0.31
2019-06-09T21:53:00,75,72,30.02,10,0.32
2019-06-09T22:00:00,75,72,29.99,10,NA
2019-06-09T22:05:00,75,72,30.00,9,0.01
2019-06-09T22:15:00,75,72,30.01,8,0.01
2019-06-09T22:35:00,75,72,29.99,9,0.03
2019-06-09T22:51:00,75,72,30.00,3,NA
2019-06-09T22:53:00,75,72,30.00,5,0.05
2019-06-09T23:53:00,75,72,29.97,7,0.03
2019-06-10T00:53:00,75,71,29.96,6,0.00
2019-06-10T01:00:00,75,71,29.93,6,NA
2019-06-10T01:53:00,75,71,29.96,7,0.00
2019-06-10T02:53:00,75,72,29.96,7,0.00
2019-06-10T03:53:00,75,71,29.93,7,0.00
2019-06-10T04:00:00,75,71,29.90,7,NA
2019-06-10T04:53:00,75,70,29.93,3,0.00
2019-06-10T05:53:00,75,71,29.97,5,0.00
2019-06-10T06:53:00,76,71,29.99,5,0.00
2019-06-10T07:00:00,76,71,29.96,5,NA
2019-06-10T07:53:00,77,71,30.01,6,0.00
2019-06-10T08:53:00,80,73,30.03,11,0.00
2019-06-10T09:36:00,81,73,30.03,6,NA
2019-06-10T09:53:00,79,70,30.03,10,0.00
2019-06-10T10:00:00,79,70,30.00,10,NA
2019-06-10T10:22:00,82,70,30.02,6,NA
2019-06-10T10:29:00,80,72,30.02,3,0.02
2019-06-10T10:42:00,75,71,30.06,21,0.03
2019-06-10T10:44:00,74,70,30.06,16,0.19
2019-06-10T10:49:00,73,70,30.06,16,0.53
2019-06-10T10:53:00,73,70,30.06,22,0.81
2019-06-10T10:58:00,72,70,30.04,21,0.15
2019-06-10T11:12:00,71,69,30.05,13,0.39
2019-06-10T11:37:00,72,70,30.05,7,0.54
2019-06-10T11:50:00,73,70,30.04,7,0.59
2019-06-10T11:53:00,73,70,30.04,8,0.59
2019-06-10T12:09:00,74,71,30.03,8,0.23
2019-06-10T12:11:00,76,71,30.03,9,0.34
2019-06-10T12:17:00,76,71,30.03,5,0.37
2019-06-10T12:19:00,76,72,30.02,6,0.38
2019-06-10T12:23:00,77,72,30.02,6,0.38
2019-06-10T12:30:00,79,74,30.02,8,0.38
2019-06-10T12:50:00,81,73,30.02,8,0.38
2019-06-10T12:53:00,81,74,30.02,7,0.33
2019-06-10T13:00:00,81,74,29.99,7,NA
2019-06-10T13:46:00,84,74,30.01,5,NA
2019-06-10T13:53:00,84,74,30.01,3,0.00
2019-06-10T14:35:00,79,74,29.99,15,0.04
2019-06-10T14:53:00,82,75,29.99,13,0.12
2019-06-10T15:28:00,77,73,29.99,23,0.20
2019-06-10T15:45:00,81,75,29.98,7,0.28
2019-06-10T15:53:00,83,75,29.98,11,0.28
2019-06-10T16:00:00,83,75,29.95,11,NA
2019-06-10T16:53:00,85,74,29.98,13,0.00
2019-06-10T17:53:00,84,73,29.97,9,0.00
2019-06-10T18:53:00,83,73,29.98,9,0.00
2019-06-10T19:00:00,83,73,29.95,9,NA
2019-06-10T19:53:00,81,72,29.99,9,0.00
2019-06-10T20:53:00,80,74,29.99,7,0.00
2019-06-10T21:53:00,81,73,30.01,6,0.00
2019-06-10T22:00:00,81,73,29.98,6,NA
2019-06-10T22:53:00,81,73,30.01,8,0.00
2019-06-10T23:53:00,81,74,30.00,3,0.00
2019-06-11T00:53:00,80,75,29.98,3,0.00
2019-06-11T01:00:00,80,75,29.95,3,NA
2019-06-11T01:53:00,80,75,29.97,5,0.00
2019-06-11T02:53:00,80,75,29.97,5,0.00
2019-06-11T03:53:00,80,75,29.97,3,0.00
2019-06-11T04:00:00,80,75,29.94,3,NA
2019-06-11T04:53:00,81,73,29.97,11,0.00
2019-06-11T05:53:00,81,73,29.98,9,0.00
2019-06-11T06:53:00,83,75,29.99,9,0.00
2019-06-11T07:00:00,83,75,29.96,9,NA
2019-06-11T07:53:00,83,76,30.00,5,T
2019-06-11T08:03:00,85,75,30.01,5,NA
2019-06-11T08:15:00,80,72,30.02,13,T
2019-06-11T08:16:00,80,72,30.02,9,0.02
2019-06-11T08:28:00,78,73,30.01,3,0.15
2019-06-11T08:53:00,81,75,30.00,5,0.15
2019-06-11T09:15:00,81,75,30.01,7,NA
2019-06-11T09:29:00,82,74,30.01,5,NA
2019-06-11T09:53:00,82,75,30.01,3,0.00
2019-06-11T10:00:00,82,75,29.98,3,NA
2019-06-11T10:53:00,87,75,30.00,10,T
2019-06-11T11:53:00,87,73,29.99,9,0.00
2019-06-11T12:13:00,87,73,29.99,15,NA
2019-06-11T12:53:00,88,74,29.99,13,0.00
2019-06-11T13:00:00,88,74,29.96,13,NA
2019-06-11T13:53:00,88,73,29.97,14,0.00
2019-06-11T14:53:00,88,74,29.95,18,0.00
2019-06-11T15:53:00,87,74,29.95,14,0.00
2019-06-11T16:00:00,87,74,29.92,14,NA
2019-06-11T16:53:00,87,74,29.94,10,0.00
2019-06-11T17:53:00,85,73,29.94,13,0.00
2019-06-11T18:53:00,81,72,29.95,7,0.01
2019-06-11T19:00:00,81,72,29.92,7,NA
2019-06-11T19:53:00,80,70,29.97,7,T
2019-06-11T20:21:00,81,71,29.98,5,NA
2019-06-11T20:51:00,77,70,29.98,9,NA
2019-06-11T20:53:00,77,70,29.98,9,0.01
2019-06-11T21:53:00,78,71,30.00,3,T
2019-06-11T22:00:00,78,71,29.97,3,NA
2019-06-11T22:53:00,79,73,29.99,0,0.00
2019-06-11T23:53:00,80,74,29.99,5,0.00
2019-06-12T00:53:00,80,75,29.96,8,0.00
2019-06-12T01:00:00,80,75,29.93,8,NA
2019-06-12T01:53:00,81,75,29.94,10,0.00
2019-06-12T02:53:00,81,75,29.94,8,0.00
2019-06-12T03:53:00,81,75,29.95,8,0.00
2019-06-12T04:00:00,81,75,29.92,8,NA
2019-06-12T04:53:00,81,75,29.95,8,0.00
2019-06-12T05:53:00,81,75,29.96,6,0.00
2019-06-12T06:53:00,82,75,29.97,7,0.00
2019-06-12T07:00:00,82,75,29.94,7,NA
2019-06-12T07:53:00,83,76,29.98,10,0.00
2019-06-12T08:53:00,86,76,29.98,11,0.00
2019-06-12T09:53:00,88,75,29.99,14,0.00
2019-06-12T10:00:00,88,75,29.96,14,NA
2019-06-12T10:53:00,88,74,30.00,14,0.00
2019-06-12T11:53:00,87,73,30.00,14,0.00
2019-06-12T12:01:00,83,72,30.01,26,NA
2019-06-12T12:07:00,79,71,30.01,23,NA
2019-06-12T12:15:00,75,72,30.02,24,T
2019-06-12T12:19:00,75,72,30.02,17,T
2019-06-12T12:51:00,77,73,30.03,14,NA
2019-06-12T12:53:00,77,73,30.03,11,0.06
2019-06-12T13:18:00,79,75,29.99,11,T
2019-06-12T13:51:00,82,73,29.98,13,NA
2019-06-12T13:53:00,83,74,29.98,11,T
2019-06-12T14:53:00,87,72,29.96,15,0.00
2019-06-12T15:53:00,88,71,29.96,14,0.00
2019-06-12T16:00:00,88,71,29.93,14,NA
2019-06-12T16:53:00,87,72,29.97,11,0.00
2019-06-12T17:53:00,85,73,29.97,13,0.00
2019-06-12T18:53:00,83,74,29.97,13,0.00
2019-06-12T19:00:00,83,74,29.94,13,NA
2019-06-12T19:53:00,83,75,29.99,11,0.00
2019-06-12T20:53:00,82,75,30.01,10,0.00
2019-06-12T21:53:00,83,75,30.02,11,0.00
2019-06-12T22:00:00,83,75,29.99,11,NA
2019-06-12T22:53:00,83,76,30.02,9,0.00
2019-06-12T23:53:00,82,75,30.02,10,0.00
2019-06-13T00:53:00,82,75,30.00,8,0.00
2019-06-13T01:00:00,82,75,29.97,8,NA
2019-06-13T01:53:00,82,75,29.99,9,0.00
2019-06-13T02:53:00,82,75,29.98,9,0.00
2019-06-13T03:53:00,82,75,29.97,7,0.00
2019-06-13T04:00:00,82,75,29.94,7,NA
2019-06-13T04:53:00,82,75,29.97,9,0.00
2019-06-13T05:53:00,82,75,29.98,9,0.00
2019-06-13T06:53:00,83,76,30.01,8,0.00
2019-06-13T07:00:00,83,76,29.98,8,NA
2019-06-13T07:15:00,82,74,30.02,14,NA
2019-06-13T07:53:00,83,70,30.03,13,0.00
2019-06-13T08:18:00,85,72,30.03,7,NA
2019-06-13T08:51:00,86,75,30.02,8,NA
2019-06-13T08:53:00,86,75,30.02,8,0.00
2019-06-13T09:14:00,85,75,30.02,6,NA
2019-06-13T09:53:00,87,74,30.02,10,0.00
2019-06-13T10:00:00,87,74,29.99,10,NA
2019-06-13T10:01:00,86,74,30.03,10,NA
2019-06-13T10:04:00,86,74,30.03,18,NA
2019-06-13T10:38:00,84,70,30.05,5,NA
2019-06-13T10:53:00,87,71,30.05,8,0.00
2019-06-13T11:02:00,86,72,30.04,10,NA
2019-06-13T11:31:00,86,74,30.04,8,NA
2019-06-13T11:53:00,85,74,30.02,14,T
2019-06-13T12:42:00,84,75,30.03,8,T
2019-06-13T12:51:00,84,73,30.03,10,NA
2019-06-13T12:53:00,84,74,30.03,11,T
2019-06-13T13:05:00,84,72,30.03,11,NA
2019-06-13T13:20:00,77,71,30.06,15,NA
2019-06-13T13:42:00,75,72,30.06,15,0.01
2019-06-13T13:46:00,75,72,30.06,14,NA
2019-06-13T13:49:00,75,73,30.05,11,0.16
2019-06-13T13:53:00,75,73,30.06,10,0.16
2019-06-13T14:06:00,77,73,30.05,10,T
2019-06-13T14:53:00,78,73,30.04,9,T
2019-06-13T15:14:00,78,73,30.04,7,NA
2019-06-13T15:49:00,79,73,30.05,3,T
2019-06-13T15:53:00,77,73,30.05,3,0.01
2019-06-13T16:00:00,77,73,30.02,3,NA
2019-06-13T16:40:00,77,74,30.03,0,0.07
2019-06-13T16:51:00,79,73,30.02,0,0.07
2019-06-13T16:53:00,78,74,30.02,0,0.06
2019-06-13T17:48:00,79,73,30.02,6,NA
2019-06-13T17:53:00,78,74,30.02,7,0.00
2019-06-13T18:13:00,78,74,30.02,3,NA
2019-06-13T18:53:00,78,73,30.06,3,0.00
2019-06-13T19:00:00,78,73,30.03,3,NA
2019-06-13T19:53:00,77,72,30.08,7,0.00
2019-06-13T20:53:00,77,72,30.07,7,0.00
2019-06-13T21:53:00,77,72,30.06,10,0.00
2019-06-13T22:00:00,77,72,30.03,10,NA
2019-06-13T22:53:00,76,72,30.07,6,0.00
2019-06-13T23:53:00,77,72,30.08,3,0.00
2019-06-14T00:53:00,76,72,30.07,3,0.00
2019-06-14T01:00:00,76,72,30.04,3,NA
2019-06-14T01:53:00,76,71,30.05,3,0.00
2019-06-14T02:53:00,77,72,30.04,0,0.00
2019-06-14T03:53:00,78,72,30.05,6,0.00
2019-06-14T04:00:00,78,72,30.02,6,NA
2019-06-14T04:53:00,77,71,30.05,5,0.00
2019-06-14T05:53:00,76,72,30.06,0,0.00
2019-06-14T06:53:00,78,73,30.08,0,0.00
2019-06-14T07:00:00,78,73,30.05,0,NA
2019-06-14T07:53:00,82,74,30.08,0,0.00
2019-06-14T08:53:00,83,73,30.10,0,0.00
2019-06-14T09:53:00,83,73,30.10,3,0.00
2019-06-14T10:00:00,83,73,30.07,3,NA
2019-06-14T10:53:00,84,73,30.10,7,0.00
2019-06-14T11:51:00,84,72,30.10,5,NA
2019-06-14T11:53:00,85,72,30.10,5,0.00
2019-06-14T12:51:00,82,72,30.10,NA,NA
2019-06-14T12:53:00,83,71,30.10,11,0.00
2019-06-14T13:00:00,83,71,30.07,11,NA
2019-06-14T13:53:00,85,71,30.07,8,0.00
2019-06-14T14:53:00,85,71,30.06,8,0.00
2019-06-14T15:08:00,85,71,30.06,7,NA
2019-06-14T15:34:00,85,70,30.06,0,NA
2019-06-14T15:53:00,84,71,30.06,8,T
2019-06-14T16:00:00,84,71,30.03,8,NA
2019-06-14T16:53:00,80,73,30.07,9,T
2019-06-14T17:50:00,79,72,30.07,6,T
2019-06-14T17:53:00,79,72,30.07,9,T
2019-06-14T18:51:00,81,70,30.07,7,0.01
2019-06-14T18:53:00,80,70,30.07,8,0.01
2019-06-14T19:00:00,80,70,30.04,8,NA
2019-06-14T19:53:00,79,70,30.08,6,0.03
2019-06-14T20:53:00,78,72,30.09,9,0.00
2019-06-14T21:53:00,78,73,30.12,6,T
2019-06-14T22:00:00,78,73,30.09,6,NA
2019-06-14T22:53:00,79,70,30.10,5,0.00
2019-06-14T23:53:00,79,70,30.09,5,0.00
2019-06-15T00:53:00,77,72,30.08,3,0.00
2019-06-15T01:00:00,77,72,30.05,3,NA
2019-06-15T01:53:00,77,72,30.06,5,0.00
2019-06-15T02:53:00,76,72,30.05,0,0.00
2019-06-15T03:53:00,76,72,30.06,6,0.00
2019-06-15T04:00:00,76,72,30.03,6,NA
2019-06-15T04:53:00,75,72,30.07,6,0.00
2019-06-15T05:53:00,75,72,30.09,3,0.00
2019-06-15T06:53:00,77,73,30.10,6,0.00
2019-06-15T07:00:00,77,73,30.07,6,NA
2019-06-15T07:53:00,79,73,30.11,5,0.00
2019-06-15T08:53:00,83,74,30.12,6,0.00
2019-06-15T09:53:00,84,72,30.12,6,0.00
2019-06-15T10:00:00,84,72,30.09,6,NA
2019-06-15T10:53:00,86,71,30.12,5,0.00
2019-06-15T11:51:00,86,75,30.12,7,NA
2019-06-15T11:53:00,86,75,30.12,7,NA
2019-06-15T12:27:00,80,72,30.11,14,0.34
2019-06-15T12:53:00,80,72,30.10,11,NA
2019-06-15T13:00:00,80,72,30.07,11,NA
2019-06-15T13:53:00,88,72,30.07,9,NA
2019-06-15T14:53:00,87,70,30.05,3,0.00
2019-06-15T15:53:00,88,71,30.02,3,0.00
2019-06-15T16:00:00,88,71,29.99,3,NA
2019-06-15T16:53:00,86,72,30.01,7,0.00
2019-06-15T17:53:00,85,70,30.03,16,0.00
2019-06-15T18:13:00,82,72,30.03,9,NA
2019-06-15T18:30:00,82,72,30.03,9,NA
2019-06-15T18:48:00,82,72,30.03,7,NA
2019-06-15T18:53:00,83,71,30.03,7,0.32
2019-06-15T19:00:00,83,71,30.00,7,NA
2019-06-15T19:53:00,83,72,30.06,0,0.00
2019-06-15T20:14:00,83,72,30.06,0,T
2019-06-15T20:22:00,82,73,30.06,NA,T
2019-06-15T20:28:00,79,74,30.06,17,NA
2019-06-15T20:36:00,79,74,30.07,16,T
2019-06-15T20:43:00,78,74,30.08,10,0.01
2019-06-15T20:53:00,77,74,30.08,8,0.12
2019-06-15T21:11:00,77,75,30.08,9,0.23
2019-06-15T21:14:00,77,75,30.08,10,0.24
2019-06-15T21:25:00,77,74,30.09,6,0.25
2019-06-15T21:44:00,77,73,30.08,8,0.28
2019-06-15T21:50:00,77,73,30.08,9,0.28
2019-06-15T21:53:00,77,73,30.08,8,0.19
2019-06-15T22:00:00,77,73,30.05,8,NA
2019-06-15T22:53:00,77,73,30.06,0,0.01
2019-06-15T23:53:00,77,74,30.04,5,0.00
2019-06-16T00:53:00,77,74,30.03,0,0.00
2019-06-16T01:00:00,77,74,30.00,0,NA
2019-06-16T01:53:00,77,74,30.01,3,0.00
2019-06-16T02:53:00,77,74,30.01,0,0.00
2019-06-16T03:53:00,78,74,29.99,5,0.00
2019-06-16T04:00:00,78,74,29.96,5,NA
2019-06-16T04:53:00,77,74,30.00,5,0.00
2019-06-16T05:53:00,78,74,30.01,5,0.00
2019-06-16T06:53:00,79,75,30.02,6,0.00
2019-06-16T07:00:00,79,75,29.99,6,NA
2019-06-16T07:53:00,81,75,30.05,3,0.00
2019-06-16T08:53:00,82,74,30.05,5,0.00
2019-06-16T09:53:00,83,75,30.06,5,0.00
2019-06-16T10:00:00,83,75,30.03,5,NA
2019-06-16T10:53:00,85,74,30.06,5,0.00
2019-06-16T11:53:00,86,73,30.04,3,0.00
2019-06-16T12:53:00,86,74,30.02,9,0.00
2019-06-16T13:00:00,86,74,29.99,9,NA
2019-06-16T13:53:00,86,73,30.02,5,0.00
2019-06-16T14:15:00,81,71,30.02,14,NA
2019-06-16T14:46:00,80,72,30.01,11,T
2019-06-16T14:53:00,79,70,30.01,8,T
2019-06-16T15:28:00,73,68,30.05,13,0.13
2019-06-16T15:44:00,73,68,30.04,7,0.39
2019-06-16T15:49:00,73,68,30.03,9,0.42
2019-06-16T15:53:00,73,68,30.03,6,0.43
2019-06-16T16:00:00,73,68,30.00,6,NA
2019-06-16T16:09:00,74,68,30.02,5,0.01
2019-06-16T16:53:00,76,69,30.01,8,0.01
2019-06-16T17:53:00,75,71,30.01,6,0.00
2019-06-16T18:49:00,77,72,30.01,3,NA
2019-06-16T18:53:00,77,73,30.00,5,0.00
2019-06-16T19:00:00,77,73,29.97,5,NA
2019-06-16T19:53:00,77,73,30.00,6,0.00
2019-06-16T20:53:00,78,72,30.03,3,0.00
2019-06-16T21:53:00,76,72,30.03,3,0.00
2019-06-16T22:00:00,76,72,30.00,3,NA
2019-06-16T22:53:00,76,72,30.04,3,0.00
2019-06-16T23:53:00,75,72,30.03,3,0.00
2019-06-17T00:53:00,75,72,30.02,3,0.00
2019-06-17T01:00:00,75,72,29.99,3,NA
2019-06-17T01:53:00,74,72,30.02,3,0.00
2019-06-17T02:53:00,75,71,30.01,3,0.00
2019-06-17T03:53:00,74,72,30.01,0,0.00
2019-06-17T04:00:00,74,72,29.98,0,NA
2019-06-17T04:06:00,74,72,30.01,5,NA
2019-06-17T04:53:00,75,72,30.01,3,0.00
2019-06-17T05:53:00,75,72,30.01,3,0.00
2019-06-17T06:51:00,75,72,30.03,7,NA
2019-06-17T06:53:00,76,71,30.03,7,0.00
2019-06-17T07:00:00,76,71,30.00,7,NA
2019-06-17T07:23:00,77,72,30.03,6,NA
2019-06-17T07:53:00,80,73,30.04,3,0.00
2019-06-17T08:53:00,82,74,30.04,11,0.00
2019-06-17T09:53:00,84,74,30.04,13,0.00
2019-06-17T10:00:00,84,74,30.01,13,NA
2019-06-17T10:53:00,85,73,30.04,10,0.00
2019-06-17T11:53:00,90,74,30.03,7,0.00
2019-06-17T12:30:00,81,75,30.02,13,0.05
2019-06-17T12:47:00,75s,72,30.03,23,0.22
2019-06-17T12:51:00,75s,72,30.02,6,NA
2019-06-17T12:53:00,76,71,30.02,6,0.10
2019-06-17T13:00:00,76,71,29.99,6,NA
2019-06-17T13:53:00,84,74,30.00,3,0.06
2019-06-17T14:53:00,84,74,29.99,7,0.00
2019-06-17T15:53:00,85,76,29.99,10,0.00
2019-06-17T16:00:00,85,76,29.96,10,NA
2019-06-17T16:18:00,85,75,29.99,9,NA
2019-06-17T16:33:00,84,75,29.99,9,NA
2019-06-17T16:51:00,84,73,29.99,9,NA
2019-06-17T16:53:00,84,74,29.99,9,0.00
2019-06-17T17:04:00,84,74,30.00,10,NA
2019-06-17T17:20:00,84,74,30.00,9,NA
2019-06-17T17:36:00,83,74,30.01,7,NA
2019-06-17T17:50:00,81,72,30.02,8,NA
2019-06-17T17:51:00,81,72,30.02,7,NA
2019-06-17T17:53:00,80,72,30.02,7,0.00
2019-06-17T18:22:00,78,74,30.00,7,T
2019-06-17T18:29:00,78,74,30.01,5,T
2019-06-17T18:53:00,78,73,30.01,7,T
2019-06-17T19:00:00,78,73,29.98,7,NA
2019-06-17T19:03:00,77,73,30.01,11,NA
2019-06-17T19:17:00,77,72,30.00,9,NA
2019-06-17T19:53:00,77,73,30.00,0,0.00
2019-06-17T20:53:00,77,74,30.01,5,0.00
2019-06-17T21:42:00,78,74,30.03,5,NA
2019-06-17T21:53:00,78,75,30.03,5,0.00
2019-06-17T22:00:00,78,75,30.00,5,NA
2019-06-17T22:13:00,77,74,30.03,6,NA
2019-06-17T22:50:00,77,73,30.04,3,NA
2019-06-17T22:53:00,77,74,30.04,5,0.00
2019-06-17T23:13:00,77,74,30.04,3,NA
2019-06-17T23:53:00,78,74,30.03,7,0.00
2019-06-18T00:21:00,78,74,30.03,5,NA
2019-06-18T00:53:00,78,74,30.03,8,T
2019-06-18T01:00:00,78,74,30.00,8,NA
2019-06-18T01:53:00,77,73,30.02,7,0.00
2019-06-18T02:53:00,77,73,30.00,9,0.00
2019-06-18T03:53:00,77,73,30.00,9,0.00
2019-06-18T04:00:00,77,73,29.97,9,NA
2019-06-18T04:53:00,77,74,30.00,7,0.00
2019-06-18T05:36:00,78,74,30.00,6,NA
2019-06-18T05:53:00,78,74,30.01,9,0.00
2019-06-18T06:53:00,80,75,30.02,9,0.00
2019-06-18T07:00:00,80,75,29.99,9,NA
2019-06-18T07:53:00,81,76,30.03,9,0.00
2019-06-18T08:53:00,85,78,30.04,8,0.00
2019-06-18T09:19:00,83,77,30.03,10,T
2019-06-18T09:53:00,86,76,30.03,10,0.01
2019-06-18T10:00:00,86,76,30.00,10,NA
2019-06-18T10:53:00,87,75,30.03,11,0.00
2019-06-18T11:53:00,88,75,30.03,8,0.00
2019-06-18T12:53:00,89,75,30.01,10,0.00
2019-06-18T13:00:00,89,75,29.98,10,NA
2019-06-18T13:53:00,89,74,30.00,14,0.00
2019-06-18T14:53:00,89,75,30.00,14,0.00
2019-06-18T15:53:00,89,75,29.99,11,0.00
2019-06-18T16:00:00,89,75,29.96,11,NA
2019-06-18T16:53:00,88,74,29.98,11,0.00
2019-06-18T17:53:00,86,75,29.99,14,0.00
2019-06-18T18:53:00,85,75,30.00,13,0.00
2019-06-18T19:00:00,85,75,29.97,13,NA
2019-06-18T19:51:00,84,75,30.01,9,NA
2019-06-18T19:53:00,84,76,30.01,11,0.00
2019-06-18T20:13:00,78,71,30.02,14,0.02
2019-06-18T20:53:00,80,77,30.03,6,0.14
2019-06-18T21:53:00,82,76,30.04,11,0.00
2019-06-18T22:00:00,82,76,30.01,11,NA
2019-06-18T22:17:00,78,73,30.05,20,T
2019-06-18T22:23:00,77,72,30.06,20,0.14
2019-06-18T22:30:00,77,72,30.04,22,0.16
2019-06-18T22:53:00,78,72,30.02,7,0.20
2019-06-18T23:53:00,80,75,30.03,5,0.00
2019-06-19T00:24:00,80,75,30.03,3,NA
2019-06-19T00:49:00,79,72,30.03,13,T
2019-06-19T00:53:00,77,72,30.03,11,0.15
2019-06-19T01:00:00,77,72,30.00,11,NA
2019-06-19T01:08:00,77,72,30.02,7,0.08
2019-06-19T01:43:00,75,73,30.03,14,0.28
2019-06-19T01:50:00,75,73,30.03,13,0.34
2019-06-19T01:53:00,76,73,30.02,13,0.34
2019-06-19T02:31:00,76,73,30.01,11,0.10
2019-06-19T02:53:00,77,73,30.01,5,0.11
2019-06-19T03:53:00,77,72,29.98,0,0.02
2019-06-19T04:00:00,77,72,29.95,0,NA
2019-06-19T04:53:00,76,73,29.98,6,T
2019-06-19T05:53:00,78,73,30.00,6,0.00
2019-06-19T06:53:00,77,75,30.01,6,0.00
2019-06-19T07:00:00,77,75,29.98,6,NA
2019-06-19T07:51:00,79,75,30.01,6,NA
2019-06-19T07:53:00,79,75,30.01,6,0.00
2019-06-19T08:53:00,81,75,30.02,9,0.00
2019-06-19T09:53:00,83,76,30.01,8,0.00
2019-06-19T10:00:00,83,76,29.98,8,NA
2019-06-19T10:53:00,83,74,30.01,13,0.00
2019-06-19T11:53:00,86,77,30.00,13,0.00
2019-06-19T12:53:00,87,78,29.99,11,0.00
2019-06-19T13:00:00,87,78,29.96,11,NA
2019-06-19T13:53:00,90,77,29.97,14,0.00
2019-06-19T14:53:00,88,76,29.95,15,0.00
2019-06-19T15:33:00,79,69,29.99,14,NA
2019-06-19T15:42:00,77,71,29.99,22,0.02
2019-06-19T15:51:00,75,70,29.97,17,NA
2019-06-19T15:53:00,76,70,29.97,15,0.08
2019-06-19T16:00:00,76,70,29.94,15,NA
2019-06-19T16:07:00,77,72,29.99,29,0.03
2019-06-19T16:24:00,79,73,29.97,11,0.67
2019-06-19T16:40:00,80,74,29.97,7,0.67
2019-06-19T16:53:00,81,75,29.96,9,0.67
2019-06-19T17:53:00,83,73,29.98,10,T
2019-06-19T18:53:00,82,75,29.98,5,0.00
2019-06-19T19:00:00,82,75,29.95,5,NA
2019-06-19T19:53:00,82,73,29.99,7,0.00
2019-06-19T20:53:00,82,74,30.01,5,0.00
2019-06-19T21:53:00,82,75,30.02,8,0.00
2019-06-19T22:00:00,82,75,29.99,8,NA
2019-06-19T22:53:00,82,77,30.00,6,0.00
2019-06-19T23:53:00,81,76,29.99,8,0.00
2019-06-20T00:53:00,81,77,29.98,7,0.00
2019-06-20T01:00:00,81,77,29.95,7,NA
2019-06-20T01:51:00,79,75,29.96,7,NA
2019-06-20T01:53:00,79,76,29.96,6,0.00
2019-06-20T02:53:00,81,77,29.96,10,0.00
2019-06-20T03:53:00,80,77,29.96,3,0.00
2019-06-20T04:00:00,80,77,29.93,3,NA
2019-06-20T04:53:00,82,77,29.98,9,0.00
2019-06-20T05:53:00,82,76,30.01,9,0.00
2019-06-20T06:53:00,83,77,30.03,10,0.00
2019-06-20T07:00:00,83,77,30.00,10,NA
2019-06-20T07:53:00,85,75,30.04,13,0.00
2019-06-20T08:53:00,87,75,30.05,13,0.00
2019-06-20T09:53:00,91,76,30.04,13,0.00
2019-06-20T10:00:00,91,76,30.01,13,NA
2019-06-20T10:53:00,93,75,30.03,14,0.00
2019-06-20T11:53:00,93,75,30.04,14,0.00
2019-06-20T12:53:00,92,76,30.02,14,0.00
2019-06-20T13:00:00,92,76,29.99,14,NA
2019-06-20T13:53:00,90,75,30.01,13,0.00
2019-06-20T14:53:00,91,76,30.01,15,0.00
2019-06-20T15:53:00,90,75,30.01,13,0.00
2019-06-20T16:00:00,90,75,29.98,13,NA
2019-06-20T16:53:00,90,75,30.00,10,0.00
2019-06-20T17:53:00,89,74,30.00,11,0.00
2019-06-20T18:53:00,87,74,30.00,10,0.00
2019-06-20T19:00:00,87,74,29.97,10,NA
2019-06-20T19:53:00,86,76,30.00,11,0.00
2019-06-20T20:53:00,84,76,30.03,6,0.00
2019-06-20T21:53:00,84,77,30.06,11,0.00
2019-06-20T22:00:00,84,77,30.03,11,NA
2019-06-20T22:53:00,82,76,30.08,8,0.00
2019-06-21T00:53:00,82,77,30.06,9,0.00
2019-06-21T01:00:00,82,77,30.03,9,NA
2019-06-21T02:53:00,82,77,30.02,8,0.00
2019-06-21T03:53:00,82,77,30.02,8,0.00
2019-06-21T04:00:00,82,77,29.99,8,NA
2019-06-21T04:53:00,82,77,30.04,10,0.00
2019-06-21T05:53:00,82,77,30.05,8,0.00
2019-06-21T06:53:00,83,77,30.07,7,0.00
2019-06-21T07:00:00,83,77,30.04,7,NA
2019-06-21T07:53:00,85,78,30.09,7,0.00
2019-06-21T08:53:00,85,77,30.09,8,0.00
2019-06-21T09:53:00,85,78,30.10,8,0.00
2019-06-21T10:00:00,85,78,30.07,8,NA
2019-06-21T10:53:00,88,75,30.10,9,0.00
2019-06-21T11:53:00,90,74,30.10,11,0.00
2019-06-21T12:53:00,91,74,30.09,10,0.00
2019-06-21T13:00:00,91,74,30.06,10,NA
2019-06-21T13:53:00,91,74,30.08,14,0.00
2019-06-21T14:53:00,90,75,30.08,11,0.00
2019-06-21T15:53:00,90,74,30.08,11,0.00
2019-06-21T16:00:00,90,74,30.05,11,NA
2019-06-21T16:53:00,89,74,30.08,11,0.00
2019-06-21T17:53:00,87,75,30.08,11,0.00
2019-06-21T18:53:00,86,74,30.08,9,0.00
2019-06-21T19:00:00,86,74,30.05,9,NA
2019-06-21T19:53:00,85,75,30.09,5,0.00
2019-06-21T20:53:00,84,75,30.10,8,0.00
2019-06-21T21:53:00,84,75,30.11,7,0.00
2019-06-21T22:00:00,84,75,30.08,7,NA
2019-06-21T22:53:00,83,75,30.12,6,0.00
2019-06-21T23:53:00,82,76,30.10,0,0.00
2019-06-22T00:53:00,82,76,30.09,3,0.00
2019-06-22T01:00:00,82,76,30.06,3,NA
2019-06-22T01:53:00,80,75,30.08,0,0.00
2019-06-22T02:53:00,80,76,30.08,3,0.00
2019-06-22T03:53:00,80,75,30.07,6,0.00
2019-06-22T04:00:00,80,75,30.04,6,NA
2019-06-22T04:53:00,80,76,30.07,0,0.00
2019-06-22T05:53:00,80,76,30.09,3,0.00
2019-06-22T06:53:00,83,76,30.11,5,0.00
2019-06-22T07:00:00,83,76,30.08,5,NA
2019-06-22T07:53:00,85,77,30.12,0,0.00
2019-06-22T08:53:00,86,77,30.13,7,0.00
2019-06-22T09:53:00,85,77,30.14,5,0.00
2019-06-22T10:00:00,85,77,30.11,5,NA
2019-06-22T10:53:00,88,77,30.15,7,0.00
2019-06-22T11:53:00,88,75,30.15,9,0.00
2019-06-22T12:53:00,90,75,30.14,10,0.00
2019-06-22T13:00:00,90,75,30.11,10,NA
2019-06-22T13:53:00,91,75,30.12,8,0.00
2019-06-22T14:53:00,90,75,30.10,9,0.00
2019-06-22T15:53:00,91,75,30.09,9,0.00
2019-06-22T16:00:00,91,75,30.06,9,NA
2019-06-22T16:53:00,90,76,30.08,10,0.00
2019-06-22T17:53:00,89,72,30.08,9,0.00
2019-06-22T18:53:00,89,73,30.09,10,0.00
2019-06-22T19:00:00,89,73,30.06,10,NA
2019-06-22T19:53:00,86,74,30.10,8,0.00
2019-06-22T20:53:00,84,76,30.10,5,0.00
2019-06-22T21:53:00,84,76,30.10,0,0.00
2019-06-22T22:00:00,84,76,30.07,0,NA
2019-06-22T22:53:00,83,76,30.11,0,0.00
2019-06-22T23:53:00,82,76,30.11,0,0.00
2019-06-23T00:53:00,81,76,30.11,3,0.00
2019-06-23T01:00:00,81,76,30.08,3,NA
2019-06-23T01:53:00,81,76,30.10,3,0.00
2019-06-23T02:53:00,80,75,30.08,3,0.00
2019-06-23T03:53:00,80,75,30.07,0,0.00
2019-06-23T04:00:00,80,75,30.04,0,NA
2019-06-23T04:53:00,79,74,30.08,0,0.00
2019-06-23T05:53:00,80,75,30.07,0,0.00
2019-06-23T06:53:00,84,75,30.08,3,0.00
2019-06-23T07:00:00,84,75,30.05,3,NA
2019-06-23T07:53:00,85,76,30.09,6,0.00
2019-06-23T08:53:00,85,75,30.09,5,0.00
2019-06-23T09:53:00,87,75,30.10,6,0.00
2019-06-23T10:00:00,87,75,30.07,6,NA
2019-06-23T10:53:00,90,71,30.09,6,0.00
2019-06-23T11:53:00,91,69,30.09,9,0.00
2019-06-23T12:53:00,92,70,30.08,9,0.00
2019-06-23T13:00:00,92,70,30.05,9,NA
2019-06-23T13:53:00,91,71,30.07,9,0.00
2019-06-23T14:53:00,91,72,30.05,11,0.00
2019-06-23T15:53:00,91,71,30.04,13,0.00
2019-06-23T16:00:00,91,71,30.01,13,NA
2019-06-23T16:53:00,90,71,30.03,10,0.00
2019-06-23T17:53:00,89,72,30.03,10,0.00
2019-06-23T18:53:00,87,73,30.03,8,0.00
2019-06-23T19:00:00,87,73,30.00,8,NA
2019-06-23T19:53:00,85,74,30.03,6,0.00
2019-06-23T20:53:00,85,74,30.04,3,0.00
2019-06-23T21:53:00,83,74,30.05,5,0.00
2019-06-23T22:00:00,83,74,30.02,5,NA
2019-06-23T22:53:00,81,74,30.05,3,0.00
2019-06-23T23:53:00,81,75,30.03,0,0.00
2019-06-24T00:53:00,80,75,30.02,0,0.00
2019-06-24T01:00:00,80,75,29.99,0,NA
2019-06-24T01:53:00,79,74,30.01,0,0.00
2019-06-24T02:53:00,80,75,30.01,3,0.00
2019-06-24T03:53:00,80,75,30.00,3,0.00
2019-06-24T04:00:00,80,75,29.97,3,NA
2019-06-24T04:53:00,80,76,30.01,3,0.00
2019-06-24T05:53:00,80,76,30.02,0,0.00
2019-06-24T06:53:00,82,76,30.03,0,0.00
2019-06-24T07:00:00,82,76,30.00,0,NA
2019-06-24T07:53:00,82,76,30.04,0,0.00
2019-06-24T08:53:00,84,77,30.05,5,0.00
2019-06-24T09:53:00,86,77,30.06,5,0.00
2019-06-24T10:00:00,86,77,30.03,5,NA
2019-06-24T10:53:00,87,76,30.06,6,0.00
2019-06-24T11:53:00,88,77,30.05,6,0.00
2019-06-24T12:53:00,89,74,30.04,5,0.00
2019-06-24T13:00:00,89,74,30.01,5,NA
2019-06-24T13:53:00,91,74,30.03,9,0.00
2019-06-24T14:53:00,91,71,30.03,9,0.00
2019-06-24T15:53:00,90,73,30.01,8,0.00
2019-06-24T16:00:00,90,73,29.98,8,NA
2019-06-24T16:53:00,91,72,30.00,8,0.00
2019-06-24T17:53:00,92,71,30.00,10,0.00
2019-06-24T18:53:00,88,72,30.02,6,0.00
2019-06-24T19:00:00,88,72,29.99,6,NA
2019-06-24T19:53:00,86,74,30.02,7,0.00
2019-06-24T20:53:00,84,75,30.04,6,0.00
2019-06-24T21:53:00,83,75,30.05,6,0.00
2019-06-24T22:00:00,83,75,30.02,6,NA
2019-06-24T22:53:00,83,75,30.05,3,0.00
2019-06-24T23:53:00,83,74,30.04,5,0.00
2019-06-25T00:53:00,82,75,30.02,3,0.00
2019-06-25T01:00:00,82,75,29.99,3,NA
2019-06-25T01:53:00,81,75,30.01,0,0.00
2019-06-25T02:53:00,81,76,30.00,0,0.00
2019-06-25T03:53:00,81,76,30.01,3,0.00
2019-06-25T04:00:00,81,76,29.98,3,NA
2019-06-25T04:53:00,81,76,30.03,3,0.00
2019-06-25T05:53:00,82,76,30.04,3,0.00
2019-06-25T06:53:00,83,77,30.05,6,0.00
2019-06-25T07:00:00,83,77,30.02,6,NA
2019-06-25T07:53:00,86,78,30.07,8,0.00
2019-06-25T08:53:00,87,78,30.07,8,0.00
2019-06-25T09:53:00,91,77,30.06,5,0.00
2019-06-25T10:00:00,91,77,30.03,5,NA
2019-06-25T10:53:00,93,77,30.07,9,0.00
2019-06-25T11:53:00,95,77,30.07,3,0.00
2019-06-25T12:53:00,96,75,30.06,6,0.00
2019-06-25T13:00:00,96,75,30.03,6,NA
2019-06-25T13:53:00,95,75,30.04,9,0.00
2019-06-25T14:53:00,95,74,30.03,7,0.00
2019-06-25T15:53:00,94,75,30.02,11,0.00
2019-06-25T16:00:00,94,75,29.99,11,NA
2019-06-25T16:53:00,94,73,30.01,10,0.00
2019-06-25T17:53:00,93,71,30.01,11,0.00
2019-06-25T18:53:00,90,72,30.02,9,0.00
2019-06-25T19:00:00,90,72,29.99,9,NA
2019-06-25T19:53:00,88,73,30.05,7,0.00
2019-06-25T20:53:00,86,77,30.07,7,0.00
2019-06-25T21:53:00,84,77,30.08,6,0.00
2019-06-25T22:00:00,84,77,30.05,6,NA
2019-06-25T22:53:00,85,77,30.10,8,0.00
2019-06-25T23:53:00,85,76,30.11,0,0.00
2019-06-26T00:53:00,84,72,30.08,3,0.00
2019-06-26T01:00:00,84,72,30.05,3,NA
2019-06-26T01:53:00,82,73,30.07,3,0.00
2019-06-26T02:53:00,82,73,30.06,0,0.00
2019-06-26T03:53:00,82,76,30.06,0,0.00
2019-06-26T04:00:00,82,76,30.03,0,NA
2019-06-26T04:53:00,82,77,30.07,0,0.00
2019-06-26T05:53:00,83,78,30.09,0,0.00
2019-06-26T06:53:00,85,78,30.10,3,0.00
2019-06-26T07:00:00,85,78,30.07,3,NA
2019-06-26T07:53:00,87,78,30.11,6,0.00
2019-06-26T08:53:00,90,76,30.11,6,0.00
2019-06-26T09:53:00,92,75,30.10,6,0.00
2019-06-26T10:00:00,92,75,30.07,6,NA
2019-06-26T10:53:00,94,72,30.11,11,0.00
2019-06-26T11:53:00,95,70,30.10,5,0.00
2019-06-26T12:53:00,95,67,30.08,11,0.00
2019-06-26T13:00:00,95,67,30.05,11,NA
2019-06-26T13:53:00,95,66,30.06,6,0.00
2019-06-26T14:53:00,94,66,30.05,14,0.00
2019-06-26T15:32:00,94,70,30.04,14,NA
2019-06-26T15:53:00,95,70,30.03,14,0.00
2019-06-26T16:00:00,95,70,30.00,14,NA
2019-06-26T16:53:00,94,69,30.02,13,0.00
2019-06-26T17:53:00,94,69,30.02,9,0.00
2019-06-26T18:53:00,93,73,30.03,10,0.00
2019-06-26T19:00:00,93,73,30.00,10,NA
2019-06-26T19:53:00,91,74,30.06,11,0.00
2019-06-26T20:53:00,88,71,30.08,9,0.00
2019-06-26T21:33:00,88,71,30.10,8,NA
2019-06-26T21:48:00,88,72,30.10,8,NA
2019-06-26T21:53:00,88,71,30.10,9,0.25
2019-06-26T22:00:00,88,71,30.07,9,NA
2019-06-26T22:02:00,88,71,30.10,NA,NA
2019-06-26T22:27:00,88,71,30.10,9,NA
2019-06-26T22:51:00,88,72,30.11,9,NA
2019-06-26T22:53:00,88,71,30.11,9,0.55
2019-06-26T23:15:00,84,64,30.17,25,NA
2019-06-26T23:18:00,84,64,30.18,25,NA
2019-06-26T23:26:00,84,64,30.18,25,NA
2019-06-26T23:42:00,84,64,30.13,25,NA
2019-06-26T23:53:00,84,64,30.13,25,0.24
2019-06-27T00:51:00,72,66,30.10,5,NA
2019-06-27T00:53:00,72,67,30.09,5,T
2019-06-27T01:00:00,72,67,30.06,5,NA
2019-06-27T01:07:00,72,67,30.09,5,NA
2019-06-27T01:53:00,72,67,30.07,5,NA
2019-06-27T02:53:00,75,66,30.07,6,0.00
2019-06-27T03:53:00,75,73,30.07,6,0.00
2019-06-27T04:00:00,75,73,30.04,6,NA
2019-06-27T04:53:00,78,73,30.07,7,0.00
2019-06-27T05:53:00,75,72,30.08,7,0.00
2019-06-27T06:53:00,78,72,30.10,7,0.00
2019-06-27T07:00:00,78,72,30.07,7,NA
2019-06-27T07:53:00,82,74,30.11,9,0.00
2019-06-27T08:53:00,85,75,30.12,11,0.00
2019-06-27T09:53:00,87,72,30.12,3,0.00
2019-06-27T10:00:00,87,72,30.09,3,NA
2019-06-27T10:53:00,89,69,30.11,6,0.00
2019-06-27T11:53:00,92,70,30.10,8,0.00
2019-06-27T12:53:00,93,66,30.09,7,0.00
2019-06-27T13:00:00,93,66,30.06,7,NA
2019-06-27T13:53:00,91,66,30.07,6,0.00
2019-06-27T14:53:00,93,65,30.05,5,0.00
2019-06-27T15:53:00,93,61,30.03,9,0.00
2019-06-27T16:00:00,93,61,30.00,9,NA
2019-06-27T16:53:00,95,63,30.03,8,0.00
2019-06-27T17:53:00,90,67,30.03,10,0.00
2019-06-27T18:53:00,90,66,30.04,9,0.00
2019-06-27T19:00:00,90,66,30.01,9,NA
2019-06-27T19:53:00,87,68,30.03,7,0.00
2019-06-27T20:53:00,86,69,30.05,7,0.00
2019-06-27T21:53:00,87,68,30.07,9,0.00
2019-06-27T22:00:00,87,68,30.04,9,NA
2019-06-27T22:53:00,85,69,30.09,8,0.00
2019-06-27T23:53:00,83,70,30.09,9,0.00
2019-06-28T00:53:00,82,71,30.08,6,0.00
2019-06-28T01:00:00,82,71,30.05,6,NA
2019-06-28T01:53:00,81,72,30.06,5,0.00
2019-06-28T02:53:00,82,72,30.06,3,0.00
2019-06-28T03:53:00,80,72,30.05,6,0.00
2019-06-28T04:00:00,80,72,30.02,6,NA
2019-06-28T04:53:00,80,72,30.07,0,0.00
2019-06-28T05:53:00,80,73,30.08,0,0.00
2019-06-28T06:53:00,82,73,30.08,6,0.00
2019-06-28T07:00:00,82,73,30.05,6,NA
2019-06-28T07:53:00,83,74,30.09,8,0.00
2019-06-28T08:53:00,85,74,30.11,6,0.00
2019-06-28T09:53:00,88,70,30.11,7,0.00
2019-06-28T10:00:00,88,70,30.08,7,NA
2019-06-28T10:53:00,90,69,30.10,6,0.00
2019-06-28T11:53:00,92,71,30.09,5,0.00
2019-06-28T12:53:00,93,69,30.06,5,0.00
2019-06-28T13:00:00,93,69,30.03,5,NA
2019-06-28T13:53:00,93,67,30.04,7,0.00
2019-06-28T14:53:00,93,71,30.01,7,0.00
2019-06-28T15:51:00,86,68,30.00,14,NA
2019-06-28T15:53:00,86,68,30.01,13,T
2019-06-28T16:00:00,86,68,29.98,13,NA
2019-06-28T16:53:00,80,73,30.07,20,T
2019-06-28T17:53:00,79,72,30.08,10,T
2019-06-28T18:53:00,77,73,30.09,8,0.08s
2019-06-28T19:00:00,77,73,30.06,8,NA
2019-06-28T19:09:00,77,73,30.09,6,0.02
2019-06-28T19:53:00,78,73,30.09,0,0.06
2019-06-28T20:53:00,78,74,30.10,5,T
2019-06-28T21:11:00,78,74,30.11,5,T
2019-06-28T21:39:00,78,74,30.10,6,T
2019-06-28T21:53:00,77,72,30.10,3,T
2019-06-28T22:00:00,77,72,30.07,3,NA
2019-06-28T22:53:00,76,72,30.09,6,0.00
2019-06-28T23:53:00,76,72,30.08,5,0.00
2019-06-29T00:53:00,76,72,30.07,6,0.00
2019-06-29T01:00:00,76,72,30.04,6,NA
2019-06-29T01:53:00,76,71,30.07,5,0.00
2019-06-29T02:53:00,76,71,30.06,5,0.00
2019-06-29T03:53:00,76,71,30.08,0,0.00
2019-06-29T04:00:00,76,71,30.05,0,NA
2019-06-29T04:53:00,75,71,30.09,3,0.00
2019-06-29T05:53:00,75,71,30.10,0,0.00
2019-06-29T06:53:00,77,73,30.09,0,0.00
2019-06-29T07:00:00,77,73,30.06,0,NA
2019-06-29T07:53:00,81,73,30.10,3,0.00
2019-06-29T08:53:00,84,73,30.11,6,0.00
2019-06-29T09:53:00,85,73,30.12,7,0.00
2019-06-29T10:00:00,85,73,30.09,7,NA
2019-06-29T10:53:00,87,72,30.11,7,0.00
2019-06-29T11:53:00,89,71,30.10,10,0.00
2019-06-29T12:53:00,89,71,30.07,6,0.00
2019-06-29T13:00:00,89,71,30.04,6,NA
2019-06-29T13:53:00,85,70,30.07,16,0.00
2019-06-29T14:08:00,83,71,30.07,16,NA
2019-06-29T14:18:00,84,72,30.07,10,T
2019-06-29T14:53:00,83,71,30.06,9,0.00
2019-06-29T15:35:00,83,71,30.05,9,NA
2019-06-29T15:53:00,83,71,30.07,7,0.00
2019-06-29T16:00:00,83,71,30.04,7,NA
2019-06-29T16:53:00,82,71,30.07,10,0.00
2019-06-29T17:53:00,82,71,30.07,8,0.00
2019-06-29T18:53:00,80,71,30.06,6,0.00
2019-06-29T19:00:00,80,71,30.03,6,NA
2019-06-29T19:53:00,79,72,30.06,7,0.00
2019-06-29T20:53:00,79,72,30.09,5,0.00
2019-06-29T21:53:00,78,72,30.11,6,0.00
2019-06-29T22:00:00,78,72,30.08,6,NA
2019-06-29T22:53:00,77,72,30.11,6,0.00
2019-06-29T23:53:00,78,73,30.09,6,0.00
2019-06-30T00:53:00,78,73,30.07,5,0.00
2019-06-30T01:00:00,78,73,30.04,5,NA
2019-06-30T01:53:00,78,73,30.07,7,0.00
2019-06-30T02:53:00,78,73,30.06,3,0.00
2019-06-30T03:53:00,78,73,30.06,6,0.00
2019-06-30T04:00:00,78,73,30.03,6,NA
2019-06-30T04:53:00,78,73,30.06,3,0.00
2019-06-30T05:53:00,78,73,30.06,5,0.00
2019-06-30T06:53:00,79,74,30.08,5,0.00
2019-06-30T07:00:00,79,74,30.05,5,NA
2019-06-30T07:53:00,82,74,30.07,6,0.00
2019-06-30T08:53:00,84,74,30.08,0,0.00
2019-06-30T09:53:00,84,75,30.08,6,0.00
2019-06-30T10:00:00,84,75,30.05,6,NA
2019-06-30T10:53:00,86,74,30.08,6,0.00
2019-06-30T11:53:00,88,75,30.07,8,0.00
2019-06-30T12:05:00,87,74,30.07,7,NA
2019-06-30T12:23:00,85,74,30.08,11,NA
2019-06-30T12:53:00,80,73,30.08,9,T
2019-06-30T13:00:00,80,73,30.05,9,NA
2019-06-30T13:15:00,83,72,30.07,0,T
2019-06-30T13:37:00,86,74,30.05,0,T
2019-06-30T13:53:00,87,73,30.04,0,T
2019-06-30T14:53:00,89,74,30.02,8,0.00
2019-06-30T15:53:00,89,75,30.01,8,0.00
2019-06-30T16:00:00,89,75,29.98,8,NA
2019-06-30T16:53:00,89,73,30.00,11,0.00
2019-06-30T17:53:00,89,71,30.01,9,0.00
2019-06-30T18:53:00,86,74,30.02,9,0.00
2019-06-30T19:00:00,86,74,29.99,9,NA
2019-06-30T19:53:00,85,74,30.03,7,0.00
2019-06-30T20:53:00,85,74,30.05,7,0.00
2019-06-30T21:53:00,84,74,30.06,5,0.00
2019-06-30T22:00:00,84,74,30.03,5,NA
2019-06-30T22:53:00,83,74,30.06,3,0.00
2019-06-30T23:53:00,83,75,30.06,5,0.00
2019-07-01T00:53:00,83,74,30.05,5,0.00
2019-07-01T01:00:00,83,74,30.02,5,NA
2019-07-01T01:53:00,83,74,30.05,3,0.00
2019-07-01T02:53:00,82,74,30.03,0,0.00
2019-07-01T03:53:00,80,75,30.03,0,0.00
2019-07-01T04:00:00,80,75,30.00,0,NA
2019-07-01T04:53:00,81,75,30.03,0,0.00
2019-07-01T05:53:00,82,75,30.04,0,0.00
2019-07-01T06:53:00,84,76,30.06,5,0.00
2019-07-01T07:00:00,84,76,30.03,5,NA
2019-07-01T07:53:00,86,75,30.06,8,0.00
2019-07-01T08:53:00,89,75,30.06,8,0.00
2019-07-01T09:53:00,88,72,30.06,8,0.00
2019-07-01T10:00:00,88,72,30.03,8,NA
2019-07-01T10:53:00,88,72,30.06,6,0.00
2019-07-01T11:53:00,91,73,30.06,13,0.00
2019-07-01T12:53:00,91,73,30.05,11,0.00
2019-07-01T13:00:00,91,73,30.02,11,NA
2019-07-01T13:53:00,92,73,30.03,13,0.00
2019-07-01T14:53:00,92,74,30.02,14,0.00
2019-07-01T15:53:00,91,75,30.01,10,0.00
2019-07-01T16:00:00,91,75,29.98,10,NA
2019-07-01T16:53:00,89,74,30.00,8,0.00
2019-07-01T17:53:00,89,73,30.00,9,0.00
2019-07-01T18:53:00,87,75,30.02,11,0.00
2019-07-01T19:00:00,87,75,29.99,11,NA
2019-07-01T19:53:00,86,75,30.02,10,0.00
2019-07-01T20:53:00,85,75,30.03,7,0.00
2019-07-01T21:53:00,84,75,30.04,5,0.00
2019-07-01T22:00:00,84,75,30.01,5,NA
2019-07-01T22:53:00,84,76,30.03,7,0.00
2019-07-01T23:53:00,83,75,30.02,5,0.00
2019-07-02T00:53:00,83,75,30.00,7,0.00
2019-07-02T01:00:00,83,75,29.97,7,NA
2019-07-02T01:53:00,82,75,29.99,5,0.00
2019-07-02T02:53:00,82,75,29.99,0,0.00
2019-07-02T03:53:00,82,75,29.99,3,0.00
2019-07-02T04:00:00,82,75,29.96,3,NA
2019-07-02T04:53:00,82,75,30.00,5,0.00
2019-07-02T05:53:00,82,75,30.02,3,0.00
2019-07-02T06:53:00,85,75,30.03,5,0.00
2019-07-02T07:00:00,85,75,30.00,5,NA
2019-07-02T07:53:00,87,76,30.03,8,0.00
2019-07-02T08:53:00,86,75,30.04,7,0.00
2019-07-02T09:53:00,88,75,30.04,9,0.00
2019-07-02T10:00:00,88,75,30.01,9,NA
2019-07-02T10:53:00,89,75,30.04,8,0.00
2019-07-02T11:53:00,90,74,30.03,7,0.00
2019-07-02T12:53:00,91,74,30.01,9,0.00
2019-07-02T13:00:00,91,74,29.98,9,NA
2019-07-02T13:53:00,92,76,29.98,13,0.00
2019-07-02T14:14:00,92,76,29.97,14,NA
2019-07-02T14:22:00,92,76,29.97,14,NA
2019-07-02T14:51:00,91,73,29.96,13,NA
2019-07-02T14:53:00,92,74,29.96,13,0.00
2019-07-02T15:51:00,91,75,29.96,11,NA
2019-07-02T15:53:00,91,75,29.95,10,0.00
2019-07-02T16:00:00,91,75,29.92,10,NA
2019-07-02T16:08:00,91,74,29.95,13,NA
2019-07-02T16:53:00,91,74,29.94,11,0.00
2019-07-02T17:53:00,90,73,29.94,10,0.00
2019-07-02T18:53:00,87,73,29.94,10,0.00
2019-07-02T19:00:00,87,73,29.91,10,NA
2019-07-02T19:53:00,86,75,29.96,8,0.00
2019-07-02T20:53:00,84,75,29.96,5,0.00
2019-07-02T21:53:00,84,76,29.98,6,0.00
2019-07-02T22:00:00,84,76,29.95,6,NA
2019-07-02T22:53:00,84,75,29.99,5,0.00
2019-07-02T23:53:00,83,75,29.98,3,0.00
2019-07-03T00:53:00,83,75,29.97,5,0.00
2019-07-03T01:00:00,83,75,29.94,5,NA
2019-07-03T01:53:00,82,76,29.96,3,0.00
2019-07-03T02:53:00,82,75,29.94,5,0.00
2019-07-03T03:53:00,82,75,29.94,3,0.00
2019-07-03T04:00:00,82,75,29.91,3,NA
2019-07-03T04:53:00,82,75,29.95,0,0.00
2019-07-03T05:53:00,82,75,29.97,3,0.00
2019-07-03T06:53:00,85,76,29.98,6,0.00
2019-07-03T07:00:00,85,76,29.95,6,NA
2019-07-03T07:53:00,88,77,29.99,7,0.00
2019-07-03T08:53:00,90,77,30.00,7,0.00
2019-07-03T09:53:00,92,75,30.00,3,0.00
2019-07-03T10:00:00,92,75,29.97,3,NA
2019-07-03T10:53:00,91,77,30.00,8,0.00
2019-07-03T11:53:00,91,77,29.99,9,0.00
2019-07-03T12:14:00,89,76,29.98,8,T
2019-07-03T12:21:00,89,77,29.98,8,T
2019-07-03T12:53:00,79,75,30.01,21,0.13s
2019-07-03T13:00:00,79,75,29.98,21,NA
2019-07-03T13:01:00,77,72,30.01,16,0.13
2019-07-03T13:29:00,77,73,29.98,9,0.32
2019-07-03T13:48:00,77,73,29.97,5,0.33
2019-07-03T13:53:00,79,72,29.97,7,0.22
2019-07-03T14:53:00,85,77,29.94,6,0.00
2019-07-03T15:53:00,88,78,29.92,9,0.00
2019-07-03T16:00:00,88,78,29.89,9,NA
2019-07-03T16:53:00,89,76,29.90,10,0.00
2019-07-03T17:53:00,87,76,29.92,9,0.00
2019-07-03T18:53:00,86,75,29.96,7,0.00
2019-07-03T19:00:00,86,75,29.93,7,NA
2019-07-03T19:53:00,85,76,29.96,5,0.00
2019-07-03T20:53:00,85,76,29.95,5,0.00
2019-07-03T21:53:00,84,75,29.96,0,0.00
2019-07-03T22:00:00,84,75,29.93,0,NA
2019-07-03T22:53:00,84,75,29.97,0,0.00
2019-07-03T23:53:00,83,73,29.99,5,0.00
2019-07-04T00:53:00,81,74,29.98,0,0.00
2019-07-04T01:00:00,81,74,29.95,0,NA
2019-07-04T01:53:00,82,75,29.96,3,0.00
2019-07-04T02:12:00,82,76,29.96,0,NA
2019-07-04T02:27:00,82,75,29.97,3,NA
2019-07-04T02:51:00,81,75,29.97,7,NA
2019-07-04T02:53:00,81,75,29.96,6,0.00
2019-07-04T03:53:00,80,74,29.96,5,0.00
2019-07-04T04:00:00,80,74,29.93,5,NA
2019-07-04T04:53:00,82,75,29.95,0,0.00
2019-07-04T05:53:00,82,75,29.96,0,0.00
2019-07-04T06:53:00,84,76,29.98,5,0.00
2019-07-04T07:00:00,84,76,29.95,5,NA
2019-07-04T07:53:00,86,77,30.00,0,0.00
2019-07-04T08:53:00,89,79,30.01,5,0.00
2019-07-04T09:53:00,87,79,30.01,8,0.00
2019-07-04T10:00:00,87,79,29.98,8,NA
2019-07-04T10:53:00,90,78,30.01,6,0.00
2019-07-04T11:39:00,89,78,30.01,8,NA
2019-07-04T11:51:00,90,77,30.01,7,NA
2019-07-04T11:53:00,90,77,30.01,7,0.00
2019-07-04T12:43:00,89,77,30.01,8,T
2019-07-04T12:53:00,89,76,30.01,7,0.02
2019-07-04T13:00:00,89,76,29.98,7,NA
2019-07-04T13:08:00,83,76,30.02,11,0.04
2019-07-04T13:46:00,77,72,30.02,11,0.17
2019-07-04T13:53:00,77,74,30.03,9,0.19
2019-07-04T14:05:00,78,71,30.01,8,0.06
2019-07-04T14:49:00,79,72,29.98,5,0.12
2019-07-04T14:53:00,78,72,29.98,5,0.10
2019-07-04T15:07:00,78,72,29.97,6,NA
2019-07-04T15:20:00,79,70,29.98,3,NA
2019-07-04T15:53:00,81,71,29.98,5,0.00
2019-07-04T16:00:00,81,71,29.95,5,NA
2019-07-04T16:53:00,79,74,29.99,5,0.00
2019-07-04T17:53:00,81,73,29.98,0,0.00
2019-07-04T18:53:00,81,73,29.98,0,0.00
2019-07-04T19:00:00,81,73,29.95,0,NA
2019-07-04T19:53:00,81,74,29.99,0,0.00
2019-07-04T20:53:00,81,75,30.03,6,0.00
2019-07-04T21:53:00,80,74,30.04,6,0.00
2019-07-04T22:00:00,80,74,30.01,6,NA
2019-07-04T22:53:00,81,73,30.06,3,0.00
2019-07-04T23:53:00,80,73,30.05,5,0.00
2019-07-05T00:53:00,80,73,30.03,6,0.00
2019-07-05T01:00:00,80,73,30.00,6,NA
2019-07-05T01:53:00,80,74,30.03,3,0.00
2019-07-05T02:53:00,79,74,30.03,0,0.00
2019-07-05T03:53:00,78,74,30.02,5,0.00
2019-07-05T04:00:00,78,74,29.99,5,NA
2019-07-05T04:53:00,78,74,30.03,5,0.00
2019-07-05T05:53:00,77,74,30.04,0,0.00
2019-07-05T06:53:00,79,75,30.06,5,0.00
2019-07-05T07:00:00,79,75,30.03,5,NA
2019-07-05T07:53:00,82,75,30.08,0,0.00
2019-07-05T08:53:00,85,76,30.08,6,0.00
2019-07-05T09:53:00,87,74,30.09,5,0.00
2019-07-05T10:00:00,87,74,30.06,5,NA
2019-07-05T10:53:00,90,73,30.10,8,0.00
2019-07-05T11:53:00,90,69,30.08,8,0.00
2019-07-05T12:53:00,93,68,30.06,8,0.00
2019-07-05T13:00:00,93,68,30.03,8,NA
2019-07-05T13:53:00,93,68,30.04,11,0.00
2019-07-05T14:53:00,92,73,30.04,16,0.00
2019-07-05T15:01:00,92,74,30.06,13,NA
2019-07-05T15:53:00,89,75,30.07,12,0.00
2019-07-05T16:00:00,89,75,30.04,NA,NA
2019-07-05T16:53:00,83,75,30.06,0,0.00
2019-07-05T17:08:00,83,76,30.06,7,NA
2019-07-05T17:53:00,84,76,30.05,0,0.00
2019-07-05T18:53:00,84,74,30.08,6,0.00
2019-07-05T19:00:00,84,74,30.05,6,NA
2019-07-05T19:53:00,83,73,30.08,7,0.00
2019-07-05T20:53:00,81,74,30.08,7,T
2019-07-05T21:53:00,82,74,30.08,10,NA
2019-07-05T22:00:00,82,74,30.05,10,NA
2019-07-05T22:53:00,81,74,30.10,8,NA
2019-07-05T23:53:00,80,74,30.09,6,0.00
2019-07-06T01:53:00,80,74,30.06,6,0.00
2019-07-06T02:53:00,80,74,30.05,7,0.00
2019-07-06T03:53:00,75,73,30.05,8,0.00
2019-07-06T04:00:00,75,73,30.02,8,NA
2019-07-06T04:53:00,79,74,30.06,7,0.00
2019-07-06T05:53:00,79,75,30.07,8,0.00
2019-07-06T06:53:00,80,74,30.08,9,0.00
2019-07-06T07:00:00,80,74,30.05,9,NA
2019-07-06T07:53:00,83,74,30.10,8,0.00
2019-07-06T08:53:00,84,74,30.09,8,0.00
2019-07-06T09:53:00,85,74,30.10,13,0.00
2019-07-06T10:00:00,85,74,30.07,13,NA
2019-07-06T10:53:00,87,75,30.10,14,0.00
2019-07-06T11:53:00,89,75,30.08,11,0.00
2019-07-06T12:53:00,90,75,30.08,12,0.00
2019-07-06T13:00:00,90,75,30.05,0,NA
2019-07-06T13:08:00,90,75,30.08,10,NA
2019-07-06T13:16:00,89,75,30.08,14,NA
2019-07-06T13:53:00,83,73,30.07,15,T
2019-07-06T14:03:00,82,75,30.07,15,T
2019-07-06T14:18:00,83,76,30.07,14,T
2019-07-06T14:53:00,84,77,30.04,5,T
2019-07-06T15:53:00,84,76,30.04,7,0.00
2019-07-06T16:00:00,84,76,30.01,7,NA
2019-07-06T16:48:00,84,75,30.06,6,NA
2019-07-06T16:53:00,85,75,30.06,5,0.00
2019-07-06T17:21:00,82,72,30.07,8,NA
2019-07-06T17:25:00,82,72,30.06,7,NA
2019-07-06T17:53:00,80,73,30.06,8,0.00
2019-07-06T18:50:00,77,73,30.06,5,0.19
2019-07-06T18:53:00,77,74,30.06,6,0.19
2019-07-06T19:00:00,77,74,30.03,6,NA
2019-07-06T19:10:00,78,74,30.07,5,T
2019-07-06T19:49:00,75,73,30.07,8,0.05
2019-07-06T19:53:00,76,73,30.07,8,0.05
2019-07-06T20:37:00,76,73,30.08,3,0.04
2019-07-06T20:53:00,77,73,30.07,3,0.04
2019-07-06T21:53:00,78,74,30.03,5,T
2019-07-06T22:00:00,78,74,30.00,5,NA
2019-07-06T22:53:00,78,73,30.04,5,0.00
2019-07-06T23:53:00,78,74,30.03,5,0.00
2019-07-07T00:53:00,78,74,30.03,3,0.00
2019-07-07T01:00:00,78,74,30.00,3,NA
2019-07-07T01:53:00,77,74,30.02,3,0.00
2019-07-07T02:53:00,78,74,30.01,3,0.00
2019-07-07T03:24:00,78,75,30.02,3,NA
2019-07-07T03:33:00,78,75,30.02,5,NA
2019-07-07T03:53:00,78,75,30.02,3,0.00
2019-07-07T04:00:00,78,75,29.99,3,NA
2019-07-07T04:53:00,78,75,30.02,0,0.00
2019-07-07T05:53:00,78,74,30.02,3,0.00
2019-07-07T06:53:00,80,75,30.03,5,0.00
2019-07-07T07:00:00,80,75,30.00,5,NA
2019-07-07T07:36:00,81,76,30.03,3,NA
2019-07-07T07:53:00,82,75,30.03,3,0.00
2019-07-07T08:53:00,83,75,30.03,3,0.00
2019-07-07T09:53:00,85,75,30.03,7,0.00
2019-07-07T10:00:00,85,75,30.00,7,NA
2019-07-07T10:02:00,86,76,30.02,8,NA
2019-07-07T10:20:00,85,76,30.03,14,NA
2019-07-07T10:33:00,85,75,30.03,10,NA
2019-07-07T10:48:00,84,75,30.03,15,NA
2019-07-07T10:51:00,82,73,30.03,11,NA
2019-07-07T10:53:00,83,74,30.03,11,0.00
2019-07-07T11:16:00,81,75,30.04,6,NA
2019-07-07T11:31:00,82,73,30.04,6,NA
2019-07-07T11:45:00,81,73,30.03,5,T
2019-07-07T11:53:00,81,73,30.03,5,T
2019-07-07T12:53:00,83,75,30.03,5,T
2019-07-07T13:00:00,83,75,30.00,5,NA
2019-07-07T13:53:00,84,76,30.01,5,0.00
2019-07-07T14:53:00,85,76,29.98,5,0.00
2019-07-07T15:34:00,85,76,29.97,7,NA
2019-07-07T15:53:00,85,76,29.97,11,0.00
2019-07-07T16:00:00,85,76,29.94,11,NA
2019-07-07T16:20:00,83,74,29.96,10,NA
2019-07-07T16:53:00,83,74,29.96,8,0.00
2019-07-07T17:09:00,83,74,29.96,9,NA
2019-07-07T17:16:00,83,73,29.95,8,NA
2019-07-07T17:53:00,82,76,29.97,0,0.06
2019-07-07T18:19:00,81,73,29.97,6,T
2019-07-07T18:37:00,81,74,29.96,3,T
2019-07-07T18:53:00,80,74,29.97,6,T
2019-07-07T19:00:00,80,74,29.94,6,NA
2019-07-07T19:18:00,80,74,29.96,3,NA
2019-07-07T19:31:00,80,74,29.96,0,NA
2019-07-07T19:44:00,79,74,29.97,9,NA
2019-07-07T19:49:00,79,75,29.97,13,T
2019-07-07T19:53:00,78,75,29.97,8,0.01
2019-07-07T20:01:00,77,74,29.97,6,0.02
2019-07-07T20:11:00,77,75,29.96,3,0.26
2019-07-07T20:22:00,78,75,29.95,3,0.29
2019-07-07T20:24:00,78,75,29.95,3,0.30
2019-07-07T20:44:00,78,75,29.96,5,0.30
2019-07-07T20:53:00,79,75,29.96,3,0.29
2019-07-07T21:14:00,79,76,29.97,0,T
2019-07-07T21:53:00,80,75,29.96,0,T
2019-07-07T22:00:00,80,75,29.93,0,NA
2019-07-07T22:53:00,79,76,29.97,3,0.00
2019-07-07T23:53:00,80,75,29.97,6,0.00
2019-07-08T00:53:00,78,72,29.94,10,0.00
2019-07-08T01:00:00,78,72,29.91,10,NA
2019-07-08T01:03:00,77,73,29.94,9,T
2019-07-08T01:53:00,77,73,29.94,0,0.02
2019-07-08T02:18:00,78,73,29.94,6,0.02
2019-07-08T02:53:00,77,74,29.92,7,0.02
2019-07-08T03:53:00,77,73,29.92,7,0.01
2019-07-08T04:00:00,77,73,29.89,7,NA
2019-07-08T04:53:00,78,74,29.92,8,0.02
2019-07-08T05:53:00,78,74,29.94,14,0.00
2019-07-08T06:03:00,77,74,29.95,14,NA
2019-07-08T06:12:00,78,74,29.94,7,NA
2019-07-08T06:46:00,77,73,29.94,5,0.01
2019-07-08T06:53:00,77,73,29.94,0,0.01
2019-07-08T07:00:00,77,73,29.91,0,NA
2019-07-08T07:53:00,79,74,29.96,3,0.01
2019-07-08T08:53:00,79,74,29.96,5,0.05
2019-07-08T09:53:00,79,73,29.98,5,0.03
2019-07-08T10:00:00,79,73,29.95,5,NA
2019-07-08T10:53:00,81,74,29.98,5,0.01
2019-07-08T11:53:00,82,75,29.96,5,0.00
2019-07-08T12:53:00,82,75,29.93,6,0.00
2019-07-08T13:00:00,82,75,29.90,6,NA
2019-07-08T13:53:00,85,76,29.92,8,0.00
2019-07-08T14:53:00,86,75,29.91,8,0.00
2019-07-08T15:53:00,86,77,29.91,10,0.00
2019-07-08T16:00:00,86,77,29.88,10,NA
2019-07-08T16:53:00,86,76,29.89,11,0.00
2019-07-08T17:53:00,86,76,29.89,9,0.00
2019-07-08T18:53:00,85,76,29.90,10,0.00
2019-07-08T19:00:00,85,76,29.87,10,NA
2019-07-08T19:53:00,84,76,29.91,8,0.00
2019-07-08T20:53:00,83,76,29.91,8,0.00
2019-07-08T21:53:00,84,77,29.92,7,0.00
2019-07-08T22:00:00,84,77,29.89,7,NA
2019-07-08T22:53:00,82,77,29.93,0,0.00
2019-07-08T23:53:00,82,76,29.93,0,0.00
2019-07-09T00:20:00,81,76,29.92,11,T
2019-07-09T00:41:00,81,75,29.93,13,0.01
2019-07-09T00:53:00,81,71,29.92,7,0.03
2019-07-09T00:59:00,80,72,29.93,15,T
2019-07-09T01:00:00,81,71,29.89,7,NA
2019-07-09T01:25:00,77,73,29.92,5,0.02
2019-07-09T01:53:00,78,74,29.91,0,0.05
2019-07-09T02:53:00,79,75,29.91,0,0.00
2019-07-09T03:53:00,79,74,29.91,9,0.00
2019-07-09T04:00:00,79,74,29.88,9,NA
2019-07-09T04:53:00,80,73,29.91,5,0.00
2019-07-09T05:53:00,80,72,29.92,9,0.00
2019-07-09T06:53:00,83,76,29.93,5,0.00
2019-07-09T07:00:00,83,76,29.90,5,NA
2019-07-09T07:53:00,83,77,29.95,8,0.00
2019-07-09T08:53:00,85,77,29.95,6,0.00
2019-07-09T09:34:00,85,78,29.96,13,NA
2019-07-09T09:37:00,83,77,29.96,14,NA
2019-07-09T09:44:00,81,78,29.96,10,0.22
2019-07-09T09:49:00,79,75,29.96,7,0.47
2019-07-09T09:53:00,79,74,29.96,7,0.70s
2019-07-09T09:57:00,79,74,29.96,13,0.05
2019-07-09T10:00:00,79,74,29.93,7,NA
2019-07-09T10:23:00,82,77,29.96,3,0.24
2019-07-09T10:40:00,82,77,29.97,3,0.25
2019-07-09T10:48:00,81,75,29.97,9,0.26
2019-07-09T10:50:00,81,73,29.97,5,0.33
2019-07-09T10:53:00,79,73,29.97,5,0.53
2019-07-09T10:58:00,79,75,29.97,6,0.12
2019-07-09T11:20:00,76,74,29.98,14,0.77
2019-07-09T11:26:00,76,74,29.99,10,1.31
2019-07-09T11:38:00,75,73,29.99,11,1.90
2019-07-09T11:45:00,75,73,29.99,8,2.07
2019-07-09T11:53:00,76,73,29.99,7,2.14
2019-07-09T12:00:00,77,74,29.99,7,0.04
2019-07-09T12:18:00,76,74,29.97,5,0.17
2019-07-09T12:21:00,76,73,29.97,8,0.18
2019-07-09T12:47:00,77,73,29.97,6,0.22
2019-07-09T12:53:00,77,74,29.97,7,0.19
2019-07-09T13:00:00,77,74,29.94,7,NA
2019-07-09T13:53:00,79,76,29.96,7,0.02
2019-07-09T14:53:00,80,75,29.96,10,T
2019-07-09T15:31:00,79,75,29.95,9,NA
2019-07-09T15:53:00,79,75,29.94,10,0.00
2019-07-09T16:00:00,79,75,29.91,10,NA
2019-07-09T16:51:00,81,75,29.95,13,NA
2019-07-09T16:53:00,80,75,29.95,10,0.00
2019-07-09T17:10:00,80,75,29.94,13,NA
2019-07-09T17:51:00,79,73,29.94,11,NA
2019-07-09T17:53:00,79,74,29.94,10,T
2019-07-09T18:13:00,79,74,29.94,9,NA
2019-07-09T18:51:00,79,73,29.94,7,NA
2019-07-09T18:53:00,79,74,29.94,6,0.00
2019-07-09T19:00:00,79,74,29.91,6,NA
2019-07-09T19:15:00,79,75,29.93,6,NA
2019-07-09T19:51:00,79,75,29.95,8,NA
2019-07-09T19:53:00,79,75,29.95,6,0.00
2019-07-09T20:53:00,79,76,29.97,3,T
2019-07-09T21:35:00,80,75,29.98,3,T
2019-07-09T21:53:00,80,76,29.97,8,T
2019-07-09T22:00:00,80,76,29.94,8,NA
2019-07-09T22:04:00,80,76,29.98,14,NA
2019-07-09T22:15:00,78,75,29.98,13,T
2019-07-09T22:44:00,77,74,29.97,10,NA
2019-07-09T22:53:00,77,74,29.97,6,T
2019-07-09T23:07:00,77,74,29.98,6,T
2019-07-09T23:36:00,78,73,29.97,5,T
2019-07-09T23:53:00,78,73,29.97,3,T
2019-07-10T00:08:00,79,74,29.97,0,NA
2019-07-10T00:53:00,78,74,29.96,5,0.00
2019-07-10T01:00:00,78,74,29.93,5,NA
2019-07-10T01:53:00,78,75,29.94,3,0.00
2019-07-10T02:53:00,78,75,29.94,6,0.00
2019-07-10T03:53:00,78,75,29.93,5,0.00
2019-07-10T04:00:00,78,75,29.90,5,NA
2019-07-10T04:36:00,78,74,29.95,13,NA
2019-07-10T04:53:00,79,74,29.96,9,0.00
2019-07-10T05:51:00,79,72,29.97,6,NA
2019-07-10T05:53:00,79,71,29.97,6,0.00
2019-07-10T06:53:00,80,73,29.98,7,0.00
2019-07-10T07:00:00,80,73,29.95,7,NA
2019-07-10T07:53:00,81,73,30.00,8,0.00
2019-07-10T08:53:00,83,74,30.00,8,0.00
2019-07-10T09:53:00,85,75,30.00,9,0.00
2019-07-10T10:00:00,85,75,29.97,9,NA
2019-07-10T10:53:00,85,75,30.01,9,0.00
2019-07-10T11:16:00,81,74,30.01,13,NA
2019-07-10T11:51:00,82,73,30.01,8,NA
2019-07-10T11:53:00,83,74,30.01,7,0.00
2019-07-10T12:51:00,82,75,30.00,9,NA
2019-07-10T12:53:00,83,76,30.00,9,T
2019-07-10T13:00:00,83,76,29.97,9,NA
2019-07-10T13:16:00,83,76,30.00,7,T
2019-07-10T13:42:00,84,75,30.00,8,T
2019-07-10T13:53:00,84,75,30.00,8,T
2019-07-10T14:53:00,85,75,29.98,10,0.00
2019-07-10T15:53:00,85,76,29.97,10,0.00
2019-07-10T16:00:00,85,76,29.94,10,NA
2019-07-10T16:53:00,85,74,29.97,10,0.00
2019-07-10T17:53:00,85,74,29.97,9,0.00
2019-07-10T18:53:00,84,75,29.98,8,0.00
2019-07-10T19:00:00,84,75,29.95,8,NA
2019-07-10T19:53:00,83,75,29.99,7,0.00
2019-07-10T20:53:00,83,75,29.99,5,0.00
2019-07-10T21:53:00,82,74,30.00,5,0.00
2019-07-10T22:00:00,82,74,29.97,5,NA
2019-07-10T22:53:00,82,75,30.00,5,0.00
2019-07-10T23:53:00,82,76,29.98,5,0.00
2019-07-11T00:53:00,81,76,29.96,7,0.00
2019-07-11T01:00:00,81,76,29.93,7,NA
2019-07-11T01:53:00,80,76,29.96,6,0.00
2019-07-11T02:53:00,80,75,29.95,6,0.00
2019-07-11T03:53:00,79,74,29.94,7,0.00
2019-07-11T04:00:00,79,74,29.91,7,NA
2019-07-11T04:53:00,78,73,29.95,8,0.00
2019-07-11T05:53:00,78,73,29.97,5,0.00
2019-07-11T06:53:00,80,74,29.98,8,0.00
2019-07-11T07:00:00,80,74,29.95,8,NA
2019-07-11T07:53:00,81,74,29.99,10,0.00
2019-07-11T08:53:00,84,75,30.00,9,0.00
2019-07-11T09:53:00,86,75,29.99,9,0.00
2019-07-11T10:00:00,86,75,29.96,9,NA
2019-07-11T10:53:00,86,75,29.99,10,0.00
2019-07-11T11:33:00,85,74,29.99,11,NA
2019-07-11T11:51:00,84,73,29.98,9,NA
2019-07-11T11:53:00,85,74,29.98,9,0.00
2019-07-11T12:53:00,86,74,29.97,17,0.00
2019-07-11T13:00:00,86,74,29.94,17,NA
2019-07-11T13:53:00,84,73,29.96,11,0.00
2019-07-11T14:53:00,81,75,29.95,18,T
2019-07-11T15:02:00,78,74,29.96,9,0.02
2019-07-11T15:13:00,78,74,29.95,11,0.03
2019-07-11T15:23:00,79,75,29.96,7,0.03
2019-07-11T15:33:00,78,74,29.95,8,0.03
2019-07-11T15:53:00,79,74,29.95,7,0.04
2019-07-11T16:00:00,79,74,29.92,7,NA
2019-07-11T16:11:00,79,75,29.96,8,0.01
2019-07-11T16:16:00,78,74,29.96,10,0.09
2019-07-11T16:23:00,79,74,29.95,9,0.09
2019-07-11T16:51:00,75,72,29.97,16,0.24
2019-07-11T16:53:00,76,72,29.97,14,0.29
2019-07-11T17:11:00,77,72,29.95,5,0.08
2019-07-11T17:43:00,79,75,29.95,0,0.08
2019-07-11T17:49:00,79,73,29.95,3,0.08
2019-07-11T17:53:00,79,74,29.95,6,0.04
2019-07-11T18:29:00,78,73,29.94,15,T
2019-07-11T18:53:00,77,73,29.94,8,0.01
2019-07-11T19:00:00,77,73,29.91,8,NA
2019-07-11T19:53:00,77,73,29.96,6,0.05
2019-07-11T20:53:00,78,73,29.97,6,0.00
2019-07-11T21:53:00,78,74,29.98,7,0.00
2019-07-11T22:00:00,78,74,29.95,7,NA
2019-07-11T22:53:00,78,74,29.98,7,0.00
2019-07-11T23:53:00,78,74,29.98,3,0.00
2019-07-12T00:53:00,78,74,29.96,5,0.00
2019-07-12T01:00:00,78,74,29.93,5,NA
2019-07-12T01:53:00,78,74,29.96,7,0.00
2019-07-12T02:53:00,78,74,29.94,7,0.00
2019-07-12T03:53:00,78,74,29.93,5,0.00
2019-07-12T04:00:00,78,74,29.90,5,NA
2019-07-12T04:53:00,78,74,29.94,5,0.00
2019-07-12T05:53:00,78,74,29.95,6,0.00
2019-07-12T06:53:00,78,74,29.97,7,0.00
2019-07-12T07:00:00,78,74,29.94,7,NA
2019-07-12T07:53:00,80,75,29.98,9,0.00
2019-07-12T08:53:00,81,74,29.99,6,0.00
2019-07-12T09:53:00,82,74,30.00,8,0.00
2019-07-12T10:00:00,82,74,29.97,8,NA
2019-07-12T10:53:00,85,75,30.02,8,0.00
2019-07-12T11:53:00,85,75,30.01,9,0.00
2019-07-12T12:53:00,87,74,29.99,8,0.00
2019-07-12T13:00:00,87,74,29.96,8,NA
2019-07-12T13:53:00,88,76,29.98,8,0.00
2019-07-12T14:53:00,87,75,29.98,10,0.00
2019-07-12T15:53:00,87,75,29.97,10,0.00
2019-07-12T16:00:00,87,75,29.94,10,NA
2019-07-12T16:47:00,79,72,30.00,23,NA
2019-07-12T16:50:00,79,72,30.00,21,NA
2019-07-12T16:53:00,79,72,30.00,17,0.00
2019-07-12T16:56:00,79,72,30.00,20,NA
2019-07-12T17:02:00,78,72,30.01,22,NA
2019-07-12T17:06:00,78,73,30.01,17,NA
2019-07-12T17:19:00,77,73,30.00,11,0.05
2019-07-12T17:38:00,79,73,30.01,11,0.05
2019-07-12T17:53:00,75,72,30.02,7,0.05
2019-07-12T18:15:00,76,71,30.04,10,T
2019-07-12T18:45:00,76,72,30.06,17,0.02
2019-07-12T18:53:00,75,72,30.06,18,0.20s
2019-07-12T19:00:00,75,72,30.03,18,NA
2019-07-12T19:01:00,75,71,30.06,14,0.09
2019-07-12T19:16:00,73,69,30.05,10,0.14
2019-07-12T19:53:00,74,69,30.06,3,0.12
2019-07-12T20:53:00,75,70,30.07,3,0.02
2019-07-12T21:53:00,76,71,30.06,0,T
2019-07-12T22:00:00,76,71,30.03,0,NA
2019-07-12T22:53:00,76,71,30.05,3,0.00
2019-07-12T23:53:00,76,71,30.04,0,0.00
2019-07-13T00:53:00,77,71,30.01,0,0.00
2019-07-13T01:00:00,77,71,29.98,0,NA
2019-07-13T01:53:00,76,72,30.00,5,0.00
2019-07-13T02:53:00,75,71,30.00,6,0.00
2019-07-13T03:53:00,76,71,30.03,5,0.00
2019-07-13T04:00:00,76,71,30.00,5,NA
2019-07-13T04:53:00,75,71,30.04,7,0.00
2019-07-13T05:53:00,76,71,30.05,7,0.00
2019-07-13T06:53:00,77,72,30.07,6,0.00
2019-07-13T07:00:00,77,72,30.04,6,NA
2019-07-13T07:53:00,78,73,30.08,9,0.00
2019-07-13T08:53:00,82,75,30.10,8,0.00
2019-07-13T09:53:00,84,76,30.11,6,0.00
2019-07-13T10:00:00,84,76,30.08,6,NA
2019-07-13T10:53:00,87,76,30.11,6,0.00
2019-07-13T11:53:00,88,73,30.11,5,0.00
2019-07-13T12:53:00,90,69,30.10,8,0.00
2019-07-13T13:00:00,90,69,30.07,8,NA
2019-07-13T13:53:00,91,71,30.09,3,0.00
2019-07-13T14:53:00,90,73,30.07,10,0.00
2019-07-13T15:53:00,91,74,30.06,7,0.00
2019-07-13T16:00:00,91,74,30.03,7,NA
2019-07-13T16:53:00,92,74,30.04,7,0.00
2019-07-13T17:53:00,92,74,30.05,7,0.00
2019-07-13T18:53:00,88,65,30.08,6,0.00
2019-07-13T19:00:00,88,65,30.05,6,NA
2019-07-13T19:12:00,87,64,30.08,6,NA
2019-07-13T19:21:00,87,64,30.09,6,NA
2019-07-13T19:43:00,85,67,30.10,6,NA
2019-07-13T19:53:00,85,67,30.10,6,0.00
2019-07-13T20:04:00,85,69,30.10,6,NA
2019-07-13T20:53:00,82,74,30.12,0,0.00
2019-07-13T21:53:00,82,74,30.13,3,0.00
2019-07-13T22:00:00,82,74,30.10,3,NA
2019-07-13T22:53:00,83,72,30.12,3,0.00
2019-07-13T23:53:00,83,72,30.11,0,0.00
2019-07-14T00:53:00,82,71,30.11,0,0.00
2019-07-14T01:00:00,82,71,30.08,0,NA
2019-07-14T01:53:00,81,71,30.10,3,0.00
2019-07-14T02:53:00,81,72,30.09,0,0.00
2019-07-14T03:53:00,81,74,30.09,6,0.00
2019-07-14T04:00:00,81,74,30.06,6,NA
2019-07-14T04:53:00,80,74,30.10,0,0.00
2019-07-14T05:53:00,79,75,30.11,3,0.00
2019-07-14T06:53:00,81,75,30.13,5,0.00
2019-07-14T07:00:00,81,75,30.10,5,NA
2019-07-14T07:53:00,83,76,30.14,5,0.00
2019-07-14T08:53:00,85,76,30.15,8,0.00
2019-07-14T09:53:00,87,75,30.15,9,0.00
2019-07-14T10:00:00,87,75,30.12,9,NA
2019-07-14T10:53:00,89,74,30.15,8,0.00
2019-07-14T11:53:00,89,77,30.15,8,0.00
2019-07-14T12:53:00,90,76,30.13,9,0.00
2019-07-14T13:00:00,90,76,30.10,9,NA
2019-07-14T13:53:00,90,75,30.10,8,0.00
2019-07-14T14:53:00,90,74,30.08,8,0.00
2019-07-14T15:53:00,92,73,30.07,9,0.00
2019-07-14T16:00:00,92,73,30.04,9,NA
2019-07-14T16:53:00,91,74,30.06,8,0.00
2019-07-14T17:53:00,90,74,30.06,0,0.00
2019-07-14T18:53:00,92,69,30.06,3,0.00
2019-07-14T19:00:00,92,69,30.03,3,NA
2019-07-14T19:53:00,87,76,30.07,7,0.00
2019-07-14T20:53:00,86,76,30.10,6,0.00
2019-07-14T21:53:00,86,75,30.12,0,0.00
2019-07-14T22:00:00,86,75,30.09,0,NA
2019-07-14T22:53:00,87,69,30.13,5,0.00
2019-07-14T23:53:00,85,69,30.11,5,0.00
2019-07-15T00:53:00,83,71,30.10,3,0.00
2019-07-15T01:00:00,83,71,30.07,3,NA
2019-07-15T01:53:00,82,72,30.08,7,0.00
2019-07-15T02:53:00,81,73,30.07,8,0.00
2019-07-15T03:53:00,81,74,30.06,6,0.00
2019-07-15T04:00:00,81,74,30.03,6,NA
2019-07-15T04:53:00,80,74,30.08,0,0.00
2019-07-15T05:53:00,80,74,30.09,0,0.00
2019-07-15T06:53:00,81,75,30.10,0,0.00
2019-07-15T07:00:00,81,75,30.07,0,NA
2019-07-15T07:53:00,84,76,30.10,6,0.00
2019-07-15T08:53:00,86,74,30.11,9,0.00
2019-07-15T09:53:00,89,71,30.12,5,0.00
2019-07-15T10:00:00,89,71,30.09,5,NA
2019-07-15T10:53:00,88,77,30.12,7,0.00
2019-07-15T11:53:00,89,74,30.11,9,0.00
2019-07-15T12:53:00,89,73,30.10,9,0.00
2019-07-15T13:00:00,89,73,30.07,9,NA
2019-07-15T13:53:00,92,72,30.08,8,0.00
2019-07-15T14:51:00,90,75,30.07,10,NA
2019-07-15T14:53:00,90,76,30.08,9,T
2019-07-15T15:26:00,83,72,30.06,7,0.10
2019-07-15T15:53:00,87,74,30.05,8,0.10
2019-07-15T16:00:00,87,74,30.02,8,NA
2019-07-15T16:35:00,84,74,30.06,6,T
2019-07-15T16:53:00,83,75,30.06,9,T
2019-07-15T17:51:00,81,73,30.08,0,0.23
2019-07-15T17:53:00,80,74,30.08,0,0.23
2019-07-15T18:14:00,80,75,30.08,8,T
2019-07-15T18:29:00,81,76,30.08,5,T
2019-07-15T18:53:00,81,76,30.08,0,0.01
2019-07-15T19:00:00,81,76,30.05,0,NA
2019-07-15T19:53:00,81,75,30.08,6,0.00
2019-07-15T20:53:00,80,75,30.09,6,0.00
2019-07-15T21:53:00,80,75,30.10,0,0.00
2019-07-15T22:00:00,80,75,30.07,0,NA
2019-07-15T22:53:00,80,74,30.12,5,0.00
2019-07-15T23:53:00,80,75,30.11,3,0.00
2019-07-16T00:53:00,80,74,30.11,3,0.00
2019-07-16T01:00:00,80,74,30.08,3,NA
2019-07-16T01:53:00,80,74,30.09,3,0.00
2019-07-16T02:53:00,80,74,30.08,6,0.00
2019-07-16T03:53:00,80,75,30.07,6,0.00
2019-07-16T04:00:00,80,75,30.04,6,NA
2019-07-16T04:53:00,80,75,30.08,6,0.00
2019-07-16T05:53:00,80,76,30.09,5,0.00
2019-07-16T06:53:00,82,76,30.11,5,0.00
2019-07-16T07:00:00,82,76,30.08,5,NA
2019-07-16T07:53:00,83,76,30.13,8,0.00
2019-07-16T08:53:00,86,76,30.13,5,0.00
2019-07-16T09:53:00,88,75,30.14,0,0.00
2019-07-16T10:00:00,88,75,30.11,0,NA
2019-07-16T10:53:00,89,74,30.13,3,0.00
2019-07-16T11:53:00,92,74,30.13,3,0.00
2019-07-16T12:53:00,91,75,30.11,9,0.00
2019-07-16T13:00:00,91,75,30.08,9,NA
2019-07-16T13:53:00,91,73,30.10,9,0.00
2019-07-16T14:53:00,92,72,30.08,11,0.00
2019-07-16T15:14:00,91,76,30.07,13,NA
2019-07-16T15:34:00,82,75,30.07,8,0.08
2019-07-16T15:51:00,84,75,30.07,5,NA
2019-07-16T15:53:00,84,75,30.07,0,0.12s
2019-07-16T16:00:00,84,75,30.04,0,NA
2019-07-16T16:45:00,90,77,30.06,10,0.02
2019-07-16T16:53:00,89,76,30.05,10,T
2019-07-16T17:42:00,84,73,30.07,9,0.02
2019-07-16T17:53:00,87,74,30.07,6,0.02
2019-07-16T18:47:00,81,75,30.10,5,0.30
2019-07-16T18:53:00,80,74,30.11,8,0.33
2019-07-16T19:00:00,80,74,30.08,8,NA
2019-07-16T19:10:00,77,70,30.10,9,0.02
2019-07-16T19:53:00,77,71,30.12,0,0.08
2019-07-16T20:35:00,77,71,30.09,3,T
2019-07-16T20:40:00,77,71,30.09,5,T
2019-07-16T20:53:00,77,72,30.11,5,T
2019-07-16T21:53:00,79,72,30.11,5,0.01
2019-07-16T22:00:00,79,72,30.08,5,NA
2019-07-16T22:53:00,78,74,30.13,0,0.00
2019-07-16T23:53:00,78,73,30.12,3,0.00
2019-07-17T00:53:00,77,74,30.11,0,0.00
2019-07-17T01:00:00,77,74,30.08,0,NA
2019-07-17T01:53:00,78,73,30.10,0,0.00
2019-07-17T02:53:00,77,74,30.08,0,0.00
2019-07-17T03:53:00,78,74,30.07,0,0.00
2019-07-17T04:00:00,78,74,30.04,0,NA
2019-07-17T04:53:00,78,74,30.08,0,0.00
2019-07-17T05:53:00,78,74,30.09,0,0.00
2019-07-17T06:53:00,80,75,30.10,6,0.00
2019-07-17T07:00:00,80,75,30.07,6,NA
2019-07-17T07:53:00,82,75,30.11,7,0.00
2019-07-17T08:53:00,85,76,30.12,6,0.00
2019-07-17T09:53:00,87,76,30.13,7,0.00
2019-07-17T10:00:00,87,76,30.10,7,NA
2019-07-17T10:53:00,87,78,30.14,8,0.00
2019-07-17T11:53:00,89,75,30.14,8,0.00
2019-07-17T12:53:00,90,75,30.12,7,0.00
2019-07-17T12:56:00,90,74,30.12,8,NA
2019-07-17T13:00:00,90,75,30.09,7,NA
2019-07-17T13:53:00,87,74,30.09,0,T
2019-07-17T14:45:00,86,78,30.09,6,0.01
2019-07-17T14:53:00,85,77,30.09,7,0.01
2019-07-17T15:53:00,89,78,30.08,14,0.00
2019-07-17T16:00:00,89,78,30.05,14,NA
2019-07-17T16:53:00,88,77,30.07,10,0.00
2019-07-17T17:53:00,86,77,30.06,10,0.00
2019-07-17T18:53:00,85,77,30.10,9,0.00
2019-07-17T19:00:00,85,77,30.07,9,NA
2019-07-17T19:06:00,82,74,30.10,11,NA
2019-07-17T19:53:00,79,69,30.11,7,0.00
2019-07-17T20:51:00,79,73,30.13,7,NA
2019-07-17T20:53:00,78,73,30.13,8,0.05
2019-07-17T21:36:00,76,73,30.13,11,T
2019-07-17T21:53:00,78,73,30.13,8,T
2019-07-17T22:00:00,78,73,30.10,8,NA
2019-07-17T22:53:00,78,74,30.10,5,T
2019-07-17T23:53:00,77,74,30.08,6,0.00
2019-07-18T00:53:00,76,73,30.06,5,0.00
2019-07-18T01:00:00,76,73,30.03,5,NA
2019-07-18T01:53:00,76,74,30.07,0,0.00
2019-07-18T02:53:00,77,73,30.06,0,0.00
2019-07-18T03:53:00,77,73,30.07,0,0.00
2019-07-18T04:00:00,77,73,30.04,0,NA
2019-07-18T04:53:00,76,73,30.07,5,0.00
2019-07-18T05:53:00,76,72,30.09,0,0.00
2019-07-18T06:53:00,78,72,30.10,0,0.00
2019-07-18T07:00:00,78,72,30.07,0,NA
2019-07-18T07:53:00,81,70,30.11,6,0.00
2019-07-18T08:53:00,86,71,30.10,3,0.00
2019-07-18T09:53:00,87,71,30.10,6,0.00
2019-07-18T10:00:00,87,71,30.07,6,NA
2019-07-18T10:53:00,87,75,30.10,8,0.00
2019-07-18T11:53:00,88,75,30.11,7,0.00
2019-07-18T12:53:00,89,73,30.10,6,0.00
2019-07-18T13:00:00,89,73,30.07,6,NA
2019-07-18T13:53:00,92,67,30.08,7,0.00
2019-07-18T14:12:00,91,72,30.07,9,NA
2019-07-18T14:27:00,90,75,30.07,13,NA
2019-07-18T14:38:00,90,74,30.07,11,NA
2019-07-18T14:50:00,90,73,30.06,13,NA
2019-07-18T14:53:00,90,74,30.06,11,0.00
2019-07-18T15:53:00,89,73,30.05,8,0.00
2019-07-18T16:00:00,89,73,30.02,8,NA
2019-07-18T16:53:00,84,73,30.04,3,0.02
2019-07-18T17:11:00,83,74,30.04,5,NA
2019-07-18T17:53:00,83,69,30.05,0,0.00
2019-07-18T18:53:00,81,72,30.05,0,T
2019-07-18T19:00:00,81,72,30.02,0,NA
2019-07-18T19:53:00,79,73,30.05,7,0.02
2019-07-18T20:53:00,80,72,30.08,0,0.00
2019-07-18T21:53:00,80,72,30.09,3,0.00
2019-07-18T22:00:00,80,72,30.06,3,NA
2019-07-18T22:53:00,80,72,30.10,0,0.00
2019-07-18T23:53:00,80,73,30.09,0,0.00
2019-07-19T00:53:00,78,72,30.08,3,0.00
2019-07-19T01:00:00,78,72,30.05,3,NA
2019-07-19T01:53:00,79,74,30.05,3,0.00
2019-07-19T02:53:00,78,74,30.05,0,0.00
2019-07-19T03:53:00,79,73,30.04,3,0.00
2019-07-19T04:00:00,79,73,30.01,3,NA
2019-07-19T04:53:00,78,73,30.04,3,0.00
2019-07-19T05:53:00,78,72,30.06,0,0.00
2019-07-19T06:53:00,81,71,30.08,0,0.00
2019-07-19T07:00:00,81,71,30.05,0,NA
2019-07-19T07:53:00,82,74,30.10,3,0.00
2019-07-19T08:53:00,84,75,30.11,5,0.00
2019-07-19T09:53:00,84,75,30.12,5,0.00
2019-07-19T10:00:00,84,75,30.09,5,NA
2019-07-19T10:53:00,87,76,30.12,7,0.00
2019-07-19T11:53:00,88,76,30.12,8,0.00
2019-07-19T12:53:00,89,74,30.10,9,0.00
2019-07-19T13:00:00,89,74,30.07,9,NA
2019-07-19T13:40:00,89,73,30.08,9,NA
2019-07-19T13:53:00,89,73,30.08,10,0.00
2019-07-19T14:06:00,89,72,30.07,9,NA
2019-07-19T14:53:00,91,69,30.06,7,0.00
2019-07-19T15:17:00,91,68,30.05,8,NA
2019-07-19T15:53:00,92,71,30.04,10,0.00
2019-07-19T16:00:00,92,71,30.01,10,NA
2019-07-19T16:53:00,90,72,30.03,10,0.00
2019-07-19T17:53:00,87,73,30.04,8,0.00
2019-07-19T18:53:00,86,75,30.07,5,0.00
2019-07-19T19:00:00,86,75,30.04,5,NA
2019-07-19T19:00:00,86,74,30.06,3,NA
2019-07-19T19:18:00,82,70,30.08,NA,NA
2019-07-19T19:26:00,80,66,30.09,16,NA
2019-07-19T19:38:00,79,69,30.10,22,NA
2019-07-19T19:45:00,74,69,30.10,28,NA
2019-07-19T19:50:00,72s,68,30.11,15,0.09
2019-07-19T19:53:00,73,68,30.11,7,0.14
2019-07-19T20:06:00,73,67,30.10,14,0.06
2019-07-19T20:12:00,74,69,30.09,13,0.06
2019-07-19T20:41:00,74,69,30.08,10,0.08
2019-07-19T20:43:00,74,69,30.07,9,0.08
2019-07-19T20:53:00,74,69,30.08,5,0.05
2019-07-19T21:13:00,74,69,30.07,5,0.01
2019-07-19T21:34:00,75,70,30.09,8,0.01
2019-07-19T21:47:00,73,70,30.09,0,0.04
2019-07-19T21:53:00,75,69,30.09,0,0.04
2019-07-19T22:00:00,75,69,30.06,0,NA
2019-07-19T22:53:00,75,69,30.08,5,0.03
2019-07-19T23:53:00,76,71,30.09,0,0.01
2019-07-20T00:53:00,76,70,30.07,5,0.00
2019-07-20T01:00:00,76,70,30.04,5,NA
2019-07-20T01:53:00,77,71,30.05,6,0.00
2019-07-20T02:53:00,77,72,30.03,5,0.00
2019-07-20T03:53:00,77,72,30.03,3,0.00
2019-07-20T04:00:00,77,72,30.00,3,NA
2019-07-20T04:53:00,77,72,30.04,3,0.00
2019-07-20T05:53:00,78,73,30.05,3,0.00
2019-07-20T06:53:00,80,73,30.07,6,0.00
2019-07-20T07:00:00,80,73,30.04,6,NA
2019-07-20T07:53:00,83,75,30.09,7,0.00
2019-07-20T08:53:00,84,75,30.09,6,0.00
2019-07-20T09:53:00,86,75,30.10,6,0.00
2019-07-20T10:00:00,86,75,30.07,6,NA
2019-07-20T10:53:00,88,73,30.10,7,0.00
2019-07-20T11:53:00,89,71,30.08,3,0.00
2019-07-20T12:53:00,89,76,30.06,8,0.00
2019-07-20T13:00:00,89,76,30.03,8,NA
2019-07-20T13:53:00,90,74,30.04,8,0.00
2019-07-20T14:18:00,90,74,30.03,10,NA
2019-07-20T14:25:00,91,75,30.03,8,NA
2019-07-20T14:53:00,91,74,30.02,8,0.00
2019-07-20T15:13:00,91,73,30.02,8,NA
2019-07-20T15:39:00,86,69,30.03,9,NA
2019-07-20T15:53:00,88,72,30.00,10,T
2019-07-20T16:00:00,88,71,29.97,10,NA
2019-07-20T16:53:00,86,70,30.03,8,T
2019-07-20T17:40:00,76,71,30.08,5,0.02
2019-07-20T17:53:00,76,72,30.07,8,0.02
2019-07-20T18:24:00,75,72,30.04,9,T
2019-07-20T18:49:00,75,72,30.05,7,T
2019-07-20T18:53:00,76,73,30.06,8,T
2019-07-20T19:00:00,76,73,30.03,8,NA
2019-07-20T19:53:00,76,72,30.05,6,0.05
2019-07-20T20:53:00,77,72,30.05,3,0.09
2019-07-20T21:53:00,77,73,30.06,0,0.00
2019-07-20T22:00:00,77,73,30.03,0,NA
2019-07-20T22:53:00,78,74,30.08,6,0.00
2019-07-20T23:53:00,78,71,30.06,5,0.00
2019-07-21T00:53:00,77,70,30.05,0,0.00
2019-07-21T01:00:00,77,70,30.02,0,NA
2019-07-21T01:53:00,77,70,30.04,5,0.00
2019-07-21T02:53:00,76,71,30.04,0,0.00
2019-07-21T03:53:00,77,71,30.04,3,0.00
2019-07-21T04:00:00,77,71,30.01,3,NA
2019-07-21T04:53:00,76,72,30.04,3,0.00
2019-07-21T05:53:00,76,72,30.05,3,0.00
2019-07-21T06:53:00,78,73,30.06,3,0.00
2019-07-21T07:00:00,78,73,30.03,3,NA
2019-07-21T07:53:00,82,75,30.07,3,0.00
2019-07-21T08:53:00,85,74,30.05,6,0.00
2019-07-21T09:53:00,86,73,30.07,6,0.00
2019-07-21T10:00:00,86,73,30.04,6,NA
2019-07-21T10:53:00,89,71,30.07,7,0.00
2019-07-21T11:53:00,90,71,30.07,6,0.00
2019-07-21T12:53:00,88,74,30.06,9,0.00
2019-07-21T13:00:00,88,74,30.03,9,NA
2019-07-21T13:32:00,86,73,30.05,14,NA
2019-07-21T13:53:00,84,72,30.03,14,0.00
2019-07-21T14:05:00,84,73,30.02,11,NA
2019-07-21T14:53:00,88,70,30.02,11,0.00
2019-07-21T15:25:00,87,74,30.02,11,NA
2019-07-21T15:50:00,81,70,30.05,11,NA
2019-07-21T15:53:00,80,69,30.05,11,0.00
2019-07-21T16:00:00,80,69,30.02,11,NA
2019-07-21T16:01:00,80,69,30.06,9,NA
2019-07-21T16:37:00,78,69,30.06,13,NA
2019-07-21T16:53:00,78,68,30.06,10,0.00
2019-07-21T17:38:00,79,68,30.06,0,T
2019-07-21T17:53:00,79,69,30.06,5,T
2019-07-21T18:53:00,79,71,30.04,5,0.02
2019-07-21T19:00:00,79,71,30.01,5,NA
2019-07-21T19:53:00,78,71,30.04,7,0.01
2019-07-21T20:53:00,77,70,30.05,3,0.00
2019-07-21T21:53:00,77,71,30.04,3,0.00
2019-07-21T22:00:00,77,71,30.01,3,NA
2019-07-21T22:53:00,77,71,30.05,6,0.00
2019-07-21T23:53:00,77,71,30.05,3,0.00
2019-07-22T00:53:00,76,71,30.04,0,0.00
2019-07-22T01:00:00,76,71,30.01,0,NA
2019-07-22T01:53:00,75,72,30.03,5,0.00
2019-07-22T02:53:00,75,71,30.02,0,0.00
2019-07-22T03:51:00,73,72,30.01,3,NA
2019-07-22T03:53:00,75,71,30.01,3,0.00
2019-07-22T04:00:00,75,71,29.98,3,NA
2019-07-22T04:53:00,75,72,30.01,6,0.00
2019-07-22T05:53:00,75,72,30.02,0,0.00
2019-07-22T06:53:00,77,72,30.02,0,0.00
2019-07-22T07:00:00,77,72,29.99,0,NA
2019-07-22T07:53:00,81,72,30.03,7,0.00
2019-07-22T08:53:00,84,71,30.04,6,0.00
2019-07-22T09:53:00,86,72,30.05,7,0.00
2019-07-22T10:00:00,86,72,30.02,7,NA
2019-07-22T10:53:00,86,72,30.05,8,0.00
2019-07-22T11:53:00,87,75,30.04,9,0.00
2019-07-22T12:53:00,88,75,30.02,8,0.00
2019-07-22T13:00:00,88,75,29.99,8,NA
2019-07-22T13:53:00,89,71,30.00,9,0.00
2019-07-22T14:53:00,91,71,29.98,7,0.00
2019-07-22T15:00:00,89,74,29.97,16,NA
2019-07-22T15:40:00,87,73,29.97,16,NA
2019-07-22T15:53:00,86,72,29.97,9,0.00
2019-07-22T16:00:00,86,72,29.94,9,NA
2019-07-22T16:53:00,87,72,29.96,6,0.00
2019-07-22T17:53:00,87,74,29.96,8,0.00
2019-07-22T18:53:00,81,70,30.00,15,0.00
2019-07-22T19:00:00,81,70,29.97,15,NA
2019-07-22T19:09:00,78,69,30.00,14,NA
2019-07-22T19:53:00,78,70,30.02,8,0.03
2019-07-22T20:17:00,77,71,30.03,7,NA
2019-07-22T20:30:00,77,71,30.02,3,NA
2019-07-22T20:53:00,76,71,30.02,0,0.00
2019-07-22T21:53:00,75,70,30.02,5,0.00
2019-07-22T22:00:00,75,70,29.99,5,NA
2019-07-22T22:53:00,77,70,29.99,0,0.00
2019-07-22T23:53:00,75,71,29.98,5,0.00
2019-07-23T00:53:00,78,72,29.98,0,0.00
2019-07-23T01:00:00,78,72,29.95,0,NA
2019-07-23T01:53:00,76,72,29.96,5,0.00
2019-07-23T02:53:00,76,71,29.95,6,0.00
2019-07-23T03:53:00,76,71,29.94,3,0.00
2019-07-23T04:00:00,76,71,29.91,3,NA
2019-07-23T04:53:00,76,71,29.95,5,0.00
2019-07-23T05:53:00,76,72,29.96,5,0.00
2019-07-23T06:53:00,79,73,29.97,5,0.00
2019-07-23T07:00:00,79,73,29.94,5,NA
2019-07-23T07:53:00,80,74,29.97,5,0.00
2019-07-23T08:53:00,83,76,29.97,8,0.00
2019-07-23T09:53:00,84,77,29.98,0,0.00
2019-07-23T10:00:00,84,77,29.95,0,NA
2019-07-23T10:53:00,86,76,29.97,7,0.00
2019-07-23T11:14:00,87,76,29.96,8,NA
2019-07-23T11:27:00,82,75,29.96,16,T
2019-07-23T11:32:00,79,73,29.96,8,0.04
2019-07-23T11:51:00,79,72,29.96,10,NA
2019-07-23T11:53:00,78,72,29.96,9,0.25
2019-07-23T12:39:00,81,73,29.97,10,T
2019-07-23T12:49:00,81,73,29.96,6,T
2019-07-23T12:53:00,81,74,29.96,6,T
2019-07-23T13:00:00,81,74,29.93,6,NA
2019-07-23T13:53:00,84,75,29.95,8,0.00
2019-07-23T14:53:00,86,73,29.92,8,0.00
2019-07-23T15:53:00,86,73,29.92,7,0.00
2019-07-23T16:00:00,86,73,29.89,7,NA
2019-07-23T16:53:00,86,73,29.91,10,0.00
2019-07-23T17:53:00,85,74,29.90,11,0.00
2019-07-23T18:53:00,84,74,29.92,8,0.00
2019-07-23T19:00:00,84,74,29.89,8,NA
2019-07-23T19:53:00,83,73,29.93,7,0.00
2019-07-23T20:53:00,83,73,29.94,8,0.00
2019-07-23T21:53:00,82,73,29.95,7,0.00
2019-07-23T22:00:00,82,73,29.92,7,NA
2019-07-23T22:53:00,82,73,29.96,8,0.00
2019-07-23T23:53:00,81,75,29.96,7,0.01
2019-07-24T00:51:00,79,73,29.94,5,0.02
2019-07-24T00:53:00,78,74,29.94,6,0.02
2019-07-24T01:00:00,78,74,29.91,6,NA
2019-07-24T01:20:00,78,71,29.94,13,T
2019-07-24T01:36:00,78,71,29.93,3,0.04
2019-07-24T01:53:00,78,72,29.92,0,0.04
2019-07-24T02:53:00,79,72,29.91,3,0.00
2019-07-24T03:53:00,78,74,29.92,8,T
2019-07-24T04:00:00,78,74,29.89,8,NA
2019-07-24T04:53:00,78,74,29.92,6,0.01
2019-07-24T05:53:00,80,74,29.92,8,0.00
2019-07-24T06:53:00,80,75,29.94,7,0.04
2019-07-24T07:00:00,80,75,29.91,7,NA
2019-07-24T07:07:00,81,76,29.94,5,T
2019-07-24T07:20:00,82,76,29.95,8,T
2019-07-24T07:46:00,82,76,29.95,8,T
2019-07-24T07:53:00,81,75,29.95,8,T
2019-07-24T08:53:00,83,76,29.95,8,0.01
2019-07-24T09:14:00,81,74,29.95,13,0.01
2019-07-24T09:43:00,77,73,29.97,16,NA
2019-07-24T09:51:00,77,72,29.97,14,0.08
2019-07-24T09:53:00,77,72,29.97,13,0.07
2019-07-24T09:58:00,77,72,29.96,14,T
2019-07-24T10:00:00,77,72,29.94,13,NA
2019-07-24T10:22:00,78,73,29.98,7,T
2019-07-24T10:29:00,78,73,29.98,6,T
2019-07-24T10:53:00,79,74,29.98,3,0.01
2019-07-24T11:53:00,81,76,29.98,9,0.00
2019-07-24T12:51:00,82,75,29.96,10,NA
2019-07-24T12:53:00,83,75,29.96,9,0.02
2019-07-24T13:00:00,83,75,29.93,9,NA
2019-07-24T13:12:00,83,74,29.97,13,NA
2019-07-24T13:42:00,82,74,29.95,13,T
2019-07-24T13:53:00,81,73,29.95,13,T
2019-07-24T14:53:00,80,74,29.96,11,T
2019-07-24T15:53:00,81,75,29.96,8,T
2019-07-24T16:00:00,81,75,29.93,8,NA
2019-07-24T16:53:00,82,75,29.95,10,T
2019-07-24T17:53:00,83,74,29.94,10,0.01
2019-07-24T18:53:00,82,73,29.96,9,0.00
2019-07-24T19:00:00,82,73,29.93,9,NA
2019-07-24T19:53:00,82,72,29.96,10,0.00
2019-07-24T20:53:00,79,71,29.97,5,0.00
2019-07-24T21:53:00,77,73,29.98,0,0.02
2019-07-24T22:00:00,77,73,29.95,0,NA
2019-07-24T22:53:00,78,72,29.97,3,0.00
2019-07-24T23:53:00,79,74,29.97,0,0.00
2019-07-25T00:53:00,80,74,29.96,0,0.00
2019-07-25T01:00:00,80,74,29.93,0,NA
2019-07-25T01:53:00,80,73,29.95,7,0.00
2019-07-25T02:53:00,80,74,29.95,6,0.00
2019-07-25T03:53:00,78,74,29.95,7,0.00
2019-07-25T04:00:00,78,74,29.92,7,NA
2019-07-25T04:44:00,77,75,29.97,7,T
2019-07-25T04:53:00,76,73,29.96,7,0.02
2019-07-25T05:14:00,75,72,29.98,6,0.07
2019-07-25T05:53:00,75,72,29.97,6,0.12
2019-07-25T06:20:00,75,72,29.99,9,0.06
2019-07-25T06:40:00,74,71,30.02,5,0.20
2019-07-25T06:53:00,74,71,30.03,0,0.49
2019-07-25T07:00:00,74,71,30.00,0,NA
2019-07-25T07:25:00,74,71,30.04,6,0.15
2019-07-25T07:53:00,74,72,30.05,5,0.08
2019-07-25T08:25:00,74,72,30.06,7,T
2019-07-25T08:53:00,75,72,30.06,6,0.03
2019-07-25T09:03:00,74,72,30.06,10,0.07
2019-07-25T09:44:00,75,73,30.05,5,0.37
2019-07-25T09:53:00,76,72,30.06,3,0.35
2019-07-25T10:00:00,76,72,30.03,3,NA
2019-07-25T10:53:00,79,74,30.06,3,0.00
2019-07-25T11:53:00,80,73,30.06,0,0.00
2019-07-25T12:15:00,78,72,30.07,11,T
2019-07-25T12:20:00,76,72,30.07,10,0.02
2019-07-25T12:25:00,75,71,30.07,3,0.03
2019-07-25T12:51:00,79,73,30.07,3,NA
2019-07-25T12:53:00,78,74,30.07,6,0.08
2019-07-25T13:00:00,78,74,30.04,6,NA
2019-07-25T13:53:00,81,72,30.05,3,T
2019-07-25T14:53:00,82,73,30.02,0,0.00
2019-07-25T15:53:00,84,74,30.00,5,0.00
2019-07-25T16:00:00,84,74,29.97,5,NA
2019-07-25T16:53:00,83,74,30.02,6,0.00
2019-07-25T17:53:00,83,74,30.02,0,0.00
2019-07-25T18:53:00,82,74,30.03,0,0.00
2019-07-25T19:00:00,82,74,30.00,0,NA
2019-07-25T19:22:00,81,73,30.04,5,NA
2019-07-25T19:29:00,81,73,30.05,10,NA
2019-07-25T19:53:00,79,73,30.06,6,0.00
2019-07-25T20:33:00,80,71,30.07,0,NA
2019-07-25T20:53:00,79,71,30.07,5,0.00
2019-07-25T21:53:00,79,72,30.08,3,0.00
2019-07-25T22:00:00,79,72,30.05,3,NA
2019-07-25T22:39:00,77,72,30.10,10,0.02
2019-07-25T22:44:00,77,72,30.10,5,0.32
2019-07-25T22:51:00,75,73,30.09,5,NA
2019-07-25T22:53:00,76,73,30.09,5,0.53
2019-07-25T23:00:00,75,72,30.09,5,T
2019-07-25T23:26:00,76,73,30.10,3,T
2019-07-25T23:37:00,76,73,30.09,5,T
2019-07-25T23:53:00,76,73,30.09,0,T
2019-07-26T00:53:00,76,73,30.07,6,0.00
2019-07-26T01:00:00,76,73,30.04,6,NA
2019-07-26T01:53:00,76,74,30.06,0,0.00
2019-07-26T02:53:00,76,73,30.05,0,0.00
2019-07-26T03:53:00,76,73,30.05,3,0.00
2019-07-26T04:00:00,76,73,30.02,3,NA
2019-07-26T04:53:00,76,73,30.07,0,0.00
2019-07-26T05:53:00,76,73,30.08,3,0.00
2019-07-26T06:53:00,77,74,30.10,3,0.00
2019-07-26T07:00:00,77,74,30.07,3,NA
2019-07-26T07:05:00,78,74,30.11,0,NA
2019-07-26T07:53:00,79,74,30.12,0,0.00
2019-07-26T08:19:00,79,74,30.12,3,NA
2019-07-26T08:53:00,80,75,30.11,5,0.00
2019-07-26T09:51:00,82,75,30.13,7,NA
2019-07-26T09:53:00,82,76,30.13,8,0.00
2019-07-26T10:00:00,82,76,30.10,8,NA
2019-07-26T10:53:00,83,76,30.14,7,0.00
2019-07-26T11:04:00,83,76,30.14,8,NA
2019-07-26T11:47:00,82,75,30.14,6,NA
2019-07-26T11:51:00,82,75,30.14,6,NA
2019-07-26T11:53:00,83,75,30.14,6,0.03
2019-07-26T12:08:00,81,75,30.15,6,0.09
2019-07-26T12:26:00,79,76,30.15,9,0.17
2019-07-26T12:42:00,77,74,30.14,10,0.59
2019-07-26T12:49:00,79,75,30.15,5,0.63
2019-07-26T12:53:00,78,75,30.15,6,0.61
2019-07-26T12:59:00,78,75,30.14,10,T
2019-07-26T13:00:00,78,75,30.12,6,NA
2019-07-26T13:16:00,77,74,30.14,6,T
2019-07-26T13:50:00,79,73,30.13,6,0.01
2019-07-26T13:53:00,78,74,30.13,9,0.01
2019-07-26T14:17:00,77,74,30.10,7,T
2019-07-26T14:53:00,78,75,30.11,5,0.02
2019-07-26T15:53:00,80,75,30.10,5,T
2019-07-26T16:00:00,80,75,30.07,5,NA
2019-07-26T16:53:00,82,72,30.10,3,0.00
2019-07-26T17:53:00,81,72,30.10,5,0.00
2019-07-26T18:53:00,81,72,30.12,0,0.00
2019-07-26T19:00:00,81,72,30.09,0,NA
2019-07-26T19:53:00,79,73,30.12,0,0.00
2019-07-26T20:53:00,79,74,30.14,3,0.00
2019-07-26T21:22:00,79,74,30.15,5,NA
2019-07-26T21:53:00,79,74,NA,6,NA
2019-07-26T22:00:00,79,74,30.12,6,NA
2019-07-26T22:53:00,78,73,NA,0,NA
2019-07-26T23:36:00,78,73,30.15,0,NA
2019-07-26T23:53:00,78,73,30.15,0,0.00
2019-07-27T00:53:00,77,73,30.13,0,0.00
2019-07-27T01:00:00,77,73,30.10,0,NA
2019-07-27T01:53:00,76,73,30.12,0,0.00
2019-07-27T02:53:00,75,73,30.11,0,0.00
2019-07-27T03:53:00,75,72,30.11,0,0.00
2019-07-27T04:00:00,75,72,30.08,0,NA
2019-07-27T04:53:00,75,72,30.12,5,0.00
2019-07-27T05:53:00,75,73,30.13,0,0.00
2019-07-27T06:53:00,76,73,30.16,3,0.00
2019-07-27T07:00:00,76,73,30.13,3,NA
2019-07-27T07:53:00,80,73,30.17,3,0.00
2019-07-27T08:53:00,81,71,30.18,3,0.00
2019-07-27T09:53:00,83,73,30.19,0,0.00
2019-07-27T10:00:00,83,73,30.16,0,NA
2019-07-27T10:53:00,83,73,30.18,7,0.00
2019-07-27T11:53:00,83,73,30.17,6,0.00
2019-07-27T12:53:00,85,72,30.16,5,0.00
2019-07-27T13:00:00,85,72,30.13,5,NA
2019-07-27T13:53:00,86,72,30.14,6,0.00
2019-07-27T14:53:00,85,72,30.12,5,0.00
2019-07-27T15:53:00,87,72,30.11,9,0.00
2019-07-27T16:00:00,87,72,30.08,9,NA
2019-07-27T16:53:00,90,72,30.10,6,0.00
2019-07-27T17:53:00,88,71,30.10,9,0.00
2019-07-27T18:53:00,86,70,30.11,7,0.00
2019-07-27T19:00:00,86,70,30.08,7,NA
2019-07-27T19:53:00,82,71,30.12,8,0.00
2019-07-27T20:53:00,81,72,30.14,6,0.00
2019-07-27T21:53:00,80,72,30.14,5,0.00
2019-07-27T22:00:00,80,72,30.11,5,NA
2019-07-27T22:53:00,79,73,30.13,5,0.00
2019-07-27T23:53:00,79,72,30.13,6,0.00
2019-07-28T00:53:00,78,72,30.12,5,0.00
2019-07-28T01:00:00,78,72,30.09,5,NA
2019-07-28T01:53:00,78,72,30.11,5,0.00
2019-07-28T02:53:00,77,72,30.11,3,0.00
2019-07-28T03:53:00,77,73,30.10,5,0.00
2019-07-28T04:00:00,77,73,30.07,5,NA
2019-07-28T04:53:00,77,73,30.10,6,0.00
2019-07-28T05:53:00,77,73,30.11,5,0.00
2019-07-28T06:53:00,79,74,30.12,5,0.00
2019-07-28T07:00:00,79,74,30.09,5,NA
2019-07-28T07:53:00,81,74,30.13,3,0.00
2019-07-28T08:53:00,85,75,30.13,5,0.00
2019-07-28T09:53:00,86,74,30.13,3,0.00
2019-07-28T10:00:00,86,74,30.10,3,NA
2019-07-28T10:53:00,88,75,30.12,8,0.00
2019-07-28T11:53:00,89,74,30.11,0,0.00
2019-07-28T12:53:00,89,75,30.09,8,0.00
2019-07-28T13:00:00,89,75,30.06,8,NA
2019-07-28T13:53:00,90,74,30.07,9,0.00
2019-07-28T14:41:00,91,74,30.05,14,NA
2019-07-28T14:51:00,91,73,30.05,10,NA
2019-07-28T14:53:00,91,74,30.05,10,0.00
2019-07-28T15:00:00,91,75,30.06,15,NA
2019-07-28T15:07:00,90,74,30.06,11,NA
2019-07-28T15:15:00,88,73,30.06,9,NA
2019-07-28T15:17:00,88,73,30.06,10,NA
2019-07-28T15:53:00,88,73,30.04,5,0.00
2019-07-28T16:00:00,88,73,30.01,5,NA
2019-07-28T16:15:00,90,70,30.04,7,NA
2019-07-28T16:32:00,90,68,30.04,8,NA
2019-07-28T16:53:00,90,72,30.03,8,0.00
2019-07-28T17:53:00,88,72,30.03,8,0.00
2019-07-28T18:53:00,86,71,30.03,9,0.00
2019-07-28T19:00:00,86,71,30.00,9,NA
2019-07-28T19:53:00,85,73,30.05,7,0.00
2019-07-28T20:53:00,83,72,30.07,7,0.00
2019-07-28T21:53:00,81,71,30.08,5,0.00
2019-07-28T22:00:00,81,71,30.05,5,NA
2019-07-28T22:53:00,80,72,30.06,3,0.00
2019-07-28T23:53:00,79,72,30.05,0,0.00
2019-07-29T00:53:00,78,72,30.04,5,0.00
2019-07-29T01:00:00,78,72,30.01,5,NA
2019-07-29T01:53:00,77,72,30.02,3,0.00
2019-07-29T02:53:00,77,72,30.02,3,0.00
2019-07-29T03:53:00,77,72,30.02,5,0.00
2019-07-29T04:00:00,77,72,29.99,5,NA
2019-07-29T04:53:00,76,71,30.03,5,0.00
2019-07-29T05:53:00,76,72,30.03,3,0.00
2019-07-29T06:53:00,78,73,30.04,8,0.00
2019-07-29T07:00:00,78,73,30.01,8,NA
2019-07-29T07:53:00,81,74,30.04,7,0.00
2019-07-29T08:53:00,84,74,30.04,0,0.00
2019-07-29T09:53:00,86,75,30.04,0,0.00
2019-07-29T10:00:00,86,75,30.01,0,NA
2019-07-29T10:53:00,86,76,30.04,7,0.00
2019-07-29T11:53:00,87,76,30.03,8,0.00
2019-07-29T12:53:00,89,76,30.01,10,0.00
2019-07-29T13:00:00,89,76,29.98,10,NA
2019-07-29T13:53:00,90,74,29.99,11,0.00
2019-07-29T14:01:00,91,74,29.99,9,NA
2019-07-29T14:10:00,90,73,29.99,9,NA
2019-07-29T14:53:00,91,73,29.96,9,0.00
2019-07-29T15:40:00,90,73,29.96,5,NA
2019-07-29T15:53:00,89,75,29.96,3,0.00
2019-07-29T16:00:00,89,75,29.93,3,NA
2019-07-29T16:12:00,88,72,29.95,6,NA
2019-07-29T16:20:00,88,71,29.95,5,NA
2019-07-29T16:28:00,88,71,29.95,0,NA
2019-07-29T16:53:00,85,67,29.97,14,T
2019-07-29T17:21:00,84,67,29.96,9,T
2019-07-29T17:53:00,84,71,29.97,9,T
2019-07-29T18:53:00,83,73,29.97,6,0.00
2019-07-29T19:00:00,83,73,29.94,6,NA
2019-07-29T19:53:00,83,72,30.00,3,0.00
2019-07-29T20:53:00,82,74,30.00,6,0.00
2019-07-29T21:53:00,82,75,30.01,7,0.00
2019-07-29T22:00:00,82,75,29.98,7,NA
2019-07-29T22:53:00,81,73,30.01,6,0.00
2019-07-29T23:53:00,80,73,30.03,6,0.00
2019-07-30T00:53:00,79,73,30.02,0,0.00
2019-07-30T01:00:00,79,73,29.99,0,NA
2019-07-30T01:53:00,78,72,30.00,5,0.00
2019-07-30T02:53:00,78,72,29.99,0,0.00
2019-07-30T03:53:00,78,73,29.98,0,0.00
2019-07-30T04:00:00,78,73,29.95,0,NA
2019-07-30T04:51:00,79,73,29.99,3,NA
2019-07-30T04:53:00,78,73,29.99,3,0.00
2019-07-30T05:53:00,78,74,30.00,3,0.00
2019-07-30T06:15:00,78,74,30.00,0,NA
2019-07-30T06:53:00,80,75,30.02,0,0.00
2019-07-30T07:00:00,80,75,29.99,0,NA
2019-07-30T07:08:00,80,75,30.02,5,NA
2019-07-30T07:30:00,81,75,30.03,5,NA
2019-07-30T07:53:00,82,75,30.03,6,0.00
2019-07-30T08:53:00,84,76,30.03,0,0.00
2019-07-30T09:53:00,86,75,30.04,6,0.00
2019-07-30T10:00:00,86,75,30.01,6,NA
2019-07-30T10:53:00,86,76,30.04,8,0.00
2019-07-30T11:53:00,87,77,30.04,7,0.00
2019-07-30T12:53:00,89,78,30.02,8,0.00
2019-07-30T13:00:00,89,78,29.99,8,NA
2019-07-30T13:53:00,90,73,30.00,10,0.00
2019-07-30T14:11:00,90,75,30.00,7,NA
2019-07-30T14:28:00,91,73,29.99,7,NA
2019-07-30T14:51:00,91,73,29.98,9,NA
2019-07-30T14:53:00,91,74,29.98,9,0.00
2019-07-30T15:20:00,90,75,29.98,10,NA
2019-07-30T15:53:00,91,74,29.97,7,0.00
2019-07-30T16:00:00,91,74,29.94,7,NA
2019-07-30T16:53:00,90,73,29.97,9,0.00
2019-07-30T17:53:00,89,71,29.97,5,0.00
2019-07-30T18:53:00,88,74,29.98,5,0.00
2019-07-30T19:00:00,88,74,29.95,5,NA
2019-07-30T19:53:00,86,71,30.01,6,0.00
2019-07-30T20:53:00,85,72,30.01,5,0.00
2019-07-30T21:53:00,83,73,30.02,7,0.00
2019-07-30T22:00:00,83,73,29.99,7,NA
2019-07-30T22:53:00,83,73,30.03,0,0.00
2019-07-30T23:53:00,82,73,30.04,6,0.00
2019-07-31T00:53:00,81,73,30.02,5,0.00
2019-07-31T01:00:00,81,73,29.99,5,NA
2019-07-31T01:53:00,81,72,30.01,0,0.00
2019-07-31T02:53:00,81,72,30.00,0,0.00
2019-07-31T03:53:00,80,72,30.00,0,0.00
2019-07-31T04:00:00,80,72,29.97,0,NA
2019-07-31T04:53:00,80,72,30.01,5,0.00
2019-07-31T05:53:00,80,72,30.02,5,0.00
2019-07-31T06:53:00,81,72,30.02,6,0.00
2019-07-31T07:00:00,81,72,29.99,6,NA
2019-07-31T07:53:00,83,73,30.04,5,0.00
2019-07-31T08:53:00,86,73,30.05,3,0.00
2019-07-31T09:53:00,89,74,30.06,0,0.00
2019-07-31T10:00:00,89,74,30.03,0,NA
2019-07-31T10:53:00,89,76,30.06,7,0.00
2019-07-31T11:53:00,89,76,30.05,7,0.00
2019-07-31T12:53:00,90,75,30.04,8,0.00
2019-07-31T13:00:00,90,75,30.01,8,NA
2019-07-31T13:48:00,90,73,30.02,7,NA
2019-07-31T13:53:00,89,74,30.02,6,0.00
2019-07-31T14:02:00,89,74,30.01,7,NA
2019-07-31T14:17:00,91,75,30.01,7,NA
2019-07-31T14:29:00,92,75,30.01,7,NA
2019-07-31T14:44:00,91,74,29.99,7,NA
2019-07-31T14:53:00,90,74,29.99,9,0.00
2019-07-31T15:53:00,91,77,29.97,9,0.00
2019-07-31T16:00:00,91,77,29.94,9,NA
2019-07-31T16:05:00,89,76,29.97,8,NA
2019-07-31T16:33:00,92,76,29.98,10,NA
2019-07-31T16:51:00,86,66,29.98,14,NA
2019-07-31T16:53:00,86,67,29.98,15,0.00
2019-07-31T17:00:00,86,68,29.98,11,NA
2019-07-31T17:14:00,84,68,30.01,10,NA
2019-07-31T17:53:00,75,72,30.07,16,0.06
2019-07-31T18:03:00,75,70,30.07,17,0.10
2019-07-31T18:53:00,75,72,30.11,7,0.49
2019-07-31T19:00:00,75,72,30.08,7,NA
2019-07-31T19:36:00,74,71,30.10,8,0.03
2019-07-31T19:53:00,74,70,30.10,8,0.10
2019-07-31T20:04:00,74,70,30.10,9,0.04
2019-07-31T20:53:00,74,70,30.04,13,T
2019-07-31T21:53:00,77,68,29.97,0,T
2019-07-31T22:00:00,77,68,29.94,0,NA
2019-07-31T22:53:00,76,67,30.01,6,T
2019-07-31T23:53:00,74,69,30.02,5,0.03
2019-08-01T00:53:00,76,68,30.01,5,0.01
2019-08-01T01:00:00,76,68,29.98,5,NA
2019-08-01T01:53:00,76,68,30.00,6,0.00
2019-08-01T02:53:00,75,69,30.01,5,0.00
2019-08-01T03:53:00,75,70,30.02,5,0.00
2019-08-01T04:00:00,75,70,29.99,5,NA
2019-08-01T04:53:00,75,70,30.02,3,0.00
2019-08-01T05:53:00,73,70,30.02,6,0.00
2019-08-01T06:53:00,78,71,30.04,7,0.00
2019-08-01T07:00:00,78,71,30.01,7,NA
2019-08-01T07:53:00,82,71,30.05,6,0.00
2019-08-01T08:53:00,85,73,30.04,7,0.00
2019-08-01T09:53:00,91,75,30.05,5,0.00
2019-08-01T10:00:00,91,75,30.02,5,NA
2019-08-01T10:53:00,93,74,30.05,3,0.00
2019-08-01T11:53:00,95,74,30.03,8,0.00
2019-08-01T12:53:00,94,75,30.02,8,0.00
2019-08-01T13:00:00,94,75,29.99,8,NA
2019-08-01T13:46:00,95,73,29.99,8,NA
2019-08-01T13:53:00,95,73,29.99,8,0.00
2019-08-01T14:01:00,95,73,29.99,8,NA
2019-08-01T14:08:00,95,73,29.98,14,NA
2019-08-01T14:53:00,86,73,30.00,13,0.00
2019-08-01T15:23:00,81,72,30.03,17,NA
2019-08-01T15:34:00,77,72,30.03,17,NA
2019-08-01T15:51:00,77,72,30.04,13,NA
2019-08-01T15:53:00,77,72,30.04,13,NA
2019-08-01T16:00:00,77,72,30.01,13,NA
2019-08-01T16:51:00,75,73,30.02,9,NA
2019-08-01T16:53:00,76,73,30.02,9,NA
2019-08-01T17:35:00,75,72,29.99,9,NA
2019-08-01T17:51:00,75,72,29.98,9,NA
2019-08-01T17:53:00,75,72,29.98,9,NA
2019-08-01T18:53:00,75,72,29.99,13,NA
2019-08-01T19:00:00,75,72,29.96,13,NA
2019-08-01T19:53:00,75,72,29.99,8,0.00
2019-08-01T20:53:00,75,72,29.99,9,0.00
2019-08-01T21:53:00,75,72,30.00,10,0.00
2019-08-01T22:00:00,75,72,29.97,10,NA
2019-08-01T22:53:00,76,71,29.99,15,0.00
2019-08-01T23:53:00,75,71,29.98,6,0.00
2019-08-02T00:53:00,75,71,29.96,8,0.00
2019-08-02T01:00:00,75,71,29.93,8,NA
2019-08-02T03:36:00,74,72,29.96,7,NA
2019-08-02T03:53:00,74,72,29.96,8,0.00
2019-08-02T04:00:00,74,72,29.93,8,NA
2019-08-02T04:53:00,75,72,29.97,6,0.00
2019-08-02T05:39:00,75,72,29.96,7,NA
2019-08-02T05:53:00,75,71,29.96,7,0.00
2019-08-02T06:19:00,74,72,29.96,6,NA
2019-08-02T06:53:00,75,73,29.96,5,0.00
2019-08-02T07:00:00,75,73,29.93,5,NA
2019-08-02T07:53:00,78,74,29.97,6,0.00
2019-08-02T08:53:00,80,75,29.97,3,0.00
2019-08-02T09:53:00,82,75,29.96,3,0.00
2019-08-02T10:00:00,82,75,29.93,3,NA
2019-08-02T10:46:00,84,75,29.96,3,NA
2019-08-02T10:53:00,85,75,29.96,0,0.00
2019-08-02T11:53:00,86,75,29.95,7,0.00
2019-08-02T12:53:00,86,76,29.94,6,0.00
2019-08-02T13:00:00,86,76,29.91,6,NA
2019-08-02T13:53:00,86,75,29.91,8,0.00
2019-08-02T14:00:00,85,74,29.91,9,NA
2019-08-02T14:53:00,85,74,29.90,8,0.00
2019-08-02T15:53:00,84,74,29.88,8,0.00
2019-08-02T16:00:00,84,73,29.85,8,NA
2019-08-02T16:13:00,83,73,29.89,6,NA
2019-08-02T16:35:00,81,74,29.91,8,NA
2019-08-02T16:51:00,79,73,29.90,8,NA
2019-08-02T16:53:00,79,73,29.91,8,0.02
2019-08-02T17:08:00,77,74,29.92,9,NA
2019-08-02T17:21:00,77,74,29.91,10,NA
2019-08-02T17:23:00,77,74,29.91,9,NA
2019-08-02T17:30:00,76,74,29.91,7,NA
2019-08-02T17:53:00,77,74,29.91,8,0.13
2019-08-02T18:25:00,77,74,29.92,7,NA
2019-08-02T18:53:00,77,73,29.92,9,T
2019-08-02T19:00:00,77,73,29.89,10,NA
2019-08-02T19:53:00,76,73,29.92,8,0.02
2019-08-02T20:53:00,77,73,29.93,9,0.00
2019-08-02T21:36:00,77,73,29.94,7,NA
2019-08-02T21:53:00,77,73,29.94,8,0.00
2019-08-02T22:53:00,76,73,29.94,0,0.00
2019-08-02T23:53:00,77,73,29.94,3,0.00
2019-08-03T00:53:00,76,74,29.93,5,0.00
2019-08-03T01:00:00,75,73,29.90,8,NA
2019-08-03T01:01:00,76,74,29.93,6,NA
2019-08-03T01:51:00,75,73,29.92,3,NA
2019-08-03T01:53:00,76,74,29.92,0,0.00
2019-08-03T02:42:00,76,74,29.91,3,NA
2019-08-03T02:53:00,76,74,29.91,5,0.00
2019-08-03T03:53:00,77,74,29.91,0,0.00
2019-08-03T04:00:00,77,74,29.88,0,NA
2019-08-03T04:53:00,77,74,29.91,0,0.00
2019-08-03T05:53:00,76,74,29.93,0,0.00
2019-08-03T06:53:00,77,74,29.94,3,0.00
2019-08-03T07:00:00,77,74,29.91,3,NA
2019-08-03T07:53:00,78,74,29.95,5,0.00
2019-08-03T08:30:00,79,74,29.96,0,NA
2019-08-03T08:43:00,80,75,29.97,3,NA
2019-08-03T08:53:00,80,75,29.96,3,0.00
2019-08-03T09:12:00,82,76,29.96,0,NA
2019-08-03T09:46:00,82,76,29.97,5,NA
2019-08-03T09:53:00,82,76,29.97,5,0.00
2019-08-03T10:00:00,82,76,29.94,5,NA
2019-08-03T10:41:00,84,76,29.96,7,NA
2019-08-03T10:53:00,84,76,29.96,3,0.00
2019-08-03T11:53:00,85,77,29.94,8,T
2019-08-03T12:53:00,86,76,29.93,7,0.00
2019-08-03T13:00:00,86,76,29.90,7,NA
2019-08-03T13:53:00,87,75,29.92,8,0.00
2019-08-03T14:53:00,89,74,29.90,8,0.00
2019-08-03T15:53:00,89,74,29.89,8,0.00
2019-08-03T16:00:00,89,74,29.86,8,NA
2019-08-03T16:53:00,89,74,29.89,7,0.00
2019-08-03T17:53:00,88,74,29.90,7,0.00
2019-08-03T18:53:00,87,73,29.91,7,0.00
2019-08-03T19:00:00,87,73,29.88,7,NA
2019-08-03T19:53:00,85,73,29.93,7,0.00
2019-08-03T20:53:00,84,73,29.95,6,0.00
2019-08-03T21:53:00,83,73,29.96,3,0.00
2019-08-03T22:00:00,83,73,29.93,3,NA
2019-08-03T22:53:00,83,74,29.97,3,0.00
2019-08-03T23:53:00,83,74,29.98,0,0.00
2019-08-04T00:53:00,81,74,29.97,0,0.00
2019-08-04T01:00:00,81,74,29.94,0,NA
2019-08-04T01:53:00,80,74,29.96,5,0.00
2019-08-04T02:53:00,80,75,29.95,5,0.00
2019-08-04T03:53:00,81,75,29.95,5,0.00
2019-08-04T04:00:00,81,75,29.92,5,NA
2019-08-04T04:53:00,81,75,29.95,3,0.00
2019-08-04T05:53:00,81,74,29.97,0,0.00
2019-08-04T06:53:00,82,76,29.99,3,0.00
2019-08-04T07:00:00,82,76,29.96,3,NA
2019-08-04T07:53:00,84,76,30.01,3,0.00
2019-08-04T08:53:00,85,76,30.01,5,0.00
2019-08-04T09:53:00,86,75,30.02,5,0.00
2019-08-04T10:00:00,86,75,29.99,5,NA
2019-08-04T10:53:00,87,76,30.01,6,0.00
2019-08-04T11:53:00,89,75,29.99,7,0.00
2019-08-04T12:53:00,90,75,29.99,10,0.00
2019-08-04T13:53:00,90,73,29.98,13,0.00
2019-08-04T14:53:00,90,73,29.96,10,0.00
2019-08-04T15:53:00,89,73,29.95,9,0.00
2019-08-04T16:00:00,89,73,29.92,9,NA
2019-08-04T16:53:00,89,73,29.95,7,0.00
2019-08-04T17:53:00,87,72,29.95,8,0.00
2019-08-04T18:53:00,87,73,29.95,7,0.00
2019-08-04T19:00:00,87,73,29.92,7,NA
2019-08-04T19:53:00,85,74,29.97,5,0.00
2019-08-04T20:53:00,85,75,29.99,7,0.00
2019-08-04T21:53:00,84,75,30.00,7,0.00
2019-08-04T22:00:00,84,75,29.97,7,NA
2019-08-04T22:53:00,83,75,30.00,7,0.00
2019-08-04T23:53:00,83,75,29.99,8,0.00
2019-08-05T00:53:00,83,75,29.97,7,0.00
2019-08-05T01:00:00,83,75,29.94,7,NA
2019-08-05T01:53:00,83,75,29.97,6,0.00
2019-08-05T02:53:00,82,74,29.96,3,0.00
2019-08-05T03:53:00,82,74,29.96,5,0.00
2019-08-05T04:00:00,82,74,29.93,5,NA
2019-08-05T04:53:00,81,76,29.97,5,0.00
2019-08-05T05:53:00,80,76,29.99,6,0.00
2019-08-05T06:53:00,81,74,30.01,0,0.00
2019-08-05T07:00:00,81,74,29.98,0,NA
2019-08-05T07:53:00,83,75,30.03,5,0.00
2019-08-05T08:35:00,84,76,30.03,6,T
2019-08-05T08:53:00,82,77,30.03,3,T
2019-08-05T09:53:00,84,77,30.01,3,0.00
2019-08-05T10:00:00,84,77,29.98,3,NA
2019-08-05T10:53:00,86,76,30.02,3,0.00
2019-08-05T11:53:00,89,77,30.01,7,0.00
2019-08-05T12:53:00,88,77,30.00,8,0.00
2019-08-05T13:00:00,88,77,29.97,8,NA
2019-08-05T13:53:00,88,76,29.98,7,0.00
2019-08-05T14:53:00,90,75,29.98,11,0.00
2019-08-05T15:53:00,90,74,29.96,11,0.00
2019-08-05T16:00:00,90,74,29.93,11,NA
2019-08-05T16:53:00,88,72,29.97,9,0.00
2019-08-05T17:53:00,88,71,29.99,6,0.00
2019-08-05T18:53:00,87,73,29.99,6,0.00
2019-08-05T19:00:00,87,73,29.96,6,NA
2019-08-05T19:53:00,84,74,30.00,7,0.00
2019-08-05T20:53:00,83,73,30.00,7,0.00
2019-08-05T21:53:00,82,73,30.01,8,0.00
2019-08-05T22:00:00,82,73,29.98,8,NA
2019-08-05T22:53:00,81,74,30.02,7,0.00
2019-08-05T23:53:00,81,75,30.00,8,0.00
2019-08-06T00:53:00,81,77,29.98,6,0.00
2019-08-06T01:00:00,81,77,29.95,6,NA
2019-08-06T01:53:00,81,76,29.97,5,0.00
2019-08-06T02:53:00,81,75,29.97,5,0.00
2019-08-06T03:53:00,82,75,29.98,5,0.00
2019-08-06T04:00:00,82,75,29.95,5,NA
2019-08-06T04:53:00,81,76,29.98,5,0.00
2019-08-06T05:10:00,78,75,29.98,13,0.08
2019-08-06T05:22:00,78,72,29.98,3,0.16
2019-08-06T05:43:00,78,72,30.00,10,0.19
2019-08-06T05:53:00,79,74,30.00,11,0.19
2019-08-06T06:20:00,78,72,30.00,6,T
2019-08-06T06:53:00,79,73,30.01,6,T
2019-08-06T07:00:00,79,73,29.98,6,NA
2019-08-06T07:53:00,81,75,30.01,10,0.00
2019-08-06T08:53:00,84,75,30.01,8,0.00
2019-08-06T09:53:00,85,75,30.00,5,0.00
2019-08-06T10:00:00,85,75,29.97,5,NA
2019-08-06T10:53:00,87,76,30.01,5,0.00
2019-08-06T11:53:00,90,73,29.99,13,0.00
2019-08-06T12:53:00,91,75,29.97,11,0.00
2019-08-06T13:00:00,91,75,29.94,11,NA
2019-08-06T13:53:00,92,74,29.96,14,0.00
2019-08-06T14:53:00,91,74,29.95,13,0.00
2019-08-06T15:53:00,91,73,29.94,13,T
2019-08-06T16:00:00,91,73,29.91,13,NA
2019-08-06T16:53:00,90,73,29.95,11,0.00
2019-08-06T17:53:00,89,73,29.96,7,0.00
2019-08-06T18:53:00,86,72,29.97,6,0.00
2019-08-06T19:00:00,86,72,29.94,6,NA
2019-08-06T19:53:00,84,73,29.97,6,0.00
2019-08-06T20:53:00,82,73,29.98,9,0.00
2019-08-06T21:53:00,81,72,29.98,6,0.00
2019-08-06T22:00:00,81,72,29.95,6,NA
2019-08-06T22:53:00,82,74,29.98,7,0.00
2019-08-06T23:53:00,81,74,29.99,5,0.00
2019-08-07T00:53:00,81,75,29.98,5,0.00
2019-08-07T01:00:00,81,75,29.95,5,NA
2019-08-07T01:53:00,81,76,29.96,5,0.00
2019-08-07T02:53:00,83,76,29.96,9,0.00
2019-08-07T03:53:00,83,75,29.96,8,0.00
2019-08-07T04:00:00,83,75,29.93,8,NA
2019-08-07T04:53:00,83,76,29.96,8,0.00
2019-08-07T05:53:00,81,74,29.97,13,0.00
2019-08-07T06:53:00,83,75,30.00,0,T
2019-08-07T07:00:00,83,75,29.97,0,NA
2019-08-07T07:01:00,83,75,30.00,0,NA
2019-08-07T07:07:00,83,75,30.00,0,NA
2019-08-07T07:51:00,84,75,30.01,5,NA
2019-08-07T07:53:00,84,76,30.01,5,0.00
2019-08-07T08:05:00,84,76,30.01,6,NA
2019-08-07T08:20:00,85,76,30.02,5,NA
2019-08-07T08:53:00,83,76,30.02,5,0.00
2019-08-07T09:53:00,83,76,30.00,0,0.00
2019-08-07T10:00:00,83,76,29.97,0,NA
2019-08-07T10:53:00,86,76,30.01,3,0.00
2019-08-07T11:00:00,87,77,30.01,3,NA
2019-08-07T11:22:00,89,77,30.01,10,NA
2019-08-07T11:51:00,82,77,30.01,9,NA
2019-08-07T11:53:00,83,77,30.01,6,0.00
2019-08-07T12:29:00,85,76,29.98,7,NA
2019-08-07T12:53:00,87,74,29.98,8,0.00
2019-08-07T13:00:00,87,74,29.95,8,NA
2019-08-07T13:53:00,91,76,29.96,10,0.00
2019-08-07T14:07:00,91,75,29.95,13,NA
2019-08-07T14:22:00,89,75,29.94,13,NA
2019-08-07T14:39:00,92,75,29.95,13,NA
2019-08-07T14:48:00,90,75,29.97,17,NA
2019-08-07T14:53:00,87,73,29.97,28,0.22
2019-08-07T14:59:00,78,72,29.97,15,0.22
2019-08-07T15:11:00,77s,73,29.96,6,0.44
2019-08-07T15:22:00,79,73,29.96,6,0.44
2019-08-07T15:53:00,80,75,29.97,6,0.23
2019-08-07T16:00:00,80,75,29.94,6,NA
2019-08-07T16:22:00,80,75,29.98,8,0.01
2019-08-07T16:53:00,78,74,29.97,5,T
2019-08-07T17:53:00,78,74,29.97,8,0.08
2019-08-07T18:53:00,78,75,29.98,7,0.00
2019-08-07T19:00:00,78,75,29.95,7,NA
2019-08-07T19:53:00,79,75,29.97,8,0.00
2019-08-07T20:53:00,79,75,29.98,6,0.00
2019-08-07T21:53:00,80,76,29.98,7,0.00
2019-08-07T22:00:00,80,76,29.95,7,NA
2019-08-07T22:53:00,81,77,29.99,10,0.00
2019-08-07T23:53:00,83,78,30.00,10,0.00
2019-08-08T00:53:00,81,77,29.98,3,0.04
2019-08-08T01:00:00,81,77,29.95,3,NA
2019-08-08T01:00:00,82,78,29.98,3,NA
2019-08-08T01:09:00,82,77,29.97,3,NA
2019-08-08T01:53:00,82,78,29.96,8,0.00
2019-08-08T02:06:00,83,78,29.96,6,NA
2019-08-08T02:53:00,80,77,29.96,0,0.00
2019-08-08T03:53:00,80,77,29.96,0,0.00
2019-08-08T04:00:00,80,77,29.93,0,NA
2019-08-08T04:53:00,80,77,29.96,3,0.00
2019-08-08T05:53:00,80,77,29.98,3,0.00
2019-08-08T06:53:00,81,78,29.99,3,0.00
2019-08-08T07:00:00,81,78,29.96,3,NA
2019-08-08T07:53:00,84,77,30.00,8,0.00
2019-08-08T08:53:00,86,76,30.01,8,0.00
2019-08-08T09:53:00,89,76,30.01,8,0.00
2019-08-08T10:00:00,89,76,29.98,8,NA
2019-08-08T10:53:00,89,76,30.01,9,0.00
2019-08-08T11:53:00,91,76,30.00,9,0.00
2019-08-08T12:53:00,91,76,30.00,10,0.00
2019-08-08T13:00:00,91,76,29.97,10,NA
2019-08-08T13:53:00,91,74,29.99,13,0.00
2019-08-08T14:53:00,91,75,29.97,11,0.00
2019-08-08T15:53:00,90,77,29.96,13,0.00
2019-08-08T16:00:00,90,77,29.93,13,NA
2019-08-08T16:53:00,91,74,29.98,11,0.00
2019-08-08T17:36:00,90,75,29.99,13,0.01
2019-08-08T17:42:00,90,75,29.98,15,0.02
2019-08-08T17:53:00,81,74,29.98,10,0.12
2019-08-08T18:19:00,81,75,29.98,8,0.02
2019-08-08T18:53:00,83,76,29.97,6,0.02
2019-08-08T19:00:00,83,76,29.94,6,NA
2019-08-08T19:53:00,84,77,29.99,9,0.00
2019-08-08T20:53:00,84,76,30.00,7,0.00
2019-08-08T21:53:00,84,77,30.00,7,0.00
2019-08-08T22:00:00,84,77,29.97,7,NA
2019-08-08T22:53:00,84,77,30.00,8,0.00
2019-08-08T23:53:00,84,77,29.99,9,T
2019-08-09T00:53:00,84,77,29.98,10,T
2019-08-09T01:00:00,84,77,29.95,10,NA
2019-08-09T01:53:00,83,77,29.96,5,0.00
2019-08-09T02:53:00,83,76,29.94,7,0.00
2019-08-09T03:53:00,83,77,29.93,3,0.00
2019-08-09T04:00:00,83,77,29.90,3,NA
2019-08-09T04:53:00,83,77,29.93,6,0.00
2019-08-09T05:28:00,84,77,29.95,6,NA
2019-08-09T05:53:00,83,77,29.96,5,0.00
2019-08-09T05:57:00,84,77,29.96,5,NA
2019-08-09T06:53:00,85,76,29.97,5,0.00
2019-08-09T07:00:00,85,76,29.94,5,NA
2019-08-09T07:53:00,86,77,29.99,9,0.00
2019-08-09T08:45:00,86,77,29.99,9,NA
2019-08-09T08:53:00,86,77,29.99,7,0.00
2019-08-09T08:59:00,86,77,30.00,11,NA
2019-08-09T09:53:00,86,77,30.00,8,0.00
2019-08-09T10:00:00,86,77,29.97,8,NA
2019-08-09T10:53:00,86,76,30.00,9,T
2019-08-09T11:53:00,86,74,29.99,13,0.00
2019-08-09T12:53:00,89,75,29.98,13,0.00
2019-08-09T13:00:00,89,75,29.95,13,NA
2019-08-09T13:53:00,91,75,29.97,11,0.00
2019-08-09T14:53:00,91,75,29.95,14,0.00
2019-08-09T15:53:00,90,74,29.94,13,0.00
2019-08-09T16:00:00,90,74,29.91,13,NA
2019-08-09T16:53:00,92,75,29.95,11,0.00
2019-08-09T17:53:00,88,74,29.96,9,0.00
2019-08-09T18:53:00,87,76,29.96,9,0.00
2019-08-09T19:00:00,87,76,29.93,9,NA
2019-08-09T19:53:00,85,76,29.97,6,0.00
2019-08-09T20:53:00,85,77,29.99,9,0.00
2019-08-09T21:53:00,85,78,29.99,7,0.00
2019-08-09T22:00:00,85,78,29.96,7,NA
2019-08-09T22:53:00,85,77,29.99,8,0.00
2019-08-09T23:53:00,85,77,29.98,8,0.00
2019-08-10T00:53:00,84,77,29.96,7,0.00
2019-08-10T01:00:00,84,77,29.93,7,NA
2019-08-10T01:53:00,84,76,29.94,7,0.00
2019-08-10T02:53:00,84,77,29.94,6,0.00
2019-08-10T03:53:00,83,77,29.93,0,0.00
2019-08-10T04:00:00,83,77,29.90,0,NA
2019-08-10T04:53:00,83,77,29.94,3,0.00
2019-08-10T05:53:00,83,77,29.95,3,0.00
2019-08-10T06:53:00,85,77,29.97,3,0.00
2019-08-10T07:00:00,85,77,29.94,3,NA
2019-08-10T07:53:00,85,78,29.99,5,0.00
2019-08-10T08:53:00,85,78,29.99,7,0.00
2019-08-10T09:53:00,85,78,30.01,10,T
2019-08-10T10:00:00,85,78,29.98,10,NA
2019-08-10T10:53:00,89,78,30.00,3,T
2019-08-10T11:53:00,89,78,29.98,7,0.00
2019-08-10T12:16:00,89,78,29.98,10,NA
2019-08-10T12:31:00,89,78,29.98,11,NA
2019-08-10T12:53:00,90,77,29.98,8,0.00
2019-08-10T13:00:00,90,77,29.95,8,NA
2019-08-10T13:53:00,88,79,29.96,13,0.00
2019-08-10T14:50:00,90,79,29.94,9,NA
2019-08-10T14:53:00,89,78,29.94,10,0.00
2019-08-10T15:28:00,89,78,29.93,8,NA
2019-08-10T15:53:00,87,76,29.94,7,0.00
2019-08-10T16:00:00,87,76,29.91,7,NA
2019-08-10T16:53:00,87,76,29.92,9,0.00
2019-08-10T17:53:00,89,78,29.92,10,0.00
2019-08-10T18:53:00,87,78,29.93,14,0.00
2019-08-10T19:00:00,87,78,29.90,14,NA
2019-08-10T19:53:00,89,75,29.95,9,0.00
2019-08-10T20:53:00,89,75,29.97,6,0.00
2019-08-10T21:53:00,89,NA,29.97,9,0.00
2019-08-10T22:00:00,89,NA,29.94,9,NA
2019-08-10T22:53:00,90,75,29.99,5,0.00
2019-08-10T23:53:00,85,77,29.98,6,0.00
2019-08-11T00:53:00,84,77,29.97,3,0.00
2019-08-11T01:00:00,84,77,29.94,3,NA
2019-08-11T01:53:00,85,78,29.95,3,0.00
2019-08-11T02:53:00,84,77,29.93,5,0.00
2019-08-11T03:53:00,83,78,29.93,5,0.00
2019-08-11T04:00:00,83,78,29.90,5,NA
2019-08-11T04:53:00,83,78,29.94,5,0.00
2019-08-11T05:53:00,84,78,29.96,6,0.00
2019-08-11T06:53:00,85,78,29.98,7,0.00
2019-08-11T07:00:00,85,78,29.95,7,NA
2019-08-11T07:53:00,86,76,29.99,6,0.00
2019-08-11T08:53:00,88,77,29.99,8,0.00
2019-08-11T09:53:00,89,76,30.01,9,0.00
2019-08-11T10:00:00,89,76,29.98,9,NA
2019-08-11T10:53:00,88,79,30.00,10,0.00
2019-08-11T11:53:00,88,79,30.00,10,0.00
2019-08-11T12:53:00,91,78,29.97,11,0.00
2019-08-11T13:00:00,91,78,29.94,11,NA
2019-08-11T13:53:00,91,76,29.95,11,0.00
2019-08-11T14:53:00,90,76,29.93,10,0.00
2019-08-11T15:53:00,91,77,29.92,11,0.00
2019-08-11T16:00:00,91,77,29.89,11,NA
2019-08-11T16:44:00,91,77,29.92,11,NA
2019-08-11T16:53:00,92,77,29.92,10,0.00
2019-08-11T17:53:00,89,77,29.93,11,0.00
2019-08-11T18:22:00,88,75,29.93,10,NA
2019-08-11T18:53:00,86,78,29.95,9,0.00
2019-08-11T19:00:00,86,78,29.92,9,NA
2019-08-11T19:53:00,87,77,NA,7,NA
2019-08-11T20:53:00,86,78,NA,7,NA
2019-08-11T21:53:00,85,77,NA,3,NA
2019-08-11T22:00:00,85,77,29.92,3,NA
2019-08-11T22:53:00,85,77,NA,3,NA
2019-08-11T23:53:00,84,77,NA,0,NA
2019-08-12T00:53:00,85,77,29.94,3,0.00
2019-08-12T01:00:00,85,77,29.91,3,NA
2019-08-12T01:53:00,85,77,29.90,8,0.00
2019-08-12T02:53:00,84,77,29.90,5,0.00
2019-08-12T03:53:00,85,77,29.90,3,0.00
2019-08-12T04:00:00,85,77,29.87,3,NA
2019-08-12T04:53:00,84,77,29.90,6,0.00
2019-08-12T05:53:00,84,75,29.92,3,0.00
2019-08-12T06:53:00,86,78,29.94,0,0.00
2019-08-12T07:00:00,86,78,29.91,0,NA
2019-08-12T07:53:00,85,77,29.96,6,0.00
2019-08-12T08:53:00,87,77,29.97,3,0.00
2019-08-12T09:53:00,85,76,29.97,6,T
2019-08-12T10:00:00,85,76,29.94,6,NA
2019-08-12T10:53:00,91,77,29.97,8,0.00
2019-08-12T11:53:00,88,77,29.95,10,0.01
2019-08-12T12:01:00,88,77,29.95,11,NA
2019-08-12T12:31:00,88,77,29.95,6,NA
2019-08-12T12:53:00,88,77,29.95,8,0.00
2019-08-12T13:00:00,88,77,29.92,8,NA
2019-08-12T13:53:00,89,78,29.93,9,0.00
2019-08-12T14:53:00,91,77,29.90,11,0.00
2019-08-12T15:53:00,89,76,29.89,11,0.00
2019-08-12T16:00:00,89,76,29.86,11,NA
2019-08-12T16:48:00,91,77,29.91,8,NA
2019-08-12T16:53:00,88,77,29.91,8,T
2019-08-12T17:48:00,88,75,29.91,6,T
2019-08-12T17:53:00,87,76,29.92,6,T
2019-08-12T18:30:00,87,77,29.92,3,NA
2019-08-12T18:51:00,88,77,29.91,5,NA
2019-08-12T18:53:00,86,77,29.91,6,0.00
2019-08-12T19:00:00,86,77,29.88,6,NA
2019-08-12T19:23:00,86,76,29.93,5,NA
2019-08-12T19:38:00,84,79,29.92,7,T
2019-08-12T19:53:00,83,77,29.93,6,T
2019-08-12T20:02:00,84,78,29.94,6,T
2019-08-12T20:08:00,83,78,29.94,5,T
2019-08-12T20:51:00,82,75,29.92,6,NA
2019-08-12T20:53:00,84,75,29.92,5,T
2019-08-12T21:51:00,82,79,29.94,0,NA
2019-08-12T21:53:00,83,78,29.94,0,0.00
2019-08-12T22:00:00,83,78,29.91,0,NA
2019-08-12T22:30:00,82,77,29.92,3,NA
2019-08-12T22:53:00,82,77,NA,0,NA
2019-08-12T23:53:00,82,77,29.91,0,0.00
2019-08-13T00:53:00,82,78,29.91,3,0.00
2019-08-13T01:00:00,82,78,29.88,3,NA
2019-08-13T01:48:00,82,79,29.89,0,NA
2019-08-13T01:53:00,83,78,29.90,0,0.00
2019-08-13T02:50:00,82,79,29.89,5,NA
2019-08-13T02:53:00,82,78,29.89,6,0.00
2019-08-13T03:32:00,81,76,29.89,9,NA
2019-08-13T03:45:00,81,76,29.89,7,NA
2019-08-13T03:53:00,81,76,29.88,7,0.00
2019-08-13T04:00:00,81,76,29.85,7,NA
2019-08-13T04:14:00,81,77,29.88,3,NA
2019-08-13T04:53:00,81,77,29.89,5,0.00
2019-08-13T05:53:00,82,77,29.91,9,0.00
2019-08-13T06:53:00,83,78,29.92,8,0.00
2019-08-13T07:00:00,83,78,29.89,8,NA
2019-08-13T07:53:00,84,77,29.93,6,0.00
2019-08-13T08:53:00,84,76,29.94,7,0.00
2019-08-13T09:53:00,86,76,29.95,5,0.00
2019-08-13T10:00:00,86,76,29.92,5,NA
2019-08-13T10:47:00,82,77,29.96,9,0.02
2019-08-13T10:48:00,82,77,29.95,8,0.04
2019-08-13T10:53:00,81,77,29.95,6,0.23
2019-08-13T11:19:00,82,77,29.94,0,0.14
2019-08-13T11:48:00,81,75,29.96,11,0.14
2019-08-13T11:53:00,80,75,29.95,9,0.04
2019-08-13T12:00:00,80,75,29.95,10,NA
2019-08-13T12:51:00,81,79,29.93,7,NA
2019-08-13T12:53:00,81,78,29.93,7,0.02
2019-08-13T13:00:00,81,78,29.90,7,NA
2019-08-13T13:53:00,83,78,29.92,3,0.00
2019-08-13T14:53:00,85,77,29.90,7,0.00
2019-08-13T15:53:00,85,78,29.90,3,0.00
2019-08-13T16:00:00,85,78,29.87,3,NA
2019-08-13T16:53:00,86,79,29.90,7,0.00
2019-08-13T17:53:00,86,78,29.90,6,0.00
2019-08-13T18:53:00,85,76,29.91,9,0.00
2019-08-13T19:00:00,85,76,29.88,9,NA
2019-08-13T19:53:00,84,77,29.92,3,0.00
2019-08-13T20:53:00,84,78,29.94,7,0.00
2019-08-13T21:53:00,84,78,29.95,5,0.00
2019-08-13T22:00:00,84,78,29.92,5,NA
2019-08-13T22:53:00,83,79,29.95,6,0.00
2019-08-13T23:53:00,83,79,29.93,5,0.00
2019-08-14T00:53:00,84,77,29.92,9,0.00
2019-08-14T01:00:00,84,77,29.89,9,NA
2019-08-14T01:53:00,84,77,29.91,7,0.00
2019-08-14T02:53:00,83,78,29.91,6,0.01
2019-08-14T03:53:00,83,77,29.92,5,0.00
2019-08-14T04:00:00,83,77,29.89,5,NA
2019-08-14T04:53:00,83,77,29.94,5,0.00
2019-08-14T05:18:00,83,75,29.94,8,NA
2019-08-14T05:40:00,81,74,29.95,3,NA
2019-08-14T05:51:00,81,73,29.95,3,NA
2019-08-14T05:53:00,81,73,29.95,0,0.00
2019-08-14T06:16:00,82,76,29.96,6,NA
2019-08-14T06:31:00,81,76,29.95,5,NA
2019-08-14T06:53:00,81,76,29.96,3,0.00
2019-08-14T07:00:00,81,76,29.93,3,NA
2019-08-14T07:53:00,83,77,29.97,3,0.00
2019-08-14T08:17:00,84,77,29.96,5,NA
2019-08-14T08:33:00,84,77,29.97,5,NA
2019-08-14T08:53:00,84,77,29.97,7,0.00
2019-08-14T09:31:00,82,78,29.99,5,0.12
2019-08-14T09:39:00,80,76,30.00,9,0.36
2019-08-14T09:51:00,79,75,29.99,10,NA
2019-08-14T09:53:00,79,75,29.99,9,0.66s
2019-08-14T09:57:00,79,76,29.99,6,0.09
2019-08-14T10:00:00,79,76,29.96,9,NA
2019-08-14T10:10:00,78,76,29.99,5,0.25
2019-08-14T10:33:00,79,76,29.97,0,0.29
2019-08-14T10:53:00,81,77,29.97,0,0.16
2019-08-14T11:53:00,83,79,29.97,7,0.01
2019-08-14T12:53:00,85,79,29.97,9,0.00
2019-08-14T13:00:00,85,79,29.94,9,NA
2019-08-14T13:53:00,87,80,29.94,9,0.00
2019-08-14T14:12:00,88,79,29.94,10,NA
2019-08-14T14:22:00,88,79,29.93,10,NA
2019-08-14T14:53:00,87,78,29.93,11,0.00
2019-08-14T15:51:00,86,77,29.91,7,NA
2019-08-14T15:53:00,86,77,29.91,8,0.00
2019-08-14T16:00:00,86,77,29.88,8,NA
2019-08-14T16:53:00,86,78,29.90,8,0.00
2019-08-14T17:53:00,87,77,29.90,10,0.00
2019-08-14T18:53:00,85,78,29.92,10,0.00
2019-08-14T19:00:00,85,78,29.89,10,NA
2019-08-14T19:53:00,85,78,29.94,10,0.00
2019-08-14T20:05:00,84,78,29.94,8,NA
2019-08-14T20:20:00,84,77,29.94,6,NA
2019-08-14T20:53:00,84,77,29.96,5,0.00
2019-08-14T21:11:00,84,77,29.96,7,NA
2019-08-14T21:29:00,79,74,29.99,16,0.20
2019-08-14T21:53:00,79,75,30.01,8,1.53s
2019-08-14T21:56:00,78,75,30.00,11,0.05
2019-08-14T22:00:00,78,75,29.98,8,NA
2019-08-14T22:20:00,78,75,29.98,16,0.10
2019-08-14T22:51:00,79,73,29.97,8,NA
2019-08-14T22:53:00,78,74,29.97,10,0.06
2019-08-14T23:51:00,79,75,30.01,7,NA
2019-08-14T23:53:00,78,75,30.01,6,0.16
2019-08-15T00:53:00,77,74,30.00,10,0.11
2019-08-15T01:00:00,77,74,29.97,10,NA
2019-08-15T01:45:00,78,75,29.97,7,0.02
2019-08-15T01:53:00,78,75,29.97,7,0.03
2019-08-15T02:53:00,78,75,29.96,5,0.05
2019-08-15T03:53:00,79,76,29.97,11,0.01
2019-08-15T04:00:00,79,76,29.94,11,NA
2019-08-15T04:15:00,79,76,29.96,9,T
2019-08-15T04:51:00,79,75,29.95,10,NA
2019-08-15T04:53:00,79,75,29.95,9,0.04
2019-08-15T05:51:00,79,75,29.94,10,NA
2019-08-15T05:53:00,79,75,29.94,10,0.01
2019-08-15T06:53:00,80,77,29.95,8,0.00
2019-08-15T07:00:00,80,77,29.92,8,NA
2019-08-15T07:53:00,81,77,29.98,8,0.00
2019-08-15T08:53:00,84,77,30.00,7,0.00
2019-08-15T09:42:00,83,78,30.01,7,T
2019-08-15T09:51:00,84,77,30.01,9,NA
2019-08-15T09:53:00,84,77,30.01,8,T
2019-08-15T10:00:00,84,77,29.98,8,NA
2019-08-15T10:53:00,86,75,30.00,6,0.00
2019-08-15T11:53:00,85,76,30.00,15,0.00
2019-08-15T12:17:00,82,76,29.99,14,T
2019-08-15T12:32:00,81,75,30.00,10,T
2019-08-15T12:53:00,82,75,29.99,7,T
2019-08-15T13:00:00,82,75,29.96,7,NA
2019-08-15T13:19:00,81,75,30.00,10,NA
2019-08-15T13:22:00,81,75,30.00,24,T
2019-08-15T13:29:00,78,74,30.00,15,NA
2019-08-15T13:35:00,76,74,30.01,20,0.27
2019-08-15T13:37:00,76,74,30.00,16,0.37
2019-08-15T13:38:00,75,73,30.00,17,0.45
2019-08-15T13:53:00,77,73,30.00,3,0.69
2019-08-15T14:00:00,77,74,29.99,6,0.02
2019-08-15T14:16:00,78,75,29.98,5,0.03
2019-08-15T14:17:00,78,75,29.98,5,0.03
2019-08-15T14:53:00,80,77,29.98,6,0.02
2019-08-15T15:47:00,81,77,29.97,6,T
2019-08-15T15:53:00,81,77,29.97,6,T
2019-08-15T16:00:00,81,77,29.94,6,NA
2019-08-15T16:53:00,83,76,29.96,5,0.00
2019-08-15T17:53:00,81,77,29.96,5,0.09
2019-08-15T18:53:00,80,74,29.97,6,0.00
2019-08-15T19:00:00,80,74,29.94,6,NA
2019-08-15T19:53:00,79,73,29.99,6,0.00
2019-08-15T20:53:00,78,72,29.99,6,0.00
2019-08-15T21:53:00,78,73,30.00,8,0.00
2019-08-15T22:00:00,78,73,29.97,8,NA
2019-08-15T22:53:00,79,75,30.00,6,0.00
2019-08-15T23:53:00,79,75,30.02,5,0.00
2019-08-16T00:53:00,79,76,30.01,7,T
2019-08-16T01:00:00,79,76,29.98,7,NA
2019-08-16T01:31:00,78,75,30.00,13,0.09
2019-08-16T01:36:00,77,74,29.99,11,0.16
2019-08-16T01:43:00,77,74,29.99,10,0.26
2019-08-16T01:53:00,77,74,29.98,7,0.26
2019-08-16T02:00:00,78,73,29.98,7,T
2019-08-16T02:53:00,78,74,30.00,14,0.10
2019-08-16T03:51:00,79,73,30.00,16,NA
2019-08-16T03:53:00,78,74,30.00,13,0.16
2019-08-16T04:00:00,78,74,29.97,13,NA
2019-08-16T04:13:00,77,73,30.00,9,0.05
2019-08-16T04:22:00,78,73,30.00,8,0.06
2019-08-16T04:53:00,77,74,29.99,6,0.07
2019-08-16T05:53:00,78,74,30.00,8,0.01
2019-08-16T06:53:00,79,73,30.03,16,T
2019-08-16T07:00:00,79,73,30.00,16,NA
2019-08-16T07:53:00,79,75,30.05,16,0.04
2019-08-16T08:53:00,77,74,30.05,7,0.06
2019-08-16T09:53:00,79,74,30.05,8,0.01
2019-08-16T10:00:00,79,74,30.02,8,NA
2019-08-16T10:53:00,81,75,30.06,9,0.00
2019-08-16T11:53:00,84,75,30.05,11,0.00
2019-08-16T12:43:00,76,72,30.07,24,0.07
2019-08-16T12:46:00,75,72,30.07,20,0.12
2019-08-16T12:51:00,75,72,30.08,14,NA
2019-08-16T12:53:00,75,72,30.08,14,0.22
2019-08-16T13:00:00,75,72,30.05,14,NA
2019-08-16T13:03:00,75,72,30.08,16,0.06
2019-08-16T13:19:00,75,72,30.07,9,0.12
2019-08-16T13:53:00,76,73,30.06,7,0.14
2019-08-16T14:53:00,78,75,30.05,8,0.05
2019-08-16T15:44:00,78,75,30.03,8,0.03
2019-08-16T15:53:00,78,75,30.02,8,0.02
2019-08-16T16:00:00,78,75,29.99,8,NA
2019-08-16T16:07:00,78,75,30.02,10,T
2019-08-16T16:51:00,79,75,30.02,14,0.23
2019-08-16T16:53:00,78,75,30.02,13,0.26
2019-08-16T16:55:00,78,75,30.02,15,T
2019-08-16T17:04:00,77,74,30.02,16,T
2019-08-16T17:53:00,78,74,30.01,15,0.01
2019-08-16T18:53:00,78,74,30.01,20,T
2019-08-16T19:00:00,78,74,29.98,20,NA
2019-08-16T19:53:00,78,72,30.02,11,0.01
2019-08-16T20:49:00,79,73,30.03,6,T
2019-08-16T20:53:00,78,74,30.03,6,0.00
2019-08-16T21:21:00,79,74,30.04,6,NA
2019-08-16T21:53:00,79,74,30.05,6,0.00
2019-08-16T22:00:00,79,74,30.02,6,NA
2019-08-16T22:53:00,80,75,30.06,7,0.00
2019-08-16T23:53:00,79,75,30.07,5,T
2019-08-17T00:53:00,80,70,30.07,3,0.01
2019-08-17T01:00:00,80,70,30.04,3,NA
2019-08-17T01:53:00,79,75,30.04,7,T
2019-08-17T02:53:00,79,74,30.02,6,0.00
2019-08-17T03:53:00,79,74,30.01,6,0.00
2019-08-17T04:00:00,79,74,29.98,6,NA
2019-08-17T04:18:00,77,74,30.04,10,0.04
2019-08-17T04:21:00,76,74,30.04,6,0.23
2019-08-17T04:25:00,77,74,30.03,0,0.30
2019-08-17T04:30:00,77,74,30.03,3,0.30
2019-08-17T04:53:00,77,74,30.03,0,0.31
2019-08-17T05:19:00,77,74,30.04,0,T
2019-08-17T05:53:00,75,72,30.07,7,0.10
2019-08-17T06:17:00,76,74,30.08,3,0.19
2019-08-17T06:51:00,75,73,30.07,0,NA
2019-08-17T06:53:00,76,73,30.07,0,0.24
2019-08-17T07:00:00,76,73,30.04,0,NA
2019-08-17T07:53:00,76,74,30.06,5,0.00
2019-08-17T08:53:00,79,72,30.07,5,0.00
2019-08-17T09:34:00,75,72,30.13,13,0.18
2019-08-17T09:43:00,74,72,30.12,10,0.30
2019-08-17T09:51:00,73,72,30.12,9,NA
2019-08-17T09:53:00,74,72,30.13,13,0.50s
2019-08-17T10:00:00,74,72,30.10,13,NA
2019-08-17T10:08:00,74,72,30.13,14,0.14
2019-08-17T10:35:00,75,72,30.12,8,0.31
2019-08-17T10:53:00,76,73,30.11,3,0.26
2019-08-17T11:53:00,78,73,30.11,7,0.01
2019-08-17T12:53:00,79,74,30.10,6,T
2019-08-17T13:00:00,79,74,30.07,6,NA
2019-08-17T13:53:00,79,75,30.08,11,0.01
2019-08-17T14:53:00,81,74,30.04,6,0.00
2019-08-17T15:53:00,80,72,30.05,9,T
2019-08-17T16:00:00,80,72,30.02,9,NA
2019-08-17T16:53:00,81,72,30.05,9,T
2019-08-17T17:53:00,81,73,30.06,5,0.00
2019-08-17T18:53:00,80,75,30.06,3,0.00
2019-08-17T19:00:00,80,75,30.03,3,NA
2019-08-17T19:53:00,80,75,30.06,0,0.00
2019-08-17T20:53:00,79,76,30.07,0,0.00
2019-08-17T21:53:00,79,75,30.09,6,0.00
2019-08-17T22:00:00,79,75,30.06,6,NA
2019-08-17T22:53:00,79,74,30.08,3,0.00
2019-08-17T23:53:00,79,74,30.08,5,0.00
2019-08-18T00:53:00,79,75,30.07,6,0.00
2019-08-18T01:00:00,79,75,30.04,6,NA
2019-08-18T01:53:00,78,74,30.06,6,0.00
2019-08-18T02:53:00,78,72,30.06,20,0.00
2019-08-18T03:53:00,79,70,30.04,9,0.00
2019-08-18T04:00:00,79,70,30.01,9,NA
2019-08-18T04:53:00,79,70,30.04,6,0.00
2019-08-18T05:53:00,77,71,30.06,0,0.04
2019-08-18T06:53:00,78,72,30.09,3,T
2019-08-18T07:00:00,78,72,30.06,3,NA
2019-08-18T07:53:00,78,73,30.09,6,0.00
2019-08-18T08:53:00,79,73,30.10,3,0.00
2019-08-18T09:53:00,80,74,30.11,5,0.00
2019-08-18T10:00:00,80,74,30.08,5,NA
2019-08-18T10:53:00,82,75,30.12,5,0.00
2019-08-18T11:53:00,84,75,30.11,7,0.00
2019-08-18T12:53:00,85,74,30.09,5,0.00
2019-08-18T13:00:00,85,74,30.06,5,NA
2019-08-18T13:53:00,88,74,30.08,6,0.00
2019-08-18T14:53:00,87,76,30.07,5,0.00
2019-08-18T15:53:00,87,73,30.06,7,0.00
2019-08-18T16:00:00,87,73,30.03,7,NA
2019-08-18T16:53:00,87,73,30.07,6,0.00
2019-08-18T17:53:00,87,72,30.06,5,0.00
2019-08-18T18:53:00,85,73,30.06,6,0.00
2019-08-18T19:00:00,85,73,30.03,6,NA
2019-08-18T19:53:00,82,76,30.07,7,0.00
2019-08-18T20:53:00,80,74,30.09,7,0.00
2019-08-18T21:53:00,79,74,30.09,5,0.00
2019-08-18T22:00:00,79,74,30.06,5,NA
2019-08-18T22:53:00,78,74,30.09,3,0.00
2019-08-18T23:53:00,78,74,30.11,5,0.00
2019-08-19T00:53:00,78,73,30.09,3,0.00
2019-08-19T01:00:00,78,73,30.06,3,NA
2019-08-19T01:53:00,77,73,30.08,5,0.00
2019-08-19T02:53:00,77,73,30.06,6,0.00
2019-08-19T03:53:00,78,72,30.05,5,0.00
2019-08-19T04:00:00,78,72,30.02,5,NA
2019-08-19T04:53:00,78,72,30.05,6,0.00
2019-08-19T05:53:00,77,72,30.06,0,0.00
2019-08-19T06:53:00,78,72,30.08,3,0.00
2019-08-19T07:00:00,78,72,30.05,3,NA
2019-08-19T07:53:00,79,72,30.09,6,0.00
2019-08-19T08:53:00,81,73,30.10,3,0.00
2019-08-19T09:53:00,84,74,30.11,3,0.00
2019-08-19T10:00:00,84,74,30.08,3,NA
2019-08-19T10:53:00,86,73,30.10,3,0.00
2019-08-19T11:53:00,90,72,30.09,6,0.00
2019-08-19T12:53:00,90,71,30.09,3,0.00
2019-08-19T13:00:00,90,71,30.06,3,NA
2019-08-19T13:53:00,90,75,30.05,9,0.00
2019-08-19T14:21:00,88,74,30.05,7,NA
2019-08-19T14:30:00,87,75,30.04,7,NA
2019-08-19T14:49:00,81,75,30.06,14,0.11
2019-08-19T14:53:00,77,74,30.06,22,0.61
2019-08-19T14:58:00,76,70,30.06,8,NA
2019-08-19T15:15:00,77,72,30.05,6,0.70
2019-08-19T15:34:00,79,73,30.03,6,0.71
2019-08-19T15:53:00,81,72,30.01,0,0.32
2019-08-19T16:00:00,81,71,29.98,0,NA
2019-08-19T16:53:00,87,73,30.03,3,0.00
2019-08-19T17:53:00,86,73,30.01,5,0.00
2019-08-19T18:53:00,84,72,30.02,5,0.00
2019-08-19T19:00:00,84,72,29.99,5,NA
2019-08-19T19:53:00,83,73,30.05,0,0.00
2019-08-19T20:53:00,83,73,30.07,0,0.00
2019-08-19T21:53:00,82,72,30.09,3,0.00
2019-08-19T22:00:00,82,72,30.06,3,NA
2019-08-19T22:53:00,81,73,30.10,3,0.00
2019-08-19T23:53:00,79,73,30.09,3,0.00
2019-08-20T00:53:00,79,73,30.07,3,0.00
2019-08-20T01:00:00,79,73,30.04,3,NA
2019-08-20T01:53:00,78,74,30.05,5,0.00
2019-08-20T02:53:00,78,74,30.04,5,0.00
2019-08-20T03:53:00,77,74,30.04,3,0.00
2019-08-20T04:00:00,77,74,30.01,3,NA
2019-08-20T04:53:00,77,74,30.05,0,0.00
2019-08-20T05:53:00,77,74,30.07,0,0.00
2019-08-20T06:53:00,78,74,30.09,5,0.00
2019-08-20T07:00:00,78,74,30.06,5,NA
2019-08-20T07:53:00,81,75,30.10,6,0.00
2019-08-20T08:53:00,83,75,30.10,6,0.00
2019-08-20T09:53:00,86,74,30.11,9,0.00
2019-08-20T10:00:00,86,74,30.08,9,NA
2019-08-20T10:53:00,87,73,30.11,7,0.00
2019-08-20T11:53:00,90,72,30.09,10,0.00
2019-08-20T12:53:00,91,74,30.07,9,0.00
2019-08-20T13:00:00,91,74,30.04,9,NA
2019-08-20T13:53:00,92,75,30.05,6,0.00
2019-08-20T14:53:00,91,73,30.02,7,0.00
2019-08-20T15:29:00,90,73,30.05,10,NA
2019-08-20T15:53:00,80,72,30.05,3,0.08
2019-08-20T16:00:00,81,72,30.02,3,NA
2019-08-20T16:53:00,80,74,30.05,6,0.01
2019-08-20T17:53:00,80,75,30.06,6,0.00
2019-08-20T18:53:00,79,75,30.07,3,0.00
2019-08-20T19:53:00,81,75,30.08,3,0.00
2019-08-20T20:53:00,81,73,30.09,0,0.00
2019-08-20T21:53:00,81,73,30.10,0,0.00
2019-08-20T22:00:00,81,73,30.07,0,NA
2019-08-20T22:53:00,81,73,30.10,0,0.00
2019-08-20T23:53:00,81,73,30.10,0,0.00
2019-08-21T00:53:00,81,73,30.07,7,0.00
2019-08-21T01:00:00,81,73,30.04,7,NA
2019-08-21T01:53:00,80,74,30.06,3,0.00
2019-08-21T02:53:00,81,73,30.06,3,0.00
2019-08-21T03:53:00,79,74,30.06,0,0.00
2019-08-21T04:00:00,79,73,30.03,0,NA
2019-08-21T04:53:00,79,74,30.06,0,0.00
2019-08-21T05:53:00,79,74,30.07,0,0.00
2019-08-21T06:53:00,80,75,30.08,3,0.00
2019-08-21T07:00:00,81,75,30.05,5,NA
2019-08-21T07:53:00,82,75,30.09,9,0.00
2019-08-21T08:53:00,84,73,30.10,8,0.00
2019-08-21T09:53:00,88,73,30.10,7,0.00
2019-08-21T10:00:00,88,73,30.07,7,NA
2019-08-21T10:53:00,88,72,30.11,8,0.00
2019-08-21T11:53:00,90,71,30.09,9,0.00
2019-08-21T12:53:00,91,69,30.07,7,0.00
2019-08-21T13:00:00,91,69,30.04,7,NA
2019-08-21T13:53:00,92,70,30.04,7,0.00
2019-08-21T14:53:00,92,71,30.03,7,0.00
2019-08-21T15:53:00,92,69,30.02,7,0.00
2019-08-21T16:00:00,92,69,29.99,7,NA
2019-08-21T16:53:00,91,72,30.01,0,0.00
2019-08-21T17:53:00,89,72,30.01,8,0.00
2019-08-21T18:26:00,87,75,30.01,10,NA
2019-08-21T18:38:00,87,75,30.01,9,NA
2019-08-21T18:53:00,86,75,30.01,9,T
2019-08-21T19:00:00,86,75,29.98,9,NA
2019-08-21T19:04:00,86,75,30.03,8,T
2019-08-21T19:17:00,82,73,30.06,13,T
2019-08-21T19:30:00,78,75,30.07,6,0.08
2019-08-21T19:35:00,77,75,30.06,7,0.18
2019-08-21T19:41:00,77,74,30.05,5,0.24
2019-08-21T19:51:00,79,75,30.06,9,NA
2019-08-21T19:53:00,78,75,30.06,7,0.33
2019-08-21T20:01:00,79,74,30.05,7,0.01
2019-08-21T20:53:00,79,74,30.07,3,0.01
2019-08-21T21:10:00,79,75,30.08,0,NA
2019-08-21T21:53:00,80,75,30.08,0,T
2019-08-21T22:00:00,80,75,30.05,0,NA
2019-08-21T22:53:00,80,75,30.07,3,0.01
2019-08-21T23:53:00,80,76,30.07,0,0.00
2019-08-22T00:53:00,80,75,30.05,0,T
2019-08-22T01:00:00,80,75,30.02,0,NA
2019-08-22T01:53:00,80,75,30.04,0,T
2019-08-22T02:53:00,80,75,30.03,0,0.00
2019-08-22T03:53:00,80,75,30.02,5,T
2019-08-22T04:00:00,80,75,29.99,5,NA
2019-08-22T04:53:00,79,75,30.02,0,0.00
2019-08-22T05:53:00,79,75,30.04,3,0.00
2019-08-22T06:53:00,80,75,30.05,6,0.00
2019-08-22T07:00:00,80,75,30.02,6,NA
2019-08-22T07:53:00,82,75,30.07,5,0.00
2019-08-22T08:53:00,85,75,30.07,3,0.00
2019-08-22T09:53:00,87,74,30.07,5,0.00
2019-08-22T10:00:00,87,74,30.04,5,NA
2019-08-22T10:53:00,89,73,30.07,6,0.00
2019-08-22T11:53:00,88,72,30.06,7,0.00
2019-08-22T12:53:00,90,73,30.04,7,0.00
2019-08-22T13:00:00,90,73,30.01,7,NA
2019-08-22T13:53:00,91,73,30.01,8,0.00
2019-08-22T14:53:00,91,73,29.98,6,0.00
2019-08-22T15:53:00,94,69,29.97,6,0.00
2019-08-22T16:00:00,94,69,29.94,6,NA
2019-08-22T16:53:00,93,71,29.96,3,0.00
2019-08-22T17:53:00,91,70,29.96,7,0.00
2019-08-22T18:53:00,89,71,29.98,9,0.00
2019-08-22T19:00:00,89,71,29.95,9,NA
2019-08-22T19:53:00,87,72,30.00,10,0.00
2019-08-22T20:53:00,85,74,30.02,7,0.00
2019-08-22T21:53:00,84,74,30.03,6,0.00
2019-08-22T22:00:00,84,74,30.00,6,NA
2019-08-22T22:53:00,83,74,30.03,5,0.00
2019-08-22T23:53:00,82,74,30.02,5,0.00
2019-08-23T00:53:00,82,74,30.01,0,0.00
2019-08-23T01:00:00,82,74,29.98,0,NA
2019-08-23T01:53:00,81,75,29.99,0,0.00
2019-08-23T02:53:00,80,74,29.98,5,0.00
2019-08-23T03:53:00,78,75,29.99,5,0.00
2019-08-23T04:00:00,78,75,29.96,5,NA
2019-08-23T04:53:00,78,75,29.98,3,0.00
2019-08-23T05:53:00,78,75,30.00,5,0.00
2019-08-23T06:53:00,80,75,30.02,5,0.00
2019-08-23T07:00:00,80,75,29.99,5,NA
2019-08-23T07:53:00,83,75,30.01,5,0.00
2019-08-23T08:53:00,85,75,30.03,6,0.00
2019-08-23T09:53:00,87,74,30.03,8,0.00
2019-08-23T10:00:00,87,74,30.00,8,NA
2019-08-23T10:37:00,89,73,30.03,7,NA
2019-08-23T10:51:00,90,73,30.03,3,NA
2019-08-23T10:53:00,90,73,30.02,7,0.00
2019-08-23T11:53:00,89,72,30.00,5,0.00
2019-08-23T12:53:00,91,72,29.98,6,0.00
2019-08-23T13:00:00,91,72,29.95,6,NA
2019-08-23T13:53:00,89,72,29.97,8,T
2019-08-23T14:53:00,88,73,29.95,5,0.00
2019-08-23T15:53:00,89,73,29.94,8,0.00
2019-08-23T16:00:00,89,73,29.91,8,NA
2019-08-23T16:15:00,88,72,29.94,7,NA
2019-08-23T16:48:00,90,73,29.94,8,NA
2019-08-23T16:53:00,89,73,29.94,7,0.00
2019-08-23T17:53:00,90,73,29.93,5,0.00
2019-08-23T18:53:00,88,73,29.94,8,0.00
2019-08-23T19:00:00,88,73,29.91,8,NA
2019-08-23T19:53:00,85,73,29.94,5,0.00
2019-08-23T20:53:00,84,73,29.96,5,0.00
2019-08-23T21:53:00,83,74,29.98,5,0.00
2019-08-23T22:00:00,83,74,29.95,5,NA
2019-08-23T22:53:00,82,74,29.97,0,0.00
2019-08-23T23:53:00,81,75,29.97,5,0.00
2019-08-24T00:53:00,80,75,29.96,0,0.00
2019-08-24T01:00:00,80,75,29.93,0,NA
2019-08-24T01:53:00,80,75,29.95,3,0.00
2019-08-24T02:53:00,79,75,29.94,3,0.00
2019-08-24T03:53:00,79,75,29.93,3,0.00
2019-08-24T04:00:00,79,75,29.90,3,NA
2019-08-24T04:53:00,78,75,29.93,3,0.00
2019-08-24T05:53:00,78,75,29.95,3,0.00
2019-08-24T06:53:00,79,75,29.97,5,0.00
2019-08-24T07:00:00,79,75,29.94,5,NA
2019-08-24T07:53:00,82,76,29.98,6,0.00
2019-08-24T08:53:00,86,75,29.98,7,0.00
2019-08-24T09:53:00,88,74,29.99,5,0.00
2019-08-24T10:00:00,88,74,29.96,5,NA
2019-08-24T10:53:00,88,74,29.97,7,0.00
2019-08-24T11:53:00,90,74,29.95,9,0.00
2019-08-24T12:53:00,92,74,29.94,6,0.00
2019-08-24T13:00:00,92,74,29.91,6,NA
2019-08-24T13:53:00,93,73,29.92,10,0.00
2019-08-24T14:53:00,92,72,29.91,9,0.00
2019-08-24T15:53:00,93,70,29.89,6,0.00
2019-08-24T16:00:00,93,70,29.86,6,NA
2019-08-24T16:53:00,95,73,29.88,6,0.00
2019-08-24T17:53:00,93,71,29.87,6,0.00
2019-08-24T18:53:00,90,73,29.89,7,0.00
2019-08-24T19:00:00,90,73,29.86,7,NA
2019-08-24T19:53:00,89,73,29.91,6,0.00
2019-08-24T20:53:00,88,73,29.94,7,0.00
2019-08-24T21:53:00,87,72,29.96,6,0.00
2019-08-24T22:00:00,87,72,29.93,6,NA
2019-08-24T22:53:00,85,73,29.96,8,0.00
2019-08-24T23:53:00,84,73,29.96,3,0.00
2019-08-25T00:53:00,83,74,29.93,0,0.00
2019-08-25T01:00:00,83,74,29.90,0,NA
2019-08-25T01:53:00,82,74,29.92,0,0.00
2019-08-25T02:53:00,81,74,29.91,0,0.00
2019-08-25T03:53:00,81,74,29.91,0,0.00
2019-08-25T04:00:00,81,74,29.88,0,NA
2019-08-25T04:53:00,79,74,29.92,3,0.00
2019-08-25T05:53:00,79,74,29.93,3,0.00
2019-08-25T06:53:00,80,74,29.95,5,0.00
2019-08-25T07:00:00,80,74,29.92,5,NA
2019-08-25T07:53:00,82,75,29.96,5,0.00
2019-08-25T08:53:00,86,75,29.97,5,0.00
2019-08-25T09:53:00,88,74,29.98,7,0.00
2019-08-25T10:00:00,88,74,29.95,7,NA
2019-08-25T10:53:00,89,74,29.97,8,0.00
2019-08-25T11:53:00,92,72,29.96,9,0.00
2019-08-25T12:53:00,92,72,29.96,6,0.00
2019-08-25T13:00:00,92,72,29.93,6,NA
2019-08-25T13:53:00,92,71,29.93,0,0.00
2019-08-25T14:53:00,96,73,29.92,5,0.00
2019-08-25T15:53:00,95,70,29.89,7,0.00
2019-08-25T16:00:00,95,70,29.86,7,NA
2019-08-25T16:53:00,95,70,29.87,3,0.00
2019-08-25T17:53:00,93,71,29.89,3,0.00
2019-08-25T18:53:00,89,77,29.89,6,0.00
2019-08-25T19:00:00,89,77,29.86,6,NA
2019-08-25T19:53:00,87,77,29.91,8,0.00
2019-08-25T20:53:00,87,75,29.94,7,0.00
2019-08-25T21:43:00,86,75,29.95,5,NA
2019-08-25T21:53:00,86,75,29.96,6,0.00
2019-08-25T22:00:00,86,75,29.93,6,NA
2019-08-25T22:53:00,82,76,29.97,5,0.05
2019-08-25T23:26:00,81,78,29.97,0,0.19
2019-08-25T23:53:00,82,77,29.96,6,0.14
2019-08-26T00:14:00,82,76,29.96,6,NA
2019-08-26T00:30:00,82,76,29.96,5,NA
2019-08-26T00:38:00,82,76,29.96,6,NA
2019-08-26T00:53:00,82,76,29.95,5,0.00
2019-08-26T01:00:00,82,76,29.92,5,NA
2019-08-26T01:20:00,82,75,29.94,6,NA
2019-08-26T01:53:00,81,75,29.94,7,0.00
2019-08-26T02:53:00,81,75,29.92,8,0.00
2019-08-26T03:53:00,81,75,29.93,7,0.00
2019-08-26T04:00:00,81,75,29.90,7,NA
2019-08-26T04:53:00,80,75,29.94,6,0.00
2019-08-26T05:53:00,80,75,29.94,6,0.00
2019-08-26T06:53:00,80,75,29.96,7,0.00
2019-08-26T07:00:00,80,75,29.93,7,NA
2019-08-26T07:53:00,83,76,29.97,3,0.00
2019-08-26T08:53:00,85,76,29.98,8,0.00
2019-08-26T09:53:00,87,76,29.99,9,0.00
2019-08-26T10:00:00,87,76,29.96,9,NA
2019-08-26T10:53:00,89,76,29.98,3,0.00
2019-08-26T11:53:00,90,77,29.96,9,0.00
2019-08-26T12:21:00,90,79,29.95,8,NA
2019-08-26T12:47:00,90,79,29.94,9,NA
2019-08-26T12:53:00,91,78,29.95,10,0.00
2019-08-26T13:00:00,91,78,29.92,10,NA
2019-08-26T13:53:00,92,76,29.92,10,0.00
2019-08-26T14:53:00,88,76,29.90,11,0.00
2019-08-26T15:07:00,88,76,29.91,8,NA
2019-08-26T15:17:00,87,75,29.90,8,NA
2019-08-26T15:53:00,87,77,29.93,6,0.00
2019-08-26T16:00:00,87,77,29.90,6,NA
2019-08-26T16:51:00,84,73,29.94,5,NA
2019-08-26T16:53:00,85,74,29.94,6,0.00
2019-08-26T17:17:00,83,74,29.95,9,T
2019-08-26T17:26:00,84,73,29.95,6,NA
2019-08-26T17:53:00,83,74,29.94,6,T
2019-08-26T18:03:00,83,74,29.94,0,NA
2019-08-26T18:53:00,83,74,29.95,0,0.00
2019-08-26T19:00:00,83,74,29.92,0,NA
2019-08-26T19:53:00,81,74,29.97,3,0.00
2019-08-26T20:53:00,81,74,29.99,5,0.00
2019-08-26T21:53:00,80,73,30.00,3,0.00
2019-08-26T22:00:00,80,73,29.97,3,NA
2019-08-26T22:53:00,80,74,30.00,0,0.00
2019-08-26T23:53:00,80,74,30.00,5,0.00
2019-08-27T00:53:00,79,74,29.98,5,0.00
2019-08-27T01:00:00,79,74,29.95,5,NA
2019-08-27T01:53:00,81,74,29.96,0,0.00
2019-08-27T02:53:00,78,75,29.95,0,0.00
2019-08-27T03:53:00,78,75,29.94,3,0.00
2019-08-27T04:00:00,78,75,29.91,3,NA
2019-08-27T04:53:00,79,75,29.94,0,0.00
2019-08-27T05:53:00,79,75,29.95,5,0.00
2019-08-27T06:53:00,81,75,29.97,5,0.00
2019-08-27T07:00:00,81,75,29.94,5,NA
2019-08-27T07:53:00,84,75,29.99,0,0.00
2019-08-27T08:53:00,88,77,30.00,5,0.00
2019-08-27T09:14:00,88,77,30.00,3,NA
2019-08-27T09:46:00,89,77,30.00,5,NA
2019-08-27T09:53:00,89,77,30.01,7,0.00
2019-08-27T10:00:00,89,77,29.98,7,NA
2019-08-27T10:53:00,91,80,30.00,7,0.00
2019-08-27T11:53:00,91,78,30.00,8,0.00
2019-08-27T12:51:00,84,75,29.99,5,NA
2019-08-27T12:53:00,85,75,29.99,6,0.00
2019-08-27T13:00:00,85,75,29.96,6,NA
2019-08-27T13:53:00,84,76,29.97,5,0.00
2019-08-27T14:53:00,86,77,29.95,6,0.00
2019-08-27T15:53:00,87,76,29.96,8,0.00
2019-08-27T16:00:00,87,76,29.93,8,NA
2019-08-27T16:53:00,87,77,29.95,9,0.00
2019-08-27T17:53:00,86,76,29.94,9,0.00
2019-08-27T18:53:00,85,76,29.97,7,0.00
2019-08-27T19:00:00,85,76,29.94,7,NA
2019-08-27T19:53:00,84,76,29.96,5,0.00
2019-08-27T20:53:00,84,77,29.96,7,0.00
2019-08-27T21:53:00,84,77,29.96,8,0.00
2019-08-27T22:00:00,84,77,29.93,8,NA
2019-08-27T22:53:00,84,77,29.97,7,0.00
2019-08-27T23:53:00,83,77,29.96,6,0.00
2019-08-28T00:53:00,81,77,29.95,5,0.00
2019-08-28T01:00:00,81,77,29.92,5,NA
2019-08-28T01:53:00,81,76,29.92,0,0.00
2019-08-28T02:53:00,81,76,29.91,0,0.00
2019-08-28T03:53:00,81,76,29.91,0,0.00
2019-08-28T04:00:00,81,76,29.88,0,NA
2019-08-28T04:53:00,82,77,29.92,5,T
2019-08-28T05:53:00,83,76,29.93,5,0.00
2019-08-28T06:53:00,84,76,29.93,3,0.00
2019-08-28T07:00:00,84,76,29.90,3,NA
2019-08-28T07:53:00,86,76,29.94,9,T
2019-08-28T08:53:00,87,77,29.96,10,T
2019-08-28T08:56:00,85,75,29.96,15,T
2019-08-28T09:06:00,79,74,29.95,9,0.03
2019-08-28T09:08:00,80,75,29.95,8,0.06
2019-08-28T09:11:00,81,75,29.96,13,0.12
2019-08-28T09:19:00,79,75,29.96,14,0.15
2019-08-28T09:25:00,78,75,29.96,9,0.22
2019-08-28T09:39:00,79,75,29.96,5,0.27
2019-08-28T09:53:00,81,76,29.96,0,0.27
2019-08-28T10:00:00,81,76,29.93,0,NA
2019-08-28T10:03:00,83,75,29.96,5,NA
2019-08-28T10:18:00,83,77,29.96,10,NA
2019-08-28T10:25:00,84,78,29.96,7,NA
2019-08-28T10:38:00,84,77,29.96,6,NA
2019-08-28T10:51:00,84,79,29.97,7,NA
2019-08-28T10:53:00,86,78,29.97,7,0.00
2019-08-28T11:53:00,88,77,29.95,6,0.00
2019-08-28T12:53:00,89,76,29.94,8,T
2019-08-28T13:00:00,89,76,29.91,8,NA
2019-08-28T13:53:00,89,74,29.91,9,0.00
2019-08-28T14:53:00,89,74,29.90,9,0.00
2019-08-28T15:53:00,88,75,29.89,9,0.00
2019-08-28T16:00:00,88,75,29.86,9,NA
2019-08-28T16:53:00,89,75,29.89,9,0.00
2019-08-28T17:53:00,87,74,29.88,7,0.00
2019-08-28T18:53:00,84,74,29.88,6,0.00
2019-08-28T19:00:00,84,74,29.85,6,NA
2019-08-28T19:53:00,82,74,29.88,6,0.00
2019-08-28T20:53:00,83,74,29.91,5,0.00
2019-08-28T21:53:00,81,75,29.92,3,0.00
2019-08-28T22:00:00,81,75,29.89,3,NA
2019-08-28T22:53:00,81,76,29.92,5,0.00
2019-08-28T23:53:00,81,77,29.91,0,0.00
2019-08-29T00:53:00,81,77,29.91,6,0.00
2019-08-29T01:00:00,81,77,29.88,6,NA
2019-08-29T01:53:00,80,74,29.89,8,0.00
2019-08-29T02:53:00,80,74,29.87,5,0.00
2019-08-29T03:53:00,79,75,29.87,3,0.00
2019-08-29T04:00:00,79,75,29.84,3,NA
2019-08-29T04:53:00,80,76,29.89,3,0.00
2019-08-29T05:53:00,79,76,29.90,6,0.00
2019-08-29T06:53:00,80,76,29.92,3,0.00
2019-08-29T07:00:00,80,76,29.89,3,NA
2019-08-29T07:53:00,83,76,29.93,5,0.00
2019-08-29T08:53:00,88,76,29.95,7,0.00
2019-08-29T09:53:00,89,74,29.96,7,0.00
2019-08-29T10:00:00,89,74,29.93,7,NA
2019-08-29T10:53:00,90,74,29.95,5,0.00
2019-08-29T11:53:00,92,75,29.94,7,0.00
2019-08-29T12:53:00,94,73,29.92,6,0.00
2019-08-29T13:00:00,94,73,29.89,6,NA
2019-08-29T13:53:00,94,73,29.90,8,0.00
2019-08-29T14:53:00,95,71,29.88,11,0.00
2019-08-29T15:53:00,94,70,29.86,11,0.00
2019-08-29T16:00:00,94,70,29.83,11,NA
2019-08-29T16:53:00,93,69,29.87,13,0.00
2019-08-29T17:53:00,94,65,29.86,14,0.00
2019-08-29T18:53:00,91,70,29.90,7,0.00
2019-08-29T19:00:00,91,70,29.87,7,NA
2019-08-29T19:53:00,89,71,29.94,6,0.00
2019-08-29T20:53:00,89,71,29.95,5,0.00
2019-08-29T21:53:00,85,72,29.97,8,0.00
2019-08-29T22:00:00,85,72,29.94,8,NA
2019-08-29T22:53:00,83,72,29.97,6,0.00
2019-08-29T23:53:00,82,74,29.97,8,0.00
2019-08-30T00:53:00,81,74,29.95,6,0.00
2019-08-30T01:00:00,81,74,29.92,6,NA
2019-08-30T01:53:00,80,75,29.93,8,0.00
2019-08-30T02:53:00,79,75,29.92,7,0.00
2019-08-30T03:53:00,79,75,29.91,6,0.00
2019-08-30T04:00:00,79,75,29.88,6,NA
2019-08-30T04:53:00,79,75,29.91,7,0.00
2019-08-30T05:53:00,79,74,29.93,6,0.00
2019-08-30T06:53:00,79,74,29.95,6,0.00
2019-08-30T07:00:00,79,74,29.92,6,NA
2019-08-30T07:53:00,83,75,29.96,7,0.00
2019-08-30T08:53:00,84,75,29.96,9,0.00
2019-08-30T09:53:00,87,75,29.96,8,0.00
2019-08-30T10:00:00,87,75,29.93,8,NA
2019-08-30T10:53:00,87,73,29.95,8,0.00
2019-08-30T11:53:00,91,74,29.94,6,0.00
2019-08-30T12:53:00,90,73,29.92,6,0.00
2019-08-30T13:00:00,90,73,29.89,6,NA
2019-08-30T13:53:00,92,74,29.89,0,0.00
2019-08-30T14:34:00,90,73,29.87,3,NA
2019-08-30T14:51:00,90,73,29.86,7,NA
2019-08-30T14:53:00,92,73,29.87,NA,T
2019-08-30T15:13:00,94,73,29.89,0,0.02
2019-08-30T15:34:00,88,71,29.86,6,0.02
2019-08-30T15:36:00,86,73,29.86,5,0.02
2019-08-30T15:53:00,84,75,29.89,10,0.02
2019-08-30T16:00:00,84,75,29.86,10,NA
2019-08-30T16:53:00,81,75,29.90,13,0.00
2019-08-30T17:53:00,82,75,29.92,8,0.00
2019-08-30T18:47:00,82,70,29.93,9,NA
2019-08-30T18:53:00,82,70,29.93,7,0.00
2019-08-30T19:00:00,82,70,29.90,7,NA
2019-08-30T19:53:00,81,73,29.95,9,0.00
2019-08-30T20:53:00,77,74,29.96,8,T
2019-08-30T21:53:00,79,75,29.97,5,T
2019-08-30T22:00:00,79,75,29.94,5,NA
2019-08-30T22:53:00,80,75,29.98,5,0.00
2019-08-30T23:53:00,79,75,29.97,5,0.00
2019-08-31T00:53:00,79,75,29.97,5,0.00
2019-08-31T01:00:00,79,75,29.94,5,NA
2019-08-31T01:53:00,79,75,29.95,5,0.00
2019-08-31T02:53:00,78,75,29.95,3,0.00
2019-08-31T03:53:00,78,75,29.95,6,0.00
2019-08-31T04:00:00,78,75,29.92,6,NA
2019-08-31T04:53:00,78,75,29.95,7,0.00
2019-08-31T05:53:00,78,75,29.96,6,0.00
2019-08-31T06:53:00,79,75,29.98,3,0.00
2019-08-31T07:00:00,79,75,29.95,3,NA
2019-08-31T07:53:00,82,76,29.98,6,0.00
2019-08-31T08:53:00,85,76,29.98,8,0.00
2019-08-31T09:53:00,86,75,29.98,9,0.00
2019-08-31T10:00:00,86,75,29.95,9,NA
2019-08-31T10:53:00,89,74,29.98,9,0.00
2019-08-31T11:53:00,92,73,29.96,7,0.00
2019-08-31T12:53:00,91,73,29.95,7,0.00
2019-08-31T13:00:00,91,73,29.92,7,NA
2019-08-31T13:53:00,84,75,29.93,7,T
2019-08-31T14:01:00,85,74,29.93,5,NA
2019-08-31T14:41:00,88,69,29.92,7,T
2019-08-31T14:53:00,88,69,29.93,7,T
2019-08-31T15:53:00,86,73,29.92,5,0.00
2019-08-31T16:00:00,86,73,29.89,5,NA
2019-08-31T16:53:00,86,74,29.92,8,0.00
2019-08-31T17:53:00,86,74,29.92,8,0.00
2019-08-31T18:53:00,85,73,29.93,7,0.00
2019-08-31T19:00:00,85,73,29.90,7,NA
2019-08-31T19:53:00,84,73,29.94,6,0.00
2019-08-31T20:53:00,83,74,29.96,5,0.00
2019-08-31T21:53:00,82,74,29.98,6,0.00
2019-08-31T22:00:00,82,74,29.95,6,NA
2019-08-31T22:53:00,82,74,29.98,6,0.00
2019-08-31T23:53:00,81,75,NA,6,NA
2019-09-01T00:53:00,80,75,29.95,5,0.00
2019-09-01T01:00:00,80,75,29.92,5,NA
2019-09-01T01:53:00,79,75,29.94,5,0.00
2019-09-01T02:53:00,79,75,29.94,6,0.00
2019-09-01T03:53:00,79,75,29.94,6,0.00
2019-09-01T04:00:00,79,75,29.91,6,NA
2019-09-01T04:53:00,79,75,29.94,5,0.00
2019-09-01T05:53:00,79,76,29.94,5,0.00
2019-09-01T06:53:00,79,76,29.95,5,0.00
2019-09-01T07:00:00,79,76,29.92,5,NA
2019-09-01T07:53:00,82,76,29.96,6,0.00
2019-09-01T08:53:00,86,76,29.96,7,0.00
2019-09-01T09:53:00,86,76,29.97,7,0.00
2019-09-01T10:00:00,86,76,29.94,7,NA
2019-09-01T10:53:00,86,76,29.96,7,0.00
2019-09-01T11:53:00,89,75,29.94,5,0.01
2019-09-01T12:53:00,86,76,29.92,5,0.01
2019-09-01T13:00:00,86,76,29.89,5,NA
2019-09-01T13:53:00,86,76,29.89,11,0.00
2019-09-01T14:15:00,86,76,29.88,9,NA
2019-09-01T14:44:00,91,73,29.88,8,NA
2019-09-01T14:53:00,91,73,29.91,11,T
2019-09-01T15:04:00,91,73,29.94,7,T
2019-09-01T15:16:00,91,73,29.91,13,0.17
2019-09-01T15:51:00,75s,73,29.90,8,NA
2019-09-01T15:53:00,76s,73,29.89,8,0.24
2019-09-01T16:00:00,76s,73,29.86,8,NA
2019-09-01T16:13:00,77,73,29.89,8,T
2019-09-01T16:23:00,77,74,29.90,7,T
2019-09-01T16:53:00,78,74,29.91,6,T
2019-09-01T17:53:00,79,75,29.90,5,T
2019-09-01T18:53:00,80,75,29.90,5,0.00
2019-09-01T19:00:00,80,75,29.87,5,NA
2019-09-01T19:53:00,80,76,29.90,3,0.00
2019-09-01T20:53:00,79,76,29.92,5,0.00
2019-09-01T21:53:00,79,76,29.91,3,0.00
2019-09-01T22:00:00,79,76,29.88,3,NA
2019-09-01T22:53:00,80,76,29.90,5,0.00
2019-09-01T23:53:00,79,76,29.88,6,0.00
2019-09-02T00:53:00,79,76,29.88,6,0.00
2019-09-02T01:00:00,79,76,29.85,6,NA
2019-09-02T01:53:00,78,75,29.85,3,0.00
2019-09-02T02:38:00,78,75,29.84,6,NA
2019-09-02T02:53:00,78,75,29.84,7,0.00
2019-09-02T03:53:00,78,76,29.83,6,0.00
2019-09-02T04:00:00,78,76,29.80,6,NA
2019-09-02T04:21:00,78,76,29.83,6,NA
2019-09-02T04:53:00,78,76,29.84,7,0.00
2019-09-02T05:53:00,78,76,29.84,7,0.00
2019-09-02T06:12:00,78,76,29.85,8,NA
2019-09-02T06:53:00,78,76,29.85,7,0.00
2019-09-02T07:00:00,78,76,29.82,7,NA
2019-09-02T07:53:00,80,76,29.86,7,0.00
2019-09-02T08:51:00,84,77,29.87,7,NA
2019-09-02T08:53:00,84,77,29.87,6,0.00
2019-09-02T09:51:00,86,75,29.88,10,NA
2019-09-02T09:53:00,86,76,29.88,13,0.00
2019-09-02T10:00:00,86,76,29.85,13,NA
2019-09-02T10:53:00,88,76,29.86,8,0.00
2019-09-02T11:53:00,87,74,29.84,14,0.00
2019-09-02T12:03:00,87,74,29.84,14,NA
2019-09-02T12:21:00,87,74,29.87,17,T
2019-09-02T12:37:00,87,73,29.85,3,0.16
2019-09-02T12:51:00,79,73,29.84,3,NA
2019-09-02T12:53:00,79,73,29.84,5,0.17
2019-09-02T13:00:00,79,74,29.81,5,NA
2019-09-02T13:53:00,85,76,29.82,9,0.00
2019-09-02T14:53:00,84,74,29.80,10,0.00
2019-09-02T15:53:00,86,74,29.79,14,0.00
2019-09-02T16:00:00,86,74,29.76,14,NA
2019-09-02T16:53:00,88,74,29.78,14,0.00
2019-09-02T17:53:00,88,74,29.79,10,0.00
2019-09-02T18:53:00,84,74,29.81,10,0.00
2019-09-02T19:00:00,84,74,29.78,10,NA
2019-09-02T19:53:00,83,75,29.81,9,0.00
2019-09-02T20:53:00,82,74,29.83,10,0.00
2019-09-02T21:53:00,81,75,29.83,7,0.00
2019-09-02T22:00:00,81,75,29.80,7,NA
2019-09-02T22:53:00,80,75,29.83,9,0.00
2019-09-02T23:53:00,80,75,29.81,10,0.00
2019-09-03T00:53:00,79,74,29.79,10,0.00
2019-09-03T01:00:00,79,74,29.76,10,NA
2019-09-03T01:53:00,79,74,29.78,7,0.00
2019-09-03T02:53:00,79,74,29.76,9,0.00
2019-09-03T03:53:00,79,74,29.76,8,0.00
2019-09-03T04:00:00,79,74,29.73,8,NA
2019-09-03T04:53:00,78,74,29.77,8,0.00
2019-09-03T05:53:00,77,74,29.77,8,0.00
2019-09-03T06:53:00,78,74,29.80,9,0.00
2019-09-03T07:00:00,78,74,29.77,9,NA
2019-09-03T07:53:00,82,75,29.81,8,0.00
2019-09-03T08:53:00,84,75,29.82,10,0.00
2019-09-03T09:48:00,86,75,29.83,10,NA
2019-09-03T09:53:00,86,76,29.83,9,0.00
2019-09-03T10:00:00,86,76,29.80,9,NA
2019-09-03T10:11:00,86,76,29.83,10,NA
2019-09-03T10:53:00,89,72,29.83,15,0.00
2019-09-03T11:53:00,87,71,29.82,11,0.00
2019-09-03T12:53:00,88,76,29.80,13,0.00
2019-09-03T13:00:00,88,76,29.77,13,NA
2019-09-03T13:53:00,90,74,29.79,11,0.00
2019-09-03T14:53:00,90,74,29.77,20,T
2019-09-03T15:53:00,84,70,29.77,15,T
2019-09-03T16:00:00,84,70,29.74,15,NA
2019-09-03T16:53:00,83,70,29.77,16,0.00
2019-09-03T17:53:00,83,70,29.77,15,0.00
2019-09-03T18:53:00,83,72,29.78,13,0.00
2019-09-03T19:00:00,83,72,29.75,13,NA
2019-09-03T19:53:00,81,73,29.80,8,0.00
2019-09-03T20:53:00,80,74,29.81,7,0.00
2019-09-03T21:53:00,81,75,29.81,8,0.00
2019-09-03T22:00:00,81,75,29.78,8,NA
2019-09-03T22:53:00,82,73,29.80,10,0.00
2019-09-03T23:53:00,81,74,29.79,9,0.00
2019-09-04T00:53:00,80,74,29.77,8,0.00
2019-09-04T01:00:00,80,74,29.74,8,NA
2019-09-04T01:53:00,80,74,29.76,9,0.00
2019-09-04T02:53:00,80,74,29.76,7,0.00
2019-09-04T03:53:00,80,75,29.78,9,0.00
2019-09-04T04:00:00,80,75,29.75,9,NA
2019-09-04T04:53:00,80,75,29.79,8,0.00
2019-09-04T05:45:00,80,75,29.80,7,NA
2019-09-04T05:53:00,80,75,29.81,6,0.00
2019-09-04T06:53:00,80,75,29.82,9,0.00
2019-09-04T07:00:00,80,75,29.79,9,NA
2019-09-04T07:02:00,81,75,29.82,8,NA
2019-09-04T07:53:00,82,75,29.84,8,0.00
2019-09-04T08:53:00,83,75,29.84,11,0.00
2019-09-04T09:26:00,84,75,29.84,13,NA
2019-09-04T09:53:00,85,75,29.84,15,0.00
2019-09-04T10:00:00,85,75,29.81,15,NA
2019-09-04T10:12:00,85,75,29.84,15,NA
2019-09-04T10:53:00,85,75,29.84,14,0.00
2019-09-04T11:53:00,87,75,29.84,15,0.00
2019-09-04T12:53:00,87,75,29.83,15,0.00
2019-09-04T13:00:00,87,75,29.80,15,NA
2019-09-04T13:53:00,90,77,29.82,17,0.00
2019-09-04T14:53:00,89,75,29.82,18,0.00
2019-09-04T15:53:00,89,75,29.83,16,0.00
2019-09-04T16:00:00,89,75,29.80,16,NA
2019-09-04T16:53:00,89,75,29.83,15,0.00
2019-09-04T17:53:00,86,75,29.84,11,0.00
2019-09-04T18:53:00,86,74,29.85,13,0.00
2019-09-04T19:00:00,86,74,29.82,13,NA
2019-09-04T19:53:00,85,76,29.86,10,0.00
2019-09-04T20:53:00,85,77,29.88,10,0.00
2019-09-04T21:53:00,85,77,29.89,14,0.00
2019-09-04T22:00:00,85,77,29.86,14,NA
2019-09-04T22:53:00,85,78,29.88,13,0.00
2019-09-04T23:53:00,85,78,29.89,11,0.00
2019-09-05T00:53:00,84,79,29.89,13,0.00
2019-09-05T01:00:00,84,79,29.86,13,NA
2019-09-05T01:53:00,84,79,29.89,11,0.00
2019-09-05T02:53:00,84,79,29.89,13,0.00
2019-09-05T03:53:00,84,79,29.89,10,0.00
2019-09-05T04:00:00,84,79,29.86,10,NA
2019-09-05T04:53:00,84,79,29.90,9,0.00
2019-09-05T05:53:00,84,79,29.91,10,0.00
2019-09-05T06:53:00,85,79,29.93,11,0.00
2019-09-05T07:00:00,85,79,29.90,11,NA
2019-09-05T07:53:00,86,79,29.94,14,0.00
2019-09-05T08:53:00,87,79,29.95,14,0.00
2019-09-05T09:53:00,87,79,29.95,14,0.00
2019-09-05T10:00:00,87,79,29.92,14,NA
2019-09-05T10:53:00,92,82,29.94,14,0.00
2019-09-05T11:53:00,87,79,29.94,13,0.00
2019-09-05T12:53:00,87,79,29.93,14,0.00
2019-09-05T13:00:00,87,79,29.90,14,NA
2019-09-05T13:53:00,92,79,29.92,13,0.00
2019-09-05T14:53:00,91,79,29.91,13,0.00
2019-09-05T15:53:00,91,79,29.91,14,0.00
2019-09-05T16:00:00,91,79,29.88,14,NA
2019-09-05T16:53:00,90,79,29.90,11,0.00
2019-09-05T17:53:00,88,80,29.91,13,0.00
2019-09-05T18:53:00,87,78,29.90,13,0.00
2019-09-05T19:00:00,87,78,29.87,13,NA
2019-09-05T19:53:00,86,78,29.91,11,0.00
2019-09-05T20:53:00,86,78,29.93,10,0.00
2019-09-05T21:53:00,85,78,29.93,10,0.00
2019-09-05T22:00:00,85,78,29.90,10,NA
2019-09-05T22:53:00,85,78,29.94,14,0.00
2019-09-05T23:53:00,84,77,29.93,13,0.00
2019-09-06T00:53:00,84,78,29.92,10,0.00
2019-09-06T01:00:00,84,78,29.89,10,NA
2019-09-06T01:53:00,84,77,29.90,10,0.00
2019-09-06T02:53:00,83,77,29.89,10,0.00
2019-09-06T03:53:00,84,78,29.89,11,0.00
2019-09-06T04:00:00,84,78,29.86,11,NA
2019-09-06T04:53:00,84,78,29.90,13,0.00
2019-09-06T05:53:00,84,79,29.91,10,0.00
2019-09-06T06:53:00,85,79,29.91,11,0.00
2019-09-06T07:00:00,85,79,29.88,11,NA
2019-09-06T07:53:00,86,80,29.92,9,0.00
2019-09-06T08:53:00,87,80,29.93,10,0.00
2019-09-06T09:53:00,87,80,29.94,9,0.00
2019-09-06T10:00:00,87,80,29.91,9,NA
2019-09-06T10:53:00,91,82,29.93,11,0.00
2019-09-06T11:53:00,91,80,29.92,13,0.00
2019-09-06T12:53:00,92,81,29.91,13,0.00
2019-09-06T13:00:00,92,81,29.88,13,NA
2019-09-06T13:53:00,93,78,29.90,14,0.00
2019-09-06T14:53:00,92,77,29.88,14,0.00
2019-09-06T15:53:00,91,78,29.87,14,0.00
2019-09-06T16:00:00,91,78,29.84,14,NA
2019-09-06T16:53:00,91,76,29.88,7,0.00
2019-09-06T17:53:00,91,76,29.88,9,0.00
2019-09-06T18:53:00,88,73,29.88,7,0.00
2019-09-06T19:00:00,88,73,29.85,7,NA
2019-09-06T19:53:00,84,73,29.90,6,0.00
2019-09-06T20:53:00,85,70,29.91,7,0.00
2019-09-06T21:53:00,83,71,29.93,3,0.00
2019-09-06T22:00:00,83,71,29.90,3,NA
2019-09-06T22:53:00,81,72,29.92,5,0.00
2019-09-06T23:53:00,81,71,29.92,3,0.00
2019-09-07T00:53:00,79,69,29.92,3,0.00
2019-09-07T01:00:00,79,69,29.89,3,NA
2019-09-07T01:53:00,79,69,29.91,0,0.00
2019-09-07T02:53:00,79,69,29.90,0,0.00
2019-09-07T03:53:00,76,67,29.90,0,0.00
2019-09-07T04:00:00,76,67,29.87,0,NA
2019-09-07T04:53:00,77,67,29.92,0,0.00
2019-09-07T05:53:00,79,65,29.94,0,0.00
2019-09-07T06:53:00,80,66,29.95,0,0.00
2019-09-07T07:00:00,80,66,29.92,0,NA
2019-09-07T07:53:00,82,69,29.96,5,0.00
2019-09-07T08:53:00,84,69,29.97,6,0.00
2019-09-07T09:53:00,83,69,29.97,7,0.00
2019-09-07T10:00:00,83,69,29.94,7,NA
2019-09-07T10:53:00,83,69,29.96,7,0.00
2019-09-07T11:53:00,86,69,29.94,6,0.00
2019-09-07T12:53:00,89,69,29.94,8,0.00
2019-09-07T13:00:00,89,69,29.91,8,NA
2019-09-07T13:53:00,90,70,29.92,9,0.00
2019-09-07T14:53:00,92,72,29.91,9,0.00
2019-09-07T15:53:00,89,75,29.90,10,0.00
2019-09-07T16:00:00,89,75,29.87,10,NA
2019-09-07T16:53:00,87,74,29.90,7,0.00
2019-09-07T17:53:00,85,72,29.91,7,0.00
2019-09-07T18:53:00,85,72,29.91,8,0.00
2019-09-07T19:00:00,85,72,29.88,8,NA
2019-09-07T19:53:00,84,70,29.93,6,0.00
2019-09-07T20:53:00,83,71,29.94,6,0.00
2019-09-07T21:53:00,82,71,29.94,5,0.00
2019-09-07T22:00:00,82,71,29.91,5,NA
2019-09-07T22:53:00,81,72,29.95,3,0.00
2019-09-07T23:53:00,80,71,29.95,0,0.00
2019-09-08T00:53:00,80,73,29.96,0,0.00
2019-09-08T01:00:00,80,73,29.93,0,NA
2019-09-08T01:53:00,78,72,29.96,0,0.00
2019-09-08T02:53:00,80,72,29.95,0,0.00
2019-09-08T03:53:00,79,72,29.96,0,0.00
2019-09-08T04:00:00,79,72,29.93,0,NA
2019-09-08T04:53:00,80,72,29.98,0,0.00
2019-09-08T05:53:00,79,72,30.00,0,0.00
2019-09-08T06:53:00,81,72,30.01,0,0.00
2019-09-08T07:00:00,81,72,29.98,0,NA
2019-09-08T07:53:00,83,74,30.03,0,0.00
2019-09-08T08:53:00,83,73,30.03,0,0.00
2019-09-08T09:53:00,83,73,30.03,5,0.00
2019-09-08T10:00:00,83,73,30.00,5,NA
2019-09-08T10:53:00,86,75,30.03,8,0.00
2019-09-08T11:53:00,87,76,30.02,7,0.00
2019-09-08T12:53:00,87,76,30.01,9,0.00
2019-09-08T13:00:00,87,76,29.98,9,NA
2019-09-08T13:53:00,93,69,29.99,9,0.00
2019-09-08T14:53:00,91,75,29.99,9,0.00
2019-09-08T15:53:00,88,74,29.98,8,0.00
2019-09-08T16:00:00,88,74,29.95,8,NA
2019-09-08T16:53:00,90,72,29.98,7,0.00
2019-09-08T17:53:00,88,73,29.99,7,0.00
2019-09-08T18:53:00,85,72,30.00,5,0.00
2019-09-08T19:00:00,85,72,29.97,5,NA
2019-09-08T19:53:00,85,72,30.01,3,0.00
2019-09-08T20:53:00,83,72,30.02,6,0.00
2019-09-08T21:53:00,82,73,30.04,0,0.00
2019-09-08T22:00:00,82,73,30.01,0,NA
2019-09-08T22:53:00,82,73,30.05,0,0.00
2019-09-08T23:53:00,82,73,30.04,0,0.00
2019-09-09T00:53:00,81,74,30.04,0,0.00
2019-09-09T01:00:00,81,74,30.01,0,NA
2019-09-09T01:53:00,82,73,30.04,0,0.00
2019-09-09T02:53:00,81,73,30.04,0,0.00
2019-09-09T03:53:00,82,73,30.05,0,0.00
2019-09-09T04:00:00,82,73,30.02,0,NA
2019-09-09T04:53:00,81,73,30.06,0,0.00
2019-09-09T05:53:00,81,73,30.07,0,0.00
2019-09-09T06:53:00,82,74,30.09,0,0.00
2019-09-09T07:00:00,82,74,30.06,0,NA
2019-09-09T07:53:00,84,74,30.10,0,T
2019-09-09T08:53:00,87,74,30.11,0,T
2019-09-09T09:53:00,89,75,30.12,6,0.00
2019-09-09T10:00:00,89,75,30.09,6,NA
2019-09-09T10:53:00,89,74,30.12,8,0.00
2019-09-09T11:53:00,90,75,30.11,9,0.00
2019-09-09T12:53:00,90,74,30.09,8,0.00
2019-09-09T13:00:00,90,74,30.06,8,NA
2019-09-09T13:53:00,92,73,30.07,8,0.00
2019-09-09T13:59:00,92,73,30.07,9,NA
2019-09-09T14:30:00,92,73,30.06,8,NA
2019-09-09T14:53:00,93,72,30.06,8,0.00
2019-09-09T15:44:00,85,74,30.05,10,0.02
2019-09-09T15:51:00,86,73,30.04,8,NA
2019-09-09T15:53:00,88,75,30.04,7,0.06
2019-09-09T16:00:00,88,75,30.01,7,NA
2019-09-09T16:53:00,92,75,30.03,5,T
2019-09-09T17:53:00,89,73,30.05,10,0.00
2019-09-09T18:53:00,87,72,30.06,9,0.00
2019-09-09T19:00:00,87,72,30.03,9,NA
2019-09-09T19:22:00,85,72,30.07,7,NA
2019-09-09T19:51:00,84,72,30.08,5,NA
2019-09-09T19:53:00,84,72,30.08,5,0.00
2019-09-09T20:53:00,84,74,30.11,11,0.00
2019-09-09T21:49:00,82,73,30.14,5,T
2019-09-09T21:53:00,83,73,30.14,7,T
2019-09-09T22:00:00,83,73,30.11,7,NA
2019-09-09T22:18:00,80,74,30.13,7,NA
2019-09-09T22:34:00,80,74,30.13,3,NA
2019-09-09T22:53:00,81,74,30.12,0,0.00
2019-09-09T23:53:00,82,74,30.11,6,0.00
2019-09-10T00:53:00,82,74,30.12,7,0.00
2019-09-10T01:00:00,82,74,30.09,7,NA
2019-09-10T01:53:00,82,75,30.11,5,0.00
2019-09-10T02:53:00,79,75,30.10,3,0.00
2019-09-10T03:53:00,79,75,30.11,6,0.00
2019-09-10T04:00:00,79,75,30.08,6,NA
2019-09-10T04:53:00,80,75,30.12,3,0.00
2019-09-10T05:53:00,79,75,30.13,5,0.00
2019-09-10T06:53:00,80,75,30.16,6,0.00
2019-09-10T07:00:00,80,75,30.13,6,NA
2019-09-10T07:53:00,83,76,30.18,7,0.00
2019-09-10T08:53:00,85,75,30.19,8,0.00
2019-09-10T09:53:00,88,72,30.19,9,0.00
2019-09-10T10:00:00,88,72,30.16,9,NA
2019-09-10T10:53:00,91,70,30.18,7,0.00
2019-09-10T11:53:00,92,69,30.17,5,0.00
2019-09-10T12:53:00,92,68,30.15,8,0.00
2019-09-10T13:00:00,92,68,30.12,8,NA
2019-09-10T13:53:00,94,67,30.13,9,0.00
2019-09-10T14:53:00,93,65,30.12,6,0.00
2019-09-10T15:53:00,93,67,30.11,7,0.00
2019-09-10T16:00:00,93,67,30.08,7,NA
2019-09-10T16:53:00,94,67,30.10,6,0.00
2019-09-10T17:53:00,92,63,30.09,10,0.00
2019-09-10T18:53:00,90,66,30.10,6,0.00
2019-09-10T19:00:00,90,66,30.07,6,NA
2019-09-10T19:53:00,87,69,30.12,10,0.00
2019-09-10T20:53:00,86,70,30.13,10,0.00
2019-09-10T21:53:00,84,71,30.14,8,0.00
2019-09-10T22:00:00,84,71,30.11,8,NA
2019-09-10T22:53:00,83,72,30.15,6,0.00
2019-09-10T23:53:00,81,72,30.14,6,0.00
2019-09-11T00:53:00,80,73,30.14,5,0.00
2019-09-11T01:00:00,80,73,30.11,5,NA
2019-09-11T01:53:00,79,73,30.14,5,0.00
2019-09-11T02:53:00,79,73,30.12,5,0.00
2019-09-11T03:53:00,78,73,30.12,5,0.00
2019-09-11T04:00:00,78,73,30.09,5,NA
2019-09-11T04:53:00,78,73,30.12,6,0.00
2019-09-11T05:53:00,78,73,30.13,6,0.00
2019-09-11T06:53:00,79,73,30.14,3,0.00
2019-09-11T07:00:00,79,73,30.11,3,NA
2019-09-11T07:53:00,81,73,30.15,6,0.00
2019-09-11T08:53:00,85,73,30.15,9,0.00
2019-09-11T09:53:00,87,72,30.14,7,0.00
2019-09-11T10:00:00,87,72,30.11,7,NA
2019-09-11T10:53:00,89,70,30.13,7,0.00
2019-09-11T11:53:00,91,68,30.12,10,0.00
2019-09-11T12:53:00,92,68,30.09,10,0.00
2019-09-11T13:00:00,92,68,30.06,10,NA
2019-09-11T13:53:00,93,67,30.07,7,0.00
2019-09-11T14:53:00,94,68,30.05,8,0.00
2019-09-11T15:53:00,94,66,30.03,7,0.00
2019-09-11T16:00:00,94,66,30.00,7,NA
2019-09-11T16:53:00,90,69,30.03,10,0.00
2019-09-11T17:53:00,90,69,30.02,7,0.00
2019-09-11T18:53:00,88,68,30.02,7,0.00
2019-09-11T19:00:00,88,68,29.99,7,NA
2019-09-11T19:53:00,86,68,30.04,8,0.00
2019-09-11T20:53:00,84,70,30.05,8,0.00
2019-09-11T21:53:00,82,70,30.06,7,0.00
2019-09-11T22:00:00,82,70,30.03,7,NA
2019-09-11T22:53:00,81,71,30.06,7,0.00
2019-09-11T23:53:00,80,71,30.05,5,0.00
2019-09-12T00:53:00,79,72,30.04,7,0.00
2019-09-12T01:00:00,79,72,30.01,7,NA
2019-09-12T01:53:00,78,73,30.02,7,0.00
2019-09-12T02:53:00,78,73,30.00,6,0.00
2019-09-12T03:53:00,78,73,30.00,6,0.00
2019-09-12T04:00:00,78,73,29.97,6,NA
2019-09-12T04:53:00,77,73,30.00,5,0.00
2019-09-12T05:53:00,77,73,30.01,5,0.00
2019-09-12T06:53:00,78,73,30.02,6,0.00
2019-09-12T07:00:00,78,73,29.99,6,NA
2019-09-12T07:53:00,81,73,30.04,8,0.00
2019-09-12T08:53:00,85,74,30.04,7,0.00
2019-09-12T09:53:00,86,73,30.04,9,0.00
2019-09-12T10:00:00,86,73,30.01,9,NA
2019-09-12T10:53:00,89,72,30.03,13,0.00
2019-09-12T11:53:00,92,69,30.03,9,0.00
2019-09-12T12:53:00,94,68,30.01,8,0.00
2019-09-12T13:00:00,94,68,29.98,8,NA
2019-09-12T13:53:00,94,66,29.98,8,0.00
2019-09-12T14:53:00,94,68,29.96,11,0.00
2019-09-12T15:53:00,94,70,29.94,5,0.00
2019-09-12T16:00:00,94,70,29.91,5,NA
2019-09-12T16:53:00,88,68,29.96,13,0.00
2019-09-12T17:53:00,86,71,29.97,7,0.00
2019-09-12T18:53:00,85,71,29.96,7,0.00
2019-09-12T19:00:00,85,71,29.93,7,NA
2019-09-12T19:53:00,84,71,29.99,6,0.00
2019-09-12T20:53:00,83,71,30.00,NA,0.00
2019-09-12T21:53:00,82,73,30.01,14,0.00
2019-09-12T22:00:00,82,73,29.98,14,NA
2019-09-12T22:53:00,82,73,30.01,7,0.00
2019-09-12T23:53:00,81,73,30.01,7,0.00
2019-09-13T00:53:00,80,74,29.99,8,0.00
2019-09-13T01:00:00,80,74,29.96,8,NA
2019-09-13T01:53:00,80,73,29.98,7,0.00
2019-09-13T02:53:00,80,73,29.97,6,0.00
2019-09-13T03:53:00,79,73,29.97,5,0.00
2019-09-13T04:00:00,79,73,29.94,5,NA
2019-09-13T04:53:00,79,74,29.98,6,0.00
2019-09-13T05:53:00,79,74,29.99,6,0.00
2019-09-13T06:53:00,80,74,30.01,6,0.00
2019-09-13T07:00:00,80,74,29.98,6,NA
2019-09-13T07:53:00,83,74,30.03,8,0.00
2019-09-13T08:53:00,84,74,30.04,9,0.00
2019-09-13T09:53:00,86,73,30.03,13,0.00
2019-09-13T10:00:00,86,73,30.00,13,NA
2019-09-13T10:53:00,88,72,30.03,14,0.00
2019-09-13T11:53:00,90,71,30.01,13,0.00
2019-09-13T12:53:00,88,70,29.99,14,0.00
2019-09-13T13:00:00,88,70,29.96,14,NA
2019-09-13T13:53:00,88,71,29.99,9,0.00
2019-09-13T14:53:00,88,72,29.97,9,0.00
2019-09-13T15:53:00,89,70,29.97,11,0.00
2019-09-13T16:00:00,89,70,29.94,11,NA
2019-09-13T16:51:00,90,72,29.98,8,NA
2019-09-13T16:53:00,89,71,29.97,8,0.00
2019-09-13T16:56:00,89,71,29.98,13,NA
2019-09-13T17:49:00,82,72,29.98,9,NA
2019-09-13T17:53:00,83,72,29.98,9,0.00
2019-09-13T18:53:00,83,71,29.98,11,0.00
2019-09-13T19:00:00,83,71,29.95,11,NA
2019-09-13T19:53:00,81,72,30.00,6,0.00
2019-09-13T20:53:00,80,73,30.03,6,0.00
2019-09-13T21:53:00,81,73,30.05,8,0.00
2019-09-13T22:00:00,81,73,30.02,8,NA
2019-09-13T22:53:00,81,73,30.02,7,0.00
2019-09-13T23:53:00,79,73,30.02,6,0.00
2019-09-14T00:53:00,79,73,30.03,7,0.00
2019-09-14T01:00:00,79,73,30.00,7,NA
2019-09-14T01:53:00,78,73,30.00,7,0.00
2019-09-14T02:53:00,78,73,29.97,8,0.00
2019-09-14T03:53:00,78,73,29.98,7,0.00
2019-09-14T04:00:00,78,73,29.95,7,NA
2019-09-14T04:53:00,78,73,29.98,6,0.00
2019-09-14T05:53:00,77,73,29.99,8,0.00
2019-09-14T06:53:00,78,73,29.99,7,0.00
2019-09-14T07:00:00,78,73,29.96,7,NA
2019-09-14T07:53:00,82,74,30.00,8,0.00
2019-09-14T08:53:00,84,73,30.01,11,0.00
2019-09-14T09:53:00,88,73,30.01,9,0.00
2019-09-14T10:00:00,88,73,29.98,9,NA
2019-09-14T10:53:00,89,71,30.01,11,0.00
2019-09-14T11:53:00,91,71,29.98,11,0.00
2019-09-14T12:53:00,86,74,29.97,13,T
2019-09-14T13:00:00,86,74,29.94,13,NA
2019-09-14T13:53:00,90,72,29.95,8,0.01
2019-09-14T14:23:00,91,72,29.94,10,NA
2019-09-14T14:30:00,92,72,29.94,9,NA
2019-09-14T14:53:00,90,72,29.94,13,0.00
2019-09-14T15:21:00,89,71,29.94,10,NA
2019-09-14T15:53:00,87,73,29.93,15,0.00
2019-09-14T16:00:00,87,73,29.90,15,NA
2019-09-14T16:53:00,87,73,29.93,16,0.00
2019-09-14T17:53:00,86,73,29.93,9,0.00
2019-09-14T18:53:00,83,72,29.95,6,0.02s
2019-09-14T19:00:00,83,72,29.92,6,NA
2019-09-14T19:53:00,83,72,29.98,7,0.02
2019-09-14T20:53:00,82,73,29.99,9,0.00
2019-09-14T21:53:00,81,73,29.99,9,0.00
2019-09-14T22:00:00,81,73,29.96,9,NA
2019-09-14T22:53:00,81,74,29.99,8,0.00
2019-09-14T23:53:00,80,74,29.98,7,0.00
2019-09-15T00:53:00,79,74,29.96,6,0.00
2019-09-15T01:00:00,79,74,29.93,6,NA
2019-09-15T01:53:00,79,75,29.95,6,0.00
2019-09-15T02:30:00,78,75,29.94,6,NA
2019-09-15T02:53:00,79,75,29.94,8,0.00
2019-09-15T03:53:00,78,75,29.94,6,0.00
2019-09-15T04:00:00,78,75,29.91,6,NA
2019-09-15T04:53:00,78,74,29.94,3,0.00
2019-09-15T05:53:00,78,75,29.95,6,0.00
2019-09-15T06:53:00,78,74,29.94,9,0.00
2019-09-15T07:00:00,78,74,29.91,9,NA
2019-09-15T07:51:00,79,75,29.95,7,NA
2019-09-15T07:53:00,80,75,29.95,9,0.00
2019-09-15T08:53:00,81,75,29.96,3,0.00
2019-09-15T09:48:00,84,75,29.97,5,NA
2019-09-15T09:53:00,86,76,29.97,5,0.00
2019-09-15T10:00:00,86,76,29.94,5,NA
2019-09-15T10:51:00,90,73,29.96,3,NA
2019-09-15T10:53:00,90,74,29.96,6,0.00
2019-09-15T11:53:00,90,74,29.94,7,0.00
2019-09-15T12:53:00,90,74,29.93,9,0.00
2019-09-15T13:00:00,90,74,29.90,9,NA
2019-09-15T13:53:00,90,74,29.91,11,0.00
2019-09-15T14:53:00,91,73,29.90,11,T
2019-09-15T15:03:00,83,77,29.90,10,0.06
2019-09-15T15:06:00,82,77,29.90,10,0.17
2019-09-15T15:12:00,81,78,29.90,8,0.18
2019-09-15T15:20:00,80,77,29.90,9,0.21
2019-09-15T15:53:00,81,75,29.91,0,0.33s
2019-09-15T16:28:00,80,77,29.92,6,0.18
2019-09-15T16:30:00,80,77,29.92,6,0.19
2019-09-15T16:53:00,80,77,29.92,7,0.12
2019-09-15T17:13:00,81,77,29.92,6,T
2019-09-15T17:53:00,81,78,29.93,0,0.01
2019-09-15T18:53:00,81,77,29.93,0,0.04
2019-09-15T19:00:00,81,77,29.90,0,NA
2019-09-15T19:36:00,81,77,29.95,7,0.01
2019-09-15T19:53:00,80,77,29.95,6,0.01
2019-09-15T20:53:00,81,77,29.95,3,0.00
2019-09-15T21:53:00,80,76,29.96,5,0.00
2019-09-15T22:00:00,80,76,29.93,5,NA
2019-09-15T22:53:00,80,75,29.96,5,0.00
2019-09-15T23:53:00,78,75,29.96,3,0.00
2019-09-16T00:53:00,79,74,29.95,7,0.00
2019-09-16T01:00:00,79,74,29.92,7,NA
2019-09-16T01:53:00,78,74,29.94,6,0.00
2019-09-16T02:53:00,77,74,29.94,3,0.00
2019-09-16T03:53:00,76,74,29.94,3,0.00
2019-09-16T04:00:00,76,74,29.91,3,NA
2019-09-16T04:53:00,77,74,29.95,6,0.00
2019-09-16T05:53:00,77,74,29.97,3,0.00
2019-09-16T06:53:00,78,74,29.99,5,0.00
2019-09-16T07:00:00,78,74,29.96,5,NA
2019-09-16T07:53:00,81,75,30.00,8,0.00
2019-09-16T08:53:00,84,75,30.00,6,0.00
2019-09-16T09:53:00,86,76,30.00,7,0.00
2019-09-16T10:00:00,86,76,29.97,7,NA
2019-09-16T10:53:00,90,74,29.99,10,0.00
2019-09-16T11:53:00,90,74,29.98,8,0.00
2019-09-16T12:53:00,90,72,29.96,9,0.00
2019-09-16T13:00:00,90,72,29.93,9,NA
2019-09-16T13:53:00,88,73,29.95,10,0.00
2019-09-16T14:53:00,88,73,29.93,13,0.00
2019-09-16T15:53:00,88,73,29.92,13,0.00
2019-09-16T16:00:00,88,73,29.89,13,NA
2019-09-16T16:53:00,89,73,29.92,13,0.00
2019-09-16T17:53:00,89,73,29.93,11,0.00
2019-09-16T18:53:00,84,73,29.93,8,0.00
2019-09-16T19:00:00,84,73,29.90,8,NA
2019-09-16T19:53:00,83,74,29.94,7,0.00
2019-09-16T20:53:00,83,75,29.96,5,0.00
2019-09-16T21:53:00,81,75,29.96,3,0.00
2019-09-16T22:00:00,81,75,29.93,3,NA
2019-09-16T22:53:00,80,75,29.95,3,0.00
2019-09-16T23:53:00,80,75,29.94,0,0.00
2019-09-17T00:53:00,80,75,29.94,0,0.00
2019-09-17T01:00:00,80,75,29.91,0,NA
2019-09-17T01:53:00,80,75,29.92,0,0.00
2019-09-17T02:53:00,78,75,29.91,0,0.00
2019-09-17T03:53:00,78,74,29.91,0,0.00
2019-09-17T04:00:00,78,74,29.88,0,NA
2019-09-17T04:53:00,79,74,29.92,0,0.00
2019-09-17T05:53:00,78,72,29.95,3,0.00
2019-09-17T06:53:00,79,71,29.96,3,0.00
2019-09-17T07:00:00,79,71,29.93,3,NA
2019-09-17T07:53:00,83,75,29.98,0,0.00
2019-09-17T08:53:00,86,76,29.99,6,0.00
2019-09-17T09:53:00,89,76,29.98,3,0.00
2019-09-17T10:00:00,89,76,29.95,3,NA
2019-09-17T10:53:00,91,72,29.98,5,0.00
2019-09-17T11:53:00,91,70,29.97,5,T
2019-09-17T12:53:00,93,71,29.95,11,0.00
2019-09-17T13:00:00,93,71,29.92,11,NA
2019-09-17T13:53:00,92,69,29.94,13,0.00
2019-09-17T14:53:00,91,69,29.91,14,0.00
2019-09-17T15:53:00,92,68,29.90,9,0.00
2019-09-17T16:00:00,92,68,29.87,9,NA
2019-09-17T16:53:00,91,66,29.90,10,0.00
2019-09-17T17:53:00,89,66,29.91,9,0.00
2019-09-17T18:53:00,85,69,29.91,6,0.00
2019-09-17T19:00:00,85,69,29.88,6,NA
2019-09-17T19:53:00,83,72,29.93,6,0.00
2019-09-17T20:53:00,83,74,29.95,6,0.00
2019-09-17T21:53:00,82,74,29.96,3,0.00
2019-09-17T22:00:00,82,74,29.93,3,NA
2019-09-17T22:53:00,82,73,29.96,3,0.00
2019-09-17T23:53:00,80,72,29.95,3,0.00
2019-09-18T00:53:00,80,71,29.95,3,0.00
2019-09-18T01:00:00,80,71,29.92,3,NA
2019-09-18T01:53:00,78,69,29.94,0,0.00
2019-09-18T02:53:00,76,68,29.94,0,0.00
2019-09-18T03:53:00,76,68,29.94,0,0.00
2019-09-18T04:53:00,76,68,29.94,0,0.00
2019-09-18T05:53:00,77,69,29.96,5,0.00
2019-09-18T06:53:00,78,68,29.98,5,0.00
2019-09-18T07:00:00,78,68,29.95,5,NA
2019-09-18T07:53:00,80,68,29.99,5,0.00
2019-09-18T08:53:00,83,73,29.99,5,0.00
2019-09-18T09:53:00,86,73,29.99,0,0.00
2019-09-18T10:00:00,86,73,29.96,0,NA
2019-09-18T10:53:00,89,69,29.99,3,0.00
2019-09-18T11:53:00,92,66,29.97,5,0.00
2019-09-18T12:53:00,90,72,29.96,9,0.00
2019-09-18T13:00:00,90,72,29.93,9,NA
2019-09-18T13:53:00,89,74,29.95,8,0.00
2019-09-18T14:53:00,91,71,29.93,9,0.00
2019-09-18T15:53:00,91,70,29.90,5,0.00
2019-09-18T16:00:00,91,70,29.87,5,NA
2019-09-18T16:49:00,90,70,29.92,3,NA
2019-09-18T16:53:00,90,70,29.92,3,0.00
2019-09-18T17:07:00,81,74,29.94,18,0.01
2019-09-18T17:12:00,79,73,29.94,6,0.06
2019-09-18T17:19:00,79,73,29.94,8,0.21
2019-09-18T17:51:00,81,72,29.94,3,NA
2019-09-18T17:53:00,80,71,29.94,3,0.30
2019-09-18T18:53:00,78,70,29.96,7,0.06
2019-09-18T19:00:00,78,70,29.93,7,NA
2019-09-18T19:53:00,79,71,29.97,3,0.00
2019-09-18T20:53:00,79,73,29.98,6,0.00
2019-09-18T21:53:00,78,74,30.01,5,0.04
2019-09-18T22:00:00,78,74,29.98,5,NA
2019-09-18T22:53:00,78,74,30.01,6,0.00
2019-09-18T23:53:00,78,74,30.00,5,0.00
2019-09-19T00:53:00,77,73,29.99,3,0.00
2019-09-19T01:00:00,77,73,29.96,3,NA
2019-09-19T01:53:00,77,72,29.98,6,0.00
2019-09-19T02:53:00,76,72,29.97,5,0.00
2019-09-19T03:53:00,76,71,29.97,7,0.00
2019-09-19T04:00:00,76,71,29.94,7,NA
2019-09-19T04:53:00,75,71,29.98,6,0.00
2019-09-19T05:53:00,75,70,30.00,3,0.00
2019-09-19T06:53:00,75,70,30.01,3,0.00
2019-09-19T07:00:00,75,70,29.98,3,NA
2019-09-19T07:53:00,76,69,30.03,7,0.00
2019-09-19T08:53:00,80,67,30.03,8,0.00
2019-09-19T09:53:00,83,66,30.04,9,0.00
2019-09-19T10:00:00,83,66,30.01,9,NA
2019-09-19T10:53:00,85,66,30.03,11,0.00
2019-09-19T11:53:00,85,62,30.02,13,0.00
2019-09-19T12:53:00,87,60,30.00,10,0.00
2019-09-19T13:00:00,87,60,29.97,10,NA
2019-09-19T13:53:00,88,65,29.99,11,0.00
2019-09-19T14:53:00,87,65,29.97,15,0.00
2019-09-19T15:53:00,87,64,29.97,11,0.00
2019-09-19T16:00:00,87,64,29.94,11,NA
2019-09-19T16:53:00,84,65,29.97,11,0.00
2019-09-19T17:53:00,83,66,29.98,10,0.00
2019-09-19T18:53:00,82,66,30.00,13,0.00
2019-09-19T19:00:00,82,66,29.97,13,NA
2019-09-19T19:53:00,80,63,30.02,9,0.00
2019-09-19T20:53:00,79,64,30.04,7,0.00
2019-09-19T21:53:00,77,65,30.05,7,0.00
2019-09-19T22:00:00,77,65,30.02,7,NA
2019-09-19T22:53:00,76,67,30.05,8,0.00
2019-09-19T23:53:00,74,68,30.05,7,0.00
2019-09-20T00:53:00,73,68,30.04,7,0.00
2019-09-20T01:00:00,73,68,30.01,7,NA
2019-09-20T01:53:00,73,68,30.03,5,0.00
2019-09-20T02:53:00,73,68,30.02,3,0.00
2019-09-20T03:53:00,73,68,30.02,6,0.00
2019-09-20T04:00:00,73,68,29.99,6,NA
2019-09-20T04:53:00,73,68,30.03,9,0.00
2019-09-20T05:53:00,72,68,30.05,7,0.00
2019-09-20T06:53:00,73,68,30.06,8,0.00
2019-09-20T07:00:00,73,68,30.03,8,NA
2019-09-20T07:53:00,76,69,30.08,9,0.00
2019-09-20T08:53:00,79,69,30.09,11,0.00
2019-09-20T09:53:00,81,69,30.10,11,0.00
2019-09-20T10:00:00,81,69,30.07,11,NA
2019-09-20T10:53:00,84,68,30.10,11,0.00
2019-09-20T11:53:00,85,67,30.09,15,0.00
2019-09-20T12:53:00,86,68,30.08,13,0.00
2019-09-20T13:00:00,86,68,30.05,13,NA
2019-09-20T13:53:00,87,67,30.07,14,0.00
2019-09-20T14:53:00,88,68,30.05,11,0.00
2019-09-20T15:53:00,85,68,30.06,10,0.00
2019-09-20T16:00:00,85,68,30.03,10,NA
2019-09-20T16:53:00,85,66,30.06,11,0.00
2019-09-20T17:53:00,84,65,30.07,10,0.00
2019-09-20T18:53:00,82,64,30.08,11,0.00
2019-09-20T19:00:00,82,64,30.05,11,NA
2019-09-20T19:53:00,81,64,30.10,9,0.00
2019-09-20T20:53:00,79,64,30.12,8,0.00
2019-09-20T21:53:00,78,63,30.13,9,0.00
2019-09-20T22:00:00,78,63,30.10,9,NA
2019-09-20T22:53:00,76,64,30.13,6,0.00
2019-09-20T23:53:00,75,65,30.12,5,0.00
2019-09-21T00:53:00,74,65,30.11,7,0.00
2019-09-21T01:00:00,74,65,30.08,7,NA
2019-09-21T01:53:00,74,66,30.10,6,0.00
2019-09-21T02:53:00,73,66,30.10,6,0.00
2019-09-21T03:53:00,73,66,30.09,6,0.00
2019-09-21T04:53:00,74,65,30.11,7,0.00
2019-09-21T05:53:00,73,64,30.12,6,0.00
2019-09-21T06:53:00,73,64,30.14,6,0.00
2019-09-21T07:00:00,73,64,30.11,6,NA
2019-09-21T07:53:00,76,65,30.16,6,0.00
2019-09-21T08:53:00,80,65,30.16,8,0.00
2019-09-21T09:53:00,83,65,30.15,9,0.00
2019-09-21T10:00:00,83,65,30.12,9,NA
2019-09-21T10:53:00,87,65,30.14,6,0.00
2019-09-21T11:53:00,88,62,30.12,15,0.00
2019-09-21T12:53:00,87,64,30.11,10,0.00
2019-09-21T13:00:00,87,64,30.08,10,NA
2019-09-21T13:53:00,89,63,30.08,10,0.00
2019-09-21T14:53:00,89,64,30.07,10,0.00
2019-09-21T15:53:00,87,65,30.06,10,0.00
2019-09-21T16:00:00,87,65,30.03,10,NA
2019-09-21T16:53:00,87,64,30.07,8,0.00
2019-09-21T17:53:00,85,65,30.07,10,0.00
2019-09-21T18:53:00,82,65,30.09,10,0.00
2019-09-21T19:00:00,82,65,30.06,10,NA
2019-09-21T19:53:00,80,66,30.10,6,0.00
2019-09-21T20:53:00,79,66,30.11,5,0.00
2019-09-21T21:53:00,78,67,30.12,7,0.00
2019-09-21T22:00:00,78,67,30.09,7,NA
2019-09-21T22:53:00,77,67,30.12,7,0.00
2019-09-21T23:53:00,76,67,30.11,7,0.00
2019-09-22T00:53:00,76,67,30.10,7,0.00
2019-09-22T01:00:00,76,67,30.07,7,NA
2019-09-22T01:53:00,75,67,30.10,8,0.00
2019-09-22T02:53:00,74,67,30.08,5,0.00
2019-09-22T03:53:00,73,67,30.07,6,0.00
2019-09-22T04:00:00,73,67,30.04,6,NA
2019-09-22T04:53:00,73,67,30.07,5,0.00
2019-09-22T05:53:00,73,67,30.07,5,0.00
2019-09-22T06:53:00,72,67,30.09,6,0.00
2019-09-22T07:00:00,72,67,30.06,6,NA
2019-09-22T07:53:00,76,67,30.10,7,0.00
2019-09-22T08:53:00,81,67,30.11,10,0.00
2019-09-22T09:53:00,83,65,30.11,10,0.00
2019-09-22T10:00:00,83,65,30.08,10,NA
2019-09-22T10:53:00,85,64,30.09,10,0.00
2019-09-22T11:53:00,87,63,30.08,18,0.00
2019-09-22T12:53:00,89,64,30.06,9,0.00
2019-09-22T13:00:00,89,64,30.03,9,NA
2019-09-22T13:53:00,89,63,30.05,10,0.00
2019-09-22T14:53:00,90,63,30.02,13,0.00
2019-09-22T15:53:00,88,63,30.01,10,0.00
2019-09-22T16:00:00,88,63,29.98,10,NA
2019-09-22T16:53:00,89,62,30.02,9,0.00
2019-09-22T17:53:00,86,62,30.02,9,0.00
2019-09-22T18:53:00,84,62,30.03,6,0.00
2019-09-22T19:00:00,84,62,30.00,6,NA
2019-09-22T19:53:00,82,64,30.06,7,0.00
2019-09-22T20:53:00,80,63,30.07,7,0.00
2019-09-22T21:53:00,78,64,30.08,3,0.00
2019-09-22T22:00:00,78,64,30.05,3,NA
2019-09-22T22:53:00,76,64,30.07,6,0.00
2019-09-22T23:53:00,75,65,30.05,3,0.00
2019-09-23T00:53:00,72,65,30.05,5,0.00
2019-09-23T01:00:00,72,65,30.02,5,NA
2019-09-23T01:53:00,73,65,30.03,5,0.00
2019-09-23T02:53:00,72,65,30.02,5,0.00
2019-09-23T03:53:00,71,66,30.01,5,0.00
2019-09-23T04:00:00,71,66,29.98,5,NA
2019-09-23T04:53:00,71,66,30.01,3,0.00
2019-09-23T05:53:00,71,66,30.03,7,0.00
2019-09-23T06:53:00,72,67,30.04,6,0.00
2019-09-23T07:00:00,72,67,30.01,6,NA
2019-09-23T07:53:00,75,66,30.06,8,0.00
2019-09-23T08:53:00,80,64,30.06,8,0.00
2019-09-23T09:53:00,83,63,30.07,8,0.00
2019-09-23T10:00:00,83,63,30.04,8,NA
2019-09-23T10:53:00,84,63,30.05,10,0.00
2019-09-23T11:53:00,86,62,30.03,8,0.00
2019-09-23T12:53:00,89,64,30.01,8,0.00
2019-09-23T13:00:00,89,64,29.98,8,NA
2019-09-23T13:53:00,87,62,29.99,8,0.00
2019-09-23T14:53:00,89,61,29.97,8,0.00
2019-09-23T15:53:00,88,61,29.95,7,0.00
2019-09-23T16:00:00,88,61,29.92,7,NA
2019-09-23T16:53:00,89,62,29.94,6,0.00
2019-09-23T17:53:00,87,62,29.93,7,0.00
2019-09-23T18:53:00,84,63,29.94,5,0.00
2019-09-23T19:00:00,84,63,29.91,5,NA
2019-09-23T19:53:00,82,65,29.95,5,0.00
2019-09-23T20:53:00,82,66,29.97,6,0.00
2019-09-23T21:53:00,80,67,29.98,8,0.00
2019-09-23T22:00:00,80,67,29.95,8,NA
2019-09-23T22:53:00,79,68,29.98,3,0.00
2019-09-23T23:53:00,77,68,29.97,3,0.00
2019-09-24T00:53:00,76,68,29.96,6,0.00
2019-09-24T01:00:00,76,68,29.93,6,NA
2019-09-24T01:53:00,75,68,29.93,3,0.00
2019-09-24T02:53:00,73,67,29.91,0,0.00
2019-09-24T03:53:00,74,67,29.92,0,0.00
2019-09-24T04:00:00,74,67,29.89,0,NA
2019-09-24T04:53:00,74,67,29.92,0,0.00
2019-09-24T05:53:00,71,67,29.94,0,0.00
2019-09-24T06:53:00,72,67,29.95,0,0.00
2019-09-24T07:00:00,72,67,29.92,0,NA
2019-09-24T07:53:00,76,68,29.97,5,0.00
2019-09-24T08:53:00,81,67,29.98,6,0.00
2019-09-24T09:53:00,85,66,29.98,3,0.00
2019-09-24T10:00:00,85,66,29.95,3,NA
2019-09-24T10:53:00,87,64,29.96,10,0.00
2019-09-24T11:53:00,88,62,29.93,8,0.00
2019-09-24T12:53:00,90,61,29.90,11,0.00
2019-09-24T13:00:00,90,61,29.87,11,NA
2019-09-24T13:53:00,90,59,29.87,8,0.00
2019-09-24T14:53:00,91,60,29.86,9,0.00
2019-09-24T15:53:00,87,70,29.85,3,0.00
2019-09-24T16:00:00,87,70,29.82,3,NA
2019-09-24T16:53:00,86,69,29.85,14,0.00
2019-09-24T17:53:00,84,70,29.86,9,0.00
2019-09-24T18:53:00,81,69,29.87,8,0.00
2019-09-24T19:00:00,81,69,29.84,8,NA
2019-09-24T19:53:00,80,70,29.88,6,0.00
2019-09-24T20:53:00,79,70,29.90,6,0.00
2019-09-24T21:53:00,80,70,29.91,0,0.00
2019-09-24T22:00:00,80,70,29.88,0,NA
2019-09-24T22:53:00,79,70,29.90,3,0.00
2019-09-24T23:53:00,78,69,29.89,3,0.00
2019-09-25T00:53:00,77,68,29.88,5,0.00
2019-09-25T01:00:00,77,68,29.85,5,NA
2019-09-25T01:53:00,76,68,29.88,0,0.00
2019-09-25T02:53:00,76,67,29.88,0,0.00
2019-09-25T03:53:00,75,67,29.89,3,0.00
2019-09-25T04:00:00,75,67,29.86,3,NA
2019-09-25T04:53:00,75,67,29.90,5,0.00
2019-09-25T05:53:00,76,67,29.92,3,0.00
2019-09-25T06:53:00,76,67,29.93,3,0.00
2019-09-25T07:00:00,76,67,29.90,3,NA
2019-09-25T07:53:00,79,67,29.95,5,0.00
2019-09-25T08:53:00,81,65,29.96,3,0.00
2019-09-25T09:53:00,83,68,29.97,0,0.00
2019-09-25T10:00:00,83,68,29.94,0,NA
2019-09-25T10:53:00,84,70,29.96,7,0.00
2019-09-25T11:53:00,86,71,29.94,7,0.00
2019-09-25T12:53:00,89,72,29.92,7,0.00
2019-09-25T13:00:00,89,72,29.89,7,NA
2019-09-25T13:53:00,92,67,29.89,8,0.00
2019-09-25T14:53:00,91,66,29.87,3,0.00
2019-09-25T15:53:00,89,70,29.87,5,0.00
2019-09-25T16:00:00,89,70,29.84,5,NA
2019-09-25T16:53:00,88,71,29.86,7,0.00
2019-09-25T17:53:00,87,71,29.86,6,0.00
2019-09-25T18:53:00,85,71,29.87,6,0.00
2019-09-25T19:00:00,85,71,29.84,6,NA
2019-09-25T19:53:00,82,71,29.89,8,0.00
2019-09-25T20:53:00,82,71,29.90,6,0.00
2019-09-25T21:53:00,82,70,29.91,3,0.00
2019-09-25T22:00:00,82,70,29.88,3,NA
2019-09-25T22:53:00,81,65,29.93,0,0.00
2019-09-25T23:53:00,79,65,29.92,3,0.00
2019-09-26T00:53:00,76,66,29.91,3,0.00
2019-09-26T01:00:00,76,66,29.88,3,NA
2019-09-26T01:53:00,76,67,29.90,5,0.00
2019-09-26T02:53:00,75,68,29.90,0,0.00
2019-09-26T03:53:00,74,69,29.90,5,0.00
2019-09-26T04:00:00,74,69,29.87,5,NA
2019-09-26T04:53:00,74,69,29.92,5,0.00
2019-09-26T05:53:00,75,69,29.94,5,0.00
2019-09-26T06:53:00,75,69,29.95,3,0.00
2019-09-26T07:00:00,75,69,29.92,3,NA
2019-09-26T07:53:00,78,70,29.97,0,0.00
2019-09-26T08:53:00,81,70,29.97,0,0.00
2019-09-26T09:53:00,81,70,29.98,7,0.00
2019-09-26T10:00:00,81,70,29.95,7,NA
2019-09-26T10:53:00,84,70,29.97,7,0.00
2019-09-26T11:53:00,84,70,29.95,8,0.00
2019-09-26T12:53:00,85,70,29.94,8,0.00
2019-09-26T13:00:00,85,70,29.91,8,NA
2019-09-26T13:53:00,88,69,29.91,8,0.00
2019-09-26T14:53:00,89,69,29.89,7,0.00
2019-09-26T15:53:00,89,68,29.88,9,0.00
2019-09-26T16:00:00,89,68,29.85,9,NA
2019-09-26T16:53:00,88,73,29.87,9,0.00
2019-09-26T17:53:00,86,71,29.88,7,0.00
2019-09-26T18:53:00,85,70,29.89,6,0.00
2019-09-26T19:00:00,85,70,29.86,6,NA
2019-09-26T19:53:00,82,71,29.90,6,0.00
2019-09-26T20:53:00,81,72,29.92,5,0.00
2019-09-26T21:53:00,81,73,29.92,3,0.00
2019-09-26T22:00:00,81,73,29.89,3,NA
2019-09-26T22:53:00,82,72,29.93,5,0.00
2019-09-26T23:53:00,81,70,29.93,3,0.00
2019-09-27T00:53:00,80,69,29.93,3,0.00
2019-09-27T01:53:00,78,69,29.94,3,0.00
2019-09-27T02:53:00,77,69,29.93,3,0.00
2019-09-27T03:53:00,77,70,29.93,5,0.00
2019-09-27T04:00:00,77,70,29.90,5,NA
2019-09-27T04:53:00,76,70,29.94,3,0.00
2019-09-27T05:53:00,76,70,29.96,3,0.00
2019-09-27T06:53:00,77,70,29.98,3,0.00
2019-09-27T07:00:00,77,70,29.95,3,NA
2019-09-27T07:53:00,79,70,30.00,0,0.00
2019-09-27T08:53:00,82,70,30.01,6,0.00
2019-09-27T09:53:00,84,68,30.02,8,0.00
2019-09-27T10:00:00,84,68,29.99,8,NA
2019-09-27T10:53:00,86,67,30.01,7,0.00
2019-09-27T11:53:00,88,65,30.00,6,0.00
2019-09-27T12:53:00,90,65,29.98,3,0.00
2019-09-27T13:00:00,90,65,29.95,3,NA
2019-09-27T13:53:00,89,64,29.96,5,0.00
2019-09-27T14:53:00,90,62,29.94,9,0.00
2019-09-27T15:53:00,92,62,29.93,8,0.00
2019-09-27T16:00:00,92,62,29.90,8,NA
2019-09-27T16:53:00,91,60,29.93,8,0.00
2019-09-27T17:53:00,89,61,29.94,5,0.00
2019-09-27T18:53:00,87,62,29.96,0,0.00
2019-09-27T19:00:00,87,62,29.93,0,NA
2019-09-27T19:53:00,86,62,29.97,3,0.00
2019-09-27T20:53:00,83,69,29.99,11,0.00
2019-09-27T21:53:00,82,69,30.01,9,0.00
2019-09-27T22:00:00,82,69,29.98,9,NA
2019-09-27T22:53:00,81,70,30.01,13,0.00
2019-09-27T23:53:00,79,71,30.01,8,0.00
2019-09-28T00:53:00,79,71,30.00,7,0.00
2019-09-28T01:00:00,79,71,29.97,7,NA
2019-09-28T01:53:00,78,71,29.99,6,0.00
2019-09-28T02:53:00,77,70,29.98,3,0.00
2019-09-28T03:53:00,75,72,30.00,7,0.00
2019-09-28T04:00:00,75,72,29.97,7,NA
2019-09-28T04:53:00,76,71,30.01,5,0.00
2019-09-28T05:53:00,76,71,30.03,5,0.00
2019-09-28T06:53:00,76,71,30.06,5,0.00
2019-09-28T07:00:00,75,72,30.03,5,NA
2019-09-28T07:53:00,79,72,30.07,5,0.00
2019-09-28T08:53:00,83,72,30.09,6,0.00
2019-09-28T09:53:00,86,71,30.09,6,0.00
2019-09-28T10:00:00,86,71,30.06,6,NA
2019-09-28T10:53:00,88,66,30.10,5,0.00
2019-09-28T11:53:00,90,66,30.08,6,0.00
2019-09-28T12:53:00,92,64,30.06,3,0.00
2019-09-28T13:00:00,92,64,30.03,3,NA
2019-09-28T13:53:00,89,68,30.04,5,0.00
2019-09-28T14:53:00,90,67,30.02,8,0.00
2019-09-28T15:53:00,91,67,30.01,7,0.00
2019-09-28T16:00:00,91,67,29.98,7,NA
2019-09-28T16:53:00,93,62,30.01,6,0.00
2019-09-28T17:53:00,91,65,30.02,7,0.00
2019-09-28T18:53:00,86,72,30.03,7,0.00
2019-09-28T19:00:00,86,72,30.00,7,NA
2019-09-28T19:53:00,84,72,30.05,10,0.00
2019-09-28T20:53:00,83,71,30.08,10,0.00
2019-09-28T21:53:00,82,70,30.09,5,0.00
2019-09-28T22:00:00,82,70,30.06,5,NA
2019-09-28T22:53:00,81,70,30.09,8,0.00
2019-09-28T23:53:00,80,70,30.08,6,0.00
2019-09-29T00:53:00,77,70,30.07,6,0.00
2019-09-29T01:00:00,77,70,30.04,6,NA
2019-09-29T01:53:00,77,71,30.06,0,0.00
2019-09-29T02:53:00,76,70,30.05,3,0.00
2019-09-29T03:53:00,76,70,30.05,3,0.00
2019-09-29T04:00:00,76,70,30.02,3,NA
2019-09-29T04:53:00,75,70,30.06,5,0.00
2019-09-29T05:53:00,75,70,30.09,6,0.00
2019-09-29T06:53:00,75,70,30.11,5,0.00
2019-09-29T07:00:00,75,70,30.08,5,NA
2019-09-29T07:53:00,79,71,30.13,7,0.00
2019-09-29T08:53:00,83,71,30.14,7,0.00
2019-09-29T09:53:00,85,68,30.14,8,0.00
2019-09-29T10:00:00,85,68,30.11,8,NA
2019-09-29T10:53:00,86,68,30.13,9,0.00
2019-09-29T11:53:00,89,68,30.11,6,0.00
2019-09-29T12:53:00,90,66,30.09,6,0.00
2019-09-29T13:00:00,90,66,30.06,6,NA
2019-09-29T13:53:00,91,66,30.05,9,0.00
2019-09-29T14:53:00,92,67,30.04,7,0.00
2019-09-29T15:53:00,91,67,30.03,7,0.00
2019-09-29T16:00:00,91,67,30.00,7,NA
2019-09-29T16:53:00,91,68,30.03,10,0.00
2019-09-29T17:53:00,88,68,30.03,6,0.00
2019-09-29T18:53:00,87,68,30.04,7,0.00
2019-09-29T19:00:00,87,68,30.01,7,NA
2019-09-29T19:53:00,85,68,30.05,6,0.00
2019-09-29T20:53:00,83,68,30.08,7,0.00
2019-09-29T21:53:00,82,69,30.10,7,0.00
2019-09-29T22:00:00,82,69,30.07,7,NA
2019-09-29T22:53:00,80,70,30.10,6,0.00
2019-09-29T23:53:00,79,71,30.10,6,0.00
2019-09-30T00:53:00,78,71,30.08,8,0.00
2019-09-30T01:00:00,78,71,30.05,8,NA
2019-09-30T01:53:00,78,71,30.07,6,0.00
2019-09-30T02:53:00,77,71,30.05,3,0.00
2019-09-30T03:53:00,77,71,30.04,5,0.00
2019-09-30T04:00:00,77,71,30.01,5,NA
2019-09-30T04:53:00,76,71,30.05,5,0.00
2019-09-30T05:53:00,76,71,30.05,3,0.00
2019-09-30T06:53:00,76,71,30.07,5,0.00
2019-09-30T07:00:00,76,71,30.04,5,NA
2019-09-30T07:53:00,80,72,30.08,6,0.00
2019-09-30T08:53:00,83,72,30.08,6,0.00
2019-09-30T09:53:00,84,71,30.08,8,0.00
2019-09-30T10:00:00,84,71,30.05,8,NA
2019-09-30T10:53:00,87,70,30.07,7,0.00
2019-09-30T11:53:00,89,69,30.06,13,0.00
2019-09-30T12:53:00,91,68,30.02,7,0.00
2019-09-30T13:00:00,91,68,29.99,7,NA
2019-09-30T13:53:00,93,68,29.99,7,0.00
2019-09-30T14:53:00,91,69,29.98,14,0.01
2019-09-30T15:53:00,92,65,29.97,14,T
2019-09-30T16:00:00,92,65,29.94,14,NA
2019-09-30T16:53:00,91,65,29.96,10,0.00
2019-09-30T17:53:00,89,65,29.97,10,0.00
2019-09-30T18:53:00,85,70,29.98,8,0.00
2019-09-30T19:00:00,85,70,29.95,8,NA
2019-09-30T19:53:00,84,70,30.00,9,0.00
2019-09-30T20:53:00,83,70,30.02,7,0.00
2019-09-30T21:53:00,81,71,30.01,6,0.00
2019-09-30T22:00:00,81,71,29.98,6,NA
2019-09-30T22:53:00,80,73,30.01,8,0.00
2019-09-30T23:53:00,79,73,30.00,8,0.00
2019-10-01T00:53:00,78,72,29.98,9,0.00
2019-10-01T01:00:00,78,72,29.95,9,NA
2019-10-01T01:53:00,78,73,29.96,9,0.00
2019-10-01T02:53:00,77,73,29.94,6,0.00
2019-10-01T03:53:00,77,73,29.94,8,0.00
2019-10-01T04:00:00,77,73,29.91,8,NA
2019-10-01T04:53:00,77,73,29.95,6,0.00
2019-10-01T05:53:00,77,72,29.97,7,0.00
2019-10-01T06:53:00,77,72,29.98,6,0.00
2019-10-01T07:00:00,77,72,29.95,6,NA
2019-10-01T07:53:00,80,71,29.99,9,0.00
2019-10-01T08:53:00,82,70,30.00,11,0.00
2019-10-01T09:53:00,84,70,30.00,13,0.00
2019-10-01T10:00:00,84,70,29.97,13,NA
2019-10-01T10:53:00,85,69,30.00,11,0.00
2019-10-01T11:53:00,90,68,29.98,14,0.00
2019-10-01T12:53:00,88,68,29.98,18,0.00
2019-10-01T13:00:00,88,68,29.95,18,NA
2019-10-01T13:53:00,85,71,29.95,10,0.00
2019-10-01T14:53:00,90,70,29.94,13,0.00
2019-10-01T15:53:00,86,69,29.92,8,0.00
2019-10-01T16:00:00,86,69,29.89,8,NA
2019-10-01T16:53:00,89,66,29.92,9,0.00
2019-10-01T17:53:00,87,64,29.92,10,0.00
2019-10-01T18:53:00,84,64,29.94,8,0.00
2019-10-01T19:00:00,84,64,29.91,8,NA
2019-10-01T19:53:00,82,65,29.96,8,0.00
2019-10-01T20:53:00,81,66,29.97,7,0.00
2019-10-01T21:53:00,79,67,29.97,6,0.00
2019-10-01T22:00:00,79,67,29.94,6,NA
2019-10-01T22:53:00,78,68,29.96,7,0.00
2019-10-01T23:53:00,77,69,29.96,5,0.00
2019-10-02T00:53:00,79,70,29.95,6,0.00
2019-10-02T01:00:00,79,70,29.92,6,NA
2019-10-02T01:53:00,75,70,29.93,5,0.00
2019-10-02T02:53:00,74,70,29.92,5,0.00
2019-10-02T03:53:00,74,70,29.93,6,0.00
2019-10-02T04:00:00,74,70,29.90,6,NA
2019-10-02T04:53:00,74,70,29.94,5,0.00
2019-10-02T05:53:00,74,70,29.95,8,0.00
2019-10-02T06:53:00,75,70,29.96,7,0.00
2019-10-02T07:00:00,75,70,29.93,7,NA
2019-10-02T07:53:00,77,71,29.97,7,0.00
2019-10-02T08:53:00,82,71,29.97,7,0.00
2019-10-02T09:53:00,84,70,29.97,13,0.00
2019-10-02T10:53:00,86,68,29.97,11,0.00
2019-10-02T11:53:00,88,67,29.95,11,0.00
2019-10-02T12:53:00,91,65,29.93,11,0.00
2019-10-02T13:53:00,91,65,29.90,11,0.00
2019-10-02T14:53:00,90,64,29.89,9,0.00
2019-10-02T15:53:00,91,65,29.88,7,0.00
2019-10-02T16:00:00,91,65,29.85,7,NA
2019-10-02T16:53:00,89,65,29.88,8,0.00
2019-10-02T17:53:00,88,65,29.89,5,0.00
2019-10-02T18:53:00,86,66,29.91,8,0.00
2019-10-02T19:00:00,86,66,29.88,8,NA
2019-10-02T19:53:00,84,66,29.93,7,0.00
2019-10-02T20:53:00,83,67,29.96,7,0.00
2019-10-02T21:53:00,81,68,29.97,7,0.00
2019-10-02T22:00:00,81,68,29.94,7,NA
2019-10-02T22:53:00,79,68,29.98,6,0.00
2019-10-02T23:53:00,78,68,29.97,5,0.00
2019-10-03T00:53:00,76,69,29.97,0,0.00
2019-10-03T01:00:00,76,69,29.94,0,NA
2019-10-03T01:53:00,75,69,29.96,5,0.00
2019-10-03T02:53:00,75,69,29.95,5,0.00
2019-10-03T03:53:00,74,69,29.95,0,0.00
2019-10-03T04:00:00,74,69,29.92,0,NA
2019-10-03T04:53:00,74,70,29.96,6,0.00
2019-10-03T05:53:00,73,69,29.97,6,0.00
2019-10-03T06:53:00,73,69,29.99,5,0.00
2019-10-03T07:00:00,73,69,29.96,5,NA
2019-10-03T07:53:00,77,70,30.01,5,0.00
2019-10-03T08:53:00,81,70,30.01,6,0.00
2019-10-03T09:53:00,85,69,30.01,8,0.00
2019-10-03T10:00:00,85,69,29.98,8,NA
2019-10-03T10:53:00,87,68,30.01,8,0.00
2019-10-03T11:53:00,88,66,30.00,8,0.00
2019-10-03T12:53:00,88,64,29.98,9,0.00
2019-10-03T13:00:00,88,64,29.95,9,NA
2019-10-03T13:53:00,89,63,29.96,8,0.00
2019-10-03T14:53:00,91,62,29.95,8,0.00
2019-10-03T15:53:00,91,62,29.93,6,0.00
2019-10-03T16:00:00,91,62,29.90,6,NA
2019-10-03T16:53:00,90,62,29.93,3,0.00
2019-10-03T17:53:00,89,63,29.94,6,0.00
2019-10-03T18:53:00,86,65,29.95,6,0.00
2019-10-03T19:00:00,86,65,29.92,6,NA
2019-10-03T19:53:00,85,66,29.97,7,0.00
2019-10-03T20:53:00,83,67,29.99,7,0.00
2019-10-03T21:53:00,81,68,30.01,8,0.00
2019-10-03T22:00:00,81,68,29.98,8,NA
2019-10-03T22:53:00,80,69,30.01,6,0.00
2019-10-03T23:53:00,79,67,30.01,6,0.00
2019-10-04T00:53:00,78,67,30.00,0,0.00
2019-10-04T01:00:00,78,67,29.97,0,NA
2019-10-04T01:53:00,77,68,29.99,3,0.00
2019-10-04T02:53:00,75,68,29.98,0,0.00
2019-10-04T03:53:00,74,68,29.98,0,0.00
2019-10-04T04:00:00,74,68,29.95,0,NA
2019-10-04T04:53:00,74,68,29.99,0,0.00
2019-10-04T05:53:00,73,68,30.00,3,0.00
2019-10-04T06:53:00,73,68,30.01,3,0.00
2019-10-04T07:00:00,73,68,29.98,3,NA
2019-10-04T07:53:00,76,69,30.02,3,0.00
2019-10-04T08:53:00,81,69,30.03,5,0.00
2019-10-04T09:53:00,82,68,30.03,6,0.00
2019-10-04T10:00:00,82,68,30.00,6,NA
2019-10-04T10:53:00,87,68,30.02,6,0.00
2019-10-04T11:53:00,88,66,30.00,7,0.00
2019-10-04T12:53:00,89,65,29.97,8,0.00
2019-10-04T13:00:00,89,65,29.94,8,NA
2019-10-04T13:53:00,90,65,29.94,6,0.00
2019-10-04T14:53:00,88,68,29.93,7,0.00
2019-10-04T15:53:00,88,66,29.91,6,0.00
2019-10-04T16:00:00,88,66,29.88,6,NA
2019-10-04T16:53:00,88,69,29.91,9,0.00
2019-10-04T17:53:00,85,72,29.92,8,0.00
2019-10-04T18:53:00,82,72,29.93,9,0.00
2019-10-04T19:00:00,82,72,29.90,9,NA
2019-10-04T19:53:00,82,72,29.94,5,0.00
2019-10-04T20:53:00,81,72,29.96,3,0.00
2019-10-04T21:53:00,83,72,29.98,10,0.00
2019-10-04T22:00:00,83,72,29.95,10,NA
2019-10-04T22:53:00,82,72,29.98,8,0.00
2019-10-04T23:53:00,81,72,29.98,9,0.00
2019-10-05T00:53:00,81,73,29.97,5,0.00
2019-10-05T01:00:00,81,73,29.94,5,NA
2019-10-05T01:53:00,79,73,29.96,3,0.00
2019-10-05T02:53:00,78,73,29.95,0,0.00
2019-10-05T03:53:00,77,73,29.94,5,0.00
2019-10-05T04:00:00,77,73,29.91,5,NA
2019-10-05T04:53:00,77,73,29.95,0,0.00
2019-10-05T05:53:00,77,73,29.96,0,0.00
2019-10-05T06:53:00,76,73,29.98,3,0.00
2019-10-05T07:00:00,76,73,29.95,3,NA
2019-10-05T07:53:00,79,73,30.00,5,0.00
2019-10-05T08:53:00,83,73,30.01,6,0.00
2019-10-05T09:53:00,85,71,30.02,7,0.00
2019-10-05T10:00:00,85,71,29.99,7,NA
2019-10-05T10:53:00,86,70,30.01,7,0.00
2019-10-05T11:53:00,87,69,29.98,13,0.00
2019-10-05T12:53:00,92,68,29.95,7,0.00
2019-10-05T13:00:00,92,68,29.92,7,NA
2019-10-05T13:53:00,92,67,29.93,7,T
2019-10-05T14:53:00,90,70,29.92,9,0.00
2019-10-05T15:53:00,90,68,29.91,10,0.00
2019-10-05T16:00:00,90,68,29.88,10,NA
2019-10-05T16:53:00,89,70,29.92,7,0.00
2019-10-05T17:53:00,84,71,29.94,16,0.04
2019-10-05T18:53:00,81,73,29.95,3,0.10
2019-10-05T19:00:00,81,73,29.92,3,NA
2019-10-05T19:53:00,80,72,29.97,6,0.00
2019-10-05T20:53:00,80,71,29.99,5,0.00
2019-10-05T21:53:00,80,71,29.99,6,0.00
2019-10-05T22:00:00,80,71,29.96,6,NA
2019-10-05T22:53:00,79,71,29.99,6,0.00
2019-10-05T23:53:00,77,71,29.98,5,0.00
2019-10-06T00:53:00,76,71,29.98,3,0.00
2019-10-06T01:00:00,76,71,29.95,3,NA
2019-10-06T01:53:00,76,70,29.98,5,0.00
2019-10-06T02:53:00,75,70,29.97,5,0.00
2019-10-06T03:53:00,74,70,29.97,6,0.00
2019-10-06T04:00:00,74,70,29.94,6,NA
2019-10-06T04:53:00,74,70,29.97,7,0.00
2019-10-06T05:53:00,74,70,29.99,5,0.00
2019-10-06T06:53:00,75,70,30.00,6,0.00
2019-10-06T07:00:00,75,70,29.97,6,NA
2019-10-06T07:53:00,77,72,30.01,7,0.00
2019-10-06T08:53:00,80,72,30.01,7,0.00
2019-10-06T09:53:00,83,72,30.02,11,0.00
2019-10-06T10:00:00,83,72,29.99,11,NA
2019-10-06T10:53:00,85,71,30.01,6,0.00
2019-10-06T11:53:00,81,73,30.02,15,0.08
2019-10-06T12:01:00,76,73,30.02,10,0.10
2019-10-06T12:17:00,75,72,30.01,8,0.22
2019-10-06T12:20:00,76,71,30.00,10,0.23
2019-10-06T12:53:00,77,73,29.99,7,0.25
2019-10-06T13:00:00,77,73,29.96,7,NA
2019-10-06T13:53:00,82,75,29.96,7,0.01
2019-10-06T14:53:00,85,73,29.95,8,0.00
2019-10-06T15:53:00,85,72,29.94,9,0.00
2019-10-06T16:00:00,85,72,29.91,9,NA
2019-10-06T16:53:00,86,71,29.94,8,0.00
2019-10-06T17:53:00,84,70,29.95,6,0.00
2019-10-06T18:53:00,82,70,29.95,5,0.00
2019-10-06T19:00:00,82,70,29.92,5,NA
2019-10-06T19:53:00,81,70,29.96,7,0.00
2019-10-06T20:53:00,80,71,29.97,8,0.00
2019-10-06T21:53:00,79,71,29.98,10,0.00
2019-10-06T22:00:00,79,71,29.95,10,NA
2019-10-06T22:53:00,79,71,29.97,6,0.00
2019-10-06T23:53:00,78,72,29.95,5,0.00
2019-10-07T00:53:00,77,71,29.93,8,0.00
2019-10-07T01:00:00,77,71,29.90,8,NA
2019-10-07T01:53:00,77,72,29.92,7,0.00
2019-10-07T02:53:00,76,72,29.89,8,0.00
2019-10-07T03:53:00,77,72,29.89,7,0.00
2019-10-07T04:00:00,77,72,29.86,7,NA
2019-10-07T04:33:00,77,72,29.88,10,NA
2019-10-07T04:53:00,76,72,29.88,6,0.00
2019-10-07T05:53:00,77,73,29.89,6,0.00
2019-10-07T06:29:00,77,73,29.90,6,NA
2019-10-07T06:53:00,77,73,29.90,7,0.00
2019-10-07T07:00:00,77,73,29.87,7,NA
2019-10-07T07:53:00,78,73,29.91,6,0.00
2019-10-07T08:36:00,79,73,29.92,8,T
2019-10-07T08:53:00,78,72,29.92,7,T
2019-10-07T09:43:00,78,72,29.92,9,T
2019-10-07T09:53:00,78,71,29.92,9,T
2019-10-07T10:00:00,78,71,29.89,9,NA
2019-10-07T10:53:00,78,71,29.91,5,T
2019-10-07T11:53:00,81,73,29.89,5,T
2019-10-07T12:53:00,82,73,29.96,10,0.00
2019-10-07T13:00:00,82,73,29.93,10,NA
2019-10-07T13:53:00,87,74,29.82,7,0.00
2019-10-07T14:53:00,87,72,29.81,13,T
2019-10-07T15:53:00,82,73,29.82,16,T
2019-10-07T16:00:00,84,72,29.79,20,NA
2019-10-07T16:53:00,79,74,29.82,10,0.00
2019-10-07T17:53:00,79,73,29.83,9,0.00
2019-10-07T18:23:00,77,74,29.84,8,NA
2019-10-07T18:34:00,77,74,29.84,9,NA
2019-10-07T18:53:00,77,70,29.84,15,0.25
2019-10-07T19:00:00,77,70,29.81,15,NA
2019-10-07T19:23:00,76,73,29.85,10,NA
2019-10-07T19:36:00,75,73,29.85,9,NA
2019-10-07T19:42:00,75,73,29.85,10,NA
2019-10-07T19:51:00,75,73,29.85,7,NA
2019-10-07T19:53:00,75,70,29.85,15,0.50
2019-10-07T20:53:00,75,72,29.87,14,0.06
2019-10-07T21:38:00,76,74,29.89,6,NA
2019-10-07T21:51:00,75,73,29.89,7,NA
2019-10-07T21:53:00,75,70,29.98,10,0.02
2019-10-07T22:00:00,75,70,29.95,10,NA
2019-10-07T22:35:00,76,74,29.88,6,NA
2019-10-07T22:43:00,76,74,29.88,8,NA
2019-10-07T22:53:00,75,72,29.88,11,0.03
2019-10-07T23:05:00,76,74,29.87,7,NA
2019-10-07T23:19:00,76,73,29.87,7,NA
2019-10-07T23:46:00,75,73,29.86,3,NA
2019-10-07T23:49:00,75,73,29.86,0,NA
2019-10-07T23:53:00,75,72,29.86,8,0.38
2019-10-08T00:16:00,75,73,29.85,3,NA
2019-10-08T00:42:00,75,68,29.86,7,NA
2019-10-08T00:51:00,77,73,29.85,3,NA
2019-10-08T00:53:00,77,73,29.85,3,0.74
2019-10-08T01:00:00,77,66,29.83,7,NA
2019-10-08T01:15:00,75,66,NA,10,NA
2019-10-08T01:50:00,75,73,29.84,3,NA
2019-10-08T01:53:00,75,73,29.84,3,0.01
2019-10-08T02:08:00,75,73,29.84,5,NA
2019-10-08T02:18:00,75,73,29.83,0,NA
2019-10-08T02:25:00,75,73,29.83,3,NA
2019-10-08T02:44:00,75,66,NA,5,NA
2019-10-08T02:53:00,75,73,29.81,5,0.00
2019-10-08T03:53:00,77,64,29.83,7,0.00
2019-10-08T04:00:00,77,64,29.80,7,NA
2019-10-08T04:16:00,75,73,29.83,0,NA
2019-10-08T04:34:00,75,73,29.83,6,NA
2019-10-08T04:53:00,75,66,29.84,7,0.00
2019-10-08T05:05:00,75,73,29.84,5,NA
2019-10-08T05:53:00,75,72,29.85,5,0.00
2019-10-08T06:29:00,75,70,NA,9,NA
2019-10-08T06:53:00,76,73,29.86,8,0.00
2019-10-08T07:00:00,77,72,29.84,9,NA
2019-10-08T07:20:00,76,73,29.87,3,NA
2019-10-08T07:35:00,77,72,29.88,7,NA
2019-10-08T07:44:00,76,73,29.88,3,NA
2019-10-08T07:53:00,77,72,29.89,8,0.00
2019-10-08T08:06:00,77,73,29.89,7,NA
2019-10-08T08:22:00,78,73,29.89,6,NA
2019-10-08T08:51:00,79,73,29.90,6,NA
2019-10-08T08:53:00,79,73,29.90,9,0.00
2019-10-08T09:29:00,81,73,29.91,9,NA
2019-10-08T09:31:00,80,74,29.91,7,NA
2019-10-08T09:48:00,81,73,29.91,5,NA
2019-10-08T09:53:00,81,73,29.92,7,0.00
2019-10-08T10:00:00,80,74,29.91,6,NA
2019-10-08T10:13:00,82,74,29.91,6,NA
2019-10-08T10:23:00,82,74,29.91,3,NA
2019-10-08T10:36:00,82,74,29.91,6,NA
2019-10-08T10:51:00,81,73,29.91,3,NA
2019-10-08T10:53:00,82,75,29.91,6,0.00
2019-10-08T11:17:00,83,73,29.90,3,NA
2019-10-08T11:53:00,83,73,29.89,0,0.00
2019-10-08T12:51:00,84,75,29.87,9,NA
2019-10-08T12:53:00,84,75,29.86,8,0.00
2019-10-08T13:00:00,84,75,29.83,8,NA
2019-10-08T13:53:00,86,75,29.85,7,0.00
2019-10-08T14:53:00,86,74,29.84,8,0.00
2019-10-08T15:53:00,82,73,29.85,9,T
2019-10-08T16:00:00,82,73,29.82,9,NA
2019-10-08T16:22:00,79,72,29.86,7,T
2019-10-08T16:53:00,77,74,29.88,7,T
2019-10-08T17:05:00,77,74,29.88,8,T
2019-10-08T17:51:00,75,73,29.88,7,NA
2019-10-08T17:53:00,76,74,29.88,7,0.18
2019-10-08T18:53:00,77,74,29.90,3,0.01
2019-10-08T19:00:00,77,74,29.87,3,NA
2019-10-08T19:53:00,76,73,29.92,5,T
2019-10-08T20:53:00,76,73,29.92,7,0.00
2019-10-08T21:53:00,76,73,29.95,5,0.00
2019-10-08T22:00:00,76,73,29.92,5,NA
2019-10-08T22:53:00,76,73,29.94,6,0.00
2019-10-08T23:53:00,76,73,29.93,5,0.00
2019-10-09T00:53:00,76,73,29.91,3,0.00
2019-10-09T01:00:00,76,73,29.88,3,NA
2019-10-09T01:12:00,76,73,29.91,5,NA
2019-10-09T01:53:00,76,73,29.90,5,0.00
2019-10-09T02:51:00,75,73,29.90,3,NA
2019-10-09T02:53:00,76,73,29.90,3,0.00
2019-10-09T03:53:00,75,73,29.90,3,0.00
2019-10-09T04:00:00,75,73,29.87,3,NA
2019-10-09T04:53:00,75,73,29.92,3,0.00
2019-10-09T05:53:00,76,73,29.93,3,0.00
2019-10-09T06:53:00,76,73,29.94,5,0.00
2019-10-09T07:00:00,76,73,29.91,5,NA
2019-10-09T07:53:00,78,74,29.96,5,0.00
2019-10-09T08:53:00,79,74,29.98,7,0.00
2019-10-09T09:01:00,79,74,29.98,6,NA
2019-10-09T09:53:00,80,75,29.98,5,0.00
2019-10-09T10:00:00,80,75,29.95,5,NA
2019-10-09T10:45:00,82,74,29.99,8,NA
2019-10-09T10:53:00,82,74,29.99,7,0.00
2019-10-09T11:19:00,83,75,29.98,10,NA
2019-10-09T11:45:00,83,73,29.97,11,NA
2019-10-09T11:53:00,84,73,29.98,9,0.00
2019-10-09T12:53:00,81,72,29.97,8,0.00
2019-10-09T13:00:00,81,72,29.94,8,NA
2019-10-09T13:53:00,83,72,29.94,10,0.00
2019-10-09T14:12:00,83,72,29.94,9,NA
2019-10-09T14:34:00,82,70,29.94,10,NA
2019-10-09T14:53:00,82,71,29.94,7,0.00
2019-10-09T15:16:00,81,70,29.95,9,NA
2019-10-09T15:53:00,81,70,29.94,10,0.00
2019-10-09T16:00:00,81,70,29.91,10,NA
2019-10-09T16:22:00,80,70,29.93,9,NA
2019-10-09T16:53:00,80,70,29.91,10,0.00
2019-10-09T17:53:00,79,70,29.95,7,0.00
2019-10-09T18:53:00,78,70,29.95,8,0.00
2019-10-09T19:00:00,78,70,29.92,8,NA
2019-10-09T19:53:00,77,70,29.98,5,0.00
2019-10-09T20:53:00,76,71,30.00,5,0.00
2019-10-09T21:44:00,76,71,30.01,6,NA
2019-10-09T21:53:00,76,71,30.01,5,0.00
2019-10-09T22:00:00,76,71,29.98,5,NA
2019-10-09T22:53:00,76,70,30.00,5,0.00
2019-10-09T23:53:00,75,70,30.01,7,0.00
2019-10-10T00:53:00,74,70,29.99,7,0.00
2019-10-10T01:00:00,74,70,29.96,7,NA
2019-10-10T01:53:00,74,70,29.98,7,0.00
2019-10-10T02:53:00,73,70,29.95,6,0.00
2019-10-10T03:53:00,73,70,29.96,7,0.00
2019-10-10T04:00:00,73,70,29.93,7,NA
2019-10-10T04:53:00,73,70,29.98,5,0.00
2019-10-10T05:53:00,73,70,29.99,5,0.00
2019-10-10T06:53:00,73,70,30.00,5,0.00
2019-10-10T07:00:00,73,70,29.97,5,NA
2019-10-10T07:53:00,76,71,30.01,7,0.00
2019-10-10T08:53:00,80,71,30.02,8,0.00
2019-10-10T09:53:00,82,71,30.02,9,0.00
2019-10-10T10:00:00,82,71,29.99,9,NA
2019-10-10T10:53:00,84,71,30.00,8,0.00
2019-10-10T11:53:00,88,70,29.99,7,0.00
2019-10-10T12:53:00,85,69,29.96,8,0.00
2019-10-10T13:00:00,85,69,29.93,8,NA
2019-10-10T13:53:00,90,69,29.94,13,0.00
2019-10-10T14:53:00,90,69,29.93,10,0.00
2019-10-10T15:53:00,87,70,29.93,9,0.06
2019-10-10T16:00:00,87,70,29.90,9,NA
2019-10-10T16:53:00,84,70,29.94,9,0.00
2019-10-10T17:53:00,83,69,29.95,8,0.00
2019-10-10T18:53:00,81,69,29.96,7,0.00
2019-10-10T19:00:00,81,69,29.93,7,NA
2019-10-10T19:53:00,79,68,29.97,8,0.00
2019-10-10T20:53:00,78,69,30.00,6,0.00
2019-10-10T21:53:00,77,69,30.01,7,0.00
2019-10-10T22:00:00,77,69,29.98,7,NA
2019-10-10T22:53:00,76,69,30.01,7,0.00
2019-10-10T23:53:00,75,69,30.00,6,0.00
2019-10-11T00:53:00,74,69,29.99,7,0.00
2019-10-11T01:00:00,74,69,29.96,7,NA
2019-10-11T01:53:00,73,69,29.98,6,0.00
2019-10-11T02:53:00,73,69,29.97,8,0.00
2019-10-11T03:53:00,73,69,29.97,6,0.00
2019-10-11T04:00:00,73,69,29.94,6,NA
2019-10-11T04:53:00,72,68,29.97,5,0.00
2019-10-11T05:53:00,72,68,29.99,6,0.00
2019-10-11T06:53:00,72,68,30.00,5,0.00
2019-10-11T07:00:00,72,68,29.97,5,NA
2019-10-11T07:53:00,75,68,30.01,6,0.00
2019-10-11T08:53:00,78,68,30.03,9,0.00
2019-10-11T09:53:00,81,68,30.03,8,0.00
2019-10-11T10:00:00,81,68,30.00,8,NA
2019-10-11T10:53:00,84,69,30.03,8,0.00
2019-10-11T11:53:00,86,67,30.01,5,0.00
2019-10-11T12:53:00,88,65,29.98,7,0.00
2019-10-11T13:00:00,88,65,29.95,7,NA
2019-10-11T13:53:00,89,63,29.96,10,0.00
2019-10-11T14:53:00,88,63,29.96,6,0.00
2019-10-11T15:53:00,89,60,29.95,7,0.00
2019-10-11T16:00:00,89,60,29.92,7,NA
2019-10-11T16:53:00,88,60,29.95,6,0.00
2019-10-11T17:53:00,85,59,29.96,5,0.00
2019-10-11T18:53:00,83,62,29.97,6,0.00
2019-10-11T19:00:00,83,62,29.94,6,NA
2019-10-11T19:53:00,81,62,29.99,7,0.00
2019-10-11T20:53:00,79,63,30.02,7,0.00
2019-10-11T21:53:00,78,64,30.03,6,0.00
2019-10-11T22:00:00,78,64,30.00,6,NA
2019-10-11T22:53:00,76,65,30.03,5,0.00
2019-10-11T23:53:00,75,67,30.02,3,0.00
2019-10-12T00:53:00,73,66,30.02,5,0.00
2019-10-12T01:00:00,73,66,29.99,5,NA
2019-10-12T01:53:00,72,67,30.00,5,0.00
2019-10-12T02:53:00,72,66,29.98,6,0.00
2019-10-12T03:53:00,71,65,29.98,5,0.00
2019-10-12T04:00:00,71,65,29.95,5,NA
2019-10-12T04:53:00,71,65,29.98,3,0.00
2019-10-12T05:53:00,71,65,29.98,5,0.00
2019-10-12T06:53:00,71,65,29.99,6,0.00
2019-10-12T07:00:00,71,65,29.96,6,NA
2019-10-12T07:53:00,75,66,30.00,5,0.00
2019-10-12T08:53:00,79,67,30.02,7,0.00
2019-10-12T09:53:00,82,65,30.03,5,0.00
2019-10-12T10:00:00,82,65,30.00,5,NA
2019-10-12T10:53:00,84,61,30.03,5,0.00
2019-10-12T11:53:00,84,61,30.02,8,0.00
2019-10-12T12:53:00,87,61,30.00,7,0.00
2019-10-12T13:00:00,87,61,29.97,7,NA
2019-10-12T13:53:00,87,59,29.99,3,0.00
2019-10-12T14:53:00,86,61,29.97,10,0.00
2019-10-12T15:53:00,85,58,29.96,11,0.00
2019-10-12T16:00:00,85,58,29.93,11,NA
2019-10-12T16:53:00,84,58,29.97,9,0.00
2019-10-12T17:53:00,82,60,29.98,6,0.00
2019-10-12T18:53:00,80,62,30.00,6,0.00
2019-10-12T19:00:00,80,62,29.97,6,NA
2019-10-12T19:53:00,78,63,30.01,5,0.00
2019-10-12T20:53:00,77,63,30.02,5,0.00
2019-10-12T21:53:00,77,64,30.03,6,0.00
2019-10-12T22:00:00,77,64,30.00,6,NA
2019-10-12T22:53:00,77,68,30.02,6,0.00
2019-10-12T23:53:00,76,68,30.03,8,0.00
2019-10-13T00:53:00,75,67,30.02,8,0.00
2019-10-13T01:00:00,75,67,29.99,8,NA
2019-10-13T01:53:00,75,67,30.00,6,0.00
2019-10-13T02:53:00,74,67,30.00,7,0.00
2019-10-13T03:53:00,74,67,30.00,3,0.00
2019-10-13T04:00:00,74,67,29.97,3,NA
2019-10-13T04:53:00,73,66,30.01,3,0.00
2019-10-13T05:53:00,72,67,30.02,3,0.00
2019-10-13T06:53:00,72,67,30.04,3,0.00
2019-10-13T07:00:00,72,67,30.01,3,NA
2019-10-13T07:53:00,75,67,30.04,5,0.00
2019-10-13T08:53:00,79,66,30.05,5,0.00
2019-10-13T09:53:00,81,66,30.06,7,0.00
2019-10-13T10:00:00,81,66,30.03,7,NA
2019-10-13T10:53:00,84,65,30.05,5,0.00
2019-10-13T11:53:00,86,65,30.04,3,0.00
2019-10-13T12:53:00,85,67,30.02,7,0.00
2019-10-13T13:00:00,85,67,29.99,7,NA
2019-10-13T13:53:00,84,66,30.00,8,0.00
2019-10-13T14:53:00,84,67,29.99,7,0.00
2019-10-13T15:53:00,85,65,29.99,7,0.00
2019-10-13T16:00:00,85,65,29.96,7,NA
2019-10-13T16:53:00,85,64,29.98,6,0.00
2019-10-13T17:53:00,83,65,29.99,3,0.00
2019-10-13T18:53:00,81,67,30.01,8,0.00
2019-10-13T19:00:00,81,67,29.98,8,NA
2019-10-13T19:53:00,80,68,30.02,5,0.00
2019-10-13T20:53:00,79,68,30.03,6,0.00
2019-10-13T21:53:00,78,68,30.03,5,0.00
2019-10-13T22:00:00,78,68,30.00,5,NA
2019-10-13T22:53:00,78,68,30.05,5,0.00
2019-10-13T23:53:00,78,69,30.04,6,0.00
2019-10-14T00:53:00,77,69,30.04,5,0.00
2019-10-14T01:00:00,77,69,30.01,5,NA
2019-10-14T01:53:00,76,69,30.03,3,0.00
2019-10-14T02:53:00,75,69,30.02,0,0.00
2019-10-14T03:53:00,75,69,30.02,0,0.00
2019-10-14T04:00:00,75,69,29.99,0,NA
2019-10-14T04:53:00,74,69,30.03,0,0.00
2019-10-14T05:53:00,74,69,30.04,3,0.00
2019-10-14T06:53:00,74,69,30.05,0,0.00
2019-10-14T07:00:00,74,69,30.02,0,NA
2019-10-14T07:53:00,77,69,30.05,3,0.00
2019-10-14T08:53:00,83,71,30.07,0,0.00
2019-10-14T09:53:00,84,69,30.07,5,0.00
2019-10-14T10:00:00,84,69,30.04,5,NA
2019-10-14T10:53:00,86,68,30.07,6,0.00
2019-10-14T11:53:00,83,71,30.05,7,0.00
2019-10-14T12:53:00,87,70,30.02,10,0.00
2019-10-14T13:00:00,87,70,29.99,10,NA
2019-10-14T13:53:00,87,69,30.00,8,0.00
2019-10-14T14:53:00,86,68,29.99,8,0.00
2019-10-14T15:53:00,86,68,30.00,7,0.00
2019-10-14T16:00:00,86,68,29.97,7,NA
2019-10-14T16:53:00,86,71,30.00,7,0.00
2019-10-14T17:53:00,84,69,30.01,7,0.00
2019-10-14T18:53:00,81,69,30.02,8,0.00
2019-10-14T19:00:00,81,69,29.99,8,NA
2019-10-14T19:53:00,80,69,30.04,7,0.00
2019-10-14T20:53:00,79,69,30.06,7,0.00
2019-10-14T21:53:00,79,69,30.08,3,0.00
2019-10-14T22:00:00,79,69,30.05,3,NA
2019-10-14T22:53:00,79,69,30.08,7,0.00
2019-10-14T23:53:00,77,70,30.08,6,0.00
2019-10-15T00:53:00,77,70,30.07,3,0.00
2019-10-15T01:00:00,77,70,30.04,3,NA
2019-10-15T01:53:00,77,70,30.05,5,0.00
2019-10-15T02:53:00,76,70,30.04,6,0.00
2019-10-15T03:53:00,76,71,30.04,6,0.00
2019-10-15T04:00:00,76,71,30.01,6,NA
2019-10-15T04:53:00,76,71,30.04,6,0.00
2019-10-15T05:53:00,76,71,30.05,5,0.00
2019-10-15T06:53:00,76,70,30.05,5,0.00
2019-10-15T07:00:00,76,70,30.02,5,NA
2019-10-15T07:53:00,78,71,30.06,5,0.00
2019-10-15T08:53:00,81,69,30.06,6,0.00
2019-10-15T09:53:00,83,68,30.06,9,0.00
2019-10-15T10:00:00,83,68,30.03,9,NA
2019-10-15T10:53:00,84,68,30.05,7,0.00
2019-10-15T11:53:00,86,67,30.03,8,0.00
2019-10-15T12:53:00,85,69,30.01,9,0.00
2019-10-15T13:00:00,85,69,29.98,9,NA
2019-10-15T13:53:00,85,69,29.97,8,0.00
2019-10-15T14:53:00,86,68,29.96,8,0.00
2019-10-15T15:53:00,85,67,29.94,7,0.00
2019-10-15T16:00:00,85,67,29.91,7,NA
2019-10-15T16:53:00,85,66,29.93,3,0.00
2019-10-15T17:53:00,82,70,29.95,8,0.00
2019-10-15T18:53:00,81,69,29.96,6,0.00
2019-10-15T19:00:00,81,69,29.93,6,NA
2019-10-15T19:53:00,80,70,29.97,6,0.00
2019-10-15T20:53:00,80,72,29.96,5,0.00
2019-10-15T21:53:00,81,72,29.97,6,0.00
2019-10-15T22:00:00,81,72,29.94,6,NA
2019-10-15T22:53:00,80,73,29.97,3,0.00
2019-10-15T23:53:00,80,72,29.97,5,0.00
2019-10-16T00:53:00,78,70,29.95,6,0.00
2019-10-16T01:00:00,78,70,29.92,6,NA
2019-10-16T01:53:00,78,70,29.95,5,0.00
2019-10-16T02:53:00,77,70,29.93,3,0.00
2019-10-16T03:53:00,76,70,29.92,6,0.00
2019-10-16T04:00:00,76,70,29.89,6,NA
2019-10-16T04:53:00,77,71,29.92,5,0.00
2019-10-16T05:53:00,77,71,29.92,6,0.00
2019-10-16T06:53:00,77,73,29.93,5,0.00
2019-10-16T07:00:00,77,73,29.90,5,NA
2019-10-16T07:53:00,81,75,29.92,7,0.00
2019-10-16T08:53:00,84,74,29.93,13,0.00
2019-10-16T09:53:00,85,74,29.93,14,0.00
2019-10-16T10:00:00,85,74,29.90,14,NA
2019-10-16T10:53:00,86,75,29.93,15,0.00
2019-10-16T11:53:00,86,75,29.92,13,T
2019-10-16T12:53:00,87,73,29.90,13,0.00
2019-10-16T13:00:00,87,73,29.87,13,NA
2019-10-16T13:53:00,87,74,29.88,14,0.00
2019-10-16T14:53:00,87,75,29.88,14,0.00
2019-10-16T15:51:00,88,75,29.88,14,NA
2019-10-16T15:53:00,86,75,29.88,13,0.00
2019-10-16T16:00:00,86,75,29.85,13,NA
2019-10-16T16:06:00,85,75,29.88,11,NA
2019-10-16T16:31:00,78,73,29.88,14,0.17
2019-10-16T16:41:00,77,72,29.88,20,0.27
2019-10-16T16:53:00,79,73,29.87,9,0.37
2019-10-16T17:53:00,80,75,29.86,8,0.05
2019-10-16T18:53:00,78,74,29.85,6,T
2019-10-16T19:00:00,78,74,29.82,6,NA
2019-10-16T19:53:00,79,75,29.87,6,0.00
2019-10-16T20:53:00,81,76,29.90,9,0.00
2019-10-16T21:53:00,79,75,29.91,7,0.00
2019-10-16T22:00:00,79,75,29.88,7,NA
2019-10-16T22:53:00,78,74,29.92,5,0.00
2019-10-16T23:53:00,77,73,29.91,3,0.00
2019-10-17T00:53:00,76,73,29.90,3,0.00
2019-10-17T01:00:00,76,73,29.87,3,NA
2019-10-17T01:53:00,76,72,29.90,0,0.00
2019-10-17T02:53:00,76,72,29.88,0,0.00
2019-10-17T03:53:00,76,72,29.88,0,0.00
2019-10-17T04:00:00,76,72,29.85,0,NA
2019-10-17T04:53:00,76,72,29.88,6,0.00
2019-10-17T05:53:00,74,68,29.91,6,0.00
2019-10-17T06:53:00,74,68,29.92,5,0.00
2019-10-17T07:00:00,74,68,29.89,5,NA
2019-10-17T07:51:00,73,68,29.94,3,NA
2019-10-17T07:53:00,74,68,29.94,3,0.00
2019-10-17T08:07:00,75,68,29.95,6,NA
2019-10-17T08:53:00,78,68,29.97,6,0.00
2019-10-17T09:53:00,79,68,29.96,5,0.00
2019-10-17T10:00:00,79,68,29.93,5,NA
2019-10-17T10:53:00,82,68,29.95,3,0.00
2019-10-17T11:53:00,81,70,29.94,8,0.00
2019-10-17T12:53:00,84,70,29.92,8,0.00
2019-10-17T13:00:00,84,70,29.89,8,NA
2019-10-17T13:53:00,84,69,29.90,6,0.00
2019-10-17T14:53:00,86,68,29.89,7,0.00
2019-10-17T15:53:00,83,70,29.89,10,0.00
2019-10-17T16:00:00,83,70,29.86,10,NA
2019-10-17T16:53:00,81,67,29.89,9,0.00
2019-10-17T17:53:00,79,68,29.89,9,0.00
2019-10-17T18:53:00,77,66,29.89,5,0.00
2019-10-17T19:00:00,77,66,29.86,5,NA
2019-10-17T19:53:00,76,67,29.90,6,0.00
2019-10-17T20:53:00,76,67,29.93,6,0.00
2019-10-17T21:53:00,75,66,29.95,6,0.00
2019-10-17T22:00:00,75,66,29.92,6,NA
2019-10-17T22:53:00,75,65,29.94,6,0.00
2019-10-17T23:53:00,75,65,29.94,3,0.00
2019-10-18T00:53:00,74,63,29.93,6,0.00
2019-10-18T01:00:00,74,63,29.90,6,NA
2019-10-18T01:53:00,74,61,29.92,0,0.00
2019-10-18T02:53:00,73,58,29.88,3,0.00
2019-10-18T03:53:00,73,59,29.88,5,0.00
2019-10-18T04:00:00,73,59,29.85,5,NA
2019-10-18T04:53:00,72,60,29.89,6,0.00
2019-10-18T05:53:00,71,58,29.91,3,0.00
2019-10-18T06:53:00,72,59,29.92,7,0.00
2019-10-18T07:00:00,72,59,29.89,7,NA
2019-10-18T07:53:00,71,60,29.93,5,0.00
2019-10-18T08:53:00,73,61,29.94,5,0.00
2019-10-18T09:53:00,74,63,29.95,6,0.00
2019-10-18T10:00:00,74,63,29.92,6,NA
2019-10-18T10:53:00,75,62,29.93,7,0.00
2019-10-18T11:53:00,75,63,29.92,7,0.00
2019-10-18T12:53:00,75,63,29.90,6,0.00
2019-10-18T13:00:00,75,63,29.87,6,NA
2019-10-18T13:53:00,75,64,29.88,6,0.00
2019-10-18T14:53:00,74,67,29.86,6,0.01
2019-10-18T15:53:00,75,68,29.86,8,T
2019-10-18T16:00:00,75,68,29.83,8,NA
2019-10-18T16:53:00,75,69,29.85,6,T
2019-10-18T17:53:00,74,70,29.85,5,0.05
2019-10-18T18:53:00,74,71,29.83,6,0.07
2019-10-18T19:00:00,74,71,29.80,6,NA
2019-10-18T19:53:00,74,71,29.83,7,0.08
2019-10-18T20:26:00,74,72,29.84,6,NA
2019-10-18T20:35:00,74,72,29.84,8,0.38
2019-10-18T20:38:00,74,72,29.85,7,0.40
2019-10-18T20:53:00,74,72,29.86,11,0.65
2019-10-18T21:26:00,76,73,29.87,8,0.30
2019-10-18T21:51:00,75,73,29.85,9,NA
2019-10-18T21:53:00,75,73,29.85,7,0.16
2019-10-18T22:00:00,75,73,29.82,7,NA
2019-10-18T22:53:00,76,73,29.84,6,0.06
2019-10-18T23:00:00,76,73,29.83,5,T
2019-10-18T23:53:00,76,74,29.82,7,0.06
2019-10-19T00:53:00,76,74,29.82,8,0.15
2019-10-19T01:00:00,76,74,29.79,8,NA
2019-10-19T01:53:00,76,72,29.83,7,0.10
2019-10-19T02:20:00,76,73,29.76,15,0.21
2019-10-19T02:28:00,75,73,29.77,15,0.49
2019-10-19T02:37:00,76,73,29.79,9,0.61
2019-10-19T02:46:00,76,73,29.80,7,0.70
2019-10-19T02:51:00,75,73,29.80,8,0.74
2019-10-19T02:53:00,76,73,29.80,10,0.83
2019-10-19T02:56:00,76,74,29.80,10,0.02
2019-10-19T03:18:00,76,74,29.78,11,0.15
2019-10-19T03:29:00,76,74,29.78,10,0.17
2019-10-19T03:42:00,76,74,29.75,13,0.21
2019-10-19T03:53:00,76,74,29.77,8,0.24
2019-10-19T04:00:00,76,74,29.74,8,NA
2019-10-19T04:34:00,77,74,29.77,7,0.08
2019-10-19T04:49:00,75,72,29.77,15,0.13
2019-10-19T04:53:00,75,72,29.77,13,0.13
2019-10-19T05:53:00,75,72,29.80,8,0.15
2019-10-19T06:41:00,74,72,29.81,14,0.38
2019-10-19T06:51:00,73,72,29.82,13,NA
2019-10-19T06:53:00,73,71,29.81,14,0.52
2019-10-19T07:00:00,73,71,29.78,14,NA
2019-10-19T07:06:00,73,71,29.82,9,0.08
2019-10-19T07:21:00,74,71,29.82,7,0.08
2019-10-19T07:41:00,74,72,29.81,8,0.08
2019-10-19T07:53:00,74,71,29.80,13,0.02
2019-10-19T08:53:00,76,72,29.81,14,0.00
2019-10-19T09:53:00,78,72,29.80,17,0.00
2019-10-19T10:00:00,78,72,29.77,17,NA
2019-10-19T10:53:00,79,72,29.79,16,0.00
2019-10-19T11:11:00,78,73,29.79,16,0.04
2019-10-19T11:51:00,81,72,29.78,18,NA
2019-10-19T11:53:00,80,72,29.78,18,0.05
2019-10-19T12:53:00,83,74,29.75,21,T
2019-10-19T13:00:00,83,74,29.72,21,NA
2019-10-19T13:53:00,83,75,29.75,22,0.00
2019-10-19T14:51:00,81,75,29.74,20,0.01
2019-10-19T14:53:00,82,75,29.74,21,0.01
2019-10-19T15:02:00,83,76,29.73,21,NA
2019-10-19T15:53:00,82,75,29.73,24,T
2019-10-19T16:00:00,82,75,29.70,24,NA
2019-10-19T16:53:00,82,76,29.74,15,0.00
2019-10-19T17:44:00,81,76,29.75,17,NA
2019-10-19T17:53:00,80,75,29.75,16,0.00
2019-10-19T18:53:00,81,76,29.77,13,0.00
2019-10-19T19:00:00,81,76,29.74,13,NA
2019-10-19T19:12:00,81,75,29.78,10,NA
2019-10-19T19:53:00,81,74,NA,10,NA
2019-10-19T20:53:00,80,75,NA,10,NA
2019-10-19T21:25:00,81,75,29.82,11,NA
2019-10-19T21:53:00,80,75,NA,9,NA
2019-10-19T22:00:00,80,75,29.80,9,NA
2019-10-19T22:53:00,79,75,NA,10,NA
2019-10-19T23:53:00,79,75,NA,7,NA
2019-10-20T00:53:00,79,74,29.84,9,0.00
2019-10-20T01:00:00,79,74,29.81,9,NA
2019-10-20T01:53:00,78,73,29.83,8,0.00
2019-10-20T02:53:00,78,73,29.82,8,0.00
2019-10-20T03:53:00,78,72,29.82,7,0.00
2019-10-20T04:00:00,78,72,29.79,7,NA
2019-10-20T04:53:00,77,72,29.84,7,0.00
2019-10-20T05:53:00,77,72,29.86,6,0.00
2019-10-20T06:53:00,78,72,29.88,6,0.00
2019-10-20T07:00:00,78,72,29.85,6,NA
2019-10-20T07:53:00,80,73,29.91,6,0.00
2019-10-20T08:53:00,81,73,29.94,6,0.00
2019-10-20T09:53:00,83,73,29.94,8,0.00
2019-10-20T10:00:00,83,73,29.91,8,NA
2019-10-20T10:53:00,85,71,29.94,8,0.00
2019-10-20T11:53:00,85,72,29.94,9,0.00
2019-10-20T12:53:00,86,73,29.92,10,0.00
2019-10-20T13:00:00,86,73,29.89,10,NA
2019-10-20T13:53:00,86,72,29.91,6,0.00
2019-10-20T14:53:00,86,71,29.91,7,0.00
2019-10-20T15:53:00,86,71,29.91,8,0.00
2019-10-20T16:00:00,86,71,29.88,8,NA
2019-10-20T16:53:00,84,70,29.92,7,0.00
2019-10-20T17:53:00,80,70,29.92,6,0.00
2019-10-20T18:53:00,78,69,29.93,5,0.00
2019-10-20T19:00:00,78,69,29.90,5,NA
2019-10-20T19:53:00,76,68,29.95,6,0.00
2019-10-20T20:53:00,76,68,29.96,5,0.00
2019-10-20T21:53:00,76,67,29.97,3,0.00
2019-10-20T22:00:00,76,67,29.94,3,NA
2019-10-20T22:53:00,75,68,29.97,3,0.00
2019-10-20T23:53:00,76,68,29.96,5,0.00
2019-10-21T00:53:00,76,67,29.95,3,0.00
2019-10-21T01:00:00,76,67,29.92,3,NA
2019-10-21T01:53:00,76,67,29.94,3,0.00
2019-10-21T02:53:00,76,67,29.94,0,0.00
2019-10-21T03:53:00,75,68,29.94,5,0.00
2019-10-21T04:00:00,75,68,29.91,5,NA
2019-10-21T04:53:00,75,68,29.94,6,0.00
2019-10-21T05:53:00,76,68,29.94,6,0.00
2019-10-21T06:53:00,76,69,29.94,6,0.00
2019-10-21T07:00:00,76,69,29.91,6,NA
2019-10-21T07:06:00,76,69,29.95,5,NA
2019-10-21T07:07:00,76,69,29.95,6,NA
2019-10-21T07:53:00,76,71,29.96,3,0.02
2019-10-21T07:59:00,76,71,29.96,5,NA
2019-10-21T08:13:00,76,71,29.96,3,0.03
2019-10-21T08:38:00,75,73,29.97,5,0.11
2019-10-21T08:51:00,75,73,29.97,7,NA
2019-10-21T08:53:00,75,73,29.97,7,0.15
2019-10-21T08:56:00,75,73,29.97,3,0.01
2019-10-21T09:05:00,76,74,29.97,3,0.03
2019-10-21T09:51:00,79,75,29.98,6,NA
2019-10-21T09:53:00,78,76,29.98,7,0.01
2019-10-21T10:00:00,78,76,29.95,7,NA
2019-10-21T10:01:00,78,75,29.99,9,T
2019-10-21T10:44:00,78,74,29.98,3,0.06
2019-10-21T10:53:00,78,75,29.99,0,0.06
2019-10-21T11:53:00,81,76,29.99,5,0.00
2019-10-21T12:53:00,86,78,29.97,13,0.00
2019-10-21T13:00:00,86,78,29.94,13,NA
2019-10-21T13:24:00,84,77,29.95,14,NA
2019-10-21T13:53:00,82,76,29.96,8,T
2019-10-21T14:27:00,82,77,29.95,6,NA
2019-10-21T14:53:00,85,78,29.96,11,0.00
2019-10-21T15:53:00,80,74,29.95,11,T
2019-10-21T16:00:00,80,74,29.92,11,NA
2019-10-21T16:53:00,82,75,29.94,8,0.00
2019-10-21T17:53:00,81,77,29.96,6,0.00
2019-10-21T18:53:00,81,78,29.97,5,0.00
2019-10-21T19:00:00,81,78,29.94,5,NA
2019-10-21T19:53:00,81,77,29.97,5,0.00
2019-10-21T20:53:00,80,77,29.98,5,0.00
2019-10-21T21:53:00,80,78,29.99,3,0.00
2019-10-21T22:00:00,80,78,29.96,3,NA
2019-10-21T22:51:00,81,77,30.00,3,NA
2019-10-21T22:53:00,80,77,30.00,3,0.00
2019-10-21T23:53:00,79,77,30.01,3,0.00
2019-10-22T00:53:00,79,77,30.00,0,0.00
2019-10-22T01:00:00,79,77,29.97,0,NA
2019-10-22T01:41:00,79,77,30.00,0,NA
2019-10-22T01:53:00,79,77,29.99,3,0.00
2019-10-22T02:15:00,79,77,29.99,5,NA
2019-10-22T02:29:00,79,77,29.99,3,NA
2019-10-22T02:53:00,79,77,29.98,5,0.00
2019-10-22T03:51:00,79,77,29.98,5,NA
2019-10-22T03:53:00,79,77,29.98,5,0.00
2019-10-22T04:00:00,79,77,29.95,5,NA
2019-10-22T04:37:00,79,77,29.98,3,NA
2019-10-22T04:47:00,79,77,29.99,0,NA
2019-10-22T04:53:00,79,77,29.99,3,0.00
2019-10-22T05:01:00,79,77,29.99,0,NA
2019-10-22T05:22:00,79,77,29.99,3,NA
2019-10-22T05:53:00,79,77,30.00,3,0.00
2019-10-22T06:12:00,79,77,30.00,5,NA
2019-10-22T06:26:00,79,77,30.00,3,NA
2019-10-22T06:51:00,79,77,30.01,3,NA
2019-10-22T06:53:00,79,77,30.01,5,0.00
2019-10-22T07:00:00,79,77,29.98,5,NA
2019-10-22T07:36:00,80,78,30.00,7,NA
2019-10-22T07:53:00,80,78,30.01,6,0.00
2019-10-22T08:53:00,82,78,30.01,10,0.00
2019-10-22T09:53:00,84,79,30.02,11,0.00
2019-10-22T10:00:00,84,79,29.99,11,NA
2019-10-22T10:53:00,86,77,30.00,13,0.00
2019-10-22T11:53:00,86,78,29.98,11,0.00
2019-10-22T12:53:00,88,75,29.96,10,0.00
2019-10-22T13:00:00,88,75,29.93,10,NA
2019-10-22T13:53:00,87,75,29.94,10,0.00
2019-10-22T14:53:00,87,73,29.95,13,0.00
2019-10-22T15:53:00,86,75,29.95,9,0.00
2019-10-22T16:00:00,86,75,29.92,9,NA
2019-10-22T16:53:00,85,75,29.95,9,0.00
2019-10-22T17:53:00,84,75,29.97,10,0.00
2019-10-22T18:53:00,79,73,29.98,5,0.00
2019-10-22T19:00:00,79,73,29.95,5,NA
2019-10-22T19:53:00,79,74,30.00,0,0.00
2019-10-22T20:53:00,78,73,30.01,3,0.00
2019-10-22T21:53:00,78,74,NA,3,NA
2019-10-22T22:00:00,78,74,30.00,3,NA
2019-10-22T22:53:00,77,74,NA,5,NA
2019-10-22T23:53:00,77,73,NA,6,NA
2019-10-23T00:53:00,75,71,30.02,10,0.00
2019-10-23T01:00:00,75,71,29.99,10,NA
2019-10-23T01:53:00,73,65,30.01,11,0.00
2019-10-23T02:53:00,72,57,30.00,13,0.00
2019-10-23T03:53:00,69,58,30.01,8,0.00
2019-10-23T04:00:00,70,57,29.98,8,NA
2019-10-23T04:53:00,69,55,30.03,9,0.00
2019-10-23T05:53:00,68,52,30.04,9,0.00
2019-10-23T06:53:00,67,52,30.05,9,0.00
2019-10-23T07:00:00,67,52,30.02,9,NA
2019-10-23T07:53:00,69,50,30.07,9,0.00
2019-10-23T08:53:00,72,47,30.08,11,0.00
2019-10-23T09:53:00,74,47,30.08,13,0.00
2019-10-23T10:00:00,74,47,30.05,13,NA
2019-10-23T10:53:00,77,52,30.08,13,0.00
2019-10-23T11:53:00,80,55,30.06,10,0.00
2019-10-23T12:53:00,81,58,30.04,7,0.00
2019-10-23T13:00:00,81,58,30.01,7,NA
2019-10-23T13:53:00,83,60,30.03,7,0.00
2019-10-23T14:53:00,84,61,30.02,7,0.00
2019-10-23T15:53:00,84,63,30.02,7,0.00
2019-10-23T16:00:00,84,63,29.99,7,NA
2019-10-23T16:53:00,83,62,30.02,5,0.00
2019-10-23T17:53:00,81,63,30.04,5,0.00
2019-10-23T18:53:00,79,64,30.05,5,0.00
2019-10-23T19:00:00,79,64,30.02,5,NA
2019-10-23T19:53:00,78,63,30.07,6,0.00
2019-10-23T20:53:00,76,64,NA,7,NA
2019-10-23T21:53:00,75,64,30.10,5,0.00
2019-10-23T22:00:00,75,64,30.07,5,NA
2019-10-23T22:53:00,73,62,NA,8,NA
2019-10-23T23:53:00,72,62,NA,8,NA
2019-10-24T00:53:00,71,62,30.07,8,0.00
2019-10-24T01:00:00,71,62,30.04,8,NA
2019-10-24T01:53:00,71,62,30.06,6,0.00
2019-10-24T02:53:00,71,63,30.05,5,0.00
2019-10-24T03:53:00,72,64,NA,5,NA
2019-10-24T04:00:00,72,64,30.02,5,NA
2019-10-24T04:53:00,72,65,30.05,6,0.00
2019-10-24T05:53:00,73,66,30.06,7,0.00
2019-10-24T06:53:00,73,67,30.07,6,0.00
2019-10-24T07:00:00,73,67,30.04,6,NA
2019-10-24T07:53:00,76,69,30.08,8,0.00
2019-10-24T08:53:00,80,72,30.09,6,0.00
2019-10-24T09:53:00,83,73,30.09,9,0.00
2019-10-24T10:00:00,83,73,30.06,9,NA
2019-10-24T10:42:00,85,74,30.08,3,NA
2019-10-24T10:53:00,85,74,30.09,5,0.00
2019-10-24T11:51:00,84,73,30.07,9,NA
2019-10-24T11:53:00,85,73,30.07,8,0.00
2019-10-24T12:53:00,89,72,30.04,8,0.00
2019-10-24T13:00:00,89,72,30.01,8,NA
2019-10-24T13:53:00,91,72,30.02,11,0.00
2019-10-24T14:53:00,89,70,30.00,10,0.00
2019-10-24T15:53:00,90,70,30.00,13,0.00
2019-10-24T16:00:00,90,70,29.97,13,NA
2019-10-24T16:53:00,89,71,30.00,8,0.00
2019-10-24T17:53:00,84,73,30.02,5,T
2019-10-24T18:09:00,84,73,30.03,5,NA
2019-10-24T18:46:00,84,73,30.04,5,NA
2019-10-24T18:53:00,84,73,30.04,6,0.00
2019-10-24T19:00:00,84,73,30.01,6,NA
2019-10-24T19:53:00,83,72,30.06,8,0.00
2019-10-24T20:53:00,82,72,30.08,7,0.00
2019-10-24T21:53:00,81,73,30.10,7,0.00
2019-10-24T22:00:00,81,73,30.07,7,NA
2019-10-24T22:53:00,80,74,30.09,7,0.00
2019-10-24T23:53:00,79,74,NA,6,NA
2019-10-25T00:53:00,79,74,30.07,6,0.00
2019-10-25T01:00:00,79,74,30.04,6,NA
2019-10-25T01:53:00,78,74,30.05,6,0.00
2019-10-25T02:53:00,77,73,30.04,3,0.00
2019-10-25T03:53:00,76,73,30.03,3,0.00
2019-10-25T04:00:00,76,73,30.00,3,NA
2019-10-25T04:53:00,76,73,NA,6,NA
2019-10-25T05:53:00,76,73,30.04,6,0.00
2019-10-25T06:53:00,76,73,30.05,6,0.00
2019-10-25T07:00:00,76,73,30.02,6,NA
2019-10-25T07:53:00,79,73,30.07,6,0.00
2019-10-25T08:53:00,82,73,30.07,10,0.00
2019-10-25T09:53:00,84,72,30.08,9,0.00
2019-10-25T10:00:00,84,72,30.05,9,NA
2019-10-25T10:53:00,87,72,30.06,7,0.00
2019-10-25T11:53:00,88,72,30.03,9,0.00
2019-10-25T12:53:00,89,70,29.99,9,0.00
2019-10-25T13:00:00,89,70,29.96,9,NA
2019-10-25T13:53:00,90,72,29.97,8,0.00
2019-10-25T14:53:00,89,73,29.96,8,T
2019-10-25T15:49:00,79,73,29.97,6,NA
2019-10-25T15:53:00,79,73,29.97,6,0.05
2019-10-25T16:23:00,79,74,29.96,6,0.08
2019-10-25T16:53:00,81,74,29.95,9,0.08
2019-10-25T17:53:00,81,72,29.98,8,0.00
2019-10-25T18:53:00,80,73,30.00,7,0.00
2019-10-25T19:00:00,80,73,29.97,7,NA
2019-10-25T19:53:00,79,73,30.01,8,0.00
2019-10-25T20:53:00,78,73,30.01,7,0.00
2019-10-25T21:53:00,78,73,30.02,8,0.00
2019-10-25T22:00:00,78,73,29.99,8,NA
2019-10-25T22:53:00,78,73,30.00,8,0.00
2019-10-25T23:45:00,78,73,29.98,7,NA
2019-10-25T23:53:00,78,73,29.98,8,0.00
2019-10-26T00:53:00,78,73,29.97,8,0.00
2019-10-26T01:00:00,78,73,29.94,8,NA
2019-10-26T01:00:00,78,73,29.96,7,NA
2019-10-26T01:09:00,78,73,29.96,7,NA
2019-10-26T01:28:00,78,73,29.95,6,NA
2019-10-26T01:53:00,77,73,29.95,9,0.00
2019-10-26T02:53:00,78,74,29.94,6,0.00
2019-10-26T03:31:00,77,73,29.94,7,NA
2019-10-26T03:38:00,77,73,29.93,7,NA
2019-10-26T03:53:00,77,73,NA,5,NA
2019-10-26T04:00:00,77,73,29.91,5,NA
2019-10-26T04:18:00,77,73,29.92,5,NA
2019-10-26T04:53:00,77,73,NA,3,NA
2019-10-26T05:00:00,76,73,29.92,6,NA
2019-10-26T05:53:00,76,73,29.92,5,0.00
2019-10-26T06:53:00,76,73,29.93,6,0.00
2019-10-26T07:00:00,76,73,29.90,6,NA
2019-10-26T07:53:00,78,72,29.94,11,0.00
2019-10-26T08:53:00,81,73,29.94,11,0.00
2019-10-26T09:53:00,81,73,29.94,14,0.00
2019-10-26T10:00:00,81,73,29.91,14,NA
2019-10-26T10:53:00,84,73,29.94,14,0.00
2019-10-26T11:53:00,86,73,29.93,11,0.00
2019-10-26T12:53:00,85,73,29.91,15,0.00
2019-10-26T13:00:00,85,73,29.88,15,NA
2019-10-26T13:53:00,79,75,29.90,11,0.02
2019-10-26T14:13:00,79,74,29.89,9,NA
2019-10-26T14:42:00,80,74,29.89,7,NA
2019-10-26T14:53:00,81,75,29.88,7,0.00
2019-10-26T15:53:00,85,76,29.87,11,0.00
2019-10-26T16:00:00,85,76,29.84,11,NA
2019-10-26T16:53:00,83,76,29.88,10,0.00
2019-10-26T17:53:00,81,76,29.90,8,0.00
2019-10-26T18:53:00,81,76,29.91,10,0.00
2019-10-26T19:00:00,81,76,29.88,10,NA
2019-10-26T19:51:00,81,75,29.93,6,NA
2019-10-26T19:53:00,81,76,29.93,3,0.00
2019-10-26T20:49:00,81,75,29.93,6,NA
2019-10-26T20:53:00,80,75,29.94,6,0.00
2019-10-26T21:53:00,80,75,29.95,7,0.00
2019-10-26T22:00:00,80,75,29.92,7,NA
2019-10-26T22:53:00,79,75,29.95,6,0.00
2019-10-26T23:53:00,78,75,29.94,3,0.00
2019-10-27T00:53:00,78,75,29.93,7,0.00
2019-10-27T01:00:00,78,75,29.90,7,NA
2019-10-27T01:53:00,78,75,29.92,5,0.00
2019-10-27T02:53:00,78,75,29.92,6,0.00
2019-10-27T03:53:00,78,75,29.92,6,0.00
2019-10-27T04:00:00,78,75,29.89,6,NA
2019-10-27T04:53:00,78,75,29.92,5,0.00
2019-10-27T05:53:00,77,75,29.94,3,0.00
2019-10-27T06:51:00,77,75,29.94,5,NA
2019-10-27T06:53:00,77,75,29.94,5,0.00
2019-10-27T07:00:00,77,75,29.91,5,NA
2019-10-27T07:53:00,78,75,29.97,7,0.00
2019-10-27T08:53:00,81,76,29.99,5,0.00
2019-10-27T09:53:00,84,77,30.00,7,0.00
2019-10-27T10:00:00,84,77,29.97,7,NA
2019-10-27T10:53:00,85,77,30.00,9,0.00
2019-10-27T11:53:00,86,76,30.00,10,0.00
2019-10-27T12:53:00,85,76,29.97,11,0.00
2019-10-27T13:00:00,85,76,29.94,11,NA
2019-10-27T13:53:00,88,75,29.95,9,0.00
2019-10-27T14:53:00,87,75,29.94,9,0.00
2019-10-27T15:53:00,85,75,29.95,8,0.00
2019-10-27T16:00:00,85,75,29.92,8,NA
2019-10-27T16:53:00,84,75,29.94,7,0.00
2019-10-27T17:53:00,83,75,29.96,5,0.00
2019-10-27T18:03:00,82,76,29.96,6,NA
2019-10-27T18:29:00,82,75,29.97,5,NA
2019-10-27T18:53:00,81,75,29.97,5,0.00
2019-10-27T19:00:00,81,75,29.94,5,NA
2019-10-27T19:53:00,81,75,NA,3,NA
2019-10-27T20:53:00,80,75,NA,0,NA
2019-10-27T21:53:00,80,76,NA,0,NA
2019-10-27T22:00:00,80,76,29.97,0,NA
2019-10-27T22:53:00,80,75,NA,5,NA
2019-10-27T23:53:00,80,75,NA,3,NA
2019-10-28T00:53:00,79,75,30.00,0,0.00
2019-10-28T01:00:00,79,75,29.97,0,NA
2019-10-28T01:53:00,78,74,30.00,0,0.00
2019-10-28T02:53:00,77,74,29.99,0,0.00
2019-10-28T03:53:00,78,74,29.99,0,0.00
2019-10-28T04:00:00,78,74,29.96,0,NA
2019-10-28T04:53:00,77,74,29.99,0,0.00
2019-10-28T05:53:00,77,74,30.01,3,0.00
2019-10-28T06:53:00,78,74,30.02,3,0.00
2019-10-28T07:00:00,78,74,29.99,3,NA
2019-10-28T07:53:00,80,75,30.04,3,0.00
2019-10-28T08:53:00,83,75,30.06,3,0.00
2019-10-28T09:53:00,85,72,30.06,6,0.00
2019-10-28T10:00:00,85,72,30.03,6,NA
2019-10-28T10:53:00,86,72,30.07,8,0.00
2019-10-28T11:53:00,89,72,30.05,6,0.00
2019-10-28T12:53:00,88,71,30.02,7,0.00
2019-10-28T13:00:00,88,71,29.99,7,NA
2019-10-28T13:53:00,90,72,30.00,5,0.00
2019-10-28T14:53:00,88,73,29.98,7,T
2019-10-28T15:53:00,88,72,29.98,6,0.00
2019-10-28T16:00:00,88,72,29.95,6,NA
2019-10-28T16:53:00,88,72,29.98,5,0.00
2019-10-28T17:53:00,85,73,30.00,0,0.00
2019-10-28T18:53:00,83,75,30.02,9,0.00
2019-10-28T19:00:00,83,75,29.99,9,NA
2019-10-28T19:53:00,80,75,30.03,5,0.00
2019-10-28T20:53:00,82,76,30.05,3,0.00
2019-10-28T21:53:00,80,76,30.05,6,0.05
2019-10-28T22:00:00,80,76,30.02,6,NA
2019-10-28T22:53:00,80,76,30.05,3,0.00
2019-10-28T23:53:00,80,76,30.04,0,0.00
2019-10-29T00:53:00,80,75,30.03,5,0.00
2019-10-29T01:00:00,80,75,30.00,5,NA
2019-10-29T01:53:00,79,75,30.03,6,0.00
2019-10-29T02:53:00,79,75,30.02,3,0.00
2019-10-29T03:53:00,78,75,30.02,3,0.00
2019-10-29T04:00:00,78,75,29.99,3,NA
2019-10-29T04:53:00,78,74,30.04,0,0.00
2019-10-29T05:53:00,78,74,30.05,3,0.00
2019-10-29T06:53:00,78,75,30.05,5,0.00
2019-10-29T07:00:00,78,75,30.02,5,NA
2019-10-29T07:12:00,78,75,30.05,0,NA
2019-10-29T07:53:00,80,75,30.07,0,0.00
2019-10-29T07:59:00,79,75,30.07,0,NA
2019-10-29T08:29:00,81,76,30.08,3,NA
2019-10-29T08:53:00,81,75,30.08,7,0.00
2019-10-29T09:53:00,84,75,30.08,8,0.00
2019-10-29T10:00:00,84,75,30.05,8,NA
2019-10-29T10:53:00,86,74,30.08,8,0.00
2019-10-29T11:53:00,87,73,30.07,7,0.00
2019-10-29T12:53:00,89,72,30.04,7,0.00
2019-10-29T13:00:00,89,72,30.01,7,NA
2019-10-29T13:53:00,87,74,30.01,8,0.00
2019-10-29T14:53:00,89,75,30.00,7,0.00
2019-10-29T15:34:00,84,73,30.01,14,NA
2019-10-29T15:53:00,84,73,30.00,5,0.00
2019-10-29T16:00:00,84,73,29.97,5,NA
2019-10-29T16:06:00,85,73,30.01,6,NA
2019-10-29T16:13:00,85,73,30.01,5,NA
2019-10-29T16:45:00,83,74,30.00,8,NA
2019-10-29T16:53:00,82,74,30.00,8,0.00
2019-10-29T17:53:00,79,74,30.02,8,0.00
2019-10-29T18:53:00,77,72,30.03,6,0.00
2019-10-29T19:00:00,77,72,30.00,6,NA
2019-10-29T19:04:00,77,72,30.03,5,NA
2019-10-29T19:53:00,78,72,30.06,6,0.01
2019-10-29T20:11:00,78,73,30.05,6,0.02
2019-10-29T20:53:00,76,72,30.06,6,0.01
2019-10-29T21:53:00,77,73,30.07,6,0.00
2019-10-29T22:00:00,77,73,30.04,6,NA
2019-10-29T22:53:00,77,74,30.07,3,0.00
2019-10-29T23:53:00,77,74,30.07,5,0.00
2019-10-30T00:53:00,77,74,30.05,3,0.00
2019-10-30T01:00:00,77,74,30.02,3,NA
2019-10-30T01:53:00,78,74,30.03,5,0.00
2019-10-30T02:53:00,78,74,30.03,7,0.00
2019-10-30T03:53:00,77,74,30.03,3,0.00
2019-10-30T04:00:00,77,74,30.00,3,NA
2019-10-30T04:53:00,77,74,30.03,3,0.00
2019-10-30T05:53:00,76,74,30.05,3,0.00
2019-10-30T06:53:00,76,73,30.05,3,0.00
2019-10-30T07:00:00,76,73,30.02,3,NA
2019-10-30T07:53:00,79,74,30.06,0,0.00
2019-10-30T08:53:00,81,74,30.08,7,0.00
2019-10-30T09:53:00,83,73,30.09,6,0.00
2019-10-30T10:00:00,83,73,30.06,6,NA
2019-10-30T10:53:00,85,73,30.08,7,0.00
2019-10-30T11:53:00,84,74,30.06,7,0.00
2019-10-30T12:53:00,85,74,30.02,8,0.00
2019-10-30T13:00:00,85,74,29.99,8,NA
2019-10-30T13:53:00,87,73,30.00,7,0.00
2019-10-30T14:53:00,87,72,29.99,5,0.00
2019-10-30T15:53:00,88,72,29.98,6,0.00
2019-10-30T16:00:00,88,72,29.95,6,NA
2019-10-30T16:53:00,87,72,29.98,6,0.00
2019-10-30T17:53:00,86,71,29.99,3,0.00
2019-10-30T18:53:00,83,74,30.00,7,0.00
2019-10-30T19:00:00,83,74,29.97,7,NA
2019-10-30T19:53:00,81,74,30.01,7,0.00
2019-10-30T20:53:00,81,75,30.02,5,0.00
2019-10-30T21:53:00,80,75,30.03,5,0.00
2019-10-30T22:00:00,80,75,30.00,5,NA
2019-10-30T22:53:00,81,74,30.03,7,0.00
2019-10-30T23:53:00,81,73,30.02,6,0.00
2019-10-31T00:53:00,80,74,30.02,5,0.00
2019-10-31T01:00:00,80,74,29.99,5,NA
2019-10-31T01:53:00,79,73,30.01,5,0.00
2019-10-31T02:53:00,79,74,30.00,5,0.00
2019-10-31T03:53:00,78,74,29.99,6,0.00
2019-10-31T04:00:00,78,74,29.96,6,NA
2019-10-31T04:53:00,78,74,30.00,3,0.00
2019-10-31T05:53:00,78,74,30.01,6,0.00
2019-10-31T06:53:00,78,74,30.02,7,0.00
2019-10-31T07:00:00,78,74,29.99,7,NA
2019-10-31T07:53:00,80,74,30.03,7,0.00
2019-10-31T08:53:00,82,73,30.05,7,0.00
2019-10-31T09:53:00,84,72,30.06,10,0.00
2019-10-31T10:00:00,84,72,30.03,10,NA
2019-10-31T10:53:00,85,73,30.05,8,0.00
2019-10-31T11:53:00,85,73,30.04,9,0.00
2019-10-31T12:53:00,88,67,30.02,11,0.00
2019-10-31T13:00:00,88,67,29.99,11,NA
2019-10-31T13:53:00,88,70,30.00,11,0.00
2019-10-31T14:53:00,88,70,29.99,8,0.00
2019-10-31T15:53:00,87,71,29.99,9,0.00
2019-10-31T16:00:00,87,71,29.96,9,NA
2019-10-31T16:53:00,85,73,29.99,9,0.00
2019-10-31T17:53:00,83,74,30.00,7,0.00
2019-10-31T18:53:00,82,74,30.01,6,0.00
2019-10-31T19:00:00,82,74,29.98,6,NA
2019-10-31T19:53:00,82,75,30.02,7,0.00
2019-10-31T20:53:00,81,74,30.04,5,0.00
2019-10-31T21:53:00,80,74,30.03,5,0.00
2019-10-31T22:00:00,80,74,30.00,5,NA
2019-10-31T22:53:00,80,75,30.03,5,0.00
2019-10-31T23:53:00,79,75,30.02,5,0.00
2019-11-01T00:53:00,79,75,30.01,5,0.00
2019-11-01T01:00:00,79,75,29.98,5,NA
2019-11-01T01:53:00,80,75,30.01,7,0.00
2019-11-01T02:53:00,75,72,30.02,11,0.00
2019-11-01T03:53:00,72,70,30.03,14,0.00
2019-11-01T04:00:00,72,70,30.00,14,NA
2019-11-01T04:53:00,72,69,30.05,10,0.00
2019-11-01T05:53:00,71,67,30.07,9,0.00
2019-11-01T06:04:00,70,66,30.07,8,NA
2019-11-01T06:53:00,69,62,30.10,10,0.00
2019-11-01T07:00:00,69,62,30.07,10,NA
2019-11-01T07:51:00,70,63,30.10,8,NA
2019-11-01T07:53:00,70,62,30.10,8,0.00
2019-11-01T08:53:00,72,60,30.11,8,0.00
2019-11-01T09:53:00,76,63,30.11,7,0.00
2019-11-01T10:00:00,76,63,30.08,7,NA
2019-11-01T10:53:00,79,64,30.11,5,0.00
2019-11-01T11:53:00,80,66,30.10,5,0.00
2019-11-01T12:53:00,82,68,30.08,7,0.00
2019-11-01T13:00:00,82,68,30.05,7,NA
2019-11-01T13:53:00,81,68,30.05,8,0.00
2019-11-01T14:53:00,81,68,30.04,8,0.00
2019-11-01T15:53:00,82,69,30.04,7,0.00
2019-11-01T16:00:00,82,69,30.01,7,NA
2019-11-01T16:53:00,81,66,30.05,8,0.00
2019-11-01T17:53:00,79,64,30.07,7,0.00
2019-11-01T18:53:00,76,64,30.07,8,0.00
2019-11-01T19:00:00,76,64,30.04,8,NA
2019-11-01T19:53:00,77,66,30.08,8,0.00
2019-11-01T20:53:00,74,65,30.10,10,0.00
2019-11-01T21:53:00,72,65,30.10,8,0.00
2019-11-01T22:00:00,72,65,30.07,8,NA
2019-11-01T22:53:00,71,65,30.09,8,0.00
2019-11-01T23:53:00,70,65,30.08,5,0.00
2019-11-02T00:53:00,69,65,30.07,7,0.00
2019-11-02T01:00:00,69,65,30.04,7,NA
2019-11-02T01:53:00,69,64,30.06,5,0.00
2019-11-02T02:53:00,69,64,30.06,6,0.00
2019-11-02T03:53:00,69,64,30.06,6,0.00
2019-11-02T04:00:00,69,64,30.03,6,NA
2019-11-02T04:53:00,70,64,30.06,6,0.00
2019-11-02T05:53:00,70,65,30.06,6,0.00
2019-11-02T06:53:00,71,65,30.07,5,0.00
2019-11-02T07:00:00,71,65,30.04,5,NA
2019-11-02T07:53:00,72,66,30.07,6,0.00
2019-11-02T08:53:00,74,67,30.08,6,0.00
2019-11-02T09:53:00,76,68,30.08,6,0.00
2019-11-02T10:00:00,76,68,30.05,6,NA
2019-11-02T10:53:00,79,68,30.07,3,0.00
2019-11-02T11:53:00,82,70,30.04,5,0.00
2019-11-02T12:53:00,83,71,30.02,10,0.00
2019-11-02T13:00:00,83,71,29.99,10,NA
2019-11-02T13:53:00,83,70,30.00,10,0.00
2019-11-02T14:53:00,80,68,30.01,11,0.00
2019-11-02T15:53:00,79,67,30.00,10,0.00
2019-11-02T16:00:00,79,67,29.97,10,NA
2019-11-02T16:53:00,77,67,30.02,13,0.00
2019-11-02T17:53:00,72,64,30.03,11,0.00
2019-11-02T18:48:00,72,64,30.04,11,NA
2019-11-02T18:53:00,72,65,30.04,11,0.00
2019-11-02T19:00:00,72,65,30.01,11,NA
2019-11-02T19:53:00,72,64,30.06,11,0.00
2019-11-02T20:53:00,72,62,30.06,9,0.00
2019-11-02T21:26:00,72,61,30.06,9,NA
2019-11-02T21:53:00,71,61,30.06,9,0.00
2019-11-02T22:00:00,71,61,30.03,9,NA
2019-11-02T22:53:00,70,60,30.06,11,0.00
2019-11-02T23:53:00,68,59,30.06,9,0.00
2019-11-03T00:53:00,68,60,30.05,11,0.00
2019-11-03T01:00:00,68,60,30.02,11,NA
2019-11-03T01:05:00,68,60,30.05,9,NA
2019-11-03T01:53:00,68,59,30.05,8,0.00
2019-11-03T02:53:00,68,58,30.04,8,0.00
2019-11-03T03:53:00,67,58,30.04,8,0.00
2019-11-03T04:00:00,67,58,30.01,8,NA
2019-11-03T04:53:00,67,55,30.05,10,0.00
2019-11-03T05:53:00,66,53,30.06,9,0.00
2019-11-03T06:34:00,66,51,30.07,8,NA
2019-11-03T06:53:00,66,50,30.07,8,0.00
2019-11-03T07:00:00,66,50,30.04,8,NA
2019-11-03T07:53:00,65,50,30.09,9,0.00
2019-11-03T08:53:00,68,51,30.11,8,0.00
2019-11-03T09:53:00,72,54,30.11,9,0.00
2019-11-03T10:00:00,72,54,30.08,9,NA
2019-11-03T10:53:00,75,56,30.10,7,0.00
2019-11-03T11:53:00,78,59,30.08,7,0.00
2019-11-03T12:53:00,78,60,30.06,5,0.00
2019-11-03T13:00:00,78,60,30.03,5,NA
2019-11-03T13:53:00,79,61,30.04,11,0.00
2019-11-03T14:53:00,78,61,30.03,6,0.00
2019-11-03T15:53:00,78,62,30.03,7,0.00
2019-11-03T16:00:00,78,62,30.00,7,NA
2019-11-03T16:53:00,78,62,30.04,7,0.00
2019-11-03T17:53:00,77,63,30.05,6,0.00
2019-11-03T18:53:00,77,63,30.06,6,0.00
2019-11-03T19:00:00,77,63,30.03,6,NA
2019-11-03T19:53:00,76,62,30.07,6,0.00
2019-11-03T20:53:00,74,63,30.08,7,0.00
2019-11-03T21:53:00,73,62,30.08,8,0.00
2019-11-03T22:00:00,73,62,30.05,8,NA
2019-11-03T22:53:00,73,62,30.08,8,0.00
2019-11-03T23:53:00,71,62,30.07,6,0.00
2019-11-04T00:53:00,70,61,30.05,5,0.00
2019-11-04T01:00:00,70,61,30.02,5,NA
2019-11-04T01:53:00,70,61,30.05,5,0.00
2019-11-04T02:53:00,69,61,30.04,7,0.00
2019-11-04T03:53:00,70,61,30.04,5,0.00
2019-11-04T04:00:00,70,61,30.01,5,NA
2019-11-04T04:53:00,68,62,30.05,5,0.00
2019-11-04T05:53:00,69,62,30.06,6,0.00
2019-11-04T06:53:00,69,62,30.07,6,0.00
2019-11-04T07:00:00,69,62,30.04,6,NA
2019-11-04T07:53:00,72,63,30.09,6,0.00
2019-11-04T08:53:00,75,65,30.11,5,0.00
2019-11-04T09:53:00,79,66,30.11,6,0.00
2019-11-04T10:00:00,79,66,30.08,6,NA
2019-11-04T10:53:00,82,67,30.10,9,0.00
2019-11-04T11:53:00,83,68,30.08,5,0.00
2019-11-04T12:53:00,85,69,30.05,5,0.00
2019-11-04T13:00:00,85,69,30.02,5,NA
2019-11-04T13:53:00,84,69,30.03,6,0.00
2019-11-04T14:53:00,84,69,30.02,7,0.00
2019-11-04T15:53:00,84,69,30.02,7,0.00
2019-11-04T16:00:00,84,69,29.99,7,NA
2019-11-04T16:53:00,83,70,30.03,10,T
2019-11-04T17:53:00,81,69,30.04,5,0.00
2019-11-04T18:53:00,80,69,30.05,7,0.00
2019-11-04T19:00:00,80,69,30.02,7,NA
2019-11-04T19:53:00,79,69,30.06,7,0.00
2019-11-04T20:53:00,78,70,30.07,7,0.00
2019-11-04T21:53:00,77,70,30.09,6,0.00
2019-11-04T22:00:00,77,70,30.06,6,NA
2019-11-04T22:53:00,76,71,30.08,6,0.00
2019-11-04T23:53:00,76,71,30.06,5,0.00
2019-11-05T00:53:00,76,71,30.05,5,0.00
2019-11-05T01:00:00,76,71,30.02,5,NA
2019-11-05T01:53:00,75,71,30.06,6,0.00
2019-11-05T02:53:00,75,71,30.06,3,0.00
2019-11-05T03:53:00,75,71,30.05,5,0.00
2019-11-05T04:00:00,75,71,30.02,5,NA
2019-11-05T04:53:00,74,71,30.07,0,0.00
2019-11-05T05:53:00,75,71,30.07,0,0.00
2019-11-05T06:53:00,75,71,30.09,0,0.00
2019-11-05T07:00:00,75,71,30.06,0,NA
2019-11-05T07:53:00,77,72,30.10,5,0.00
2019-11-05T08:53:00,79,72,30.11,9,0.00
2019-11-05T09:53:00,81,73,30.13,7,0.00
2019-11-05T10:00:00,81,73,30.10,7,NA
2019-11-05T10:53:00,83,72,30.13,9,0.00
2019-11-05T11:53:00,85,72,30.12,8,0.00
2019-11-05T12:53:00,84,68,30.08,10,0.00
2019-11-05T13:00:00,84,68,30.05,10,NA
2019-11-05T13:53:00,85,65,30.07,7,0.00
2019-11-05T14:53:00,83,67,30.07,5,0.00
2019-11-05T15:53:00,83,70,30.07,6,0.00
2019-11-05T16:00:00,83,70,30.04,6,NA
2019-11-05T16:53:00,82,72,30.07,6,0.00
2019-11-05T17:53:00,80,72,30.09,7,0.00
2019-11-05T18:53:00,79,71,30.11,8,0.00
2019-11-05T19:00:00,79,71,30.08,8,NA
2019-11-05T19:53:00,79,71,30.13,7,0.00
2019-11-05T20:53:00,79,72,30.14,5,0.00
2019-11-05T21:53:00,78,72,30.14,8,0.00
2019-11-05T22:00:00,78,72,30.11,8,NA
2019-11-05T22:53:00,77,72,30.14,5,0.00
2019-11-05T23:53:00,76,72,30.13,5,0.00
2019-11-06T00:53:00,76,71,30.13,0,0.00
2019-11-06T01:00:00,76,71,30.10,0,NA
2019-11-06T01:53:00,75,71,30.12,0,0.00
2019-11-06T02:53:00,75,71,30.11,0,0.00
2019-11-06T03:53:00,74,71,30.12,6,0.00
2019-11-06T04:00:00,74,71,30.09,6,NA
2019-11-06T04:53:00,74,71,30.13,6,0.00
2019-11-06T05:51:00,73,72,30.14,5,NA
2019-11-06T05:53:00,73,71,30.14,6,0.00
2019-11-06T06:10:00,73,71,30.15,5,NA
2019-11-06T06:12:00,73,71,30.15,6,NA
2019-11-06T06:32:00,73,71,30.16,7,NA
2019-11-06T06:53:00,73,71,30.16,6,0.00
2019-11-06T07:00:00,73,71,30.13,6,NA
2019-11-06T07:18:00,73,71,30.17,7,NA
2019-11-06T07:29:00,73,71,30.17,7,NA
2019-11-06T07:49:00,73,72,30.18,7,NA
2019-11-06T07:53:00,73,71,30.18,9,0.00
2019-11-06T08:12:00,73,71,30.19,8,NA
2019-11-06T08:30:00,74,71,30.19,7,NA
2019-11-06T08:46:00,75,71,30.20,8,NA
2019-11-06T08:53:00,76,71,30.20,6,0.00
2019-11-06T09:19:00,77,71,30.20,7,NA
2019-11-06T09:53:00,77,71,30.21,7,0.00
2019-11-06T10:00:00,77,71,30.18,7,NA
2019-11-06T10:53:00,79,71,30.21,6,0.00
2019-11-06T11:11:00,79,71,30.21,8,NA
2019-11-06T11:53:00,80,72,30.19,7,0.00
2019-11-06T12:53:00,81,72,30.16,8,0.00
2019-11-06T13:00:00,81,72,30.13,8,NA
2019-11-06T13:51:00,84,72,30.13,10,NA
2019-11-06T13:53:00,85,71,30.13,10,0.00
2019-11-06T14:53:00,86,70,30.11,8,0.00
2019-11-06T15:53:00,85,70,30.10,8,0.00
2019-11-06T16:00:00,85,70,30.07,8,NA
2019-11-06T16:53:00,84,71,30.13,7,0.00
2019-11-06T17:09:00,81,70,30.14,8,NA
2019-11-06T17:53:00,77,69,30.15,7,0.00
2019-11-06T18:01:00,77,68,30.15,6,NA
2019-11-06T18:53:00,77,69,30.14,6,0.00
2019-11-06T19:00:00,77,69,30.11,6,NA
2019-11-06T19:53:00,76,69,30.16,5,0.00
2019-11-06T20:53:00,75,70,30.17,5,0.00
2019-11-06T21:53:00,75,70,30.17,6,0.00
2019-11-06T22:00:00,75,70,30.14,6,NA
2019-11-06T22:53:00,74,70,30.16,5,0.00
2019-11-06T23:53:00,74,70,30.16,6,0.00
2019-11-07T00:53:00,73,70,30.14,7,0.00
2019-11-07T01:00:00,73,70,30.11,7,NA
2019-11-07T01:53:00,73,70,30.13,6,0.00
2019-11-07T02:53:00,73,70,30.12,7,0.00
2019-11-07T03:51:00,73,70,30.10,5,NA
2019-11-07T03:53:00,72,70,30.10,0,0.00
2019-11-07T04:00:00,72,70,30.07,0,NA
2019-11-07T04:53:00,72,70,30.11,7,0.00
2019-11-07T05:53:00,72,70,30.11,3,0.00
2019-11-07T06:53:00,72,70,30.12,6,0.00
2019-11-07T07:00:00,72,70,30.09,6,NA
2019-11-07T07:53:00,74,71,30.14,5,0.00
2019-11-07T08:53:00,77,71,30.15,8,0.00
2019-11-07T09:53:00,81,71,30.14,8,0.00
2019-11-07T10:53:00,84,71,30.14,6,0.00
2019-11-07T11:53:00,85,70,30.11,8,0.00
2019-11-07T12:53:00,85,70,30.08,3,0.00
2019-11-07T13:53:00,85,73,30.05,8,0.00
2019-11-07T14:53:00,85,71,30.03,7,0.00
2019-11-07T15:53:00,86,70,30.02,7,0.00
2019-11-07T16:00:00,86,70,29.99,7,NA
2019-11-07T16:53:00,85,72,30.02,10,0.00
2019-11-07T17:53:00,82,71,30.03,9,0.00
2019-11-07T18:53:00,81,70,30.04,6,0.00
2019-11-07T19:00:00,81,70,30.01,6,NA
2019-11-07T19:53:00,79,70,30.04,8,0.00
2019-11-07T20:53:00,77,69,30.04,6,0.00
2019-11-07T21:53:00,78,68,30.05,5,0.00
2019-11-07T22:00:00,78,68,30.02,5,NA
2019-11-07T22:53:00,77,68,30.04,6,0.00
2019-11-07T23:53:00,76,69,30.03,3,0.00
2019-11-08T00:53:00,74,69,30.02,5,0.00
2019-11-08T01:00:00,74,69,29.99,5,NA
2019-11-08T01:53:00,73,69,30.01,5,0.00
2019-11-08T02:53:00,73,69,29.99,3,0.00
2019-11-08T03:53:00,74,69,29.98,0,0.00
2019-11-08T04:00:00,74,69,29.95,0,NA
2019-11-08T04:53:00,73,69,29.98,0,0.00
2019-11-08T05:53:00,74,69,29.98,0,0.00
2019-11-08T06:53:00,74,69,29.99,3,0.00
2019-11-08T07:00:00,74,69,29.96,3,NA
2019-11-08T07:53:00,77,71,30.00,3,0.00
2019-11-08T08:53:00,79,71,30.01,5,0.00
2019-11-08T09:53:00,79,72,30.03,7,0.00
2019-11-08T10:00:00,79,72,30.00,7,NA
2019-11-08T10:53:00,82,71,30.01,3,0.00
2019-11-08T11:53:00,82,69,30.00,8,0.00
2019-11-08T12:53:00,80,69,29.96,7,0.00
2019-11-08T13:00:00,80,69,29.93,7,NA
2019-11-08T13:53:00,80,69,29.94,9,0.00
2019-11-08T14:53:00,81,69,29.93,7,0.00
2019-11-08T15:53:00,80,67,29.93,9,0.00
2019-11-08T16:00:00,80,67,29.90,9,NA
2019-11-08T16:53:00,78,69,29.95,10,0.00
2019-11-08T17:46:00,74,67,29.97,13,NA
2019-11-08T17:53:00,73,67,29.97,11,0.00
2019-11-08T18:53:00,71,65,29.98,11,0.00
2019-11-08T19:00:00,71,65,29.95,11,NA
2019-11-08T19:53:00,71,65,30.00,8,0.00
2019-11-08T20:26:00,71,64,30.01,9,NA
2019-11-08T20:53:00,71,64,30.02,9,0.00
2019-11-08T21:22:00,70,65,30.02,8,T
2019-11-08T21:53:00,69,65,30.03,8,T
2019-11-08T22:00:00,69,65,30.00,8,NA
2019-11-08T22:12:00,69,65,30.03,9,T
2019-11-08T22:27:00,69,65,30.02,6,T
2019-11-08T22:43:00,68,65,30.02,9,T
2019-11-08T22:53:00,68,64,30.01,7,T
2019-11-08T22:55:00,68,64,30.02,9,NA
2019-11-08T23:02:00,68,64,30.02,8,NA
2019-11-08T23:53:00,68,64,30.02,13,T
2019-11-09T00:53:00,67,62,30.02,14,T
2019-11-09T01:00:00,67,62,29.99,14,NA
2019-11-09T01:53:00,67,61,30.01,9,0.00
2019-11-09T02:53:00,65,61,30.01,10,0.01
2019-11-09T02:57:00,65,61,30.01,10,T
2019-11-09T03:04:00,64,61,30.02,10,0.01
2019-11-09T03:53:00,64,61,30.01,11,0.04
2019-11-09T04:00:00,64,61,29.98,11,NA
2019-11-09T04:53:00,64,61,30.00,8,0.05
2019-11-09T05:53:00,64,61,29.99,8,0.02
2019-11-09T06:29:00,64,61,30.03,7,NA
2019-11-09T06:53:00,64,61,30.04,9,0.00
2019-11-09T07:00:00,64,61,30.01,9,NA
2019-11-09T07:24:00,64,61,30.06,10,NA
2019-11-09T07:53:00,64,61,30.07,7,0.00
2019-11-09T08:53:00,67,62,30.08,9,0.00
2019-11-09T09:53:00,70,60,30.09,13,0.00
2019-11-09T10:00:00,70,60,30.06,13,NA
2019-11-09T10:53:00,71,60,30.09,8,0.00
2019-11-09T11:53:00,73,59,30.07,9,0.00
2019-11-09T12:53:00,74,59,30.04,9,0.00
2019-11-09T13:00:00,74,59,30.01,9,NA
2019-11-09T13:53:00,76,59,30.03,10,0.00
2019-11-09T14:53:00,76,58,30.02,7,0.00
2019-11-09T15:53:00,75,58,30.03,11,0.00
2019-11-09T16:00:00,75,58,30.00,11,NA
2019-11-09T16:53:00,75,58,30.04,8,0.00
2019-11-09T17:53:00,72,59,30.06,9,0.00
2019-11-09T18:53:00,70,58,30.08,6,0.00
2019-11-09T19:00:00,70,58,30.05,6,NA
2019-11-09T19:53:00,68,57,30.10,8,0.00
2019-11-09T20:53:00,66,57,30.11,10,0.00
2019-11-09T21:53:00,64,56,30.12,10,0.00
2019-11-09T22:00:00,64,56,30.09,10,NA
2019-11-09T22:53:00,63,54,30.12,10,0.00
2019-11-09T23:53:00,62,54,30.13,8,0.00
2019-11-10T00:53:00,60,54,30.12,7,0.00
2019-11-10T01:00:00,60,54,30.09,7,NA
2019-11-10T01:53:00,59,53,30.12,10,0.00
2019-11-10T02:53:00,59,54,30.12,8,0.00
2019-11-10T03:53:00,58,54,30.12,9,0.00
2019-11-10T04:00:00,58,54,30.09,9,NA
2019-11-10T04:53:00,58,54,30.13,8,0.00
2019-11-10T05:53:00,58,54,30.14,7,0.00
2019-11-10T06:53:00,58,54,30.15,6,0.00
2019-11-10T07:00:00,58,54,30.12,6,NA
2019-11-10T07:53:00,61,55,30.16,7,0.00
2019-11-10T08:53:00,65,57,30.17,7,0.00
2019-11-10T09:53:00,69,58,30.18,8,0.00
2019-11-10T10:00:00,69,58,30.15,8,NA
2019-11-10T10:53:00,73,59,30.18,8,0.00
2019-11-10T11:53:00,76,59,30.16,8,0.00
2019-11-10T12:53:00,78,55,30.13,5,0.00
2019-11-10T13:00:00,78,55,30.10,5,NA
2019-11-10T13:53:00,80,51,30.10,6,0.00
2019-11-10T14:53:00,80,54,30.09,7,0.00
2019-11-10T15:53:00,79,55,30.08,7,0.00
2019-11-10T16:00:00,79,55,30.05,7,NA
2019-11-10T16:53:00,78,56,30.08,8,0.00
2019-11-10T17:53:00,75,57,30.08,5,0.00
2019-11-10T18:53:00,73,57,30.09,3,0.00
2019-11-10T19:00:00,73,57,30.06,3,NA
2019-11-10T19:53:00,72,58,30.11,3,0.00
2019-11-10T20:53:00,71,57,30.13,5,0.00
2019-11-10T21:53:00,69,59,30.14,5,0.00
2019-11-10T22:00:00,69,59,30.11,5,NA
2019-11-10T22:53:00,67,59,30.14,6,0.00
2019-11-10T23:53:00,65,59,30.14,5,0.00
2019-11-11T00:53:00,64,58,30.13,6,0.00
2019-11-11T01:00:00,64,58,30.10,6,NA
2019-11-11T01:53:00,63,57,30.12,3,0.00
2019-11-11T02:53:00,63,56,30.11,3,0.00
2019-11-11T03:53:00,63,56,30.10,6,0.00
2019-11-11T04:00:00,63,56,30.07,6,NA
2019-11-11T04:53:00,63,56,30.10,5,0.00
2019-11-11T05:53:00,63,55,30.11,5,0.00
2019-11-11T06:53:00,62,55,30.12,3,0.00
2019-11-11T07:00:00,62,55,30.09,3,NA
2019-11-11T07:53:00,65,56,30.13,5,0.00
2019-11-11T08:53:00,70,58,30.14,6,0.00
2019-11-11T09:53:00,74,61,30.13,6,0.00
2019-11-11T10:00:00,74,61,30.10,6,NA
2019-11-11T10:53:00,78,61,30.12,5,0.00
2019-11-11T11:53:00,81,59,30.10,7,0.00
2019-11-11T12:53:00,81,59,30.07,3,0.00
2019-11-11T13:00:00,81,59,30.04,3,NA
2019-11-11T13:53:00,81,56,30.04,3,0.00
2019-11-11T14:53:00,83,57,30.03,0,0.00
2019-11-11T15:53:00,80,61,30.03,10,0.00
2019-11-11T16:00:00,80,61,30.00,10,NA
2019-11-11T16:53:00,79,58,30.02,5,0.00
2019-11-11T17:53:00,75,59,30.01,3,0.00
2019-11-11T18:53:00,74,61,30.03,0,0.00
2019-11-11T19:00:00,74,61,30.00,0,NA
2019-11-11T19:53:00,73,62,30.04,8,0.00
2019-11-11T20:53:00,73,62,30.05,0,0.00
2019-11-11T21:53:00,72,63,30.05,3,0.00
2019-11-11T22:00:00,72,63,30.02,3,NA
2019-11-11T22:53:00,72,64,30.05,3,0.00
2019-11-11T23:53:00,72,64,30.03,3,0.00
2019-11-12T00:53:00,71,65,30.02,0,0.00
2019-11-12T01:00:00,71,65,29.99,0,NA
2019-11-12T01:53:00,71,65,30.00,0,0.00
2019-11-12T02:53:00,69,65,29.98,0,0.00
2019-11-12T03:53:00,69,65,29.96,0,0.00
2019-11-12T04:00:00,69,65,29.93,0,NA
2019-11-12T04:53:00,68,65,29.95,3,0.00
2019-11-12T05:53:00,68,65,29.95,0,0.00
2019-11-12T06:53:00,68,65,29.96,0,0.00
2019-11-12T07:00:00,68,65,29.93,0,NA
2019-11-12T07:53:00,71,67,29.97,0,0.00
2019-11-12T08:53:00,75,66,29.98,5,0.00
2019-11-12T09:53:00,77,65,29.99,7,0.00
2019-11-12T10:00:00,77,65,29.96,7,NA
2019-11-12T10:53:00,79,65,29.97,7,0.00
2019-11-12T11:53:00,80,67,29.95,9,0.00
2019-11-12T12:53:00,79,68,29.94,8,0.00
2019-11-12T13:00:00,79,68,29.91,8,NA
2019-11-12T13:53:00,82,65,29.91,11,0.00
2019-11-12T14:53:00,81,66,29.90,11,0.00
2019-11-12T15:53:00,80,67,29.89,7,0.00
2019-11-12T16:00:00,80,67,29.86,7,NA
2019-11-12T16:53:00,79,66,29.89,8,0.00
2019-11-12T17:51:00,73,70,29.90,10,NA
2019-11-12T17:53:00,73,70,29.91,13,0.01
2019-11-12T18:16:00,72,69,29.91,10,T
2019-11-12T18:53:00,72,69,29.93,10,T
2019-11-12T19:00:00,72,69,29.90,10,NA
2019-11-12T19:53:00,70,67,29.94,11,0.00
2019-11-12T20:53:00,70,66,29.96,11,0.00
2019-11-12T21:18:00,69,66,29.97,9,NA
2019-11-12T21:51:00,70,66,29.97,5,NA
2019-11-12T21:53:00,70,66,29.97,5,0.00
2019-11-12T22:00:00,70,66,29.94,5,NA
2019-11-12T22:53:00,70,66,29.97,7,0.00
2019-11-12T23:04:00,69,66,29.97,10,NA
2019-11-12T23:53:00,66,63,29.99,18,T
2019-11-13T00:53:00,60,57,29.99,14,T
2019-11-13T01:00:00,60,57,29.96,14,NA
2019-11-13T01:53:00,58,55,30.00,14,0.00
2019-11-13T02:25:00,57,53,30.00,15,NA
2019-11-13T02:53:00,55,51,30.01,16,0.00
2019-11-13T03:53:00,54,49,30.02,11,0.00
2019-11-13T04:00:00,54,49,29.99,11,NA
2019-11-13T04:53:00,54,50,30.04,13,0.00
2019-11-13T05:53:00,55,50,30.06,13,0.00
2019-11-13T06:53:00,55,49,30.08,10,0.00
2019-11-13T07:00:00,55,49,30.05,10,NA
2019-11-13T07:44:00,56,49,30.09,14,NA
2019-11-13T07:53:00,56,49,30.10,14,0.00
2019-11-13T08:08:00,57,49,30.10,14,NA
2019-11-13T08:53:00,58,49,30.11,14,0.00
2019-11-13T09:53:00,61,49,30.13,11,0.00
2019-11-13T10:00:00,61,49,30.10,11,NA
2019-11-13T10:53:00,63,50,30.13,14,0.00
2019-11-13T11:53:00,67,51,30.12,11,0.00
2019-11-13T12:53:00,69,52,30.09,8,0.00
2019-11-13T13:00:00,69,52,30.06,8,NA
2019-11-13T13:22:00,68,53,30.08,9,NA
2019-11-13T13:53:00,68,53,30.08,13,0.00
2019-11-13T14:53:00,68,54,30.07,9,0.00
2019-11-13T15:53:00,67,55,30.07,11,0.00
2019-11-13T16:00:00,67,55,30.04,11,NA
2019-11-13T16:42:00,67,55,30.08,13,NA
2019-11-13T16:53:00,67,55,30.07,13,0.00
2019-11-13T17:53:00,66,55,30.08,10,0.00
2019-11-13T18:53:00,65,54,30.10,9,0.00
2019-11-13T19:00:00,65,54,30.07,9,NA
2019-11-13T19:53:00,64,54,30.10,8,0.00
2019-11-13T20:53:00,64,54,30.12,8,0.00
2019-11-13T21:53:00,63,54,30.12,8,0.00
2019-11-13T22:00:00,63,54,30.09,8,NA
2019-11-13T22:53:00,63,54,30.10,7,0.00
2019-11-13T23:53:00,63,54,30.10,6,0.00
2019-11-14T00:53:00,62,54,30.08,7,0.00
2019-11-14T01:00:00,62,54,30.05,7,NA
2019-11-14T01:53:00,62,55,30.07,8,0.00
2019-11-14T02:53:00,62,55,30.06,8,0.00
2019-11-14T03:53:00,63,55,30.06,6,0.00
2019-11-14T04:00:00,63,55,30.03,6,NA
2019-11-14T04:53:00,63,56,30.07,7,0.00
2019-11-14T05:53:00,64,56,30.08,7,0.00
2019-11-14T06:53:00,65,57,30.09,7,0.00
2019-11-14T07:00:00,65,57,30.06,7,NA
2019-11-14T07:53:00,65,58,30.10,7,T
2019-11-14T08:53:00,66,59,30.11,8,0.01
2019-11-14T09:53:00,69,60,30.11,8,0.00
2019-11-14T10:00:00,69,60,30.08,8,NA
2019-11-14T10:53:00,70,60,30.11,6,0.00
2019-11-14T11:53:00,71,62,30.08,8,0.00
2019-11-14T12:53:00,74,63,30.05,7,0.00
2019-11-14T13:00:00,74,63,30.02,7,NA
2019-11-14T13:53:00,76,64,30.02,5,0.00
2019-11-14T14:53:00,76,66,30.02,6,0.00
2019-11-14T15:53:00,76,66,30.01,5,0.00
2019-11-14T16:00:00,76,66,29.98,5,NA
2019-11-14T16:53:00,75,68,30.00,7,T
2019-11-14T17:53:00,74,68,30.03,3,T
2019-11-14T18:53:00,73,69,30.03,3,0.03
2019-11-14T19:00:00,73,69,30.00,3,NA
2019-11-14T19:53:00,73,69,30.02,7,T
2019-11-14T20:53:00,73,69,30.02,6,0.04
2019-11-14T21:53:00,73,69,30.02,7,T
2019-11-14T22:00:00,73,69,29.99,7,NA
2019-11-14T22:53:00,73,69,30.01,5,0.00
2019-11-14T23:53:00,73,69,30.00,0,0.00
2019-11-15T00:53:00,73,69,29.98,0,0.00
2019-11-15T01:00:00,73,69,29.95,0,NA
2019-11-15T01:33:00,72,69,29.96,0,NA
2019-11-15T01:51:00,72,70,29.95,0,NA
2019-11-15T01:53:00,72,69,29.95,3,0.00
2019-11-15T02:53:00,72,69,29.93,5,0.00
2019-11-15T03:08:00,72,69,29.93,3,NA
2019-11-15T03:53:00,72,69,29.93,3,0.00
2019-11-15T04:00:00,72,69,29.90,3,NA
2019-11-15T04:53:00,73,70,29.94,0,0.00
2019-11-15T05:53:00,73,70,29.93,3,0.00
2019-11-15T06:18:00,73,70,29.94,0,NA
2019-11-15T06:37:00,69,66,29.96,23,NA
2019-11-15T06:53:00,68,65,29.97,14,0.01
2019-11-15T07:00:00,68,65,29.94,14,NA
2019-11-15T07:30:00,67,64,29.96,10,0.02
2019-11-15T07:53:00,67,65,29.96,8,0.01
2019-11-15T08:53:00,69,66,29.97,5,0.00
2019-11-15T09:53:00,70,65,29.97,7,0.00
2019-11-15T10:00:00,70,65,29.94,7,NA
2019-11-15T10:53:00,70,65,29.98,8,0.00
2019-11-15T11:17:00,70,65,29.96,9,NA
2019-11-15T11:51:00,70,64,29.96,10,NA
2019-11-15T11:53:00,69,64,29.95,8,0.00
2019-11-15T12:51:00,68,63,29.94,8,NA
2019-11-15T12:53:00,68,63,29.94,9,0.00
2019-11-15T13:00:00,68,63,29.91,9,NA
2019-11-15T13:53:00,67,62,29.93,14,0.00
2019-11-15T14:53:00,66,62,29.93,14,T
2019-11-15T15:53:00,66,62,29.93,13,0.00
2019-11-15T16:00:00,66,62,29.90,13,NA
2019-11-15T16:18:00,65,62,29.93,13,T
2019-11-15T16:49:00,64,61,29.93,11,T
2019-11-15T16:53:00,65,61,29.93,10,T
2019-11-15T17:53:00,64,60,29.93,7,T
2019-11-15T18:53:00,63,60,29.94,9,0.00
2019-11-15T19:00:00,63,60,29.91,9,NA
2019-11-15T19:53:00,63,59,29.94,10,0.00
2019-11-15T20:16:00,63,59,29.94,8,NA
2019-11-15T20:53:00,62,59,29.94,6,0.00
2019-11-15T21:17:00,63,59,29.94,7,NA
2019-11-15T21:45:00,63,58,29.95,8,NA
2019-11-15T21:53:00,62,58,29.95,7,0.00
2019-11-15T22:00:00,62,58,29.92,7,NA
2019-11-15T22:18:00,63,58,29.95,8,NA
2019-11-15T22:53:00,63,56,29.95,11,0.00
2019-11-15T23:53:00,62,55,29.95,9,0.00
2019-11-16T00:53:00,63,54,29.93,8,0.00
2019-11-16T01:00:00,63,54,29.90,8,NA
2019-11-16T01:53:00,63,54,29.92,11,0.00
2019-11-16T02:12:00,62,54,29.91,9,NA
2019-11-16T02:53:00,62,55,29.90,6,0.00
2019-11-16T03:53:00,62,55,29.89,6,0.00
2019-11-16T04:00:00,62,55,29.86,6,NA
2019-11-16T04:53:00,62,55,29.89,8,0.00
2019-11-16T05:53:00,62,55,29.90,9,0.00
2019-11-16T06:53:00,61,57,29.91,8,T
2019-11-16T07:00:00,61,57,29.88,8,NA
2019-11-16T07:53:00,61,57,29.92,9,0.00
2019-11-16T08:53:00,61,56,29.93,8,0.00
2019-11-16T09:17:00,60,56,29.93,10,NA
2019-11-16T09:51:00,61,55,29.94,10,NA
2019-11-16T09:53:00,61,55,29.94,11,0.00
2019-11-16T10:00:00,61,55,29.91,11,NA
2019-11-16T10:38:00,61,55,29.93,7,NA
2019-11-16T10:53:00,61,55,29.93,11,0.00
2019-11-16T11:53:00,62,53,29.91,13,0.00
2019-11-16T12:53:00,60,53,29.90,13,0.00
2019-11-16T13:00:00,60,53,29.87,13,NA
2019-11-16T13:53:00,59,53,29.90,11,0.00
2019-11-16T14:39:00,59,52,29.89,13,NA
2019-11-16T14:53:00,58,52,29.89,10,0.00
2019-11-16T15:53:00,57,52,29.89,14,0.00
2019-11-16T16:00:00,57,52,29.86,14,NA
2019-11-16T16:53:00,57,50,29.89,11,0.00
2019-11-16T17:53:00,56,50,29.90,11,0.00
2019-11-16T18:53:00,55,50,29.92,13,0.00
2019-11-16T19:00:00,55,50,29.89,13,NA
2019-11-16T19:53:00,55,49,29.94,14,0.00
2019-11-16T20:53:00,53,48,29.96,14,0.00
2019-11-16T21:53:00,53,48,29.97,11,0.00
2019-11-16T22:00:00,53,48,29.94,11,NA
2019-11-16T22:53:00,52,47,29.96,9,0.00
2019-11-16T23:53:00,51,47,29.96,8,0.00
2019-11-17T00:53:00,51,47,29.95,8,0.00
2019-11-17T01:00:00,51,47,29.92,8,NA
2019-11-17T01:18:00,51,46,29.94,8,NA
2019-11-17T01:53:00,51,46,29.94,9,0.00
2019-11-17T02:53:00,51,46,29.93,7,0.00
2019-11-17T03:53:00,51,46,29.93,9,0.00
2019-11-17T04:00:00,51,46,29.90,9,NA
2019-11-17T04:35:00,51,47,29.94,9,NA
2019-11-17T04:53:00,51,47,29.94,8,0.00
2019-11-17T05:53:00,51,47,29.95,5,0.00
2019-11-17T06:53:00,51,47,29.96,7,0.00
2019-11-17T07:00:00,51,47,29.93,7,NA
2019-11-17T07:53:00,51,48,29.98,7,0.00
2019-11-17T08:53:00,51,47,29.98,9,0.00
2019-11-17T09:53:00,52,47,29.98,5,0.00
2019-11-17T10:00:00,52,47,29.95,5,NA
2019-11-17T10:51:00,54,46,29.98,6,NA
2019-11-17T10:53:00,53,47,29.98,3,0.00
2019-11-17T11:53:00,55,48,29.96,6,0.00
2019-11-17T12:53:00,55,48,29.93,6,0.00
2019-11-17T13:00:00,55,48,29.90,6,NA
2019-11-17T13:53:00,55,49,29.90,6,0.00
2019-11-17T14:53:00,56,49,29.90,8,0.00
2019-11-17T15:53:00,55,49,29.90,9,0.00
2019-11-17T16:00:00,55,49,29.87,9,NA
2019-11-17T16:53:00,54,50,29.90,7,0.00
2019-11-17T17:25:00,54,50,29.89,8,NA
2019-11-17T17:53:00,54,50,29.90,6,0.00
2019-11-17T18:53:00,54,50,29.91,5,0.00
2019-11-17T19:00:00,54,50,29.88,5,NA
2019-11-17T19:53:00,54,50,29.91,5,0.00
2019-11-17T20:53:00,53,49,29.92,5,0.00
2019-11-17T21:53:00,53,50,29.92,5,0.00
2019-11-17T22:00:00,53,50,29.89,5,NA
2019-11-17T22:29:00,54,50,29.92,5,NA
2019-11-17T22:53:00,54,50,29.93,0,0.00
2019-11-17T23:53:00,54,49,29.93,0,0.00
2019-11-18T00:53:00,54,49,29.91,0,0.00
2019-11-18T01:00:00,54,49,29.88,0,NA
2019-11-18T01:53:00,54,49,29.90,0,0.00
2019-11-18T02:53:00,54,50,29.89,0,0.00
2019-11-18T03:53:00,56,50,29.88,0,0.00
2019-11-18T04:00:00,56,50,29.85,0,NA
2019-11-18T04:53:00,55,50,29.87,0,0.00
2019-11-18T05:53:00,55,50,29.88,0,0.00
2019-11-18T06:53:00,55,50,29.89,0,0.00
2019-11-18T07:00:00,55,50,29.86,0,NA
2019-11-18T07:53:00,57,50,29.90,0,0.00
2019-11-18T08:53:00,61,51,29.90,0,0.00
2019-11-18T09:53:00,63,51,29.90,5,0.00
2019-11-18T10:00:00,63,51,29.87,5,NA
2019-11-18T10:53:00,64,52,29.89,6,0.00
2019-11-18T11:53:00,65,53,29.88,7,0.00
2019-11-18T12:53:00,68,55,29.85,6,0.00
2019-11-18T13:00:00,68,55,29.82,6,NA
2019-11-18T13:53:00,70,56,29.82,9,0.00
2019-11-18T14:53:00,72,56,29.82,11,0.00
2019-11-18T15:53:00,71,57,29.82,9,0.00
2019-11-18T16:00:00,71,57,29.79,9,NA
2019-11-18T16:53:00,69,57,29.82,7,0.00
2019-11-18T17:53:00,67,58,29.84,6,0.00
2019-11-18T18:53:00,65,58,29.85,6,0.00
2019-11-18T19:00:00,65,58,29.82,6,NA
2019-11-18T19:53:00,64,58,29.85,0,0.00
2019-11-18T20:53:00,63,57,29.86,0,0.00
2019-11-18T21:53:00,62,58,29.86,3,0.00
2019-11-18T22:00:00,62,58,29.83,3,NA
2019-11-18T22:53:00,62,57,29.86,0,0.00
2019-11-18T23:53:00,60,56,29.87,0,0.00
2019-11-19T00:53:00,60,57,29.88,0,0.00
2019-11-19T01:00:00,60,57,29.85,0,NA
2019-11-19T01:53:00,60,57,29.87,0,0.00
2019-11-19T02:53:00,61,57,29.87,0,0.00
2019-11-19T03:53:00,59,56,29.87,0,0.00
2019-11-19T04:00:00,59,56,29.84,0,NA
2019-11-19T04:53:00,59,56,29.88,0,0.00
2019-11-19T05:53:00,60,57,29.90,0,0.00
2019-11-19T06:53:00,60,56,29.92,0,0.00
2019-11-19T07:00:00,60,56,29.89,0,NA
2019-11-19T07:53:00,63,59,29.93,0,0.00
2019-11-19T08:53:00,62,52,29.95,8,0.00
2019-11-19T09:02:00,63,51,29.96,8,NA
2019-11-19T09:39:00,65,47,29.98,11,NA
2019-11-19T09:53:00,65,45,29.98,9,0.00
2019-11-19T10:00:00,65,45,29.95,9,NA
2019-11-19T10:53:00,68,46,29.99,10,0.00
2019-11-19T11:53:00,69,49,29.99,10,0.00
2019-11-19T12:53:00,71,48,29.96,9,0.00
2019-11-19T13:00:00,71,48,29.93,9,NA
2019-11-19T13:53:00,71,49,29.94,14,0.00
2019-11-19T14:53:00,70,49,29.95,10,0.00
2019-11-19T15:53:00,69,50,29.97,10,0.00
2019-11-19T16:00:00,69,50,29.94,10,NA
2019-11-19T16:53:00,66,50,29.99,8,0.00
2019-11-19T17:53:00,64,50,30.01,8,0.00
2019-11-19T18:53:00,63,51,30.02,5,0.00
2019-11-19T19:00:00,63,51,29.99,5,NA
2019-11-19T19:53:00,63,51,30.03,5,0.00
2019-11-19T20:53:00,61,51,30.05,0,0.00
2019-11-19T21:53:00,61,52,30.06,0,0.00
2019-11-19T22:00:00,61,52,30.03,0,NA
2019-11-19T22:53:00,60,52,30.06,0,0.00
2019-11-19T23:53:00,57,51,30.05,0,0.00
2019-11-20T00:53:00,58,52,30.05,0,0.00
2019-11-20T01:00:00,58,52,30.02,0,NA
2019-11-20T01:53:00,55,51,30.05,0,0.00
2019-11-20T02:53:00,55,52,30.05,0,0.00
2019-11-20T03:53:00,54,51,30.06,0,0.00
2019-11-20T04:00:00,54,51,30.03,0,NA
2019-11-20T04:53:00,55,52,30.06,0,0.00
2019-11-20T05:53:00,55,51,30.09,0,0.00
2019-11-20T06:53:00,56,52,30.10,0,0.00
2019-11-20T07:00:00,56,52,30.07,0,NA
2019-11-20T07:53:00,60,55,30.13,0,0.00
2019-11-20T08:53:00,67,54,30.15,3,0.00
2019-11-20T09:53:00,69,56,30.16,9,0.00
2019-11-20T10:00:00,69,56,30.13,9,NA
2019-11-20T10:53:00,72,56,30.16,5,0.00
2019-11-20T11:53:00,73,51,30.15,10,0.00
2019-11-20T12:53:00,75,47,30.12,10,0.00
2019-11-20T13:00:00,75,47,30.09,10,NA
2019-11-20T13:53:00,75,47,30.11,8,0.00
2019-11-20T14:53:00,76,43,30.10,10,0.00
2019-11-20T15:53:00,74,42,30.10,10,0.00
2019-11-20T16:00:00,74,42,30.07,10,NA
2019-11-20T16:53:00,72,43,30.11,9,0.00
2019-11-20T17:53:00,70,42,30.12,7,0.00
2019-11-20T18:53:00,65,43,30.13,7,0.00
2019-11-20T19:00:00,65,43,30.10,7,NA
2019-11-20T19:53:00,62,46,30.15,6,0.00
2019-11-20T20:53:00,61,49,30.16,7,0.00
2019-11-20T21:53:00,60,52,30.17,6,0.00
2019-11-20T22:00:00,60,52,30.14,6,NA
2019-11-20T22:53:00,60,51,30.17,6,0.00
2019-11-20T23:53:00,58,51,30.17,5,0.00
2019-11-21T00:53:00,57,49,30.17,6,0.00
2019-11-21T01:00:00,57,49,30.14,6,NA
2019-11-21T01:53:00,56,48,30.17,6,0.00
2019-11-21T02:53:00,55,48,30.17,5,0.00
2019-11-21T03:53:00,54,49,30.17,6,0.00
2019-11-21T04:00:00,54,49,30.14,6,NA
2019-11-21T04:53:00,54,49,30.18,6,0.00
2019-11-21T05:53:00,54,49,30.19,3,0.00
2019-11-21T06:53:00,53,49,30.21,0,0.00
2019-11-21T07:00:00,53,49,30.18,0,NA
2019-11-21T07:53:00,56,49,30.22,5,0.00
2019-11-21T08:53:00,61,51,30.23,7,0.00
2019-11-21T09:53:00,67,53,30.23,7,0.00
2019-11-21T10:00:00,67,53,30.20,7,NA
2019-11-21T10:53:00,70,54,30.22,6,0.00
2019-11-21T11:53:00,73,53,30.20,6,0.00
2019-11-21T12:53:00,74,53,30.17,7,0.00
2019-11-21T13:00:00,74,53,30.14,7,NA
2019-11-21T13:53:00,73,57,30.14,6,0.00
2019-11-21T14:53:00,74,56,30.13,7,0.00
2019-11-21T15:53:00,77,52,30.13,5,0.00
2019-11-21T16:00:00,77,52,30.10,5,NA
2019-11-21T16:53:00,76,52,30.14,6,0.00
2019-11-21T17:53:00,73,53,30.14,3,0.00
2019-11-21T18:53:00,67,56,30.15,5,0.00
2019-11-21T19:00:00,67,56,30.12,5,NA
2019-11-21T19:53:00,65,58,30.17,5,0.00
2019-11-21T20:53:00,64,58,30.17,0,0.00
2019-11-21T21:53:00,66,56,30.17,0,0.00
2019-11-21T22:00:00,66,56,30.14,0,NA
2019-11-21T22:53:00,64,56,30.16,3,0.00
2019-11-21T23:53:00,64,56,NA,3,NA
2019-11-22T00:53:00,62,56,30.13,3,0.00
2019-11-22T01:00:00,62,56,30.10,3,NA
2019-11-22T01:53:00,60,55,30.12,3,0.00
2019-11-22T02:53:00,60,55,30.11,3,0.00
2019-11-22T03:53:00,59,55,30.11,0,0.00
2019-11-22T04:00:00,59,55,30.08,0,NA
2019-11-22T04:53:00,59,55,30.12,0,0.00
2019-11-22T05:53:00,60,55,30.11,0,0.00
2019-11-22T06:53:00,60,55,30.13,5,0.00
2019-11-22T07:00:00,60,55,30.10,5,NA
2019-11-22T07:53:00,62,55,30.13,3,0.00
2019-11-22T08:53:00,68,57,30.14,6,0.00
2019-11-22T09:53:00,73,56,30.15,6,0.00
2019-11-22T10:00:00,73,56,30.12,6,NA
2019-11-22T10:53:00,75,56,30.13,6,0.00
2019-11-22T11:53:00,77,56,30.12,6,0.00
2019-11-22T12:53:00,77,57,30.10,6,0.00
2019-11-22T13:00:00,77,57,30.07,6,NA
2019-11-22T13:53:00,77,56,30.08,5,0.00
2019-11-22T14:53:00,77,55,30.07,6,0.00
2019-11-22T15:53:00,77,55,30.06,6,0.00
2019-11-22T16:53:00,76,54,30.06,5,0.00
2019-11-22T17:53:00,73,56,30.06,3,0.00
2019-11-22T18:53:00,71,56,30.06,3,0.00
2019-11-22T19:00:00,71,56,30.03,3,NA
2019-11-22T19:53:00,70,57,30.07,3,0.00
2019-11-22T20:53:00,68,56,30.08,0,0.00
2019-11-22T21:53:00,68,56,30.07,0,0.00
2019-11-22T22:00:00,68,56,30.04,0,NA
2019-11-22T22:53:00,67,56,30.07,0,0.00
2019-11-22T23:53:00,66,56,30.07,5,0.00
2019-11-23T00:53:00,65,56,30.06,5,0.00
2019-11-23T01:00:00,65,56,30.03,5,NA
2019-11-23T01:53:00,64,56,30.04,3,0.00
2019-11-23T02:53:00,64,55,30.03,0,0.00
2019-11-23T03:53:00,62,56,30.02,0,0.00
2019-11-23T04:00:00,62,56,29.99,0,NA
2019-11-23T04:53:00,60,55,30.02,0,0.00
2019-11-23T05:53:00,61,57,30.02,0,0.00
2019-11-23T06:53:00,62,58,30.03,0,0.00
2019-11-23T07:00:00,62,58,30.00,0,NA
2019-11-23T07:53:00,65,60,30.03,0,0.00
2019-11-23T08:53:00,70,62,30.05,7,0.00
2019-11-23T09:53:00,73,62,30.05,8,0.00
2019-11-23T10:00:00,73,62,30.02,8,NA
2019-11-23T10:53:00,76,64,30.04,6,0.00
2019-11-23T11:53:00,77,63,30.02,7,0.00
2019-11-23T12:53:00,78,62,29.99,9,0.00
2019-11-23T13:00:00,78,62,29.96,9,NA
2019-11-23T13:53:00,78,62,29.97,10,0.00
2019-11-23T14:53:00,77,62,29.96,10,0.00
2019-11-23T15:53:00,75,63,29.94,9,0.00
2019-11-23T16:00:00,75,63,29.91,9,NA
2019-11-23T16:53:00,74,62,29.94,10,0.00
2019-11-23T17:53:00,72,62,29.93,9,0.00
2019-11-23T18:53:00,70,63,29.94,7,0.00
2019-11-23T19:00:00,70,63,29.91,7,NA
2019-11-23T19:53:00,71,62,29.94,8,0.00
2019-11-23T20:53:00,71,63,29.93,13,0.00
2019-11-23T21:53:00,70,65,29.93,9,0.00
2019-11-23T22:00:00,70,65,29.90,9,NA
2019-11-23T22:53:00,71,67,29.92,14,0.00
2019-11-23T23:53:00,71,68,29.89,13,0.00
2019-11-24T00:53:00,71,69,29.87,14,0.00
2019-11-24T01:00:00,71,69,29.84,14,NA
2019-11-24T01:53:00,73,69,29.86,9,0.01
2019-11-24T02:11:00,72,69,29.87,15,0.13
2019-11-24T02:20:00,70,67,29.87,15,0.28
2019-11-24T02:51:00,70,66,29.86,7,NA
2019-11-24T02:53:00,70,67,29.87,7,0.31
2019-11-24T03:53:00,70,68,29.86,7,0.01
2019-11-24T04:00:00,70,68,29.83,7,NA
2019-11-24T04:53:00,69,66,29.87,7,0.00
2019-11-24T05:53:00,66,62,29.89,9,0.00
2019-11-24T06:53:00,64,61,29.92,8,0.00
2019-11-24T07:00:00,64,61,29.89,8,NA
2019-11-24T07:53:00,63,59,29.94,6,0.00
2019-11-24T08:53:00,67,59,29.96,7,0.00
2019-11-24T09:53:00,67,59,29.96,9,0.00
2019-11-24T10:00:00,67,59,29.93,9,NA
2019-11-24T10:53:00,68,57,29.95,9,0.00
2019-11-24T11:53:00,68,55,29.93,11,0.00
2019-11-24T12:53:00,67,55,29.92,11,0.00
2019-11-24T13:00:00,67,55,29.89,11,NA
2019-11-24T13:53:00,67,53,29.91,13,0.00
2019-11-24T14:53:00,65,51,29.90,13,0.00
2019-11-24T15:53:00,64,51,29.91,9,0.00
2019-11-24T16:00:00,64,51,29.88,9,NA
2019-11-24T16:53:00,61,50,29.91,10,0.00
2019-11-24T17:53:00,60,51,29.91,6,0.00
2019-11-24T18:53:00,58,51,29.92,3,0.00
2019-11-24T19:00:00,58,51,29.89,3,NA
2019-11-24T19:53:00,60,51,29.92,5,0.00
2019-11-24T20:43:00,59,51,29.93,0,NA
2019-11-24T20:53:00,59,52,29.93,0,0.00
2019-11-24T21:53:00,58,52,29.93,0,0.00
2019-11-24T22:00:00,58,52,29.90,0,NA
2019-11-24T22:34:00,58,52,29.93,0,NA
2019-11-24T22:43:00,58,52,29.93,0,NA
2019-11-24T22:53:00,59,53,29.93,3,0.00
2019-11-24T23:53:00,59,53,29.92,0,0.00
2019-11-25T00:53:00,58,52,29.92,0,0.00
2019-11-25T01:00:00,58,52,29.89,0,NA
2019-11-25T01:22:00,57,52,29.92,5,NA
2019-11-25T01:53:00,56,51,29.91,3,0.00
2019-11-25T02:53:00,55,51,29.92,6,0.00
2019-11-25T03:53:00,54,50,29.93,6,0.00
2019-11-25T04:00:00,54,50,29.90,6,NA
2019-11-25T04:53:00,53,47,29.91,7,0.00
2019-11-25T05:53:00,54,48,29.93,6,0.00
2019-11-25T06:53:00,53,46,29.93,6,0.00
2019-11-25T07:00:00,53,46,29.90,6,NA
2019-11-25T07:53:00,53,45,29.95,8,0.00
2019-11-25T08:53:00,57,47,29.97,5,0.00
2019-11-25T09:53:00,61,49,30.00,6,0.00
2019-11-25T10:00:00,61,49,29.97,6,NA
2019-11-25T10:53:00,64,48,29.99,6,0.00
2019-11-25T11:53:00,65,49,29.96,7,0.00
2019-11-25T12:53:00,68,51,29.95,8,0.00
2019-11-25T13:00:00,68,51,29.92,8,NA
2019-11-25T13:53:00,67,53,29.94,6,0.00
2019-11-25T14:53:00,67,53,29.92,7,0.00
2019-11-25T15:53:00,68,52,29.92,6,0.00
2019-11-25T16:00:00,68,52,29.89,6,NA
2019-11-25T16:53:00,66,51,29.93,6,0.00
2019-11-25T17:53:00,64,49,29.93,8,0.00
2019-11-25T18:53:00,61,48,29.95,6,0.00
2019-11-25T19:00:00,61,48,29.92,6,NA
2019-11-25T19:53:00,61,43,29.96,3,0.00
2019-11-25T20:53:00,57,47,29.98,6,0.00
2019-11-25T21:53:00,59,47,29.99,7,0.00
2019-11-25T22:00:00,59,47,29.96,7,NA
2019-11-25T22:53:00,59,47,29.99,5,0.00
2019-11-25T23:53:00,58,48,29.98,3,0.00
2019-11-26T00:53:00,56,48,29.99,0,0.00
2019-11-26T01:00:00,56,48,29.96,0,NA
2019-11-26T01:53:00,56,49,29.99,0,0.00
2019-11-26T02:53:00,55,49,29.98,0,0.00
2019-11-26T03:53:00,55,48,29.99,5,0.00
2019-11-26T04:00:00,55,48,29.96,5,NA
2019-11-26T04:53:00,55,48,29.99,5,0.00
2019-11-26T05:53:00,55,47,30.00,7,0.00
2019-11-26T06:53:00,55,46,30.01,5,0.00
2019-11-26T07:00:00,55,46,29.98,5,NA
2019-11-26T07:53:00,56,47,30.04,7,0.00
2019-11-26T08:53:00,60,46,30.05,3,0.00
2019-11-26T09:53:00,67,45,30.08,5,0.00
2019-11-26T10:00:00,67,45,30.05,5,NA
2019-11-26T10:53:00,70,46,30.07,7,0.00
2019-11-26T11:53:00,73,51,30.06,0,0.00
2019-11-26T12:53:00,72,52,30.03,0,0.00
2019-11-26T13:00:00,72,52,30.00,0,NA
2019-11-26T13:53:00,73,55,30.01,7,0.00
2019-11-26T14:53:00,73,58,30.00,7,0.00
2019-11-26T15:53:00,72,57,30.01,6,0.00
2019-11-26T16:00:00,72,57,29.98,6,NA
2019-11-26T16:53:00,70,56,30.01,3,0.00
2019-11-26T17:53:00,69,57,30.02,3,0.00
2019-11-26T18:53:00,68,57,30.04,0,0.00
2019-11-26T19:00:00,68,57,30.01,0,NA
2019-11-26T19:53:00,65,56,30.06,3,0.00
2019-11-26T20:53:00,64,53,30.08,0,0.00
2019-11-26T21:53:00,63,53,30.09,0,0.00
2019-11-26T22:00:00,63,53,30.06,0,NA
2019-11-26T22:53:00,62,52,30.09,3,0.00
2019-11-26T23:53:00,58,50,NA,0,NA
2019-11-27T00:53:00,55,49,30.09,0,0.00
2019-11-27T01:00:00,55,49,30.06,0,NA
2019-11-27T01:53:00,56,51,30.10,0,0.00
2019-11-27T02:53:00,57,50,30.08,0,0.00
2019-11-27T03:53:00,58,49,30.07,3,0.00
2019-11-27T04:00:00,58,49,30.04,3,NA
2019-11-27T04:53:00,56,50,30.08,0,0.00
2019-11-27T05:53:00,57,51,30.09,0,0.00
2019-11-27T06:53:00,59,52,30.11,0,0.00
2019-11-27T07:00:00,59,52,30.08,0,NA
2019-11-27T07:53:00,61,54,30.12,0,0.00
2019-11-27T08:53:00,68,56,30.15,0,0.00
2019-11-27T09:53:00,71,57,30.18,0,0.00
2019-11-27T10:00:00,71,57,30.15,0,NA
2019-11-27T10:53:00,73,59,30.18,5,0.00
2019-11-27T11:53:00,74,60,30.16,6,0.00
2019-11-27T12:53:00,75,58,30.16,6,0.00
2019-11-27T13:00:00,75,58,30.13,6,NA
2019-11-27T13:53:00,75,60,30.14,5,0.00
2019-11-27T14:53:00,76,60,30.14,6,0.00
2019-11-27T15:53:00,75,61,30.14,5,0.00
2019-11-27T16:00:00,75,61,30.11,5,NA
2019-11-27T16:53:00,74,62,30.15,5,0.00
2019-11-27T17:53:00,71,63,30.15,3,0.00
2019-11-27T18:53:00,70,65,30.15,3,0.00
2019-11-27T19:00:00,70,65,30.12,3,NA
2019-11-27T19:53:00,70,65,30.17,0,0.00
2019-11-27T20:53:00,70,65,30.17,0,0.00
2019-11-27T21:53:00,67,63,30.17,0,0.00
2019-11-27T22:00:00,67,63,30.14,0,NA
2019-11-27T22:53:00,67,63,30.18,0,0.00
2019-11-27T23:53:00,65,63,30.18,0,0.00
2019-11-28T00:53:00,65,62,30.18,0,0.00
2019-11-28T01:00:00,65,62,30.15,0,NA
2019-11-28T01:53:00,63,61,30.18,0,0.00
2019-11-28T02:11:00,64,62,30.18,0,NA
2019-11-28T02:53:00,64,63,30.18,0,0.00
2019-11-28T03:53:00,63,61,30.18,0,0.00
2019-11-28T04:00:00,63,61,30.15,0,NA
2019-11-28T04:53:00,63,61,30.18,0,0.00
2019-11-28T05:51:00,66,63,30.20,3,NA
2019-11-28T05:53:00,66,63,30.20,0,0.00
2019-11-28T06:53:00,67,64,30.21,0,0.00
2019-11-28T07:00:00,67,64,30.18,0,NA
2019-11-28T07:53:00,69,65,30.22,0,0.00
2019-11-28T08:53:00,71,68,30.23,3,0.00
2019-11-28T09:28:00,72,69,30.24,8,NA
2019-11-28T09:53:00,73,69,30.24,8,0.00
2019-11-28T10:00:00,73,69,30.21,8,NA
2019-11-28T10:53:00,76,69,30.23,9,0.00
2019-11-28T11:53:00,76,69,30.20,10,0.00
2019-11-28T12:08:00,75,69,30.19,9,NA
2019-11-28T12:53:00,78,70,30.17,6,0.00
2019-11-28T13:00:00,78,70,30.14,6,NA
2019-11-28T13:00:00,79,69,30.17,7,NA
2019-11-28T13:17:00,81,67,30.16,9,NA
2019-11-28T13:53:00,83,66,30.14,8,0.00
2019-11-28T14:53:00,83,63,30.13,9,0.00
2019-11-28T15:53:00,83,62,30.12,5,0.00
2019-11-28T16:00:00,83,62,30.09,5,NA
2019-11-28T16:53:00,79,61,30.12,6,0.00
2019-11-28T17:53:00,72,56,30.14,6,0.00
2019-11-28T18:53:00,68,56,30.15,9,0.00
2019-11-28T19:00:00,68,56,30.12,9,NA
2019-11-28T19:53:00,66,58,30.15,6,0.00
2019-11-28T20:53:00,64,58,30.16,3,0.00
2019-11-28T21:53:00,63,59,30.17,0,0.00
2019-11-28T22:00:00,63,59,30.14,0,NA
2019-11-28T22:53:00,62,59,30.17,5,0.00
2019-11-28T23:53:00,62,58,30.17,6,0.00
2019-11-29T00:53:00,62,58,30.16,6,0.00
2019-11-29T01:00:00,62,58,30.13,6,NA
2019-11-29T01:53:00,62,54,30.16,7,0.00
2019-11-29T02:53:00,61,51,30.16,6,0.00
2019-11-29T03:53:00,58,51,30.17,6,0.00
2019-11-29T04:00:00,58,51,30.14,6,NA
2019-11-29T04:53:00,57,50,30.16,0,0.00
2019-11-29T05:53:00,58,50,30.16,3,0.00
2019-11-29T06:53:00,58,50,30.18,3,0.00
2019-11-29T07:00:00,58,50,30.15,3,NA
2019-11-29T07:53:00,60,49,30.18,6,0.00
2019-11-29T08:53:00,64,52,30.19,5,0.00
2019-11-29T09:53:00,70,54,30.20,3,0.00
2019-11-29T10:00:00,70,54,30.17,3,NA
2019-11-29T10:53:00,73,54,30.19,6,0.00
2019-11-29T11:53:00,76,47,30.15,6,0.00
2019-11-29T12:53:00,80,48,30.12,3,0.00
2019-11-29T13:00:00,80,48,30.09,3,NA
2019-11-29T13:53:00,81,45,30.09,3,0.00
2019-11-29T14:53:00,82,45,30.08,9,0.00
2019-11-29T15:53:00,81,45,30.08,8,0.00
2019-11-29T16:00:00,81,45,30.05,8,NA
2019-11-29T16:53:00,79,48,30.08,6,0.00
2019-11-29T17:53:00,75,46,30.08,5,0.00
2019-11-29T18:53:00,72,48,30.10,5,0.00
2019-11-29T19:00:00,72,48,30.07,5,NA
2019-11-29T19:53:00,71,50,30.10,5,0.00
2019-11-29T20:53:00,67,53,30.11,6,0.00
2019-11-29T21:53:00,67,54,30.11,5,0.00
2019-11-29T22:00:00,67,54,30.08,5,NA
2019-11-29T22:53:00,67,55,30.10,0,0.00
2019-11-29T23:53:00,66,56,30.10,5,0.00
2019-11-30T00:53:00,64,56,30.08,3,0.00
2019-11-30T01:00:00,64,56,30.05,3,NA
2019-11-30T01:53:00,62,57,30.07,3,0.00
2019-11-30T02:53:00,62,57,30.07,6,0.00
2019-11-30T03:53:00,62,57,30.06,5,0.00
2019-11-30T04:00:00,62,57,30.03,5,NA
2019-11-30T04:53:00,62,57,30.05,5,0.00
2019-11-30T05:53:00,61,57,30.06,3,0.00
2019-11-30T06:53:00,61,57,30.06,0,0.00
2019-11-30T07:00:00,61,57,30.03,0,NA
2019-11-30T07:53:00,63,59,30.06,3,0.00
2019-11-30T08:53:00,67,60,30.07,5,0.00
2019-11-30T09:53:00,72,61,30.09,3,0.00
2019-11-30T10:00:00,72,61,30.06,3,NA
2019-11-30T10:53:00,74,63,30.08,6,0.00
2019-11-30T11:53:00,75,63,30.05,10,0.00
2019-11-30T12:53:00,75,62,30.03,7,0.00
2019-11-30T13:00:00,75,62,30.00,7,NA
2019-11-30T13:53:00,78,59,30.00,6,0.00
2019-11-30T14:53:00,77,60,29.98,6,0.00
2019-11-30T15:53:00,76,60,29.98,7,0.00
2019-11-30T16:00:00,76,60,29.95,7,NA
2019-11-30T16:53:00,74,62,29.97,3,0.00
2019-11-30T17:53:00,73,59,29.97,3,0.00
2019-11-30T18:53:00,69,60,29.98,5,0.00
2019-11-30T19:00:00,69,60,29.95,5,NA
2019-11-30T19:53:00,70,60,29.98,0,0.00
2019-11-30T20:53:00,68,60,29.99,3,0.00
2019-11-30T21:53:00,69,62,29.98,0,0.00
2019-11-30T22:00:00,69,62,29.95,0,NA
2019-11-30T22:53:00,68,65,29.98,3,0.00
2019-11-30T23:53:00,68,66,29.97,5,0.00
2019-12-01T00:53:00,67,65,29.96,3,0.00
2019-12-01T01:00:00,67,65,29.93,3,NA
2019-12-01T01:53:00,67,64,29.96,6,0.00
2019-12-01T02:53:00,66,64,29.97,3,0.00
2019-12-01T03:53:00,66,64,29.95,6,0.00
2019-12-01T04:00:00,66,64,29.92,6,NA
2019-12-01T04:10:00,66,64,29.95,9,NA
2019-12-01T04:53:00,67,64,29.95,6,0.00
2019-12-01T05:53:00,67,65,29.96,0,0.00
2019-12-01T06:23:00,67,65,29.97,5,NA
2019-12-01T06:53:00,67,65,29.97,6,0.00
2019-12-01T07:00:00,67,65,29.94,6,NA
2019-12-01T07:51:00,68,64,29.98,7,NA
2019-12-01T07:53:00,68,66,29.97,7,0.00
2019-12-01T08:53:00,71,68,29.98,10,0.00
2019-12-01T09:53:00,72,68,29.99,10,0.00
2019-12-01T10:00:00,72,68,29.96,10,NA
2019-12-01T10:53:00,74,69,29.99,10,0.00
2019-12-01T11:53:00,78,70,29.95,10,0.00
2019-12-01T12:53:00,79,69,29.93,13,0.00
2019-12-01T13:00:00,79,69,29.90,13,NA
2019-12-01T13:53:00,78,69,29.91,13,0.00
2019-12-01T14:53:00,78,68,29.90,13,0.00
2019-12-01T15:53:00,79,69,29.89,15,0.00
2019-12-01T16:00:00,79,69,29.86,15,NA
2019-12-01T16:28:00,78,69,29.89,13,NA
2019-12-01T16:45:00,77,70,29.89,13,NA
2019-12-01T16:53:00,77,70,29.89,11,0.00
2019-12-01T17:53:00,76,70,29.89,14,0.00
2019-12-01T18:47:00,75,70,29.89,11,NA
2019-12-01T18:53:00,75,71,29.89,10,0.00
2019-12-01T19:00:00,75,71,29.86,10,NA
2019-12-01T19:12:00,76,71,29.88,13,NA
2019-12-01T19:53:00,74,71,29.90,11,0.00
2019-12-01T20:53:00,74,71,29.90,8,0.00
2019-12-01T21:41:00,73,71,29.89,8,NA
2019-12-01T21:53:00,74,71,29.89,9,0.00
2019-12-01T22:00:00,74,71,29.86,9,NA
2019-12-01T22:38:00,74,71,29.89,9,NA
2019-12-01T22:53:00,74,71,29.90,10,0.00
2019-12-01T23:53:00,74,69,29.88,11,0.00
2019-12-02T00:53:00,74,69,29.86,13,0.00
2019-12-02T01:00:00,74,69,29.83,13,NA
2019-12-02T01:53:00,74,69,29.85,13,0.00
2019-12-02T02:41:00,73,69,29.85,21,T
2019-12-02T02:51:00,72,68,29.85,14,NA
2019-12-02T02:53:00,72,68,29.85,13,0.06
2019-12-02T03:28:00,71,66,29.86,10,T
2019-12-02T03:53:00,70,65,29.86,15,T
2019-12-02T04:00:00,70,65,29.83,15,NA
2019-12-02T04:53:00,69,59,29.85,15,0.00
2019-12-02T05:53:00,69,57,29.87,10,0.00
2019-12-02T06:53:00,64,54,29.90,11,0.00
2019-12-02T07:00:00,64,54,29.87,11,NA
2019-12-02T07:53:00,63,51,29.92,13,0.00
2019-12-02T08:53:00,62,49,29.95,14,0.00
2019-12-02T09:53:00,63,49,29.98,17,0.00
2019-12-02T10:00:00,63,49,29.95,17,NA
2019-12-02T10:53:00,61,46,30.00,17,0.00
2019-12-02T11:53:00,61,45,29.98,16,0.00
2019-12-02T12:53:00,60,46,29.96,17,0.00
2019-12-02T13:00:00,60,46,29.93,17,NA
2019-12-02T13:53:00,62,46,29.93,16,0.00
2019-12-02T14:53:00,60,47,29.93,17,0.00
2019-12-02T15:53:00,59,46,29.93,15,0.00
2019-12-02T16:00:00,59,46,29.90,15,NA
2019-12-02T16:53:00,57,44,29.94,16,0.00
2019-12-02T17:53:00,56,44,29.96,9,0.00
2019-12-02T18:53:00,54,43,29.98,7,0.00
2019-12-02T19:00:00,54,43,29.95,7,NA
2019-12-02T19:53:00,55,44,30.00,6,0.00
2019-12-02T20:53:00,53,43,30.01,5,0.00
2019-12-02T21:53:00,52,42,30.02,6,0.00
2019-12-02T22:00:00,52,42,29.99,6,NA
2019-12-02T22:53:00,51,42,30.02,3,0.00
2019-12-02T23:53:00,51,38,30.02,7,0.00
2019-12-03T00:53:00,49,36,30.02,5,0.00
2019-12-03T01:00:00,49,36,29.99,5,NA
2019-12-03T01:53:00,48,35,30.02,5,0.00
2019-12-03T02:53:00,48,35,30.02,6,0.00
2019-12-03T03:53:00,47,34,30.02,6,0.00
2019-12-03T04:00:00,47,34,29.99,6,NA
2019-12-03T04:53:00,47,35,30.01,5,0.00
2019-12-03T05:53:00,46,36,30.02,7,0.00
2019-12-03T06:53:00,46,34,30.03,8,0.00
2019-12-03T07:00:00,46,34,30.00,8,NA
2019-12-03T07:53:00,47,32,30.05,9,0.00
2019-12-03T08:53:00,50,33,30.06,7,0.00
2019-12-03T09:53:00,52,35,30.06,6,0.00
2019-12-03T10:00:00,52,35,30.03,6,NA
2019-12-03T10:53:00,56,38,30.05,8,0.00
2019-12-03T11:53:00,58,41,30.02,8,0.00
2019-12-03T12:53:00,60,43,30.00,10,0.00
2019-12-03T13:00:00,60,43,29.97,10,NA
2019-12-03T13:53:00,60,45,29.97,9,0.00
2019-12-03T14:53:00,59,45,29.94,9,0.00
2019-12-03T15:53:00,57,45,29.94,8,0.00
2019-12-03T16:00:00,57,45,29.91,8,NA
2019-12-03T16:53:00,56,45,29.95,6,0.00
2019-12-03T17:53:00,54,45,29.95,5,0.00
2019-12-03T18:53:00,54,45,29.95,3,0.00
2019-12-03T19:00:00,54,45,29.92,3,NA
2019-12-03T19:53:00,53,45,29.94,0,0.00
2019-12-03T20:53:00,53,45,29.95,0,0.00
2019-12-03T21:53:00,53,46,NA,0,NA
2019-12-03T22:00:00,53,46,29.92,0,NA
2019-12-03T22:53:00,54,47,29.94,0,0.00
2019-12-03T23:53:00,55,50,29.94,3,0.00
2019-12-04T00:53:00,58,53,29.93,6,0.00
2019-12-04T01:00:00,58,53,29.90,6,NA
2019-12-04T01:53:00,59,54,29.91,6,0.00
2019-12-04T02:53:00,59,53,29.91,3,0.00
2019-12-04T03:53:00,59,52,29.91,5,0.00
2019-12-04T04:00:00,59,52,29.88,5,NA
2019-12-04T04:53:00,57,51,29.92,6,0.00
2019-12-04T05:53:00,55,51,29.95,6,0.00
2019-12-04T06:53:00,54,50,29.98,6,0.00
2019-12-04T07:00:00,54,50,29.95,6,NA
2019-12-04T07:53:00,52,48,NA,5,NA
2019-12-04T08:53:00,55,49,NA,6,NA
2019-12-04T09:53:00,58,49,NA,9,NA
2019-12-04T10:00:00,58,49,30.00,9,NA
2019-12-04T10:53:00,61,49,NA,8,NA
2019-12-04T11:53:00,64,49,30.01,7,0.00
2019-12-04T12:53:00,65,43,29.99,10,0.00
2019-12-04T13:00:00,65,43,29.96,10,NA
2019-12-04T13:53:00,66,42,29.97,10,0.00
2019-12-04T14:53:00,65,45,29.96,9,0.00
2019-12-04T15:53:00,65,42,NA,9,NA
2019-12-04T16:00:00,65,42,29.94,9,NA
2019-12-04T16:53:00,62,45,29.98,10,0.00
2019-12-04T17:53:00,61,45,NA,8,NA
2019-12-04T18:53:00,59,44,NA,0,NA
2019-12-04T19:00:00,59,44,29.96,0,NA
2019-12-04T19:53:00,59,44,NA,0,NA
2019-12-04T20:53:00,60,46,NA,0,NA
2019-12-04T21:53:00,57,46,30.02,0,0.00
2019-12-04T22:00:00,57,46,29.99,0,NA
2019-12-04T22:53:00,57,48,NA,0,NA
2019-12-04T23:53:00,56,47,30.02,0,0.00
2019-12-05T00:53:00,54,48,30.03,0,0.00
2019-12-05T01:00:00,54,48,30.00,0,NA
2019-12-05T01:53:00,53,47,30.03,0,0.00
2019-12-05T02:53:00,52,48,30.03,0,0.00
2019-12-05T03:53:00,55,50,30.03,0,0.00
2019-12-05T04:00:00,55,50,30.00,0,NA
2019-12-05T04:53:00,54,50,30.04,3,0.00
2019-12-05T05:53:00,53,49,30.06,3,0.00
2019-12-05T06:53:00,54,49,30.09,6,0.00
2019-12-05T07:00:00,54,49,30.06,6,NA
2019-12-05T07:53:00,55,46,30.11,3,0.00
2019-12-05T08:53:00,59,45,30.13,6,0.00
2019-12-05T09:53:00,64,40,30.15,6,0.00
2019-12-05T10:00:00,64,40,30.12,6,NA
2019-12-05T10:53:00,65,37,30.15,9,0.00
2019-12-05T11:53:00,65,37,30.14,7,0.00
2019-12-05T12:53:00,65,38,30.12,5,0.00
2019-12-05T13:00:00,65,38,30.09,5,NA
2019-12-05T13:53:00,67,39,30.11,5,0.00
2019-12-05T14:53:00,68,37,30.10,6,0.00
2019-12-05T15:53:00,69,37,30.09,3,0.00
2019-12-05T16:00:00,69,37,30.06,3,NA
2019-12-05T16:53:00,66,37,30.11,8,0.00
2019-12-05T17:53:00,63,39,30.12,5,0.00
2019-12-05T18:53:00,59,42,30.14,3,0.00
2019-12-05T19:00:00,59,42,30.11,3,NA
2019-12-05T19:53:00,59,43,30.17,3,0.00
2019-12-05T20:53:00,57,44,30.18,5,0.00
2019-12-05T21:53:00,57,45,30.18,3,0.00
2019-12-05T22:00:00,57,45,30.15,3,NA
2019-12-05T22:53:00,56,45,30.18,5,0.00
2019-12-05T23:53:00,55,45,30.19,5,0.00
2019-12-06T00:53:00,54,45,30.18,3,0.00
2019-12-06T01:00:00,54,45,30.15,3,NA
2019-12-06T01:53:00,53,45,30.17,5,0.00
2019-12-06T02:53:00,52,44,30.16,5,0.00
2019-12-06T03:53:00,53,44,30.16,5,0.00
2019-12-06T04:00:00,53,44,30.13,5,NA
2019-12-06T04:53:00,53,45,30.15,3,0.00
2019-12-06T05:53:00,53,44,30.16,3,0.00
2019-12-06T06:53:00,53,44,30.18,0,0.00
2019-12-06T07:00:00,53,44,30.15,0,NA
2019-12-06T07:53:00,54,45,30.20,0,0.00
2019-12-06T08:53:00,59,46,30.21,3,0.00
2019-12-06T09:53:00,64,44,30.22,0,0.00
2019-12-06T10:00:00,64,44,30.19,0,NA
2019-12-06T10:53:00,66,46,30.21,6,0.00
2019-12-06T11:53:00,68,47,30.18,6,0.00
2019-12-06T12:53:00,69,48,30.16,7,0.00
2019-12-06T13:00:00,69,48,30.13,7,NA
2019-12-06T13:53:00,70,47,30.14,5,0.00
2019-12-06T14:53:00,70,45,30.14,5,0.00
2019-12-06T15:53:00,70,48,30.15,3,0.00
2019-12-06T16:00:00,70,48,30.12,3,NA
2019-12-06T16:53:00,70,41,30.15,6,0.00
2019-12-06T17:53:00,68,46,30.15,3,0.00
2019-12-06T18:53:00,64,49,30.17,5,0.00
2019-12-06T19:00:00,64,49,30.14,5,NA
2019-12-06T19:53:00,63,49,30.17,0,0.00
2019-12-06T20:53:00,61,49,30.18,5,0.00
2019-12-06T21:53:00,59,48,30.17,0,0.00
2019-12-06T22:00:00,59,48,30.14,0,NA
2019-12-06T22:53:00,62,46,30.16,3,0.00
2019-12-06T23:53:00,56,46,30.15,0,0.00
2019-12-07T00:53:00,56,48,30.14,0,0.00
2019-12-07T01:00:00,56,48,30.11,0,NA
2019-12-07T01:53:00,53,47,30.12,0,0.00
2019-12-07T02:53:00,53,48,30.13,0,0.00
2019-12-07T03:53:00,54,50,30.13,0,0.00
2019-12-07T04:00:00,54,50,30.10,0,NA
2019-12-07T04:53:00,55,49,30.13,0,0.00
2019-12-07T05:53:00,56,48,30.15,3,0.00
2019-12-07T06:53:00,55,48,30.16,5,0.00
2019-12-07T07:00:00,55,48,30.13,5,NA
2019-12-07T07:53:00,57,48,30.18,5,0.00
2019-12-07T08:53:00,60,46,30.18,6,0.00
2019-12-07T09:53:00,65,49,30.19,3,0.00
2019-12-07T10:00:00,65,49,30.16,3,NA
2019-12-07T10:53:00,70,50,30.18,5,0.00
2019-12-07T11:53:00,70,55,30.16,7,0.00
2019-12-07T12:53:00,70,55,30.12,5,0.00
2019-12-07T13:00:00,70,55,30.09,5,NA
2019-12-07T13:53:00,71,55,30.11,5,0.00
2019-12-07T14:53:00,72,55,30.10,7,0.00
2019-12-07T15:53:00,72,54,30.11,6,0.00
2019-12-07T16:00:00,72,54,30.08,6,NA
2019-12-07T16:53:00,70,55,30.13,3,0.00
2019-12-07T17:53:00,70,52,30.13,0,0.00
2019-12-07T18:53:00,66,59,30.15,3,0.00
2019-12-07T19:00:00,66,59,30.12,3,NA
2019-12-07T19:53:00,65,57,30.16,3,0.00
2019-12-07T20:53:00,66,52,30.16,3,0.00
2019-12-07T21:53:00,66,54,30.17,7,0.00
2019-12-07T22:00:00,66,54,30.14,7,NA
2019-12-07T22:53:00,65,54,30.17,3,0.00
2019-12-07T23:53:00,64,54,30.17,5,0.00
2019-12-08T00:53:00,64,54,30.15,6,0.00
2019-12-08T01:00:00,64,54,30.12,6,NA
2019-12-08T01:53:00,64,55,30.15,5,0.00
2019-12-08T02:53:00,63,56,30.15,6,0.00
2019-12-08T03:53:00,63,58,30.14,7,0.00
2019-12-08T04:00:00,63,58,30.11,7,NA
2019-12-08T04:53:00,63,59,30.14,5,0.00
2019-12-08T05:53:00,63,59,30.14,5,0.00
2019-12-08T06:53:00,63,59,30.16,5,0.00
2019-12-08T07:00:00,63,59,30.13,5,NA
2019-12-08T07:53:00,64,59,30.18,6,0.00
2019-12-08T08:53:00,66,59,30.19,3,0.00
2019-12-08T09:53:00,71,59,30.20,6,0.00
2019-12-08T10:00:00,71,59,30.17,6,NA
2019-12-08T10:53:00,76,59,30.19,7,0.00
2019-12-08T11:53:00,77,61,30.16,10,0.00
2019-12-08T12:53:00,79,61,30.13,11,0.00
2019-12-08T13:00:00,79,61,30.10,11,NA
2019-12-08T13:53:00,80,60,30.11,8,0.00
2019-12-08T14:53:00,80,60,30.10,8,0.00
2019-12-08T15:53:00,80,58,30.09,7,0.00
2019-12-08T16:00:00,80,58,30.06,7,NA
2019-12-08T16:53:00,76,61,30.09,0,0.00
2019-12-08T17:53:00,72,60,30.10,0,0.00
2019-12-08T18:53:00,76,60,30.12,0,0.00
2019-12-08T19:00:00,76,60,30.09,0,NA
2019-12-08T19:53:00,71,61,30.13,3,0.00
2019-12-08T20:53:00,74,61,30.14,8,0.00
2019-12-08T21:53:00,72,61,30.14,3,0.00
2019-12-08T22:00:00,72,61,30.11,3,NA
2019-12-08T22:53:00,70,61,30.14,5,0.00
2019-12-08T23:53:00,69,61,30.14,5,0.00
2019-12-09T00:53:00,68,60,30.13,6,0.00
2019-12-09T01:00:00,68,60,30.10,6,NA
2019-12-09T01:53:00,67,60,30.12,5,0.00
2019-12-09T02:53:00,66,61,30.11,5,0.00
2019-12-09T03:53:00,66,61,30.10,3,0.00
2019-12-09T04:00:00,66,61,30.07,3,NA
2019-12-09T04:53:00,66,60,30.09,3,0.00
2019-12-09T05:53:00,65,60,30.10,6,0.00
2019-12-09T06:53:00,66,60,30.11,6,0.00
2019-12-09T07:00:00,66,60,30.08,6,NA
2019-12-09T07:53:00,67,61,30.11,7,0.00
2019-12-09T08:53:00,69,62,30.12,9,0.00
2019-12-09T09:53:00,72,62,30.14,8,0.00
2019-12-09T10:00:00,72,62,30.11,8,NA
2019-12-09T10:53:00,76,63,30.13,7,0.00
2019-12-09T11:53:00,77,64,30.11,8,0.00
2019-12-09T12:53:00,77,64,30.08,8,0.00
2019-12-09T13:00:00,77,64,30.05,8,NA
2019-12-09T13:53:00,78,63,30.05,9,0.00
2019-12-09T14:53:00,79,62,30.05,8,0.00
2019-12-09T15:53:00,78,60,30.05,7,0.00
2019-12-09T16:00:00,78,60,30.02,7,NA
2019-12-09T16:53:00,75,61,30.06,5,0.00
2019-12-09T17:53:00,72,61,30.07,6,0.00
2019-12-09T18:53:00,71,62,30.08,5,0.00
2019-12-09T19:00:00,71,62,30.05,5,NA
2019-12-09T19:53:00,69,63,30.09,0,0.00
2019-12-09T20:53:00,69,63,30.10,0,0.00
2019-12-09T21:53:00,70,63,30.11,0,0.00
2019-12-09T22:00:00,70,63,30.08,0,NA
2019-12-09T22:53:00,68,63,30.11,0,0.00
2019-12-09T23:53:00,69,64,30.10,0,0.00
2019-12-10T00:53:00,68,63,30.09,3,0.00
2019-12-10T01:00:00,68,63,30.06,3,NA
2019-12-10T01:53:00,68,63,30.09,3,0.00
2019-12-10T02:53:00,65,62,30.09,0,0.00
2019-12-10T03:53:00,65,62,30.09,0,0.00
2019-12-10T04:00:00,65,62,30.06,0,NA
2019-12-10T04:53:00,65,61,30.08,0,0.00
2019-12-10T05:53:00,66,62,30.09,0,0.00
2019-12-10T06:53:00,66,62,30.09,3,0.00
2019-12-10T07:00:00,66,62,30.06,3,NA
2019-12-10T07:53:00,68,65,30.10,5,0.00
2019-12-10T08:53:00,72,68,30.12,7,0.00
2019-12-10T09:53:00,74,70,30.13,10,0.00
2019-12-10T10:00:00,74,70,30.10,10,NA
2019-12-10T10:03:00,75,70,30.13,8,NA
2019-12-10T10:53:00,75,70,30.13,9,0.00
2019-12-10T11:53:00,79,70,30.11,8,0.00
2019-12-10T12:53:00,81,71,30.08,10,0.00
2019-12-10T13:00:00,81,71,30.05,10,NA
2019-12-10T13:53:00,81,70,30.06,8,0.00
2019-12-10T14:53:00,80,70,30.04,13,0.00
2019-12-10T15:53:00,79,70,30.05,13,0.00
2019-12-10T16:00:00,79,70,30.02,13,NA
2019-12-10T16:53:00,77,70,30.05,9,0.00
2019-12-10T17:53:00,75,70,30.06,9,0.00
2019-12-10T18:53:00,74,70,30.08,7,0.00
2019-12-10T19:00:00,74,70,30.05,7,NA
2019-12-10T19:53:00,74,70,30.09,8,0.00
2019-12-10T20:53:00,73,70,30.10,6,0.00
2019-12-10T21:53:00,72,69,30.11,5,0.00
2019-12-10T22:00:00,72,69,30.08,5,NA
2019-12-10T22:53:00,72,69,30.12,0,0.00
2019-12-10T23:53:00,72,70,30.11,0,0.00
2019-12-11T00:53:00,72,70,30.11,3,0.00
2019-12-11T01:00:00,72,70,30.08,3,NA
2019-12-11T01:53:00,71,70,30.11,5,0.00
2019-12-11T02:53:00,71,70,30.12,3,0.00
2019-12-11T03:04:00,71,70,30.12,3,NA
2019-12-11T03:53:00,70,69,30.12,3,0.00
2019-12-11T04:00:00,70,69,30.09,3,NA
2019-12-11T04:51:00,70,70,30.12,0,NA
2019-12-11T04:53:00,70,69,30.12,0,0.00
2019-12-11T04:59:00,70,69,30.12,0,NA
2019-12-11T05:22:00,70,69,30.13,0,NA
2019-12-11T05:53:00,70,69,30.13,0,0.00
2019-12-11T06:53:00,70,69,30.15,0,0.00
2019-12-11T06:57:00,70,69,30.15,0,NA
2019-12-11T07:00:00,70,69,30.12,0,NA
2019-12-11T07:18:00,70,69,30.16,0,NA
2019-12-11T07:28:00,70,69,30.17,0,NA
2019-12-11T07:53:00,70,69,30.17,0,0.00
2019-12-11T08:13:00,71,69,30.18,0,NA
2019-12-11T08:53:00,73,70,30.18,3,0.00
2019-12-11T09:51:00,75,70,30.20,3,NA
2019-12-11T09:53:00,74,71,30.20,3,0.00
2019-12-11T10:00:00,74,71,30.17,3,NA
2019-12-11T10:11:00,75,70,30.21,5,NA
2019-12-11T10:51:00,75,70,30.21,3,NA
2019-12-11T10:53:00,75,71,30.21,3,0.00
2019-12-11T11:56:00,78,71,30.20,5,NA
2019-12-11T12:33:00,78,65,30.18,5,NA
2019-12-11T12:53:00,81,70,30.17,3,0.00
2019-12-11T13:00:00,81,70,30.14,3,NA
2019-12-11T13:53:00,78,70,30.15,7,0.00
2019-12-11T14:53:00,80,68,30.14,8,0.00
2019-12-11T15:53:00,84,67,30.15,9,0.00
2019-12-11T16:00:00,84,67,30.12,9,NA
2019-12-11T16:00:00,82,67,30.15,11,NA
2019-12-11T16:10:00,82,67,30.15,10,NA
2019-12-11T16:53:00,82,67,30.16,9,0.00
2019-12-11T17:53:00,73,65,30.19,10,0.00
2019-12-11T18:11:00,71,64,30.20,11,NA
2019-12-11T18:53:00,69,62,30.22,16,0.00
2019-12-11T19:00:00,69,62,30.19,16,NA
2019-12-11T19:53:00,66,59,30.25,13,0.00
2019-12-11T20:53:00,65,57,30.27,10,0.00
2019-12-11T21:53:00,64,57,30.28,13,0.00
2019-12-11T22:00:00,64,57,30.25,13,NA
2019-12-11T22:28:00,64,57,30.28,7,NA
2019-12-11T22:53:00,64,57,30.27,9,0.00
2019-12-11T23:11:00,64,57,30.28,8,NA
2019-12-11T23:53:00,64,57,30.26,9,0.00
2019-12-12T00:53:00,64,57,30.26,9,0.00
2019-12-12T01:00:00,64,57,30.23,9,NA
2019-12-12T01:53:00,65,58,30.24,7,0.00
2019-12-12T02:53:00,65,57,30.23,10,0.00
2019-12-12T03:20:00,64,57,30.23,10,NA
2019-12-12T03:53:00,64,57,30.22,8,0.00
2019-12-12T04:00:00,64,57,30.19,8,NA
2019-12-12T04:53:00,65,58,30.22,9,0.00
2019-12-12T05:00:00,65,58,30.22,13,NA
2019-12-12T05:53:00,65,58,30.22,10,0.00
2019-12-12T06:00:00,65,58,30.23,10,NA
2019-12-12T06:53:00,66,59,30.24,8,0.00
2019-12-12T07:00:00,66,59,30.21,8,NA
2019-12-12T07:08:00,66,59,30.24,7,NA
2019-12-12T07:20:00,66,59,30.24,7,NA
2019-12-12T07:53:00,68,58,30.25,9,0.00
2019-12-12T08:53:00,69,60,30.27,10,0.00
2019-12-12T09:16:00,69,60,30.27,9,NA
2019-12-12T09:53:00,71,61,30.27,10,0.00
2019-12-12T09:57:00,71,61,30.27,11,NA
2019-12-12T10:00:00,71,61,30.24,10,NA
2019-12-12T10:53:00,72,63,30.26,8,0.00
2019-12-12T11:53:00,76,64,30.23,15,0.00
2019-12-12T12:53:00,78,65,30.20,6,0.00
2019-12-12T13:00:00,78,65,30.17,6,NA
2019-12-12T13:51:00,79,64,30.17,10,NA
2019-12-12T13:53:00,78,65,30.17,9,0.00
2019-12-12T14:53:00,77,64,30.15,10,0.00
2019-12-12T15:31:00,77,65,30.15,10,NA
2019-12-12T15:36:00,76,65,30.15,9,NA
2019-12-12T15:53:00,75,65,30.15,9,0.00
2019-12-12T16:00:00,75,65,30.12,9,NA
2019-12-12T16:53:00,74,66,30.15,9,T
2019-12-12T17:19:00,73,66,30.15,10,NA
2019-12-12T17:53:00,72,66,30.14,11,T
2019-12-12T18:53:00,72,66,30.15,7,T
2019-12-12T19:00:00,72,66,30.12,7,NA
2019-12-12T19:53:00,72,66,30.14,8,0.00
2019-12-12T20:13:00,72,66,30.15,7,NA
2019-12-12T20:53:00,72,66,30.14,8,0.00
2019-12-12T21:53:00,72,66,30.14,6,0.00
2019-12-12T22:00:00,72,66,30.11,6,NA
2019-12-12T22:53:00,71,66,30.12,7,0.00
2019-12-12T23:53:00,70,65,30.11,9,T
2019-12-13T00:00:00,70,65,30.10,9,NA
2019-12-13T00:53:00,70,64,30.09,6,0.00
2019-12-13T01:00:00,70,64,30.06,6,NA
2019-12-13T01:53:00,70,64,30.07,3,0.00
2019-12-13T02:53:00,70,64,30.05,6,0.00
2019-12-13T03:53:00,69,65,30.02,NA,0.00
2019-12-13T04:00:00,69,65,29.99,0,NA
2019-12-13T04:53:00,69,65,30.01,9,0.00
2019-12-13T05:53:00,69,65,30.00,9,0.00
2019-12-13T06:53:00,70,66,30.00,7,0.00
2019-12-13T07:00:00,70,66,29.97,7,NA
2019-12-13T07:53:00,70,66,30.01,5,0.00
2019-12-13T08:53:00,71,66,30.01,3,0.00
2019-12-13T09:53:00,71,66,30.01,0,0.00
2019-12-13T10:00:00,71,66,29.98,0,NA
2019-12-13T10:54:00,72,67,30.00,0,T
2019-12-13T11:53:00,72,66,29.97,0,T
2019-12-13T12:53:00,72,66,29.93,5,0.00
2019-12-13T13:00:00,72,66,29.90,5,NA
2019-12-13T13:53:00,71,66,29.91,3,0.00
2019-12-13T14:53:00,70,67,29.89,5,0.00
2019-12-13T15:53:00,71,67,29.84,7,T
2019-12-13T16:00:00,71,67,29.81,7,NA
2019-12-13T16:53:00,71,67,29.83,9,T
2019-12-13T17:53:00,70,67,29.84,8,0.00
2019-12-13T18:53:00,70,66,29.83,5,0.00
2019-12-13T19:00:00,70,66,29.80,5,NA
2019-12-13T19:53:00,70,67,NA,6,NA
2019-12-13T20:34:00,70,67,29.83,7,NA
2019-12-13T20:43:00,70,67,29.82,7,NA
2019-12-13T20:53:00,70,67,NA,6,NA
2019-12-13T21:12:00,70,67,29.82,6,NA
2019-12-13T21:43:00,70,68,29.82,7,NA
2019-12-13T21:53:00,70,67,NA,8,NA
2019-12-13T22:00:00,70,67,29.78,8,NA
2019-12-13T22:25:00,70,68,29.78,9,NA
2019-12-13T22:51:00,70,68,29.78,NA,NA
2019-12-13T22:53:00,70,68,29.78,9,0.00
2019-12-13T23:53:00,70,68,29.81,9,0.00
2019-12-14T00:31:00,70,68,29.80,NA,NA
2019-12-14T00:51:00,70,68,29.80,NA,NA
2019-12-14T01:00:00,69,68,29.77,0,NA
2019-12-14T01:53:00,70,68,NA,6,NA
2019-12-14T02:53:00,70,69,NA,NA,NA
2019-12-14T03:53:00,69,67,29.76,11,0.00
2019-12-14T04:00:00,69,67,29.73,11,NA
2019-12-14T04:53:00,70,68,29.73,8,0.00
2019-12-14T05:49:00,72,70,29.74,15,0.02
2019-12-14T05:53:00,71,69,29.74,16,0.04
2019-12-14T05:58:00,70,67,29.73,16,0.03
2019-12-14T06:00:00,69,66,29.74,16,0.07
2019-12-14T06:08:00,69,67,29.75,16,0.11
2019-12-14T06:24:00,69,66,29.76,15,0.18
2019-12-14T06:29:00,69,66,29.76,11,0.18
2019-12-14T06:53:00,68,66,NA,17,0.18
2019-12-14T06:59:00,68,66,29.75,17,0.18
2019-12-14T07:29:00,66,64,29.79,NA,T
2019-12-14T07:53:00,65,62,NA,11,T
2019-12-14T08:53:00,68,62,NA,3,NA
2019-12-14T09:53:00,69,62,29.84,6,0.00
2019-12-14T10:00:00,69,62,29.81,6,NA
2019-12-14T10:53:00,70,60,29.86,9,0.00
2019-12-14T11:53:00,73,61,29.85,9,0.00
2019-12-14T12:53:00,74,58,29.85,16,0.00
2019-12-14T13:00:00,74,58,29.82,16,NA
2019-12-14T13:53:00,73,55,29.85,21,0.00
2019-12-14T14:53:00,72,56,29.86,17,0.00
2019-12-14T15:53:00,71,56,29.87,13,0.00
2019-12-14T16:00:00,71,56,29.84,13,NA
2019-12-14T16:53:00,68,55,29.90,10,0.00
2019-12-14T17:53:00,66,54,NA,10,NA
2019-12-14T18:53:00,63,53,NA,5,NA
2019-12-14T19:00:00,63,53,29.91,5,NA
2019-12-14T19:53:00,61,53,29.97,9,0.00
2019-12-14T20:53:00,61,53,29.99,5,0.00
2019-12-14T21:53:00,61,52,30.00,0,0.00
2019-12-14T22:00:00,61,52,29.97,0,NA
2019-12-14T22:53:00,59,53,NA,0,NA
2019-12-14T23:53:00,57,51,30.02,3,0.00
2019-12-15T00:53:00,57,51,30.03,3,0.00
2019-12-15T01:00:00,57,51,30.00,3,NA
2019-12-15T01:53:00,56,51,30.03,3,0.00
2019-12-15T02:53:00,54,50,30.03,5,0.00
2019-12-15T03:53:00,54,51,30.04,9,0.00
2019-12-15T04:00:00,54,51,30.01,9,NA
2019-12-15T04:53:00,57,52,NA,3,NA
2019-12-15T05:53:00,56,52,30.07,10,0.00
2019-12-15T06:53:00,56,51,30.10,6,0.00
2019-12-15T07:00:00,56,51,30.07,6,NA
2019-12-15T07:53:00,56,51,30.12,10,0.00
2019-12-15T08:53:00,59,51,30.15,7,0.00
2019-12-15T09:53:00,62,51,30.18,9,0.00
2019-12-15T10:00:00,62,51,30.15,9,NA
2019-12-15T10:53:00,66,50,30.17,8,0.00
2019-12-15T11:53:00,71,49,30.15,6,0.00
2019-12-15T12:53:00,74,45,30.12,8,0.00
2019-12-15T13:00:00,74,45,30.09,8,NA
2019-12-15T13:53:00,76,46,NA,7,NA
2019-12-15T14:53:00,77,45,NA,5,NA
2019-12-15T15:53:00,77,43,30.09,6,0.00
2019-12-15T16:00:00,77,43,30.06,6,NA
2019-12-15T16:53:00,76,45,NA,3,NA
2019-12-15T17:53:00,72,47,NA,3,NA
2019-12-15T18:53:00,69,48,NA,5,NA
2019-12-15T19:00:00,69,48,30.10,5,NA
2019-12-15T19:53:00,70,47,NA,3,NA
2019-12-15T20:53:00,68,50,NA,3,NA
2019-12-15T21:53:00,66,55,30.16,3,0.00
2019-12-15T22:00:00,66,55,30.13,3,NA
2019-12-15T22:53:00,66,57,NA,5,NA
2019-12-15T23:53:00,66,57,NA,5,NA
2019-12-16T00:53:00,65,57,30.14,6,0.00
2019-12-16T01:00:00,65,57,30.11,6,NA
2019-12-16T01:53:00,65,57,30.14,7,0.00
2019-12-16T02:53:00,65,57,30.13,7,0.00
2019-12-16T03:53:00,65,57,30.13,6,0.00
2019-12-16T04:00:00,65,57,30.10,6,NA
2019-12-16T04:53:00,64,58,30.12,7,0.00
2019-12-16T05:53:00,65,58,30.13,6,0.00
2019-12-16T06:53:00,65,58,30.14,7,0.00
2019-12-16T07:00:00,65,58,30.11,7,NA
2019-12-16T07:53:00,66,59,30.15,8,0.00
2019-12-16T08:53:00,69,60,30.16,7,0.00
2019-12-16T09:53:00,72,61,30.17,10,0.00
2019-12-16T10:00:00,72,61,30.14,10,NA
2019-12-16T10:53:00,76,63,30.16,10,0.00
2019-12-16T11:53:00,80,63,30.14,8,0.00
2019-12-16T12:53:00,81,65,30.12,6,0.00
2019-12-16T13:00:00,81,65,30.09,6,NA
2019-12-16T13:53:00,81,65,NA,6,NA
2019-12-16T14:53:00,80,65,30.08,5,0.00
2019-12-16T15:53:00,80,64,30.07,6,0.00
2019-12-16T16:00:00,80,64,30.04,6,NA
2019-12-16T16:53:00,79,64,30.07,5,0.00
2019-12-16T17:53:00,77,63,30.06,0,0.00
2019-12-16T18:53:00,74,64,30.05,0,0.00
2019-12-16T19:00:00,74,64,30.02,0,NA
2019-12-16T19:53:00,73,64,NA,0,NA
2019-12-16T20:53:00,74,64,30.05,0,0.00
2019-12-16T21:53:00,73,64,30.06,5,0.00
2019-12-16T22:00:00,73,64,30.03,5,NA
2019-12-16T22:53:00,73,64,30.06,5,0.00
2019-12-16T23:53:00,71,65,30.05,8,0.00
2019-12-17T00:53:00,71,65,30.03,5,0.00
2019-12-17T01:00:00,71,65,30.00,5,NA
2019-12-17T01:53:00,71,66,30.02,6,0.00
2019-12-17T02:53:00,71,66,30.01,7,0.00
2019-12-17T03:53:00,71,67,30.00,3,0.00
2019-12-17T04:00:00,71,67,29.97,3,NA
2019-12-17T04:15:00,71,67,30.00,3,NA
2019-12-17T04:53:00,71,68,30.00,3,0.00
2019-12-17T05:40:00,72,68,29.99,6,NA
2019-12-17T05:53:00,72,68,29.99,6,0.00
2019-12-17T06:27:00,72,68,29.99,6,NA
2019-12-17T06:43:00,72,68,29.99,6,NA
2019-12-17T06:53:00,72,68,30.00,7,0.00
2019-12-17T07:00:00,72,68,29.97,7,NA
2019-12-17T07:00:00,72,69,30.00,6,NA
2019-12-17T07:14:00,72,69,30.00,6,NA
2019-12-17T07:53:00,72,69,29.99,8,0.00
2019-12-17T08:53:00,73,70,29.99,10,0.00
2019-12-17T09:53:00,76,71,29.99,10,0.00
2019-12-17T10:00:00,76,71,29.96,10,NA
2019-12-17T10:13:00,77,71,29.98,13,NA
2019-12-17T10:53:00,79,72,29.96,14,0.00
2019-12-17T11:29:00,81,72,29.93,11,NA
2019-12-17T11:37:00,80,72,29.93,10,NA
2019-12-17T11:51:00,79,72,29.93,9,NA
2019-12-17T11:53:00,79,71,29.93,11,0.00
2019-12-17T12:29:00,81,72,29.91,15,NA
2019-12-17T12:51:00,81,72,29.90,16,NA
2019-12-17T12:53:00,80,71,29.90,16,0.00
2019-12-17T13:00:00,80,71,29.87,16,NA
2019-12-17T13:53:00,79,71,29.89,15,0.00
2019-12-17T14:53:00,79,71,29.88,13,0.00
2019-12-17T15:51:00,77,70,29.88,15,NA
2019-12-17T15:53:00,77,70,29.88,15,0.00
2019-12-17T16:00:00,77,70,29.85,15,NA
2019-12-17T16:53:00,76,70,29.87,13,0.00
2019-12-17T17:32:00,75,70,29.87,10,NA
2019-12-17T17:51:00,75,70,29.86,10,NA
2019-12-17T17:53:00,75,70,29.86,10,0.00
2019-12-17T18:28:00,74,70,29.87,9,NA
2019-12-17T18:53:00,74,70,29.90,16,0.01
2019-12-17T19:00:00,74,70,29.87,16,NA
2019-12-17T19:25:00,69,66,29.89,13,0.56
2019-12-17T19:29:00,69,66,29.89,11,0.58
2019-12-17T19:51:00,70,66,29.91,0,NA
2019-12-17T19:53:00,69,66,29.91,0,0.60
2019-12-17T20:18:00,69,66,29.90,0,0.05
2019-12-17T20:53:00,70,66,29.89,9,0.07
2019-12-17T21:53:00,70,66,29.87,6,T
2019-12-17T22:00:00,70,66,29.84,6,NA
2019-12-17T22:53:00,69,66,29.89,0,0.00
2019-12-17T23:53:00,69,66,29.88,0,0.00
2019-12-18T00:15:00,68,66,29.88,0,NA
2019-12-18T00:53:00,68,66,29.87,3,NA
2019-12-18T01:00:00,68,66,29.84,3,NA
2019-12-18T01:53:00,68,66,29.88,0,NA
2019-12-18T02:49:00,68,66,29.89,3,NA
2019-12-18T02:53:00,68,66,29.89,3,NA
2019-12-18T03:14:00,68,66,29.89,5,NA
2019-12-18T03:17:00,68,66,29.88,7,NA
2019-12-18T03:53:00,65,63,29.90,13,NA
2019-12-18T04:00:00,65,63,29.87,13,NA
2019-12-18T04:53:00,62,60,29.91,13,T
2019-12-18T05:53:00,60,58,29.93,14,NA
2019-12-18T06:37:00,59,56,29.95,15,NA
2019-12-18T06:53:00,58,55,29.97,16,NA
2019-12-18T07:00:00,58,55,29.94,16,NA
2019-12-18T07:51:00,55,54,30.00,13,NA
2019-12-18T07:53:00,55,53,30.00,16,NA
2019-12-18T08:02:00,55,53,30.00,14,NA
2019-12-18T08:53:00,54,51,30.04,14,T
2019-12-18T09:30:00,51,49,30.06,11,NA
2019-12-18T09:53:00,51,49,30.06,21,NA
2019-12-18T10:00:00,51,49,30.03,21,NA
2019-12-18T10:18:00,50,48,30.07,18,NA
2019-12-18T10:53:00,55,46,30.08,17,NA
2019-12-18T11:11:00,50,46,30.07,13,NA
2019-12-18T11:53:00,50,45,30.06,9,0.00
2019-12-18T12:28:00,50,45,30.05,11,NA
2019-12-18T12:53:00,52,45,30.04,13,0.00
2019-12-18T13:00:00,52,45,30.01,13,NA
2019-12-18T13:14:00,54,45,30.03,10,NA
2019-12-18T13:53:00,58,45,30.02,9,0.00
2019-12-18T14:53:00,60,43,30.02,11,0.00
2019-12-18T15:53:00,61,43,30.04,13,0.00
2019-12-18T16:00:00,61,43,30.01,13,NA
2019-12-18T16:53:00,58,41,30.06,9,0.00
2019-12-18T17:53:00,56,41,30.08,7,0.00
2019-12-18T18:53:00,55,41,30.11,7,0.00
2019-12-18T19:00:00,55,41,30.08,7,NA
2019-12-18T19:53:00,54,41,30.14,7,0.00
2019-12-18T20:53:00,52,42,30.17,9,0.00
2019-12-18T21:53:00,52,40,30.20,9,0.00
2019-12-18T22:00:00,52,40,30.17,9,NA
2019-12-18T22:53:00,51,37,30.21,10,0.00
2019-12-18T23:53:00,49,NA,NA,11,0.00
2019-12-19T00:53:00,48,34,NA,10,0.00
2019-12-19T01:00:00,48,34,NA,10,NA
2019-12-19T01:53:00,47,32,NA,13,0.00
2019-12-19T02:53:00,46,31,30.19,14,0.00
2019-12-19T03:53:00,45,30,30.19,11,0.00
2019-12-19T04:00:00,45,30,30.16,11,NA
2019-12-19T04:53:00,45,31,30.19,13,0.00
2019-12-19T05:53:00,44,32,30.21,9,0.00
2019-12-19T06:53:00,44,32,30.23,10,0.00
2019-12-19T07:00:00,44,32,30.20,10,NA
2019-12-19T07:53:00,46,33,30.24,10,0.00
2019-12-19T08:53:00,50,35,30.25,13,0.00
2019-12-19T09:53:00,54,38,30.26,13,0.00
2019-12-19T10:00:00,54,38,30.23,13,NA
2019-12-19T10:53:00,59,41,30.26,14,0.00
2019-12-19T11:53:00,62,43,30.23,11,0.00
2019-12-19T12:53:00,65,45,30.20,10,0.00
2019-12-19T13:00:00,65,45,30.17,10,NA
2019-12-19T13:53:00,68,47,30.19,NA,0.00
2019-12-19T14:53:00,68,47,30.19,9,0.00
2019-12-19T15:53:00,69,49,30.19,9,0.00
2019-12-19T16:00:00,69,49,30.16,9,NA
2019-12-19T16:53:00,67,48,30.21,9,0.00
2019-12-19T17:53:00,68,46,30.21,11,0.00
2019-12-19T18:53:00,64,47,30.23,7,0.00
2019-12-19T19:00:00,64,47,30.20,7,NA
2019-12-19T19:53:00,62,49,30.25,13,0.00
2019-12-19T20:53:00,59,49,30.27,13,0.00
2019-12-19T21:53:00,58,48,30.28,13,0.00
2019-12-19T22:00:00,58,48,30.25,13,NA
2019-12-19T22:53:00,57,48,30.27,13,0.00
2019-12-19T23:53:00,56,48,30.26,9,0.00
2019-12-20T00:53:00,55,48,30.25,9,0.00
2019-12-20T01:00:00,55,48,30.22,9,NA
2019-12-20T01:53:00,54,48,30.25,9,0.00
2019-12-20T02:53:00,54,49,30.24,10,0.00
2019-12-20T03:53:00,55,49,30.24,8,0.00
2019-12-20T04:00:00,55,49,30.21,8,NA
2019-12-20T04:53:00,56,50,30.24,10,0.00
2019-12-20T05:53:00,56,50,30.25,10,0.00
2019-12-20T06:53:00,57,51,30.27,8,0.00
2019-12-20T07:00:00,57,51,30.24,8,NA
2019-12-20T07:53:00,57,51,30.29,9,0.00
2019-12-20T08:53:00,59,52,30.29,9,0.00
2019-12-20T09:53:00,63,53,30.30,8,0.00
2019-12-20T10:00:00,63,53,30.27,8,NA
2019-12-20T10:53:00,68,54,30.29,8,0.00
2019-12-20T11:53:00,70,54,30.27,8,0.00
2019-12-20T12:53:00,75,53,30.22,11,0.00
2019-12-20T13:00:00,75,53,30.19,11,NA
2019-12-20T13:53:00,74,52,30.20,13,0.00
2019-12-20T14:53:00,75,55,30.19,11,0.00
2019-12-20T15:53:00,74,55,30.20,10,0.00
2019-12-20T16:00:00,74,55,30.17,10,NA
2019-12-20T16:53:00,72,56,30.21,15,0.00
2019-12-20T17:53:00,70,56,30.22,11,0.00
2019-12-20T18:53:00,69,56,30.23,8,0.00
2019-12-20T19:00:00,69,56,30.20,8,NA
2019-12-20T19:53:00,69,56,30.24,7,0.00
2019-12-20T20:53:00,68,56,30.25,6,0.00
2019-12-20T21:53:00,67,57,30.26,5,0.00
2019-12-20T22:00:00,67,57,30.23,5,NA
2019-12-20T22:53:00,67,56,30.26,7,0.00
2019-12-20T23:53:00,67,55,30.26,7,0.00
2019-12-21T00:53:00,66,54,30.26,6,0.00
2019-12-21T01:00:00,66,54,30.23,6,NA
2019-12-21T01:53:00,65,54,30.25,7,0.00
2019-12-21T02:53:00,65,55,30.25,7,0.00
2019-12-21T03:53:00,65,55,30.23,6,0.00
2019-12-21T04:00:00,65,55,30.20,6,NA
2019-12-21T04:53:00,64,55,30.21,7,0.00
2019-12-21T05:53:00,64,56,30.22,8,0.00
2019-12-21T06:53:00,64,56,30.22,6,0.00
2019-12-21T07:00:00,64,56,30.19,6,NA
2019-12-21T07:53:00,65,57,30.23,8,0.00
2019-12-21T08:51:00,66,59,30.23,9,NA
2019-12-21T08:53:00,67,59,30.23,9,0.00
2019-12-21T09:12:00,67,59,30.24,10,NA
2019-12-21T09:53:00,70,61,30.24,9,0.00
2019-12-21T10:00:00,70,61,30.21,9,NA
2019-12-21T10:51:00,72,61,30.22,11,NA
2019-12-21T10:53:00,71,60,30.22,11,0.00
2019-12-21T11:53:00,73,60,30.19,NA,0.00
2019-12-21T12:53:00,73,59,30.16,13,0.00
2019-12-21T13:00:00,73,59,30.13,13,NA
2019-12-21T13:53:00,74,59,30.15,10,0.00
2019-12-21T14:53:00,74,59,30.16,7,0.00
2019-12-21T15:53:00,74,59,30.14,9,0.00
2019-12-21T16:00:00,74,59,30.11,9,NA
2019-12-21T16:53:00,70,61,30.14,5,0.01
2019-12-21T17:53:00,68,62,30.15,9,0.02
2019-12-21T18:53:00,67,63,30.15,7,0.07
2019-12-21T19:00:00,67,63,30.12,7,NA
2019-12-21T19:53:00,67,62,30.16,7,0.02
2019-12-21T20:53:00,67,62,30.16,8,0.02
2019-12-21T21:47:00,66,63,30.16,7,NA
2019-12-21T21:53:00,66,62,30.16,8,T
2019-12-21T22:00:00,66,62,30.13,8,NA
2019-12-21T22:53:00,66,62,30.16,6,0.01
2019-12-21T23:53:00,65,62,30.14,8,0.02
2019-12-22T00:00:00,65,62,30.14,6,0.01
2019-12-22T00:53:00,66,62,30.13,5,0.01
2019-12-22T01:00:00,66,62,30.10,5,NA
2019-12-22T01:53:00,65,63,30.12,0,0.05
2019-12-22T02:53:00,66,62,30.11,7,T
2019-12-22T03:53:00,67,62,30.09,9,0.00
2019-12-22T04:00:00,67,62,30.06,9,NA
2019-12-22T04:53:00,67,62,30.06,11,0.00
2019-12-22T05:53:00,67,62,30.06,13,T
2019-12-22T06:53:00,67,62,30.05,14,T
2019-12-22T07:00:00,67,62,30.02,14,NA
2019-12-22T07:53:00,67,63,30.08,11,0.01
2019-12-22T08:53:00,68,62,30.06,9,T
2019-12-22T09:53:00,71,64,30.07,11,0.00
2019-12-22T10:00:00,71,64,30.04,11,NA
2019-12-22T10:53:00,72,64,30.05,14,0.00
2019-12-22T11:53:00,72,64,30.01,14,T
2019-12-22T12:14:00,71,64,30.00,10,NA
2019-12-22T12:51:00,72,64,29.99,13,NA
2019-12-22T12:53:00,72,63,29.99,10,0.00
2019-12-22T13:00:00,72,63,29.96,10,NA
2019-12-22T13:53:00,71,66,29.94,9,0.03
2019-12-22T14:25:00,71,66,29.95,8,0.01
2019-12-22T14:53:00,71,66,29.94,10,0.01
2019-12-22T15:53:00,71,66,29.92,13,T
2019-12-22T16:00:00,71,66,29.89,13,NA
2019-12-22T16:53:00,71,66,29.93,7,0.11
2019-12-22T17:20:00,70,66,29.92,10,0.02
2019-12-22T17:53:00,70,66,29.90,10,0.02
2019-12-22T18:53:00,70,66,29.89,13,0.00
2019-12-22T19:00:00,70,66,29.86,13,NA
2019-12-22T19:53:00,70,65,29.88,13,T
2019-12-22T20:53:00,70,65,29.90,10,0.03
2019-12-22T21:53:00,70,66,29.91,9,0.08
2019-12-22T22:00:00,70,66,29.88,9,NA
2019-12-22T22:46:00,70,66,29.87,10,0.04
2019-12-22T22:49:00,70,66,29.87,13,0.04
2019-12-22T22:53:00,70,66,29.86,11,0.04
2019-12-22T23:43:00,69,66,29.87,5,0.17
2019-12-22T23:51:00,70,66,29.86,8,NA
2019-12-22T23:53:00,68,66,29.87,6,0.41
2019-12-23T00:00:00,68,66,29.86,6,0.14
2019-12-23T00:21:00,67,64,29.89,16,0.69
2019-12-23T00:30:00,66,64,29.87,11,0.95
2019-12-23T00:42:00,66,64,29.87,9,1.10
2019-12-23T00:53:00,66,64,29.87,11,1.07s
2019-12-23T01:00:00,66,64,29.84,11,NA
2019-12-23T01:07:00,66,64,29.87,10,0.16
2019-12-23T01:17:00,66,63,29.87,9,0.21
2019-12-23T01:53:00,65,63,29.87,5,0.38
2019-12-23T02:23:00,65,63,29.85,0,0.07
2019-12-23T02:32:00,65,62,29.86,6,0.09
2019-12-23T02:51:00,64,63,29.85,8,NA
2019-12-23T02:53:00,65,62,29.85,7,0.20
2019-12-23T03:00:00,65,63,29.85,5,0.02
2019-12-23T03:16:00,64,62,29.85,5,0.08
2019-12-23T03:27:00,64,62,29.85,3,0.10
2019-12-23T03:40:00,64,62,29.85,5,0.12
2019-12-23T03:53:00,64,62,29.85,3,0.10
2019-12-23T04:00:00,64,62,29.82,3,NA
2019-12-23T04:04:00,64,62,29.85,6,T
2019-12-23T04:09:00,64,62,29.85,6,T
2019-12-23T04:19:00,64,62,29.85,5,0.01
2019-12-23T04:53:00,64,62,29.85,5,0.03
2019-12-23T05:05:00,64,62,29.84,5,0.05
2019-12-23T05:17:00,64,62,29.84,6,0.10
2019-12-23T05:53:00,63,62,29.84,3,0.18
2019-12-23T06:00:00,63,62,29.84,3,T
2019-12-23T06:53:00,63,60,29.83,3,T
2019-12-23T07:00:00,63,60,29.80,3,NA
2019-12-23T07:53:00,64,60,29.84,0,0.00
2019-12-23T08:53:00,65,62,29.85,0,0.00
2019-12-23T09:53:00,66,61,29.86,5,0.00
2019-12-23T10:00:00,66,61,29.83,5,NA
2019-12-23T10:53:00,68,63,29.84,5,0.00
2019-12-23T11:53:00,72,56,29.80,13,0.00
2019-12-23T12:53:00,70,54,29.76,13,0.00
2019-12-23T13:00:00,70,54,29.73,13,NA
2019-12-23T13:53:00,65,58,29.74,21,0.05
2019-12-23T14:29:00,63,59,29.74,13,0.10
2019-12-23T14:47:00,63,59,29.75,13,0.11
2019-12-23T14:53:00,62,58,29.75,14,0.12
2019-12-23T14:56:00,62,58,29.75,15,T
2019-12-23T15:13:00,63,58,29.75,15,0.03
2019-12-23T15:51:00,63,57,29.74,6,NA
2019-12-23T15:53:00,62,58,29.75,8,0.03
2019-12-23T16:00:00,62,58,29.72,8,NA
2019-12-23T16:53:00,62,56,29.74,5,T
2019-12-23T17:53:00,62,57,29.74,7,T
2019-12-23T18:09:00,63,57,29.74,9,T
2019-12-23T18:51:00,63,55,29.75,8,NA
2019-12-23T18:53:00,63,55,29.75,7,T
2019-12-23T19:00:00,63,55,29.72,7,NA
2019-12-23T19:53:00,62,54,29.77,7,0.00
2019-12-23T20:53:00,60,53,29.78,9,0.00
2019-12-23T21:53:00,61,54,29.81,13,0.01
2019-12-23T22:00:00,61,54,29.78,13,NA
2019-12-23T22:53:00,60,53,29.80,10,0.00
2019-12-23T23:53:00,60,53,29.80,9,0.00
2019-12-24T00:53:00,59,53,29.81,15,T
2019-12-24T01:00:00,59,53,29.78,15,NA
2019-12-24T01:53:00,58,53,29.81,14,0.00
2019-12-24T02:53:00,57,52,29.79,8,0.00
2019-12-24T03:53:00,56,51,29.79,9,0.00
2019-12-24T04:00:00,56,51,29.76,9,NA
2019-12-24T04:53:00,58,49,29.78,13,0.00
2019-12-24T05:53:00,59,49,29.79,9,0.00
2019-12-24T06:53:00,58,50,29.79,10,0.00
2019-12-24T07:00:00,58,50,29.76,10,NA
2019-12-24T07:53:00,59,50,29.81,10,0.00
2019-12-24T08:21:00,61,52,29.82,10,NA
2019-12-24T08:45:00,62,52,29.82,8,NA
2019-12-24T08:53:00,64,52,29.83,11,0.00
2019-12-24T09:18:00,62,52,29.85,15,NA
2019-12-24T09:53:00,61,54,29.86,15,0.00
2019-12-24T10:00:00,61,54,29.83,15,NA
2019-12-24T10:51:00,61,55,29.86,20,NA
2019-12-24T10:53:00,61,56,29.86,20,0.00
2019-12-24T11:33:00,63,56,29.85,17,NA
2019-12-24T11:53:00,63,56,29.84,20,0.00
2019-12-24T12:53:00,65,55,29.80,14,0.00
2019-12-24T13:00:00,65,55,29.77,14,NA
2019-12-24T13:00:00,65,56,29.79,14,NA
2019-12-24T13:53:00,64,55,29.80,15,0.00
2019-12-24T14:53:00,63,55,29.83,14,0.00
2019-12-24T15:53:00,62,56,29.83,9,0.00
2019-12-24T16:00:00,62,56,29.80,9,NA
2019-12-24T16:11:00,62,56,29.84,11,NA
2019-12-24T16:53:00,63,58,29.85,9,0.00
2019-12-24T17:23:00,62,57,29.86,8,NA
2019-12-24T17:53:00,62,57,29.86,7,0.00
2019-12-24T18:18:00,62,58,29.87,7,NA
2019-12-24T18:53:00,62,58,29.88,9,0.00
2019-12-24T19:00:00,62,58,29.85,9,NA
2019-12-24T19:53:00,62,58,29.90,8,0.00
2019-12-24T20:51:00,63,59,29.91,9,NA
2019-12-24T20:53:00,63,59,29.91,9,0.00
2019-12-24T21:53:00,63,60,29.93,8,0.00
2019-12-24T22:00:00,63,60,29.90,8,NA
2019-12-24T22:53:00,63,60,29.93,8,0.00
2019-12-24T23:53:00,63,59,29.92,8,0.00
2019-12-25T00:53:00,63,59,29.91,7,0.00
2019-12-25T01:00:00,63,59,29.88,7,NA
2019-12-25T01:51:00,63,59,29.91,8,NA
2019-12-25T01:53:00,63,59,29.91,8,0.00
2019-12-25T02:53:00,63,59,29.90,9,0.00
2019-12-25T03:53:00,63,58,29.89,15,0.00
2019-12-25T04:00:00,63,58,29.86,15,NA
2019-12-25T04:53:00,63,58,29.90,13,0.00
2019-12-25T05:53:00,63,57,29.91,8,0.00
2019-12-25T06:53:00,63,57,29.93,7,0.00
2019-12-25T07:00:00,63,57,29.90,7,NA
2019-12-25T07:41:00,63,57,29.96,7,NA
2019-12-25T07:53:00,63,57,29.96,8,0.00
2019-12-25T08:17:00,64,58,29.97,6,NA
2019-12-25T08:53:00,65,59,29.97,9,0.00
2019-12-25T09:40:00,66,60,29.98,7,NA
2019-12-25T09:53:00,68,61,29.98,7,0.00
2019-12-25T09:57:00,68,61,29.98,6,NA
2019-12-25T10:00:00,68,61,29.95,7,NA
2019-12-25T10:53:00,73,62,29.98,9,0.00
2019-12-25T11:53:00,76,62,29.96,11,0.00
2019-12-25T12:53:00,79,63,29.93,7,0.00
2019-12-25T13:00:00,79,63,29.90,7,NA
2019-12-25T13:53:00,79,62,29.91,8,0.00
2019-12-25T14:53:00,80,61,29.91,17,0.00
2019-12-25T15:53:00,79,60,29.92,13,0.00
2019-12-25T16:00:00,79,60,29.89,13,NA
2019-12-25T16:53:00,78,61,29.94,9,0.00
2019-12-25T17:53:00,71,63,29.96,0,0.00
2019-12-25T18:53:00,75,60,29.99,6,0.00
2019-12-25T19:00:00,75,60,29.96,6,NA
2019-12-25T19:53:00,74,61,30.01,6,0.00
2019-12-25T20:53:00,72,63,30.03,11,0.00
2019-12-25T21:53:00,70,63,30.04,11,0.00
2019-12-25T22:00:00,70,63,30.01,11,NA
2019-12-25T22:53:00,68,62,30.04,9,0.00
2019-12-25T23:53:00,67,62,30.03,8,0.00
2019-12-26T00:53:00,67,61,30.03,10,0.00
2019-12-26T01:00:00,67,61,30.00,10,NA
2019-12-26T01:53:00,66,60,30.03,6,0.00
2019-12-26T02:53:00,65,60,30.02,10,0.00
2019-12-26T03:44:00,64,60,30.02,5,NA
2019-12-26T03:53:00,64,60,30.03,5,0.00
2019-12-26T04:00:00,64,60,30.00,5,NA
2019-12-26T04:53:00,63,59,30.02,7,0.00
2019-12-26T05:53:00,62,59,30.02,6,0.00
2019-12-26T06:53:00,63,59,30.03,7,0.00
2019-12-26T07:00:00,63,59,30.00,7,NA
2019-12-26T07:53:00,63,59,30.06,6,0.00
2019-12-26T08:53:00,65,60,30.09,8,0.00
2019-12-26T09:53:00,71,61,30.11,13,0.00
2019-12-26T10:00:00,71,61,30.08,13,NA
2019-12-26T10:53:00,73,62,30.10,7,0.00
2019-12-26T11:53:00,76,63,30.08,10,0.00
2019-12-26T12:53:00,78,64,30.05,8,0.00
2019-12-26T13:00:00,78,64,30.02,8,NA
2019-12-26T13:53:00,78,65,30.03,10,0.00
2019-12-26T14:53:00,78,65,30.03,6,0.00
2019-12-26T15:53:00,78,65,30.03,8,0.00
2019-12-26T16:00:00,78,65,30.00,8,NA
2019-12-26T16:53:00,77,65,30.04,7,0.00
2019-12-26T17:53:00,77,65,30.06,10,0.00
2019-12-26T18:53:00,74,65,30.07,6,0.00
2019-12-26T19:00:00,74,65,30.04,6,NA
2019-12-26T19:53:00,73,65,30.08,6,0.00
2019-12-26T20:53:00,72,65,30.10,6,0.00
2019-12-26T21:53:00,72,64,30.11,6,0.00
2019-12-26T22:00:00,72,64,30.08,6,NA
2019-12-26T22:53:00,70,64,30.11,15,0.00
2019-12-26T23:53:00,70,64,30.10,9,0.00
2019-12-27T00:53:00,70,64,30.09,13,0.00
2019-12-27T01:00:00,70,64,30.06,13,NA
2019-12-27T01:53:00,70,64,30.08,13,0.00
2019-12-27T02:53:00,70,64,30.07,14,0.00
2019-12-27T03:53:00,70,64,30.08,14,0.00
2019-12-27T04:00:00,70,64,30.05,14,NA
2019-12-27T04:53:00,70,64,30.08,10,0.00
2019-12-27T05:53:00,67,64,30.09,10,0.00
2019-12-27T06:53:00,68,61,30.11,7,0.00
2019-12-27T07:00:00,68,61,30.08,7,NA
2019-12-27T07:53:00,69,60,30.13,14,0.00
2019-12-27T08:53:00,70,63,30.14,15,0.00
2019-12-27T09:53:00,71,65,30.16,10,0.00
2019-12-27T10:00:00,71,65,30.13,10,NA
2019-12-27T10:53:00,75,66,30.15,18,T
2019-12-27T11:51:00,75,64,30.12,11,NA
2019-12-27T11:53:00,75,65,30.12,10,0.00
2019-12-27T12:53:00,77,64,30.08,17,0.00
2019-12-27T13:00:00,77,64,30.05,17,NA
2019-12-27T13:53:00,76,63,30.07,14,0.00
2019-12-27T14:02:00,75,63,30.07,11,NA
2019-12-27T14:51:00,75,63,30.06,10,NA
2019-12-27T14:53:00,76,63,30.06,10,0.00
2019-12-27T15:35:00,76,67,30.06,8,NA
2019-12-27T15:53:00,76,67,30.06,14,0.00
2019-12-27T16:00:00,76,67,30.03,14,NA
2019-12-27T16:53:00,75,65,30.06,14,0.00
2019-12-27T17:48:00,73,66,30.06,8,NA
2019-12-27T17:53:00,74,67,30.06,7,0.00
2019-12-27T18:29:00,73,67,30.06,9,NA
2019-12-27T18:53:00,73,67,30.06,16,0.00
2019-12-27T19:00:00,73,67,30.03,16,NA
2019-12-27T19:53:00,72,67,30.07,14,0.00
2019-12-27T20:53:00,72,67,30.08,13,0.00
2019-12-27T21:53:00,72,67,30.09,7,0.00
2019-12-27T22:00:00,72,67,30.06,7,NA
2019-12-27T22:32:00,71,67,30.09,7,NA
2019-12-27T22:53:00,71,67,30.09,6,0.00
2019-12-27T23:51:00,72,66,30.08,5,NA
2019-12-27T23:53:00,71,67,30.08,6,0.00
2019-12-28T00:47:00,72,66,30.07,NA,NA
2019-12-28T00:53:00,71,67,30.07,14,0.00
2019-12-28T01:00:00,71,67,30.04,14,NA
2019-12-28T01:53:00,71,67,30.06,9,0.00
2019-12-28T02:51:00,72,66,30.05,11,NA
2019-12-28T02:53:00,71,67,30.05,11,0.00
2019-12-28T03:53:00,70,67,30.05,13,0.00
2019-12-28T04:00:00,70,67,30.02,13,NA
2019-12-28T04:53:00,70,67,30.05,10,0.00
2019-12-28T05:53:00,70,67,30.06,8,0.00
2019-12-28T06:53:00,71,66,30.07,11,T
2019-12-28T07:00:00,71,66,30.04,11,NA
2019-12-28T07:53:00,71,66,30.08,9,0.00
2019-12-28T08:18:00,71,66,30.09,8,T
2019-12-28T08:51:00,72,66,30.10,8,NA
2019-12-28T08:53:00,73,66,30.10,8,T
2019-12-28T09:41:00,74,67,30.10,14,NA
2019-12-28T09:53:00,74,67,30.11,14,NA
2019-12-28T09:58:00,74,67,30.11,8,NA
2019-12-28T10:53:00,74,67,30.10,10,0.00
2019-12-28T11:51:00,75,68,30.07,9,NA
2019-12-28T11:53:00,76,68,30.07,8,0.00
2019-12-28T12:51:00,79,68,30.04,9,NA
2019-12-28T12:53:00,78,68,30.04,9,0.00
2019-12-28T13:00:00,78,68,30.01,9,NA
2019-12-28T13:53:00,80,68,30.02,8,0.00
2019-12-28T14:45:00,80,68,30.00,NA,NA
2019-12-28T14:51:00,81,68,30.00,NA,NA
2019-12-28T14:53:00,80,NA,30.01,13,0.00
2019-12-28T15:53:00,78,68,30.01,7,0.00
2019-12-28T16:00:00,78,68,29.98,7,NA
2019-12-28T16:53:00,78,67,30.01,9,0.00
2019-12-28T17:15:00,77,68,30.01,11,NA
2019-12-28T17:53:00,75,68,30.02,14,0.00
2019-12-28T18:53:00,73,71,30.03,11,T
2019-12-28T19:00:00,73,71,30.00,11,NA
2019-12-28T19:13:00,73,69,30.03,7,T
2019-12-28T19:48:00,73,70,30.03,6,T
2019-12-28T19:53:00,73,69,30.03,7,T
2019-12-28T20:49:00,73,70,30.03,7,NA
2019-12-28T20:53:00,73,69,30.04,7,0.00
2019-12-28T21:45:00,73,69,30.03,7,NA
2019-12-28T21:53:00,73,69,30.03,9,0.00
2019-12-28T22:00:00,73,69,30.00,9,NA
2019-12-28T22:30:00,73,69,30.03,9,T
2019-12-28T22:53:00,74,70,30.04,11,0.01
2019-12-28T23:07:00,73,69,30.03,11,0.03
2019-12-28T23:32:00,73,69,30.02,11,0.16
2019-12-28T23:44:00,73,69,30.02,11,0.27
2019-12-28T23:47:00,73,70,30.02,11,0.28
2019-12-28T23:53:00,73,69,30.02,11,0.31
2019-12-29T00:00:00,72,70,30.02,6,0.04
2019-12-29T00:07:00,72,69,30.02,6,0.08
2019-12-29T00:22:00,72,69,30.01,0,0.08
2019-12-29T00:53:00,72,69,30.01,3,0.07
2019-12-29T01:00:00,72,69,29.98,3,NA
2019-12-29T01:32:00,73,69,30.01,NA,T
2019-12-29T01:53:00,73,69,30.01,7,T
2019-12-29T02:53:00,73,70,30.01,7,0.00
2019-12-29T03:00:00,72,69,30.01,5,NA
2019-12-29T03:22:00,72,69,30.01,6,NA
2019-12-29T03:53:00,72,69,30.02,NA,0.00
2019-12-29T04:00:00,72,69,29.99,0,NA
2019-12-29T04:53:00,72,69,30.01,3,0.00
2019-12-29T05:53:00,72,69,30.01,3,0.00
2019-12-29T06:33:00,72,69,30.02,6,NA
2019-12-29T06:51:00,72,70,30.02,6,NA
2019-12-29T06:53:00,72,69,30.02,3,0.00
2019-12-29T07:00:00,72,69,29.99,3,NA
2019-12-29T07:51:00,72,70,30.03,3,NA
2019-12-29T07:53:00,72,69,30.03,5,0.00
2019-12-29T08:51:00,73,70,30.05,9,NA
2019-12-29T08:53:00,73,70,30.05,9,0.00
2019-12-29T09:14:00,73,70,30.05,8,NA
2019-12-29T09:53:00,74,70,30.05,9,0.00
2019-12-29T10:00:00,74,70,30.02,9,NA
2019-12-29T10:53:00,75,70,30.05,16,0.00
2019-12-29T11:34:00,77,70,30.02,9,NA
2019-12-29T11:51:00,79,70,30.01,10,NA
2019-12-29T11:53:00,78,70,30.00,10,0.00
2019-12-29T12:53:00,79,70,29.98,9,0.00
2019-12-29T13:00:00,79,70,29.95,9,NA
2019-12-29T13:53:00,81,69,29.95,11,0.00
2019-12-29T14:53:00,79,70,29.95,7,0.00
2019-12-29T15:53:00,79,69,29.95,5,0.00
2019-12-29T16:00:00,79,69,29.92,5,NA
2019-12-29T16:53:00,77,69,29.97,6,0.00
2019-12-29T17:53:00,75,67,29.96,7,0.00
2019-12-29T18:53:00,74,68,29.96,9,0.00
2019-12-29T19:00:00,74,68,29.93,9,NA
2019-12-29T19:53:00,74,67,29.96,8,0.00
2019-12-29T20:53:00,74,67,29.97,9,0.00
2019-12-29T21:38:00,74,68,29.97,5,NA
2019-12-29T21:53:00,74,68,29.98,7,0.00
2019-12-29T22:00:00,74,68,29.95,7,NA
2019-12-29T22:30:00,74,68,29.99,9,NA
2019-12-29T22:46:00,73,68,29.99,11,NA
2019-12-29T22:51:00,73,68,29.99,10,NA
2019-12-29T22:53:00,73,68,29.99,9,0.00
2019-12-29T22:53:00,73,68,NA,9,NA
2019-12-29T23:53:00,73,69,29.97,7,0.00
2019-12-30T00:53:00,73,69,29.97,9,0.00
2019-12-30T01:00:00,73,69,29.94,9,NA
2019-12-30T01:53:00,73,69,29.97,8,0.00
2019-12-30T02:51:00,72,NA,29.96,8,NA
2019-12-30T02:53:00,72,69,29.96,8,0.00
2019-12-30T03:24:00,72,69,29.96,3,NA
2019-12-30T03:53:00,72,69,29.96,3,0.00
2019-12-30T04:00:00,72,69,29.93,3,NA
2019-12-30T04:09:00,72,69,29.95,5,NA
2019-12-30T04:53:00,72,69,29.95,5,0.00
2019-12-30T05:53:00,70,69,29.95,9,0.00
2019-12-30T06:09:00,70,69,29.95,9,NA
2019-12-30T06:51:00,70,70,29.96,7,NA
2019-12-30T06:53:00,70,69,29.96,7,0.00
2019-12-30T07:00:00,70,69,29.93,7,NA
2019-12-30T07:21:00,72,69,29.96,9,NA
2019-12-30T07:51:00,73,70,29.96,6,NA
2019-12-30T07:53:00,73,69,29.96,6,0.00
2019-12-30T08:53:00,75,69,29.98,10,0.00
2019-12-30T09:53:00,74,70,29.99,8,0.00
2019-12-30T10:00:00,74,70,29.96,8,NA
2019-12-30T10:53:00,74,70,29.98,9,0.00
2019-12-30T11:53:00,76,71,29.96,15,0.00
2019-12-30T12:12:00,76,70,29.95,14,NA
2019-12-30T12:53:00,75,70,29.94,7,0.00
2019-12-30T13:00:00,75,70,29.91,7,NA
2019-12-30T13:53:00,77,69,29.92,9,0.00
2019-12-30T14:50:00,75,70,29.92,6,NA
2019-12-30T14:53:00,75,68,29.92,6,0.00
2019-12-30T15:42:00,76,68,29.92,6,NA
2019-12-30T15:53:00,76,68,29.92,9,0.00
2019-12-30T16:00:00,76,68,29.89,9,NA
2019-12-30T16:29:00,75,68,29.93,5,NA
2019-12-30T16:53:00,75,68,29.93,6,0.00
2019-12-30T17:51:00,73,70,29.93,7,NA
2019-12-30T17:53:00,74,69,29.93,7,0.00
2019-12-30T18:51:00,73,70,29.94,7,NA
2019-12-30T18:53:00,74,69,29.95,6,0.00
2019-12-30T19:00:00,74,69,29.92,6,NA
2019-12-30T19:51:00,73,66,29.96,3,NA
2019-12-30T19:53:00,73,67,29.96,3,0.00
2019-12-30T20:53:00,73,67,29.97,8,0.00
2019-12-30T21:53:00,72,66,30.00,10,0.00
2019-12-30T22:00:00,72,66,29.97,10,NA
2019-12-30T22:13:00,71,66,30.00,9,NA
2019-12-30T22:51:00,73,59,30.01,8,NA
2019-12-30T22:53:00,73,59,30.01,8,0.00
2019-12-30T23:31:00,71,58,30.01,6,NA
2019-12-30T23:53:00,71,58,30.00,6,0.00
2019-12-31T00:40:00,71,58,30.00,6,NA
2019-12-31T00:53:00,67,55,30.00,6,0.00
2019-12-31T01:00:00,67,55,29.97,6,NA
2019-12-31T01:53:00,66,50,30.01,7,0.00
2019-12-31T02:53:00,61,51,30.00,5,0.00
2019-12-31T03:53:00,60,52,30.02,5,0.00
2019-12-31T04:00:00,60,52,29.99,5,NA
2019-12-31T04:53:00,59,53,30.03,3,0.00
2019-12-31T05:53:00,62,53,30.05,3,0.00
2019-12-31T06:53:00,62,55,30.07,9,0.00
2019-12-31T07:00:00,62,55,30.04,9,NA
2019-12-31T07:53:00,58,47,30.09,8,0.00
2019-12-31T08:53:00,59,35s,30.12,9,0.00
2019-12-31T09:53:00,60,41,30.14,14,0.00
2019-12-31T10:00:00,60,41,30.11,14,NA
2019-12-31T10:53:00,65,38,30.14,14,0.00
2019-12-31T11:53:00,68,42,30.12,11,0.00
2019-12-31T12:53:00,67,42,30.09,9,0.00
2019-12-31T13:00:00,67,42,30.06,9,NA
2019-12-31T13:53:00,66,43,30.07,8,0.00
2019-12-31T14:53:00,65,43,30.06,10,0.00
2019-12-31T15:53:00,65,43,30.06,10,0.00
2019-12-31T16:00:00,65,43,30.03,10,NA
2019-12-31T16:53:00,65,43,30.06,13,0.00
2019-12-31T17:53:00,62,43,30.06,9,0.00
2019-12-31T18:53:00,58,43,30.07,5,0.00
2019-12-31T19:00:00,58,43,30.04,5,NA
2019-12-31T19:53:00,57,45,30.09,6,0.00
2019-12-31T20:53:00,57,45,30.09,3,0.00
2019-12-31T21:53:00,57,45,30.11,5,0.00
2019-12-31T22:00:00,57,45,30.08,5,NA
2019-12-31T22:53:00,56,45,30.11,6,0.00
2019-12-31T23:53:00,57,46,30.10,5,0.00
